{
  "name": "Agape",
  "buildOptions": {
    "maxSteps": 1000,
    "fixObstacles": true,
    "fixNonStraight": true,
    "fixIntersected": false,
    "compactMap": true,
    "addDebugInfo": false,
    "colorizeConnectionIssues": true
  },
  "rooms": [
    {
      "id": 111,
      "name": "The Shore of the Sea of Agape",
      "exits": {
        "East": 120,
        "South": 112
      }
    },
    {
      "id": 112,
      "name": "The Shore of the Sea of Agape",
      "exits": {
        "North": 111,
        "East": 119,
        "South": 113
      }
    },
    {
      "id": 113,
      "name": "The Shore of the Sea of Agape",
      "exits": {
        "North": 112,
        "East": 118,
        "South": 114
      }
    },
    {
      "id": 114,
      "name": "The Shore of the Sea of Agape",
      "exits": {
        "North": 113,
        "East": 117,
        "South": 115
      }
    },
    {
      "id": 115,
      "name": "The Shore of the Sea of Agape",
      "exits": {
        "North": 114,
        "East": 116
      }
    },
    {
      "id": 116,
      "name": "Just Off the Shore",
      "exits": {
        "North": 117,
        "East": 122,
        "West": 115
      }
    },
    {
      "id": 117,
      "name": "Just Off the Shore",
      "exits": {
        "North": 118,
        "East": 121,
        "South": 116,
        "West": 114
      }
    },
    {
      "id": 118,
      "name": "Just Off the Shore",
      "exits": {
        "North": 119,
        "South": 117,
        "West": 113
      }
    },
    {
      "id": 119,
      "name": "Just Off the Shore",
      "exits": {
        "North": 120,
        "South": 118,
        "West": 112
      }
    },
    {
      "id": 120,
      "name": "Just Off the Shore",
      "exits": {
        "South": 119,
        "West": 111
      }
    },
    {
      "id": 121,
      "name": "On the Sea of Agape",
      "exits": {
        "North": 123,
        "East": 129,
        "South": 122,
        "West": 117
      }
    },
    {
      "id": 122,
      "name": "On the Sea of Agape",
      "exits": {
        "North": 121,
        "East": 130,
        "West": 116
      }
    },
    {
      "id": 123,
      "name": "On the Sea of Agape",
      "exits": {
        "North": 124,
        "South": 121
      }
    },
    {
      "id": 124,
      "name": "On the Sea of Agape",
      "exits": {
        "North": 125,
        "East": 127,
        "South": 123
      }
    },
    {
      "id": 125,
      "name": "On the Sea of Agape",
      "exits": {
        "East": 126,
        "South": 124
      }
    },
    {
      "id": 126,
      "name": "On the Sea of Agape",
      "exits": {
        "East": 135,
        "South": 127,
        "West": 125
      }
    },
    {
      "id": 127,
      "name": "On the Sea of Agape",
      "exits": {
        "North": 126,
        "South": 128,
        "West": 124
      }
    },
    {
      "id": 128,
      "name": "On the Sea of Agape",
      "exits": {
        "North": 127,
        "South": 129
      }
    },
    {
      "id": 129,
      "name": "On the Sea of Agape",
      "exits": {
        "North": 128,
        "West": 121
      }
    },
    {
      "id": 130,
      "name": "On the Sea of Agape",
      "exits": {
        "East": 131,
        "West": 122
      }
    },
    {
      "id": 131,
      "name": "On the Sea of Agape",
      "exits": {
        "North": 132,
        "West": 130
      }
    },
    {
      "id": 132,
      "name": "On the Sea of Agape",
      "exits": {
        "East": 139,
        "South": 131
      }
    },
    {
      "id": 133,
      "name": "A Small Island",
      "exits": {
        "East": 138,
        "Up": 151
      }
    },
    {
      "id": 134,
      "name": "On the Sea of Agape",
      "exits": {
        "North": 135,
        "East": 137
      }
    },
    {
      "id": 135,
      "name": "On the Sea of Agape",
      "exits": {
        "East": 136,
        "South": 134,
        "West": 126
      }
    },
    {
      "id": 136,
      "name": "On the Sea of Agape",
      "exits": {
        "East": 145,
        "West": 135
      }
    },
    {
      "id": 137,
      "name": "On the Sea of Agape",
      "exits": {
        "South": 138,
        "West": 134
      }
    },
    {
      "id": 138,
      "name": "On the Sea of Agape",
      "exits": {
        "North": 137,
        "West": 133
      }
    },
    {
      "id": 139,
      "name": "On the Sea of Agape",
      "exits": {
        "East": 142,
        "South": 140,
        "West": 132
      }
    },
    {
      "id": 140,
      "name": "On the Sea of Agape",
      "exits": {
        "North": 139,
        "East": 141
      }
    },
    {
      "id": 141,
      "name": "On the Sea of Agape",
      "exits": {
        "North": 142,
        "East": 150,
        "West": 140
      }
    },
    {
      "id": 142,
      "name": "On the Sea of Agape",
      "exits": {
        "North": 143,
        "South": 141,
        "West": 139
      }
    },
    {
      "id": 143,
      "name": "On the Sea of Agape",
      "exits": {
        "North": 144,
        "South": 142
      }
    },
    {
      "id": 144,
      "name": "On the Sea of Agape",
      "exits": {
        "North": 145,
        "East": 147,
        "South": 143
      }
    },
    {
      "id": 145,
      "name": "On the Sea of Agape",
      "exits": {
        "East": 146,
        "South": 144,
        "West": 136
      }
    },
    {
      "id": 146,
      "name": "On the Sea of Agape",
      "exits": {
        "South": 147,
        "West": 145
      }
    },
    {
      "id": 147,
      "name": "On the Sea of Agape",
      "exits": {
        "North": 146,
        "South": 148,
        "West": 144
      }
    },
    {
      "id": 148,
      "name": "On the Sea of Agape",
      "exits": {
        "North": 147,
        "South": 149
      }
    },
    {
      "id": 149,
      "name": "On the Sea of Agape",
      "exits": {
        "North": 148,
        "South": 150
      }
    },
    {
      "id": 150,
      "name": "On the Sea of Agape",
      "exits": {
        "North": 149,
        "West": 141
      }
    },
    {
      "id": 151,
      "name": "A Beautiful Staircase",
      "exits": {
        "Up": 152,
        "Down": 133
      }
    },
    {
      "id": 152,
      "name": "A Great Arch",
      "exits": {
        "East": 153,
        "Down": 151
      }
    },
    {
      "id": 153,
      "name": "A Hallway of Grandure",
      "exits": {
        "East": 154,
        "West": 152
      }
    },
    {
      "id": 154,
      "name": "A Shrine of Peace and Love",
      "exits": {
        "West": 153
      }
    }
  ]
}