{
  "name": "Arachnos",
  "buildOptions": {
    "maxSteps": 1000,
    "fixObstacles": true,
    "fixNonStraight": true,
    "fixIntersected": true,
    "compactMap": true,
    "addDebugInfo": false,
    "colorizeConnectionIssues": true
  },
  "rooms": [
    {
      "id": 6200,
      "name": "On the spider web",
      "exits": {
        "North": 6203,
        "South": 51533
      }
    },
    {
      "id": 6201,
      "name": "On the spider web",
      "exits": {}
    },
    {
      "id": 6202,
      "name": "On the spider web",
      "exits": {}
    },
    {
      "id": 6203,
      "name": "On the spider web",
      "exits": {
        "North": 6301,
        "South": 6200
      }
    },
    {
      "id": 6301,
      "name": "Webbed Entrance",
      "exits": {
        "North": 6302,
        "South": 6203
      }
    },
    {
      "id": 6302,
      "name": "Webby Passage",
      "exits": {
        "North": 6304,
        "East": 6305,
        "South": 6301,
        "West": 6303
      }
    },
    {
      "id": 6303,
      "name": "Wasp Hive",
      "exits": {
        "East": 6302
      }
    },
    {
      "id": 6304,
      "name": "Webby Passage",
      "exits": {
        "South": 6302
      }
    },
    {
      "id": 6305,
      "name": "Beneath the Busy Path",
      "exits": {
        "West": 6302,
        "Up": 6306
      }
    },
    {
      "id": 6306,
      "name": "On the Busy Path",
      "exits": {
        "South": 6307,
        "Down": 6305
      }
    },
    {
      "id": 6307,
      "name": "On the Busy Path",
      "exits": {
        "North": 6306,
        "East": 6308
      }
    },
    {
      "id": 6308,
      "name": "On the Busy Path",
      "exits": {
        "East": 6309,
        "West": 6307
      }
    },
    {
      "id": 6309,
      "name": "A Split in the Path",
      "exits": {
        "North": 6310,
        "South": 6320,
        "West": 6308
      }
    },
    {
      "id": 6310,
      "name": "Fuzzy Tree Limb",
      "exits": {
        "South": 6309,
        "West": 6311
      }
    },
    {
      "id": 6311,
      "name": "Tree Trunk",
      "exits": {
        "East": 6310,
        "South": 6312
      }
    },
    {
      "id": 6312,
      "name": "Tree Lair Entrance",
      "exits": {
        "North": 6311,
        "West": 6313
      }
    },
    {
      "id": 6313,
      "name": "Wolf Spider Lair",
      "exits": {
        "East": 6312
      }
    },
    {
      "id": 6320,
      "name": "The Webless Path",
      "exits": {
        "North": 6309,
        "West": 6321
      }
    },
    {
      "id": 6321,
      "name": "Above the Ravine",
      "exits": {
        "East": 6320,
        "South": 6323,
        "Down": 6322
      }
    },
    {
      "id": 6322,
      "name": "The Rainbow Web",
      "exits": {
        "Up": 6321
      }
    },
    {
      "id": 6323,
      "name": "The Web Forest",
      "exits": {
        "North": 6321,
        "Down": 6324
      }
    },
    {
      "id": 6324,
      "name": "The Slave Pit",
      "exits": {
        "North": 6325,
        "Up": 6323
      }
    },
    {
      "id": 6325,
      "name": "The Tether Path",
      "exits": {
        "East": 6326,
        "West": 6324
      }
    },
    {
      "id": 6326,
      "name": "A Road Crossing",
      "exits": {
        "West": 6325,
        "Up": 6327
      }
    },
    {
      "id": 6327,
      "name": "A Leader Strand",
      "exits": {
        "North": 6328,
        "Down": 6326
      }
    },
    {
      "id": 6328,
      "name": "The Entrance of the Ethereal Web",
      "exits": {
        "South": 6327,
        "Down": 6331
      }
    },
    {
      "id": 6330,
      "name": "A Narrow Series of Caves",
      "exits": {
        "South": 6331
      }
    },
    {
      "id": 6331,
      "name": "The Base of the Web",
      "exits": {
        "North": 6330,
        "East": 6332,
        "South": 6333
      }
    },
    {
      "id": 6332,
      "name": "Through the Trees",
      "exits": {
        "West": 6331
      }
    },
    {
      "id": 6333,
      "name": "Above the Clouds",
      "exits": {
        "North": 6331,
        "South": 6334,
        "West": 6335
      }
    },
    {
      "id": 6334,
      "name": "On A Cloud",
      "exits": {
        "North": 6333
      }
    },
    {
      "id": 6335,
      "name": "A Link in the Ethereal Web",
      "exits": {
        "East": 6333,
        "West": 6336
      }
    },
    {
      "id": 6336,
      "name": "The Tenuous Strand",
      "exits": {
        "East": 6335,
        "South": 6340,
        "West": 6341
      }
    },
    {
      "id": 6340,
      "name": "The Elder Wormkin\u0027s Room",
      "exits": {
        "North": 6336
      }
    },
    {
      "id": 6341,
      "name": "Another Tree Limb",
      "exits": {
        "East": 6336,
        "South": 6342,
        "West": 6345
      }
    },
    {
      "id": 6342,
      "name": "The Bird Spider\u0027s Lair",
      "exits": {
        "North": 6341
      }
    },
    {
      "id": 6345,
      "name": "A Link in the Ethereal Web",
      "exits": {
        "East": 6341,
        "South": 6350,
        "West": 6346
      }
    },
    {
      "id": 6346,
      "name": "The Quiet Tree Top",
      "exits": {
        "East": 6345,
        "West": 6347
      }
    },
    {
      "id": 6347,
      "name": "On The Web",
      "exits": {
        "East": 6346,
        "South": 6355
      }
    },
    {
      "id": 6350,
      "name": "The Ki-Rin Chamber",
      "exits": {
        "North": 6345
      }
    },
    {
      "id": 6355,
      "name": "A Link in the Ethereal Web",
      "exits": {
        "North": 6347,
        "West": 6360,
        "Up": 6365
      }
    },
    {
      "id": 6360,
      "name": "Yevaud\u0027s Lair",
      "exits": {
        "East": 6355
      }
    },
    {
      "id": 6365,
      "name": "A Link in the Ethereal Web",
      "exits": {
        "North": 6371,
        "South": 6366,
        "Up": 6390,
        "Down": 6355
      }
    },
    {
      "id": 6366,
      "name": "Entrance to the Donjonkeep",
      "exits": {
        "East": 6367
      }
    },
    {
      "id": 6367,
      "name": "The Guardian\u0027s Room",
      "exits": {
        "East": 6368,
        "West": 6366
      }
    },
    {
      "id": 6368,
      "name": "Realm of the Hopeless",
      "exits": {
        "East": 6369,
        "West": 6367
      }
    },
    {
      "id": 6369,
      "name": "Realm of the Hopeless",
      "exits": {
        "East": 6370,
        "West": 6368
      }
    },
    {
      "id": 6370,
      "name": "The Donjonkeep",
      "exits": {
        "East": 6371,
        "West": 6369
      }
    },
    {
      "id": 6371,
      "name": "The Single Spider Line",
      "exits": {
        "East": 6372,
        "West": 6370
      }
    },
    {
      "id": 6372,
      "name": "The Single Spider Line",
      "exits": {
        "East": 6373,
        "West": 6371
      }
    },
    {
      "id": 6373,
      "name": "The Hermit\u0027s Corner",
      "exits": {
        "East": 6380,
        "West": 6372
      }
    },
    {
      "id": 6380,
      "name": "Mahatma\u0027s Inescapable Trap",
      "exits": {}
    },
    {
      "id": 6390,
      "name": "The Entrance to the Arachnos\u0027 Lair",
      "exits": {
        "North": 6391,
        "Down": 6365
      }
    },
    {
      "id": 6391,
      "name": "The Sticky Chamber",
      "exits": {
        "North": 6392,
        "South": 6390
      }
    },
    {
      "id": 6392,
      "name": "The Great Door",
      "exits": {
        "North": 6399,
        "South": 6391
      }
    },
    {
      "id": 6399,
      "name": "The Lair of Arachnos",
      "exits": {
        "South": 6392
      }
    },
    {
      "id": 51533,
      "name": "To Haon Dor",
      "otherAreaExit": true,
      "exits": {
        "North": 6200,
        "East": 51532,
        "West": 51534
      }
    }
  ]
}