{
  "name": "Arkham legion",
  "buildOptions": {
    "maxSteps": 1000,
    "fixObstacles": true,
    "fixNonStraight": true,
    "fixIntersected": true,
    "compactMap": true,
    "addDebugInfo": false,
    "colorizeConnectionIssues": true
  },
  "rooms": [
    {
      "id": 29500,
      "name": "Inside the blasted gates",
      "exits": {
        "North": 29501,
        "South": 29871
      }
    },
    {
      "id": 29501,
      "name": "On a burnt and blasted street",
      "exits": {
        "North": 29502,
        "South": 29500
      }
    },
    {
      "id": 29502,
      "name": "On a devestated street",
      "exits": {
        "North": 29505,
        "South": 29501
      }
    },
    {
      "id": 29505,
      "name": "On a ruined street",
      "exits": {
        "North": 29700,
        "South": 29502
      }
    },
    {
      "id": 29520,
      "name": "A dark cavern with a pentegram etched into the floor",
      "exits": {
        "South": 29524
      }
    },
    {
      "id": 29521,
      "name": "A dark cavern with a pentegram etched into the floor",
      "exits": {
        "South": 29526
      }
    },
    {
      "id": 29522,
      "name": "A dark cavern with a pentegram etched into the floor",
      "exits": {
        "North": 29524
      }
    },
    {
      "id": 29523,
      "name": "A dark cavern with a pentegram etched into the floor",
      "exits": {
        "North": 29526
      }
    },
    {
      "id": 29524,
      "name": "In a narrow damp passage",
      "exits": {
        "North": 29520,
        "East": 29525,
        "South": 29522
      }
    },
    {
      "id": 29525,
      "name": "At a junction in the damp passage",
      "exits": {
        "North": 29527,
        "East": 29526,
        "West": 29524
      }
    },
    {
      "id": 29526,
      "name": "In a narrow damp passage",
      "exits": {
        "North": 29521,
        "South": 29523,
        "West": 29525
      }
    },
    {
      "id": 29527,
      "name": "In a dark damp tunnel sloping down",
      "exits": {
        "South": 29525,
        "Down": 29529
      }
    },
    {
      "id": 29528,
      "name": "In a mist filled cavern",
      "exits": {
        "North": 29531,
        "East": 29529,
        "West": 29530
      }
    },
    {
      "id": 29529,
      "name": "Under a mist filled hole",
      "exits": {
        "North": 29532,
        "East": 29530,
        "West": 29528,
        "Up": 29527
      }
    },
    {
      "id": 29530,
      "name": "In a mist filled cavern",
      "exits": {
        "North": 29533,
        "East": 29528,
        "West": 29529
      }
    },
    {
      "id": 29531,
      "name": "In a mist filled cavern",
      "exits": {
        "North": 29534,
        "East": 29532,
        "South": 29528,
        "West": 29533
      }
    },
    {
      "id": 29532,
      "name": "In a mist filled cavern",
      "exits": {
        "North": 29535,
        "East": 29533,
        "South": 29529,
        "West": 29531
      }
    },
    {
      "id": 29533,
      "name": "In a mist filled cavern",
      "exits": {
        "North": 29536,
        "East": 29531,
        "South": 29530,
        "West": 29532
      }
    },
    {
      "id": 29534,
      "name": "In a mist filled cavern",
      "exits": {
        "North": 29537,
        "East": 29535,
        "South": 29531,
        "West": 29536
      }
    },
    {
      "id": 29535,
      "name": "Above a gaping hole in the ground",
      "exits": {
        "North": 29538,
        "East": 29536,
        "South": 29532,
        "West": 29534,
        "Down": 29542
      }
    },
    {
      "id": 29536,
      "name": "In a mist filled cavern",
      "exits": {
        "North": 29539,
        "East": 29534,
        "South": 29533,
        "West": 29535
      }
    },
    {
      "id": 29537,
      "name": "In a mist filled cavern",
      "exits": {
        "East": 29538,
        "South": 29534,
        "West": 29539
      }
    },
    {
      "id": 29538,
      "name": "In a mist filled cavern",
      "exits": {
        "East": 29539,
        "South": 29535,
        "West": 29537
      }
    },
    {
      "id": 29539,
      "name": "In a mist filled cavern",
      "exits": {
        "East": 29537,
        "South": 29536,
        "West": 29538
      }
    },
    {
      "id": 29542,
      "name": "In a mist filled hole",
      "exits": {
        "South": 29543,
        "Up": 29535
      }
    },
    {
      "id": 29543,
      "name": "On a ledge overlooking a deep inverted cross",
      "exits": {
        "North": 29542,
        "Down": 29544
      }
    },
    {
      "id": 29544,
      "name": "In a deeply cut inverted cross",
      "exits": {
        "South": 29545,
        "Up": 29543
      }
    },
    {
      "id": 29545,
      "name": "In a deeply cut inverted cross",
      "exits": {
        "North": 29544,
        "South": 29546
      }
    },
    {
      "id": 29546,
      "name": "At the hilt of a deeply cut inverted cross",
      "exits": {
        "North": 29545,
        "East": 29548,
        "South": 29549,
        "West": 29547
      }
    },
    {
      "id": 29547,
      "name": "In the left arm of the deep cut inverted cross",
      "exits": {
        "East": 29546
      }
    },
    {
      "id": 29548,
      "name": "In the right arm of the deep cut inverted cross",
      "exits": {
        "West": 29546
      }
    },
    {
      "id": 29549,
      "name": "At the head of a deeply cut inverted cross",
      "exits": {
        "North": 29546
      }
    },
    {
      "id": 29550,
      "name": "In a windy stairwell",
      "exits": {
        "East": 29551,
        "West": 29554,
        "Up": 29570,
        "Down": 29766
      }
    },
    {
      "id": 29551,
      "name": "In a wind scoured corridor",
      "exits": {
        "East": 29552,
        "West": 29550
      }
    },
    {
      "id": 29552,
      "name": "In a wind scoured corridor",
      "exits": {
        "East": 29553,
        "West": 29551
      }
    },
    {
      "id": 29553,
      "name": "Under a large set of stairs",
      "exits": {
        "West": 29552,
        "Up": 29558
      }
    },
    {
      "id": 29554,
      "name": "In a warm wind scoured corridor",
      "exits": {
        "East": 29550,
        "West": 29555
      }
    },
    {
      "id": 29555,
      "name": "In a hot scoured corridor",
      "exits": {
        "East": 29554,
        "West": 29556
      }
    },
    {
      "id": 29556,
      "name": "Beneath a stairwell",
      "exits": {
        "East": 29555,
        "Up": 29557
      }
    },
    {
      "id": 29557,
      "name": "On a blackened rocky platform",
      "exits": {
        "Down": 29556
      }
    },
    {
      "id": 29558,
      "name": "On a windy rock platform",
      "exits": {
        "Down": 29553
      }
    },
    {
      "id": 29570,
      "name": "In a dark stairwell",
      "exits": {
        "South": 29571,
        "Down": 29550
      }
    },
    {
      "id": 29571,
      "name": "In a dark corridor",
      "exits": {
        "North": 29570,
        "East": 29572,
        "South": 29579,
        "West": 29578
      }
    },
    {
      "id": 29572,
      "name": "In a dark corridor",
      "exits": {
        "North": 29573,
        "East": 29580,
        "West": 29571
      }
    },
    {
      "id": 29573,
      "name": "In a dark corridor",
      "exits": {
        "North": 29574,
        "East": 29581,
        "South": 29572
      }
    },
    {
      "id": 29574,
      "name": "In a dark corridor",
      "exits": {
        "East": 29582,
        "South": 29573,
        "West": 29575
      }
    },
    {
      "id": 29575,
      "name": "Beneath a windy stairwell",
      "exits": {
        "East": 29574,
        "West": 29576,
        "Up": 29770
      }
    },
    {
      "id": 29576,
      "name": "In a dark corridor",
      "exits": {
        "East": 29575,
        "South": 29577,
        "West": 29583
      }
    },
    {
      "id": 29577,
      "name": "In a dark corridor",
      "exits": {
        "North": 29576,
        "South": 29578,
        "West": 29584
      }
    },
    {
      "id": 29578,
      "name": "In a dark corridor",
      "exits": {
        "North": 29577,
        "East": 29571,
        "West": 29585
      }
    },
    {
      "id": 29579,
      "name": "The prison keeper\u0027s Room",
      "exits": {
        "North": 29571
      }
    },
    {
      "id": 29580,
      "name": "In a small darkened cell",
      "exits": {
        "West": 29572
      }
    },
    {
      "id": 29581,
      "name": "In a small darkened cell",
      "exits": {
        "West": 29573
      }
    },
    {
      "id": 29582,
      "name": "In a small darkened cell",
      "exits": {
        "West": 29574
      }
    },
    {
      "id": 29583,
      "name": "In a small darkened cell",
      "exits": {
        "East": 29576
      }
    },
    {
      "id": 29584,
      "name": "In a small darkened cell",
      "exits": {
        "East": 29577
      }
    },
    {
      "id": 29585,
      "name": "In a small darkened cell",
      "exits": {
        "East": 29578
      }
    },
    {
      "id": 29599,
      "name": "Death",
      "exits": {}
    },
    {
      "id": 29700,
      "name": "Entrance to a darkened tower",
      "exits": {
        "North": 29701,
        "South": 29505
      }
    },
    {
      "id": 29701,
      "name": "Within the darkened tower",
      "exits": {
        "North": 29702,
        "South": 29700
      }
    },
    {
      "id": 29702,
      "name": "Within the darkened tower",
      "exits": {
        "North": 29703,
        "South": 29701
      }
    },
    {
      "id": 29703,
      "name": "The foyer of the darkened tower",
      "exits": {
        "North": 29710,
        "East": 29705,
        "South": 29702,
        "West": 29704
      }
    },
    {
      "id": 29704,
      "name": "Before some rune covered doors",
      "exits": {
        "North": 29706,
        "East": 29703,
        "South": 29708
      }
    },
    {
      "id": 29705,
      "name": "Before some rune covered doors",
      "exits": {
        "North": 29707,
        "South": 29709,
        "West": 29703
      }
    },
    {
      "id": 29706,
      "name": "A room inscribed with a huge pentegram",
      "exits": {
        "South": 29704
      }
    },
    {
      "id": 29707,
      "name": "A room inscribed with a huge pentegram",
      "exits": {
        "South": 29705
      }
    },
    {
      "id": 29708,
      "name": "A room inscribed with a huge pentegram",
      "exits": {
        "North": 29704
      }
    },
    {
      "id": 29709,
      "name": "A room inscribed with a huge pentegram",
      "exits": {
        "North": 29705
      }
    },
    {
      "id": 29710,
      "name": "Below a winding black stairwell",
      "exits": {
        "South": 29703,
        "Up": 29711
      }
    },
    {
      "id": 29711,
      "name": "At the top of a winding black stairwell",
      "exits": {
        "South": 29712,
        "Down": 29710
      }
    },
    {
      "id": 29712,
      "name": "In a pitch-black corridor",
      "exits": {
        "North": 29711,
        "East": 29716,
        "South": 29713,
        "West": 29721
      }
    },
    {
      "id": 29713,
      "name": "In a pitch-black corridor",
      "exits": {
        "North": 29712,
        "South": 29714
      }
    },
    {
      "id": 29714,
      "name": "In a pitch-black corridor",
      "exits": {
        "North": 29713,
        "East": 29728,
        "South": 29715,
        "West": 29725
      }
    },
    {
      "id": 29715,
      "name": "Before a huge ebony grate",
      "exits": {
        "North": 29714,
        "South": 29732
      }
    },
    {
      "id": 29716,
      "name": "The apprentice necromancer room",
      "exits": {
        "East": 29717,
        "South": 29718,
        "West": 29712
      }
    },
    {
      "id": 29717,
      "name": "The apprentice necromancer room",
      "exits": {
        "South": 29719,
        "West": 29716
      }
    },
    {
      "id": 29718,
      "name": "The apprentice necromancer room",
      "exits": {
        "North": 29716,
        "East": 29719
      }
    },
    {
      "id": 29719,
      "name": "A bloody corner of the apprentice necromancer room",
      "exits": {
        "North": 29717,
        "West": 29718
      }
    },
    {
      "id": 29720,
      "name": "In a room covered in symbols of warding",
      "exits": {
        "East": 29721,
        "South": 29722
      }
    },
    {
      "id": 29721,
      "name": "In a room covered in symbols of warding",
      "exits": {
        "East": 29712,
        "South": 29723,
        "West": 29720
      }
    },
    {
      "id": 29722,
      "name": "In a room covered in symbols of warding",
      "exits": {
        "North": 29720,
        "East": 29723
      }
    },
    {
      "id": 29723,
      "name": "In a room covered in symbols of warding",
      "exits": {
        "North": 29721,
        "West": 29722
      }
    },
    {
      "id": 29724,
      "name": "A pitch-black room",
      "exits": {
        "East": 29725,
        "South": 29726
      }
    },
    {
      "id": 29725,
      "name": "A pitch-black room",
      "exits": {
        "East": 29714,
        "South": 29727,
        "West": 29724
      }
    },
    {
      "id": 29726,
      "name": "A pitch-black room",
      "exits": {
        "North": 29724,
        "East": 29727
      }
    },
    {
      "id": 29727,
      "name": "A pitch-black room",
      "exits": {
        "North": 29725,
        "West": 29726
      }
    },
    {
      "id": 29728,
      "name": "In a torture room",
      "exits": {
        "East": 29729,
        "South": 29730,
        "West": 29714
      }
    },
    {
      "id": 29729,
      "name": "In a torture room",
      "exits": {
        "South": 29731,
        "West": 29728
      }
    },
    {
      "id": 29730,
      "name": "In a torture room",
      "exits": {
        "North": 29728,
        "East": 29731
      }
    },
    {
      "id": 29731,
      "name": "In a torture room",
      "exits": {
        "North": 29729,
        "West": 29730
      }
    },
    {
      "id": 29732,
      "name": "At the base of a dark winding stairwell",
      "exits": {
        "North": 29715,
        "Up": 29899
      }
    },
    {
      "id": 29733,
      "name": "In a blood-soaked guard room",
      "exits": {
        "North": 29736,
        "East": 29899,
        "West": 29734
      }
    },
    {
      "id": 29734,
      "name": "In a blood-soaked guard room",
      "exits": {
        "North": 29737,
        "East": 29733,
        "West": 29735
      }
    },
    {
      "id": 29735,
      "name": "In a blood-soaked guard room",
      "exits": {
        "North": 29738,
        "East": 29734
      }
    },
    {
      "id": 29736,
      "name": "In a blood-soaked guard room",
      "exits": {
        "South": 29733,
        "West": 29737
      }
    },
    {
      "id": 29737,
      "name": "In a blood-soaked guard room",
      "exits": {
        "East": 29736,
        "South": 29734,
        "West": 29738
      }
    },
    {
      "id": 29738,
      "name": "In a blood-soaked guard room",
      "exits": {
        "North": 29739,
        "East": 29737,
        "South": 29735
      }
    },
    {
      "id": 29739,
      "name": "A room of blackest night",
      "exits": {
        "North": 29742,
        "East": 29740,
        "South": 29738
      }
    },
    {
      "id": 29740,
      "name": "A room of blackest night",
      "exits": {
        "North": 29743,
        "East": 29741,
        "West": 29739
      }
    },
    {
      "id": 29741,
      "name": "A room of blackest night",
      "exits": {
        "North": 29744,
        "West": 29740
      }
    },
    {
      "id": 29742,
      "name": "A room of blackest night",
      "exits": {
        "North": 29745,
        "East": 29743,
        "South": 29739
      }
    },
    {
      "id": 29743,
      "name": "A room of blackest night",
      "exits": {
        "North": 29746,
        "East": 29744,
        "South": 29740,
        "West": 29742
      }
    },
    {
      "id": 29744,
      "name": "A room of blackest night",
      "exits": {
        "North": 29747,
        "South": 29741,
        "West": 29743
      }
    },
    {
      "id": 29745,
      "name": "A room of blackest night",
      "exits": {
        "North": 29748,
        "East": 29746,
        "South": 29742
      }
    },
    {
      "id": 29746,
      "name": "A room of blackest night",
      "exits": {
        "East": 29747,
        "South": 29743,
        "West": 29745
      }
    },
    {
      "id": 29747,
      "name": "A room of blackest night",
      "exits": {
        "South": 29744,
        "West": 29746
      }
    },
    {
      "id": 29748,
      "name": "In a pitch-black corridor",
      "exits": {
        "East": 29749,
        "South": 29745
      }
    },
    {
      "id": 29749,
      "name": "In a pitch-black corridor",
      "exits": {
        "East": 29750,
        "West": 29748
      }
    },
    {
      "id": 29750,
      "name": "In a pitch-black corridor",
      "exits": {
        "East": 29751,
        "West": 29749
      }
    },
    {
      "id": 29751,
      "name": "Before a door bathed in a blood red glow",
      "exits": {
        "East": 29752,
        "West": 29750
      }
    },
    {
      "id": 29752,
      "name": "NW corner of the undead roaming grounds",
      "exits": {
        "East": 29753,
        "South": 29755,
        "West": 29751
      }
    },
    {
      "id": 29753,
      "name": "Northern undead roaming grounds",
      "exits": {
        "East": 29754,
        "South": 29756,
        "West": 29752
      }
    },
    {
      "id": 29754,
      "name": "NE corner of the undead roaming grounds",
      "exits": {
        "East": 29767,
        "South": 29757,
        "West": 29753
      }
    },
    {
      "id": 29755,
      "name": "Western undead roaming grounds",
      "exits": {
        "North": 29752,
        "East": 29756,
        "South": 29758
      }
    },
    {
      "id": 29756,
      "name": "Central undead roaming grounds",
      "exits": {
        "North": 29753,
        "East": 29757,
        "South": 29759,
        "West": 29755
      }
    },
    {
      "id": 29757,
      "name": "Eastern undead roaming grounds",
      "exits": {
        "North": 29754,
        "South": 29760,
        "West": 29756
      }
    },
    {
      "id": 29758,
      "name": "Western undead roaming grounds",
      "exits": {
        "North": 29755,
        "East": 29759,
        "South": 29761
      }
    },
    {
      "id": 29759,
      "name": "Central undead roaming grounds",
      "exits": {
        "North": 29756,
        "East": 29760,
        "South": 29762,
        "West": 29758
      }
    },
    {
      "id": 29760,
      "name": "Eastern undead roaming grounds",
      "exits": {
        "North": 29757,
        "South": 29763,
        "West": 29759
      }
    },
    {
      "id": 29761,
      "name": "SW corner of the undead roaming grounds",
      "exits": {
        "North": 29758,
        "East": 29762,
        "West": 29769
      }
    },
    {
      "id": 29762,
      "name": "Southern end of the undead roaming grounds",
      "exits": {
        "North": 29759,
        "East": 29763,
        "South": 29764,
        "West": 29761
      }
    },
    {
      "id": 29763,
      "name": "SE corner of the undead roaming grounds",
      "exits": {
        "North": 29760,
        "East": 29768,
        "West": 29762
      }
    },
    {
      "id": 29764,
      "name": "At the end of a narrow corridor",
      "exits": {
        "North": 29762,
        "West": 29765
      }
    },
    {
      "id": 29765,
      "name": "In a narrow corridor",
      "exits": {
        "East": 29764,
        "West": 29766
      }
    },
    {
      "id": 29766,
      "name": "Beneath the bone stairwell",
      "exits": {
        "East": 29765,
        "Up": 29550
      }
    },
    {
      "id": 29767,
      "name": "The skeleton raising room",
      "exits": {
        "West": 29754
      }
    },
    {
      "id": 29768,
      "name": "A corpse filled room",
      "exits": {
        "West": 29763
      }
    },
    {
      "id": 29769,
      "name": "In a room filled with knee-deep blood",
      "exits": {
        "East": 29761
      }
    },
    {
      "id": 29770,
      "name": "On a windy walkway",
      "exits": {
        "East": 29771,
        "West": 29773,
        "Down": 29575
      }
    },
    {
      "id": 29771,
      "name": "On a windy walkway",
      "exits": {
        "East": 29772,
        "West": 29770
      }
    },
    {
      "id": 29772,
      "name": "Before a pair of black turrets",
      "exits": {
        "North": 29800,
        "South": 29803,
        "West": 29771
      }
    },
    {
      "id": 29773,
      "name": "On a windy walkway",
      "exits": {
        "East": 29770,
        "West": 29774
      }
    },
    {
      "id": 29774,
      "name": "Before a pair of black turrets",
      "exits": {
        "North": 29782,
        "East": 29773,
        "South": 29785
      }
    },
    {
      "id": 29775,
      "name": "Bottom of a ebony stairwell",
      "exits": {
        "East": 29776,
        "South": 29778,
        "Up": 29811
      }
    },
    {
      "id": 29776,
      "name": "A room of Hungry Shadows",
      "exits": {
        "East": 29777,
        "South": 29779,
        "West": 29775
      }
    },
    {
      "id": 29777,
      "name": "A room of Hungry Shadows",
      "exits": {
        "South": 29780,
        "West": 29776
      }
    },
    {
      "id": 29778,
      "name": "A room of Hungry Shadows",
      "exits": {
        "North": 29775,
        "East": 29779,
        "South": 29781
      }
    },
    {
      "id": 29779,
      "name": "A room of Hungry Shadows",
      "exits": {
        "North": 29776,
        "East": 29780,
        "South": 29782,
        "West": 29778
      }
    },
    {
      "id": 29780,
      "name": "A room of Hungry Shadows",
      "exits": {
        "North": 29777,
        "South": 29783,
        "West": 29779
      }
    },
    {
      "id": 29781,
      "name": "A room of Hungry Shadows",
      "exits": {
        "North": 29778,
        "East": 29782
      }
    },
    {
      "id": 29782,
      "name": "Entrance to the Nightwalker\u0027s domain",
      "exits": {
        "North": 29779,
        "East": 29783,
        "South": 29774,
        "West": 29781
      }
    },
    {
      "id": 29783,
      "name": "A room of Hungry Shadows",
      "exits": {
        "North": 29780,
        "West": 29782
      }
    },
    {
      "id": 29784,
      "name": "The anti-paladin\u0027s abattoir",
      "exits": {
        "East": 29785,
        "South": 29787
      }
    },
    {
      "id": 29785,
      "name": "The anti-paladin\u0027s abattoir",
      "exits": {
        "North": 29774,
        "East": 29786,
        "South": 29788,
        "West": 29784
      }
    },
    {
      "id": 29786,
      "name": "The anti-paladin\u0027s abattoir",
      "exits": {
        "South": 29789,
        "West": 29785
      }
    },
    {
      "id": 29787,
      "name": "The anti-paladin\u0027s abattoir",
      "exits": {
        "North": 29784,
        "East": 29788,
        "South": 29790
      }
    },
    {
      "id": 29788,
      "name": "The anti-paladin\u0027s abattoir",
      "exits": {
        "North": 29785,
        "East": 29789,
        "South": 29791,
        "West": 29787
      }
    },
    {
      "id": 29789,
      "name": "The anti-paladin\u0027s abattoir",
      "exits": {
        "North": 29786,
        "South": 29792,
        "West": 29788
      }
    },
    {
      "id": 29790,
      "name": "Bottom of a pile of corpses",
      "exits": {
        "North": 29787,
        "East": 29791,
        "Up": 29835
      }
    },
    {
      "id": 29791,
      "name": "The anti-paladin\u0027s abattoir",
      "exits": {
        "North": 29788,
        "East": 29792,
        "West": 29790
      }
    },
    {
      "id": 29792,
      "name": "The anti-paladin\u0027s abattoir",
      "exits": {
        "North": 29789,
        "West": 29791
      }
    },
    {
      "id": 29793,
      "name": "The turret of Blood Summons",
      "exits": {
        "East": 29794,
        "South": 29796
      }
    },
    {
      "id": 29794,
      "name": "The turret of Blood Summons",
      "exits": {
        "East": 29795,
        "South": 29797,
        "West": 29793
      }
    },
    {
      "id": 29795,
      "name": "Beneath a small stairwell",
      "exits": {
        "South": 29798,
        "West": 29794,
        "Up": 29822
      }
    },
    {
      "id": 29796,
      "name": "The turret of Blood Summons",
      "exits": {
        "North": 29793,
        "East": 29797,
        "South": 29799
      }
    },
    {
      "id": 29797,
      "name": "The turret of Blood Summons",
      "exits": {
        "North": 29794,
        "East": 29798,
        "South": 29800,
        "West": 29796
      }
    },
    {
      "id": 29798,
      "name": "The turret of Blood Summons",
      "exits": {
        "North": 29795,
        "South": 29801,
        "West": 29797
      }
    },
    {
      "id": 29799,
      "name": "The turret of Blood Summons",
      "exits": {
        "North": 29796,
        "East": 29800
      }
    },
    {
      "id": 29800,
      "name": "The turret of Blood Summons",
      "exits": {
        "North": 29797,
        "East": 29801,
        "South": 29772,
        "West": 29799
      }
    },
    {
      "id": 29801,
      "name": "The turret of Blood Summons",
      "exits": {
        "North": 29798,
        "West": 29800
      }
    },
    {
      "id": 29802,
      "name": "The room of unspeakable Creators",
      "exits": {
        "East": 29803,
        "South": 29805
      }
    },
    {
      "id": 29803,
      "name": "The room of unspeakable Creators",
      "exits": {
        "North": 29772,
        "East": 29804,
        "South": 29806,
        "West": 29802
      }
    },
    {
      "id": 29804,
      "name": "The room of unspeakable Creators",
      "exits": {
        "South": 29807,
        "West": 29803
      }
    },
    {
      "id": 29805,
      "name": "The room of unspeakable Creators",
      "exits": {
        "North": 29802,
        "East": 29806,
        "South": 29808
      }
    },
    {
      "id": 29806,
      "name": "The room of unspeakable Creators",
      "exits": {
        "North": 29803,
        "East": 29807,
        "South": 29809,
        "West": 29805
      }
    },
    {
      "id": 29807,
      "name": "The room of unspeakable Creators",
      "exits": {
        "North": 29804,
        "South": 29810,
        "West": 29806
      }
    },
    {
      "id": 29808,
      "name": "The room of unspeakable Creators",
      "exits": {
        "North": 29805,
        "East": 29809
      }
    },
    {
      "id": 29809,
      "name": "The room of unspeakable Creators",
      "exits": {
        "North": 29806,
        "East": 29810,
        "West": 29808
      }
    },
    {
      "id": 29810,
      "name": "Beneath a blood stained stairwell",
      "exits": {
        "North": 29807,
        "West": 29809,
        "Up": 29846
      }
    },
    {
      "id": 29811,
      "name": "On the roof of a black turret",
      "exits": {
        "East": 29812,
        "South": 29814,
        "Down": 29775
      }
    },
    {
      "id": 29812,
      "name": "On the roof of a black turret",
      "exits": {
        "East": 29813,
        "South": 29815,
        "West": 29811
      }
    },
    {
      "id": 29813,
      "name": "On the roof of a black turret",
      "exits": {
        "South": 29816,
        "West": 29812
      }
    },
    {
      "id": 29814,
      "name": "On the roof of a black turret",
      "exits": {
        "North": 29811,
        "East": 29815,
        "South": 29817
      }
    },
    {
      "id": 29815,
      "name": "Before a vortex of purest night",
      "exits": {
        "North": 29812,
        "East": 29816,
        "South": 29818,
        "West": 29814
      }
    },
    {
      "id": 29816,
      "name": "On the roof of a black turret",
      "exits": {
        "North": 29813,
        "South": 29819,
        "West": 29815
      }
    },
    {
      "id": 29817,
      "name": "On the roof of a black turret",
      "exits": {
        "North": 29814,
        "East": 29818
      }
    },
    {
      "id": 29818,
      "name": "On the roof of a black turret",
      "exits": {
        "North": 29815,
        "East": 29819,
        "West": 29817
      }
    },
    {
      "id": 29819,
      "name": "On the roof of a black turret",
      "exits": {
        "North": 29816,
        "West": 29818
      }
    },
    {
      "id": 29820,
      "name": "On a pentegram inscribed roof",
      "exits": {
        "East": 29821,
        "South": 29823
      }
    },
    {
      "id": 29821,
      "name": "On a pentegram inscribed roof",
      "exits": {
        "East": 29822,
        "South": 29824,
        "West": 29820
      }
    },
    {
      "id": 29822,
      "name": "On a pentegram inscribed roof",
      "exits": {
        "South": 29825,
        "West": 29821,
        "Down": 29795
      }
    },
    {
      "id": 29823,
      "name": "On a pentegram inscribed roof",
      "exits": {
        "North": 29820,
        "East": 29824,
        "South": 29826
      }
    },
    {
      "id": 29824,
      "name": "In the centre of a massive pentegram",
      "exits": {
        "North": 29821,
        "East": 29825,
        "South": 29827,
        "West": 29823
      }
    },
    {
      "id": 29825,
      "name": "On a pentegram inscribed roof",
      "exits": {
        "North": 29822,
        "South": 29828,
        "West": 29824
      }
    },
    {
      "id": 29826,
      "name": "On a pentegram inscribed roof",
      "exits": {
        "North": 29823,
        "East": 29827
      }
    },
    {
      "id": 29827,
      "name": "On a pentegram inscribed roof",
      "exits": {
        "North": 29824,
        "East": 29828,
        "West": 29826
      }
    },
    {
      "id": 29828,
      "name": "On a pentegram inscribed roof",
      "exits": {
        "North": 29825,
        "West": 29827
      }
    },
    {
      "id": 29829,
      "name": "On the roof of a black turret",
      "exits": {
        "East": 29830,
        "South": 29832
      }
    },
    {
      "id": 29830,
      "name": "On the roof of a black turret",
      "exits": {
        "East": 29831,
        "South": 29833,
        "West": 29829
      }
    },
    {
      "id": 29831,
      "name": "On the roof of a black turret",
      "exits": {
        "South": 29834,
        "West": 29830
      }
    },
    {
      "id": 29832,
      "name": "On the roof of a black turret",
      "exits": {
        "North": 29829,
        "East": 29833,
        "South": 29835
      }
    },
    {
      "id": 29833,
      "name": "Centre of a black turret\u0027s roof",
      "exits": {
        "North": 29830,
        "East": 29834,
        "South": 29836,
        "West": 29832
      }
    },
    {
      "id": 29834,
      "name": "On the roof of a black turret",
      "exits": {
        "North": 29831,
        "South": 29837,
        "West": 29833
      }
    },
    {
      "id": 29835,
      "name": "On the roof of a black turret",
      "exits": {
        "North": 29832,
        "East": 29836,
        "Down": 29790
      }
    },
    {
      "id": 29836,
      "name": "On the roof of a black turret",
      "exits": {
        "North": 29833,
        "East": 29837,
        "West": 29835
      }
    },
    {
      "id": 29837,
      "name": "On the roof of a black turret",
      "exits": {
        "North": 29834,
        "West": 29836
      }
    },
    {
      "id": 29838,
      "name": "On the blood soaked roof of a black turret",
      "exits": {
        "East": 29839,
        "South": 29841
      }
    },
    {
      "id": 29839,
      "name": "On the blood soaked roof of a black turret",
      "exits": {
        "East": 29840,
        "South": 29842,
        "West": 29838
      }
    },
    {
      "id": 29840,
      "name": "On the blood soaked roof of a black turret",
      "exits": {
        "South": 29843,
        "West": 29839
      }
    },
    {
      "id": 29841,
      "name": "On the blood soaked roof of a black turret",
      "exits": {
        "North": 29838,
        "East": 29842,
        "South": 29844
      }
    },
    {
      "id": 29842,
      "name": "Centre of a blood soaked roof",
      "exits": {
        "North": 29839,
        "East": 29843,
        "South": 29845,
        "West": 29841
      }
    },
    {
      "id": 29843,
      "name": "On the blood soaked roof of a black turret",
      "exits": {
        "North": 29840,
        "South": 29846,
        "West": 29842
      }
    },
    {
      "id": 29844,
      "name": "On the blood soaked roof of a black turret",
      "exits": {
        "North": 29841,
        "East": 29845
      }
    },
    {
      "id": 29845,
      "name": "On the blood soaked roof of a black turret",
      "exits": {
        "North": 29842,
        "East": 29846,
        "West": 29844
      }
    },
    {
      "id": 29846,
      "name": "On the blood soaked roof of a black turret",
      "exits": {
        "North": 29843,
        "West": 29845,
        "Down": 29810
      }
    },
    {
      "id": 29850,
      "name": "On a wooden walkway over the swamp",
      "exits": {
        "East": 29851,
        "West": 29450
      }
    },
    {
      "id": 29851,
      "name": "On a wooden walkway over the swamp",
      "exits": {
        "East": 29852,
        "West": 29850
      }
    },
    {
      "id": 29852,
      "name": "On a wooden walkway over the swamp",
      "exits": {
        "East": 29853,
        "West": 29851
      }
    },
    {
      "id": 29853,
      "name": "At a bend on the wooden walkway",
      "exits": {
        "North": 29856,
        "West": 29852
      }
    },
    {
      "id": 29854,
      "name": "On a muddy island battlefield",
      "exits": {
        "North": 29862,
        "East": 29855,
        "West": 29884
      }
    },
    {
      "id": 29855,
      "name": "On a muddy island battlefield",
      "exits": {
        "North": 29863,
        "East": 29856,
        "West": 29854
      }
    },
    {
      "id": 29856,
      "name": "At the edge of a wooden walkway",
      "exits": {
        "North": 29864,
        "East": 29857,
        "South": 29853,
        "West": 29855
      }
    },
    {
      "id": 29857,
      "name": "On a muddy island battlefield",
      "exits": {
        "North": 29865,
        "East": 29858,
        "West": 29856
      }
    },
    {
      "id": 29858,
      "name": "On a muddy island battlefield",
      "exits": {
        "North": 29866,
        "East": 29859,
        "South": 29860,
        "West": 29857
      }
    },
    {
      "id": 29859,
      "name": "On a muddy island battlefield",
      "exits": {
        "North": 29867,
        "East": 29881,
        "South": 29861,
        "West": 29858
      }
    },
    {
      "id": 29860,
      "name": "On a muddy island battlefield",
      "exits": {
        "North": 29858,
        "East": 29861
      }
    },
    {
      "id": 29861,
      "name": "On a muddy island battlefield",
      "exits": {
        "North": 29859,
        "East": 29888,
        "West": 29860
      }
    },
    {
      "id": 29862,
      "name": "On a muddy island battlefield",
      "exits": {
        "North": 29868,
        "East": 29863,
        "South": 29854
      }
    },
    {
      "id": 29863,
      "name": "On a muddy island battlefield",
      "exits": {
        "North": 29868,
        "East": 29864,
        "South": 29855,
        "West": 29862
      }
    },
    {
      "id": 29864,
      "name": "Beneath a wooden battlement",
      "exits": {
        "North": 29870,
        "East": 29865,
        "South": 29856,
        "West": 29863,
        "Up": 29891
      }
    },
    {
      "id": 29865,
      "name": "On a muddy island battlefield",
      "exits": {
        "North": 29871,
        "East": 29866,
        "South": 29857,
        "West": 29864
      }
    },
    {
      "id": 29866,
      "name": "Beneath a wooden battlement",
      "exits": {
        "North": 29872,
        "East": 29867,
        "South": 29858,
        "West": 29865,
        "Up": 29893
      }
    },
    {
      "id": 29867,
      "name": "On a muddy island battlefield",
      "exits": {
        "East": 29882,
        "South": 29859,
        "West": 29866
      }
    },
    {
      "id": 29868,
      "name": "Outside a blackened wall",
      "exits": {
        "East": 29869,
        "South": 29862,
        "West": 29874
      }
    },
    {
      "id": 29869,
      "name": "Outside a blackened wall",
      "exits": {
        "East": 29870,
        "South": 29863,
        "West": 29868
      }
    },
    {
      "id": 29870,
      "name": "Outside a blackened wall",
      "exits": {
        "East": 29871,
        "South": 29864,
        "West": 29869
      }
    },
    {
      "id": 29871,
      "name": "Before some blasted black gates",
      "exits": {
        "North": 29500,
        "East": 29872,
        "South": 29865,
        "West": 29870
      }
    },
    {
      "id": 29872,
      "name": "Outside a blackened wall",
      "exits": {
        "East": 29873,
        "South": 29866,
        "West": 29871
      }
    },
    {
      "id": 29873,
      "name": "Corner of the ruined walls",
      "exits": {
        "North": 29878,
        "West": 29872
      }
    },
    {
      "id": 29874,
      "name": "Corner of the ruined walls",
      "exits": {
        "East": 29868,
        "Down": 29875
      }
    },
    {
      "id": 29875,
      "name": "In a muddy trench",
      "exits": {
        "North": 29876,
        "Up": 29874
      }
    },
    {
      "id": 29876,
      "name": "In a muddy trench",
      "exits": {
        "North": 29877,
        "South": 29875
      }
    },
    {
      "id": 29877,
      "name": "At the end of a muddy trench",
      "exits": {
        "South": 29876
      }
    },
    {
      "id": 29878,
      "name": "Above a deep muddy trench",
      "exits": {
        "South": 29873,
        "Down": 29879
      }
    },
    {
      "id": 29879,
      "name": "In a deep muddy trench",
      "exits": {
        "North": 29880,
        "Up": 29878
      }
    },
    {
      "id": 29880,
      "name": "At the end of a muddy trench",
      "exits": {
        "South": 29879
      }
    },
    {
      "id": 29881,
      "name": "Beneath a wooden watch-tower",
      "exits": {
        "West": 29859,
        "Up": 29886
      }
    },
    {
      "id": 29882,
      "name": "On a cleared part of the swamp island",
      "exits": {
        "North": 29883,
        "West": 29867
      }
    },
    {
      "id": 29883,
      "name": "In a dried out clearing",
      "exits": {
        "South": 29882
      }
    },
    {
      "id": 29884,
      "name": "Beneath a wooden watch-tower",
      "exits": {
        "East": 29854,
        "Up": 29885
      }
    },
    {
      "id": 29885,
      "name": "On a small wooden watch-tower",
      "exits": {
        "Down": 29884
      }
    },
    {
      "id": 29886,
      "name": "On a small wooden watch-tower",
      "exits": {
        "Down": 29881
      }
    },
    {
      "id": 29888,
      "name": "In a muddy clearing",
      "exits": {
        "West": 29861
      }
    },
    {
      "id": 29891,
      "name": "On a wooden battlement",
      "exits": {
        "East": 29892,
        "Down": 29864
      }
    },
    {
      "id": 29892,
      "name": "On a wooden battlement",
      "exits": {
        "East": 29893,
        "West": 29891
      }
    },
    {
      "id": 29893,
      "name": "On a wooden battlement",
      "exits": {
        "West": 29892,
        "Down": 29866
      }
    },
    {
      "id": 29899,
      "name": "On a dark landing",
      "exits": {
        "West": 29733,
        "Down": 29732
      }
    },
    {
      "id": 29450,
      "name": "To Arkham Swamps",
      "otherAreaExit": true,
      "exits": {
        "East": 29850,
        "West": 29449
      }
    }
  ]
}