{
  "name": "Arkham",
  "buildOptions": {
    "maxSteps": 1000,
    "fixObstacles": true,
    "fixNonStraight": true,
    "fixIntersected": true,
    "compactMap": true,
    "addDebugInfo": false,
    "colorizeConnectionIssues": true
  },
  "rooms": [
    {
      "id": 701,
      "name": "The End of the Wharf",
      "exits": {
        "East": 751,
        "South": 702
      }
    },
    {
      "id": 702,
      "name": "The Wharf",
      "exits": {
        "North": 701,
        "East": 752,
        "South": 703
      }
    },
    {
      "id": 703,
      "name": "The Wharf",
      "exits": {
        "North": 702,
        "East": 706,
        "South": 704,
        "West": 726
      }
    },
    {
      "id": 704,
      "name": "The Wharf",
      "exits": {
        "North": 703,
        "South": 705,
        "West": 720
      }
    },
    {
      "id": 705,
      "name": "The End of the Wharf",
      "exits": {
        "North": 704,
        "East": 754,
        "West": 750
      }
    },
    {
      "id": 706,
      "name": "Main Street",
      "exits": {
        "East": 707,
        "South": 753,
        "West": 703
      }
    },
    {
      "id": 707,
      "name": "Main Street",
      "exits": {
        "North": 721,
        "East": 708,
        "South": 718,
        "West": 706
      }
    },
    {
      "id": 708,
      "name": "Main Street",
      "exits": {
        "North": 760,
        "East": 709,
        "South": 835,
        "West": 707
      }
    },
    {
      "id": 709,
      "name": "Main Street",
      "exits": {
        "North": 762,
        "East": 710,
        "South": 764,
        "West": 708
      }
    },
    {
      "id": 710,
      "name": "Main Street",
      "exits": {
        "East": 711,
        "South": 765,
        "West": 709
      }
    },
    {
      "id": 711,
      "name": "Town Square",
      "exits": {
        "North": 729,
        "East": 712,
        "South": 728,
        "West": 710
      }
    },
    {
      "id": 712,
      "name": "Main Street",
      "exits": {
        "East": 713,
        "West": 711
      }
    },
    {
      "id": 713,
      "name": "Main Street",
      "exits": {
        "North": 769,
        "East": 714,
        "South": 800,
        "West": 712
      }
    },
    {
      "id": 714,
      "name": "Main Street",
      "exits": {
        "North": 770,
        "East": 715,
        "West": 713
      }
    },
    {
      "id": 715,
      "name": "Main Street",
      "exits": {
        "North": 746,
        "East": 29400,
        "South": 744,
        "West": 714
      }
    },
    {
      "id": 717,
      "name": "Library",
      "exits": {
        "West": 773
      }
    },
    {
      "id": 718,
      "name": "Alley",
      "exits": {
        "North": 707,
        "South": 719
      }
    },
    {
      "id": 719,
      "name": "Dead End",
      "exits": {
        "North": 718
      }
    },
    {
      "id": 720,
      "name": "Harbor",
      "exits": {
        "North": 726,
        "East": 704,
        "South": 750
      }
    },
    {
      "id": 721,
      "name": "Eldritch Lane",
      "exits": {
        "North": 722,
        "South": 707
      }
    },
    {
      "id": 722,
      "name": "Eldritch Lane",
      "exits": {
        "North": 723,
        "East": 758,
        "South": 721,
        "West": 755
      }
    },
    {
      "id": 723,
      "name": "Eldritch Lane",
      "exits": {
        "East": 724,
        "South": 722,
        "West": 756
      }
    },
    {
      "id": 724,
      "name": "Eldritch Lane",
      "exits": {
        "North": 757,
        "East": 725,
        "West": 723
      }
    },
    {
      "id": 725,
      "name": "Eldritch Lane",
      "exits": {
        "North": 832,
        "East": 731,
        "West": 724
      }
    },
    {
      "id": 726,
      "name": "Harbor",
      "exits": {
        "East": 703,
        "South": 720,
        "West": 100040
      }
    },
    {
      "id": 727,
      "name": "Dragon Road",
      "exits": {
        "North": 728,
        "East": 741,
        "South": 1500
      }
    },
    {
      "id": 728,
      "name": "Dragon Road",
      "exits": {
        "North": 711,
        "South": 727,
        "West": 765
      }
    },
    {
      "id": 729,
      "name": "Dragon Road",
      "exits": {
        "North": 731,
        "East": 768,
        "South": 711,
        "West": 763
      }
    },
    {
      "id": 731,
      "name": "Dragon Road",
      "exits": {
        "North": 732,
        "East": 749,
        "South": 729,
        "West": 725
      }
    },
    {
      "id": 732,
      "name": "Dragon Road",
      "exits": {
        "North": 733,
        "South": 731
      }
    },
    {
      "id": 733,
      "name": "Dragon Road",
      "exits": {
        "North": 836,
        "South": 732,
        "West": 745
      }
    },
    {
      "id": 741,
      "name": "Corrine Way",
      "exits": {
        "North": 775,
        "East": 742,
        "South": 778,
        "West": 727
      }
    },
    {
      "id": 742,
      "name": "Corrine Way",
      "exits": {
        "North": 776,
        "East": 743,
        "South": 779,
        "West": 741
      }
    },
    {
      "id": 743,
      "name": "Ipswich Row",
      "exits": {
        "North": 744,
        "West": 742
      }
    },
    {
      "id": 744,
      "name": "Ipswich Row",
      "exits": {
        "North": 715,
        "South": 743
      }
    },
    {
      "id": 745,
      "name": "Castle Grounds",
      "exits": {
        "East": 733
      }
    },
    {
      "id": 746,
      "name": "Ipswich Row",
      "exits": {
        "North": 747,
        "South": 715
      }
    },
    {
      "id": 747,
      "name": "Ipswich Row",
      "exits": {
        "South": 746,
        "West": 748
      }
    },
    {
      "id": 748,
      "name": "Arcanus Avenue",
      "exits": {
        "North": 773,
        "East": 747,
        "South": 771,
        "West": 749
      }
    },
    {
      "id": 749,
      "name": "Arcanus Avenue",
      "exits": {
        "North": 772,
        "East": 748,
        "South": 767,
        "West": 731
      }
    },
    {
      "id": 750,
      "name": "Harbor",
      "exits": {
        "North": 720,
        "East": 705
      }
    },
    {
      "id": 751,
      "name": "Warehouse",
      "exits": {
        "West": 701
      }
    },
    {
      "id": 752,
      "name": "Warehouse",
      "exits": {
        "West": 702
      }
    },
    {
      "id": 753,
      "name": "Chartmakers",
      "exits": {
        "North": 706
      }
    },
    {
      "id": 754,
      "name": "Wharfside Bar",
      "exits": {
        "West": 705
      }
    },
    {
      "id": 755,
      "name": "Antiques Etc.",
      "exits": {
        "East": 722
      }
    },
    {
      "id": 756,
      "name": "Abandoned Mansion",
      "exits": {
        "East": 723,
        "Up": 780
      }
    },
    {
      "id": 757,
      "name": "Tenament House",
      "exits": {
        "South": 724
      }
    },
    {
      "id": 758,
      "name": "Patch\u0027s Tavern",
      "exits": {
        "East": 759,
        "West": 722
      }
    },
    {
      "id": 759,
      "name": "Black Market",
      "exits": {
        "West": 758
      }
    },
    {
      "id": 760,
      "name": "Mercenary\u0027s Guild",
      "exits": {
        "South": 708
      }
    },
    {
      "id": 761,
      "name": "Mercenary\u0027s Quarters",
      "exits": {}
    },
    {
      "id": 762,
      "name": "Cobbler\u0027s",
      "exits": {
        "South": 709
      }
    },
    {
      "id": 763,
      "name": "Stables",
      "exits": {
        "East": 729
      }
    },
    {
      "id": 764,
      "name": "Large House",
      "exits": {
        "North": 709
      }
    },
    {
      "id": 765,
      "name": "Cathedral of the Elder Gods",
      "exits": {
        "North": 710,
        "South": 781,
        "West": 787,
        "Up": 796
      }
    },
    {
      "id": 766,
      "name": "Room",
      "exits": {
        "South": 770
      }
    },
    {
      "id": 767,
      "name": "House",
      "exits": {
        "North": 749
      }
    },
    {
      "id": 768,
      "name": "City Hall",
      "exits": {
        "West": 729
      }
    },
    {
      "id": 769,
      "name": "Candi\u0027s Confections",
      "exits": {
        "South": 713
      }
    },
    {
      "id": 770,
      "name": "Bullhorn Inn",
      "exits": {
        "North": 766,
        "South": 714
      }
    },
    {
      "id": 771,
      "name": "Magic Moon",
      "exits": {
        "North": 748
      }
    },
    {
      "id": 772,
      "name": "Alchemist",
      "exits": {
        "South": 749
      }
    },
    {
      "id": 773,
      "name": "Miskatonic University",
      "exits": {
        "North": 799,
        "East": 717,
        "South": 748
      }
    },
    {
      "id": 774,
      "name": "Dead End",
      "exits": {
        "West": 777
      }
    },
    {
      "id": 775,
      "name": "House",
      "exits": {
        "South": 741
      }
    },
    {
      "id": 776,
      "name": "House",
      "exits": {
        "South": 742
      }
    },
    {
      "id": 777,
      "name": "Intersection",
      "exits": {
        "North": 801,
        "East": 774,
        "South": 805,
        "West": 808,
        "Up": 781
      }
    },
    {
      "id": 778,
      "name": "House",
      "exits": {
        "North": 741
      }
    },
    {
      "id": 779,
      "name": "House",
      "exits": {
        "North": 742
      }
    },
    {
      "id": 780,
      "name": "Laboratory",
      "exits": {
        "Down": 756
      }
    },
    {
      "id": 781,
      "name": "Chapel",
      "exits": {
        "North": 765,
        "South": 794,
        "Down": 777
      }
    },
    {
      "id": 782,
      "name": "Cell",
      "exits": {
        "North": 787
      }
    },
    {
      "id": 783,
      "name": "Cell",
      "exits": {
        "North": 786
      }
    },
    {
      "id": 784,
      "name": "Cell",
      "exits": {
        "South": 786
      }
    },
    {
      "id": 785,
      "name": "Cell",
      "exits": {
        "South": 787
      }
    },
    {
      "id": 786,
      "name": "Hallway",
      "exits": {
        "North": 784,
        "East": 787,
        "South": 783,
        "West": 789
      }
    },
    {
      "id": 787,
      "name": "Hallway",
      "exits": {
        "North": 785,
        "East": 765,
        "South": 782,
        "West": 786
      }
    },
    {
      "id": 788,
      "name": "Sepulchure",
      "exits": {
        "East": 814
      }
    },
    {
      "id": 789,
      "name": "Dining Hall",
      "exits": {
        "North": 790,
        "East": 786
      }
    },
    {
      "id": 790,
      "name": "Kitchen",
      "exits": {
        "South": 789
      }
    },
    {
      "id": 791,
      "name": "Abbot\u0027s Chamber",
      "exits": {
        "South": 795
      }
    },
    {
      "id": 792,
      "name": "Priest\u0027s Chamber",
      "exits": {
        "East": 795
      }
    },
    {
      "id": 793,
      "name": "Priestess\u0027 Chamber",
      "exits": {
        "West": 795
      }
    },
    {
      "id": 794,
      "name": "Reliquary",
      "exits": {
        "North": 781
      }
    },
    {
      "id": 795,
      "name": "Hallway",
      "exits": {
        "North": 791,
        "East": 793,
        "South": 796,
        "West": 792
      }
    },
    {
      "id": 796,
      "name": "Landing",
      "exits": {
        "North": 795,
        "South": 797,
        "Down": 765
      }
    },
    {
      "id": 797,
      "name": "Bell Tower",
      "exits": {
        "North": 796,
        "Up": 798
      }
    },
    {
      "id": 798,
      "name": "Bell Tower",
      "exits": {
        "Down": 797
      }
    },
    {
      "id": 799,
      "name": "Lecture Hall",
      "exits": {
        "South": 773
      }
    },
    {
      "id": 800,
      "name": "Potter\u0027s Guild Store",
      "exits": {
        "North": 713
      }
    },
    {
      "id": 801,
      "name": "Corridor",
      "exits": {
        "North": 802,
        "South": 777
      }
    },
    {
      "id": 802,
      "name": "Corridor",
      "exits": {
        "South": 801,
        "West": 803
      }
    },
    {
      "id": 803,
      "name": "Corridor",
      "exits": {
        "East": 802,
        "West": 804
      }
    },
    {
      "id": 804,
      "name": "Sepulchure",
      "exits": {
        "East": 803
      }
    },
    {
      "id": 805,
      "name": "Corridor",
      "exits": {
        "North": 777,
        "South": 806
      }
    },
    {
      "id": 806,
      "name": "Corridor",
      "exits": {
        "North": 805,
        "West": 807
      }
    },
    {
      "id": 807,
      "name": "Dead End",
      "exits": {
        "East": 806
      }
    },
    {
      "id": 808,
      "name": "Corridor",
      "exits": {
        "East": 777,
        "West": 809
      }
    },
    {
      "id": 809,
      "name": "Corridor",
      "exits": {
        "East": 808,
        "West": 810
      }
    },
    {
      "id": 810,
      "name": "Corridor",
      "exits": {
        "East": 809,
        "West": 811
      }
    },
    {
      "id": 811,
      "name": "Burial Chamber",
      "exits": {
        "North": 812,
        "East": 810,
        "South": 815,
        "West": 824
      }
    },
    {
      "id": 812,
      "name": "Corridor",
      "exits": {
        "North": 813,
        "South": 811
      }
    },
    {
      "id": 813,
      "name": "Corridor",
      "exits": {
        "North": 814,
        "South": 812
      }
    },
    {
      "id": 814,
      "name": "Corridor",
      "exits": {
        "South": 813,
        "West": 788
      }
    },
    {
      "id": 815,
      "name": "Corridor",
      "exits": {
        "North": 811,
        "South": 816
      }
    },
    {
      "id": 816,
      "name": "Corridor",
      "exits": {
        "North": 815,
        "West": 817
      }
    },
    {
      "id": 817,
      "name": "Corridor",
      "exits": {
        "East": 816,
        "West": 818
      }
    },
    {
      "id": 818,
      "name": "Corridor",
      "exits": {
        "East": 817,
        "South": 819
      }
    },
    {
      "id": 819,
      "name": "Corridor",
      "exits": {
        "North": 818,
        "South": 820,
        "West": 822
      }
    },
    {
      "id": 820,
      "name": "Corridor",
      "exits": {
        "North": 819,
        "East": 821
      }
    },
    {
      "id": 821,
      "name": "Dead End",
      "exits": {
        "West": 820
      }
    },
    {
      "id": 822,
      "name": "Corridor",
      "exits": {
        "East": 819,
        "West": 823
      }
    },
    {
      "id": 823,
      "name": "Sepulchure",
      "exits": {
        "East": 822
      }
    },
    {
      "id": 824,
      "name": "Corridor",
      "exits": {
        "East": 811,
        "West": 825
      }
    },
    {
      "id": 825,
      "name": "Corridor",
      "exits": {
        "East": 824,
        "West": 826
      }
    },
    {
      "id": 826,
      "name": "Corridor",
      "exits": {
        "East": 825,
        "West": 827
      }
    },
    {
      "id": 827,
      "name": "Corridor",
      "exits": {
        "North": 828,
        "East": 826
      }
    },
    {
      "id": 828,
      "name": "Portal Chamber",
      "exits": {
        "North": 831,
        "East": 830,
        "South": 827,
        "West": 829
      }
    },
    {
      "id": 829,
      "name": "Ritual Hall",
      "exits": {
        "East": 828
      }
    },
    {
      "id": 830,
      "name": "Cthulhu\u0027s Lair",
      "exits": {
        "West": 828
      }
    },
    {
      "id": 831,
      "name": "Elder God\u0027s Chamber",
      "exits": {
        "South": 828
      }
    },
    {
      "id": 832,
      "name": "Arkham Asylum",
      "exits": {
        "North": 834,
        "East": 833,
        "South": 725
      }
    },
    {
      "id": 833,
      "name": "Cell",
      "exits": {
        "West": 832
      }
    },
    {
      "id": 834,
      "name": "Cell",
      "exits": {
        "South": 832
      }
    },
    {
      "id": 835,
      "name": "Blacksmith",
      "exits": {
        "North": 708
      }
    },
    {
      "id": 836,
      "name": "Forest Road",
      "exits": {
        "North": 837,
        "South": 733
      }
    },
    {
      "id": 837,
      "name": "Forest Road",
      "exits": {
        "North": 847,
        "South": 836,
        "West": 838
      }
    },
    {
      "id": 838,
      "name": "A Corn Field",
      "exits": {
        "East": 837,
        "West": 840
      }
    },
    {
      "id": 839,
      "name": "A Corn Field",
      "exits": {
        "North": 842,
        "East": 840
      }
    },
    {
      "id": 840,
      "name": "A Corn Field",
      "exits": {
        "North": 843,
        "East": 838,
        "West": 839
      }
    },
    {
      "id": 841,
      "name": "A Corn Field",
      "exits": {
        "South": 843,
        "West": 844
      }
    },
    {
      "id": 842,
      "name": "A Corn Field",
      "exits": {
        "North": 844,
        "East": 843,
        "South": 839
      }
    },
    {
      "id": 843,
      "name": "A Corn Field",
      "exits": {
        "North": 841,
        "South": 840,
        "West": 842
      }
    },
    {
      "id": 844,
      "name": "A Corn Field",
      "exits": {
        "North": 845,
        "East": 841,
        "South": 842
      }
    },
    {
      "id": 845,
      "name": "Front Yard",
      "exits": {
        "North": 846,
        "South": 844
      }
    },
    {
      "id": 846,
      "name": "Farm House",
      "exits": {
        "South": 845
      }
    },
    {
      "id": 847,
      "name": "Forest Road",
      "exits": {
        "North": 848,
        "South": 837
      }
    },
    {
      "id": 848,
      "name": "Forest Road",
      "exits": {
        "North": 849,
        "South": 847
      }
    },
    {
      "id": 849,
      "name": "Forest Road",
      "exits": {
        "North": 858,
        "East": 850,
        "South": 848
      }
    },
    {
      "id": 850,
      "name": "A Trail",
      "exits": {
        "East": 851,
        "West": 849
      }
    },
    {
      "id": 851,
      "name": "A Trail",
      "exits": {
        "East": 852,
        "West": 850
      }
    },
    {
      "id": 852,
      "name": "The Tower",
      "exits": {
        "North": 871,
        "South": 853,
        "West": 851
      }
    },
    {
      "id": 853,
      "name": "A Trail",
      "exits": {
        "North": 852,
        "East": 854
      }
    },
    {
      "id": 854,
      "name": "A Trail",
      "exits": {
        "East": 855,
        "West": 853
      }
    },
    {
      "id": 855,
      "name": "A Trail",
      "exits": {
        "South": 856,
        "West": 854
      }
    },
    {
      "id": 856,
      "name": "A Clearing",
      "exits": {
        "North": 855,
        "Down": 857
      }
    },
    {
      "id": 857,
      "name": "The Wyrm\u0027s Lair",
      "exits": {
        "Up": 856
      }
    },
    {
      "id": 858,
      "name": "Forest Road",
      "exits": {
        "North": 859,
        "South": 849
      }
    },
    {
      "id": 859,
      "name": "A Ruined Village",
      "exits": {
        "North": 860,
        "South": 858
      }
    },
    {
      "id": 860,
      "name": "Main Street",
      "exits": {
        "North": 863,
        "East": 862,
        "South": 859,
        "West": 861
      }
    },
    {
      "id": 861,
      "name": "Baker\u0027s",
      "exits": {
        "East": 860
      }
    },
    {
      "id": 862,
      "name": "A House",
      "exits": {
        "West": 860
      }
    },
    {
      "id": 863,
      "name": "Main Street",
      "exits": {
        "North": 866,
        "East": 865,
        "South": 860,
        "West": 864
      }
    },
    {
      "id": 864,
      "name": "A Small House",
      "exits": {
        "East": 863
      }
    },
    {
      "id": 865,
      "name": "Abandoned General Store",
      "exits": {
        "West": 863
      }
    },
    {
      "id": 866,
      "name": "The Outskirts of the Village",
      "exits": {
        "North": 867,
        "South": 863
      }
    },
    {
      "id": 867,
      "name": "A Long Road",
      "exits": {
        "North": 868,
        "South": 866
      }
    },
    {
      "id": 868,
      "name": "The Crossroads",
      "exits": {
        "North": 869,
        "East": 870,
        "South": 867,
        "West": 873
      }
    },
    {
      "id": 869,
      "name": "A Road",
      "exits": {
        "North": 18000,
        "South": 868
      }
    },
    {
      "id": 870,
      "name": "A Road",
      "exits": {
        "West": 868
      }
    },
    {
      "id": 871,
      "name": "The Tower",
      "exits": {
        "South": 852,
        "Up": 872
      }
    },
    {
      "id": 872,
      "name": "Laboratory",
      "exits": {
        "Down": 871
      }
    },
    {
      "id": 873,
      "name": "The Dark Road",
      "exits": {
        "East": 868
      }
    },
    {
      "id": 29400,
      "name": "To Arkham Swamps",
      "otherAreaExit": true,
      "exits": {
        "East": 29401,
        "West": 715
      }
    },
    {
      "id": 100040,
      "name": "To The Dragon Sea",
      "otherAreaExit": true,
      "exits": {
        "East": 726,
        "South": 100065,
        "West": 100039
      }
    },
    {
      "id": 1500,
      "name": "To The Southern Swamps",
      "otherAreaExit": true,
      "exits": {
        "North": 727,
        "South": 1501
      }
    },
    {
      "id": 18000,
      "name": "To The Obsidian Order",
      "otherAreaExit": true,
      "exits": {
        "North": 18001,
        "South": 869
      }
    }
  ]
}