{
  "name": "Arkham Swamps",
  "buildOptions": {
    "maxSteps": 1000,
    "fixObstacles": true,
    "fixNonStraight": true,
    "fixIntersected": true,
    "compactMap": true,
    "addDebugInfo": false,
    "colorizeConnectionIssues": true
  },
  "rooms": [
    {
      "id": 29400,
      "name": "Outside the east gate of Arkham",
      "exits": {
        "East": 29401,
        "West": 715
      }
    },
    {
      "id": 29401,
      "name": "On a rough and narrow path",
      "exits": {
        "East": 29402,
        "West": 29400
      }
    },
    {
      "id": 29402,
      "name": "On a rough and narrow path",
      "exits": {
        "South": 29403,
        "West": 29401
      }
    },
    {
      "id": 29403,
      "name": "On a rough and narrow path",
      "exits": {
        "North": 29402,
        "East": 29404
      }
    },
    {
      "id": 29404,
      "name": "On a damp, poorly walked path",
      "exits": {
        "East": 29405,
        "West": 29403
      }
    },
    {
      "id": 29405,
      "name": "In a damp patch of ground",
      "exits": {
        "North": 29418,
        "South": 29406,
        "West": 29404
      }
    },
    {
      "id": 29406,
      "name": "Shallow swamp lands",
      "exits": {
        "North": 29405,
        "East": 29407
      }
    },
    {
      "id": 29407,
      "name": "In the Arkham swamps",
      "exits": {
        "North": 29408,
        "East": 29415,
        "South": 29409,
        "West": 29406
      }
    },
    {
      "id": 29408,
      "name": "Before a large bog",
      "exits": {
        "South": 29407
      }
    },
    {
      "id": 29409,
      "name": "In the Arkham swamps",
      "exits": {
        "North": 29407,
        "East": 29410
      }
    },
    {
      "id": 29410,
      "name": "In the Arkham swamps",
      "exits": {
        "North": 29415,
        "East": 29413,
        "South": 29411,
        "West": 29409
      }
    },
    {
      "id": 29411,
      "name": "Edge of the Arkham swamps",
      "exits": {
        "North": 29410,
        "East": 29412
      }
    },
    {
      "id": 29412,
      "name": "Before a huge mire",
      "exits": {
        "North": 29413,
        "West": 29412
      }
    },
    {
      "id": 29413,
      "name": "In the Arkham swamps",
      "exits": {
        "North": 29416,
        "East": 29414,
        "South": 29412,
        "West": 29410
      }
    },
    {
      "id": 29414,
      "name": "Before a murky pool",
      "exits": {
        "North": 29417,
        "West": 29413
      }
    },
    {
      "id": 29415,
      "name": "In the Arkham swamps",
      "exits": {
        "East": 29416,
        "South": 29410,
        "West": 29407
      }
    },
    {
      "id": 29416,
      "name": "In the Arkham swamps",
      "exits": {
        "North": 29421,
        "East": 29417,
        "South": 29413,
        "West": 29415
      }
    },
    {
      "id": 29417,
      "name": "In the Arkham swamps",
      "exits": {
        "North": 29422,
        "South": 29414,
        "West": 29416
      }
    },
    {
      "id": 29418,
      "name": "On a water logged ground",
      "exits": {
        "East": 29419,
        "South": 29405
      }
    },
    {
      "id": 29419,
      "name": "In the Arkham swamps",
      "exits": {
        "North": 29430,
        "East": 29425,
        "West": 29418
      }
    },
    {
      "id": 29420,
      "name": "In the Arkham swamps",
      "exits": {
        "North": 29425,
        "East": 29421
      }
    },
    {
      "id": 29421,
      "name": "In the Arkham swamps",
      "exits": {
        "North": 29426,
        "East": 29422,
        "South": 29416,
        "West": 29420
      }
    },
    {
      "id": 29422,
      "name": "In the Arkham swamps",
      "exits": {
        "North": 29427,
        "East": 29423,
        "South": 29417,
        "West": 29421
      }
    },
    {
      "id": 29423,
      "name": "In the Arkham swamps",
      "exits": {
        "North": 29428,
        "East": 29424,
        "South": 29435,
        "West": 29422
      }
    },
    {
      "id": 29424,
      "name": "In the Arkham swamps",
      "exits": {
        "North": 29429,
        "South": 29439,
        "West": 29423
      }
    },
    {
      "id": 29425,
      "name": "In the Arkham swamps",
      "exits": {
        "North": 29431,
        "East": 29426,
        "South": 29420,
        "West": 29419
      }
    },
    {
      "id": 29426,
      "name": "In the Arkham swamps",
      "exits": {
        "North": 29432,
        "East": 29427,
        "South": 29421,
        "West": 29425
      }
    },
    {
      "id": 29427,
      "name": "In the Arkham swamps",
      "exits": {
        "North": 29433,
        "East": 29428,
        "South": 29422,
        "West": 29426
      }
    },
    {
      "id": 29428,
      "name": "In the Arkham swamps",
      "exits": {
        "East": 29429,
        "South": 29423,
        "West": 29427
      }
    },
    {
      "id": 29429,
      "name": "In the Arkham swamps",
      "exits": {
        "South": 29424,
        "West": 29428
      }
    },
    {
      "id": 29430,
      "name": "In the Arkham swamps",
      "exits": {
        "East": 29431,
        "South": 29419
      }
    },
    {
      "id": 29431,
      "name": "In the Arkham swamps",
      "exits": {
        "North": 22000,
        "East": 29432,
        "South": 29426,
        "West": 29430
      }
    },
    {
      "id": 29432,
      "name": "In the Arkham swamps",
      "exits": {
        "East": 29433,
        "South": 29426,
        "West": 29431
      }
    },
    {
      "id": 29433,
      "name": "In the Arkham swamps",
      "exits": {
        "East": 29434,
        "South": 29427,
        "West": 29432
      }
    },
    {
      "id": 29434,
      "name": "On a murky trail through the swamp",
      "exits": {
        "North": 29451,
        "West": 29433
      }
    },
    {
      "id": 29435,
      "name": "In the Arkham swamps",
      "exits": {
        "North": 29423,
        "East": 29439,
        "South": 29436
      }
    },
    {
      "id": 29436,
      "name": "In the Arkham swamps",
      "exits": {
        "North": 29435,
        "East": 29437
      }
    },
    {
      "id": 29437,
      "name": "In the Arkham swamps",
      "exits": {
        "North": 29439,
        "East": 29438,
        "West": 29436
      }
    },
    {
      "id": 29438,
      "name": "In the Arkham swamps",
      "exits": {
        "North": 29440,
        "West": 29437
      }
    },
    {
      "id": 29439,
      "name": "In the Arkham swamps",
      "exits": {
        "North": 29424,
        "East": 29440,
        "South": 29437,
        "West": 29435
      }
    },
    {
      "id": 29440,
      "name": "In the Arkham swamps",
      "exits": {
        "North": 29441,
        "East": 29442,
        "South": 29438,
        "West": 29439
      }
    },
    {
      "id": 29441,
      "name": "Deep in the Arkham swamps",
      "exits": {
        "East": 29444,
        "South": 29440
      }
    },
    {
      "id": 29442,
      "name": "Deep in the Arkham swamps",
      "exits": {
        "North": 29444,
        "East": 29443,
        "West": 29440
      }
    },
    {
      "id": 29443,
      "name": "Deep in the Arkham swamps",
      "exits": {
        "North": 29447,
        "West": 29442
      }
    },
    {
      "id": 29444,
      "name": "Deep in the Arkham swamps",
      "exits": {
        "North": 29445,
        "East": 29447,
        "South": 29442,
        "West": 29441
      }
    },
    {
      "id": 29445,
      "name": "Deep in the Arkham swamps",
      "exits": {
        "East": 29446,
        "South": 29444
      }
    },
    {
      "id": 29446,
      "name": "Deep in the Arkham swamps",
      "exits": {
        "South": 29447,
        "West": 29445
      }
    },
    {
      "id": 29447,
      "name": "Deep in the Arkham swamps",
      "exits": {
        "North": 29446,
        "East": 29448,
        "South": 29443,
        "West": 29444
      }
    },
    {
      "id": 29448,
      "name": "Deep in the Arkham swamps",
      "exits": {
        "South": 29449,
        "West": 29447
      }
    },
    {
      "id": 29449,
      "name": "Before an immersed wooden walkway",
      "exits": {
        "North": 29448,
        "East": 29450
      }
    },
    {
      "id": 29450,
      "name": "On a wooden walkway",
      "exits": {
        "East": 29850,
        "West": 29449
      }
    },
    {
      "id": 29451,
      "name": "On a murky trail through the swamps",
      "exits": {
        "North": 29452,
        "South": 29434
      }
    },
    {
      "id": 29452,
      "name": "On a murky trail through the swamps",
      "exits": {
        "South": 29451,
        "West": 29453
      }
    },
    {
      "id": 29453,
      "name": "Before a dirty and mired gate in the swamps",
      "exits": {
        "East": 29452,
        "West": 29455
      }
    },
    {
      "id": 29454,
      "name": "In a wet and smelly hut",
      "exits": {
        "North": 29455
      }
    },
    {
      "id": 29455,
      "name": "On a murky little path through a village",
      "exits": {
        "North": 29457,
        "East": 29453,
        "South": 29454,
        "West": 29456
      }
    },
    {
      "id": 29456,
      "name": "Inside a collapsing wooden hut",
      "exits": {
        "East": 29455
      }
    },
    {
      "id": 29457,
      "name": "Between two decrepit wooden huts",
      "exits": {
        "North": 29458,
        "East": 29460,
        "South": 29455,
        "West": 29459
      }
    },
    {
      "id": 29458,
      "name": "Before a pair of burnt wooden huts",
      "exits": {
        "North": 29462,
        "East": 29461,
        "South": 29457
      }
    },
    {
      "id": 29459,
      "name": "In a collapsing wooden hut",
      "exits": {
        "East": 29457
      }
    },
    {
      "id": 29460,
      "name": "Inside a burnt hut",
      "exits": {
        "West": 29457
      }
    },
    {
      "id": 29461,
      "name": "In a burnt hut filled with bodies",
      "exits": {
        "West": 29458
      }
    },
    {
      "id": 29462,
      "name": "In a large burnt out wooden hut",
      "exits": {
        "South": 29458
      }
    },
    {
      "id": 715,
      "name": "To Arkham",
      "otherAreaExit": true,
      "exits": {
        "North": 746,
        "East": 29400,
        "South": 744,
        "West": 714
      }
    },
    {
      "id": 22000,
      "name": "To Varggin Shih",
      "otherAreaExit": true,
      "exits": {
        "North": 22001,
        "South": 29431
      }
    },
    {
      "id": 29850,
      "name": "To Arkham legion",
      "otherAreaExit": true,
      "exits": {
        "East": 29851,
        "West": 29450
      }
    }
  ]
}