{
  "name": "Astoria",
  "buildOptions": {
    "maxSteps": 1000,
    "fixObstacles": true,
    "fixNonStraight": true,
    "fixIntersected": true,
    "compactMap": true,
    "addDebugInfo": false,
    "colorizeConnectionIssues": true
  },
  "rooms": [
    {
      "id": 19000,
      "name": "Outside The East Gate",
      "exits": {
        "East": 19500,
        "West": 19001
      }
    },
    {
      "id": 19001,
      "name": "The East Gate of Astoria",
      "exits": {
        "East": 19000,
        "West": 19002
      }
    },
    {
      "id": 19002,
      "name": "Eastern Street of Astoria",
      "exits": {
        "East": 19001,
        "West": 19003
      }
    },
    {
      "id": 19003,
      "name": "Eastern Street of Astoria",
      "exits": {
        "East": 19002,
        "West": 19004
      }
    },
    {
      "id": 19004,
      "name": "Eastern Street of Astoria",
      "exits": {
        "North": 19015,
        "East": 19003,
        "South": 19034,
        "West": 19005
      }
    },
    {
      "id": 19005,
      "name": "Eastern Street of Astoria",
      "exits": {
        "East": 19004,
        "West": 19006
      }
    },
    {
      "id": 19006,
      "name": "Eastern Street of Astoria",
      "exits": {
        "East": 19005,
        "West": 19007
      }
    },
    {
      "id": 19007,
      "name": "The Gazebo",
      "exits": {
        "North": 19087,
        "East": 19006,
        "South": 19093,
        "West": 19008
      }
    },
    {
      "id": 19008,
      "name": "Western Street of Astoria",
      "exits": {
        "East": 19007,
        "West": 19009
      }
    },
    {
      "id": 19009,
      "name": "Western Street of Astoria",
      "exits": {
        "East": 19008,
        "West": 19010
      }
    },
    {
      "id": 19010,
      "name": "Western Street of Astoria",
      "exits": {
        "North": 19071,
        "East": 19009,
        "South": 19055,
        "West": 19011
      }
    },
    {
      "id": 19011,
      "name": "Western Street of Astoria",
      "exits": {
        "East": 19010,
        "West": 19012
      }
    },
    {
      "id": 19012,
      "name": "Western Street of Astoria",
      "exits": {
        "East": 19011,
        "West": 19013
      }
    },
    {
      "id": 19013,
      "name": "Western Gate",
      "exits": {
        "East": 19012,
        "West": 19014
      }
    },
    {
      "id": 19014,
      "name": "Outside the Western Gate",
      "exits": {
        "East": 19013,
        "West": 19537
      }
    },
    {
      "id": 19015,
      "name": "Communer Lane",
      "exits": {
        "North": 19016,
        "South": 19004
      }
    },
    {
      "id": 19016,
      "name": "Communer Lane",
      "exits": {
        "North": 19017,
        "South": 19015
      }
    },
    {
      "id": 19017,
      "name": "Communer Lane",
      "exits": {
        "North": 19018,
        "East": 19025,
        "South": 19016
      }
    },
    {
      "id": 19018,
      "name": "Communer Lane",
      "exits": {
        "North": 19019,
        "South": 19017
      }
    },
    {
      "id": 19019,
      "name": "Communer Lane",
      "exits": {
        "North": 19020,
        "South": 19018
      }
    },
    {
      "id": 19020,
      "name": "Communer Lane",
      "exits": {
        "North": 19021,
        "East": 19026,
        "South": 19019
      }
    },
    {
      "id": 19021,
      "name": "Communer Lane",
      "exits": {
        "North": 19022,
        "South": 19020
      }
    },
    {
      "id": 19022,
      "name": "Communer Lane",
      "exits": {
        "North": 19023,
        "South": 19021,
        "West": 19108
      }
    },
    {
      "id": 19023,
      "name": "Communer Lane",
      "exits": {
        "North": 19024,
        "East": 19027,
        "South": 19022
      }
    },
    {
      "id": 19024,
      "name": "Wendy\u0027s Shop of Magic",
      "exits": {
        "South": 19023
      }
    },
    {
      "id": 19025,
      "name": "The Shamans Guild",
      "exits": {
        "North": 19028,
        "West": 19017
      }
    },
    {
      "id": 19026,
      "name": "The Paladins Guild",
      "exits": {
        "North": 19030,
        "West": 19020
      }
    },
    {
      "id": 19027,
      "name": "The Healers Sanctuary",
      "exits": {
        "North": 19032,
        "West": 19023
      }
    },
    {
      "id": 19028,
      "name": "The Priests Guidance",
      "exits": {
        "South": 19025,
        "Down": 7068
      }
    },
    {
      "id": 19029,
      "name": "Dummy Room",
      "exits": {
        "Up": 19028
      }
    },
    {
      "id": 19030,
      "name": "The Paladins Guidance",
      "exits": {
        "South": 19026,
        "Down": 7065
      }
    },
    {
      "id": 19031,
      "name": "Dummy Room",
      "exits": {
        "Up": 19030
      }
    },
    {
      "id": 19032,
      "name": "The Healers Guidance",
      "exits": {
        "South": 19027,
        "Down": 7062
      }
    },
    {
      "id": 19033,
      "name": "Dummy Room",
      "exits": {
        "Up": 19032
      }
    },
    {
      "id": 19034,
      "name": "Adventurers Lane",
      "exits": {
        "North": 19004,
        "East": 19106,
        "South": 19035
      }
    },
    {
      "id": 19035,
      "name": "Adventurers Lane",
      "exits": {
        "North": 19034,
        "South": 19036
      }
    },
    {
      "id": 19036,
      "name": "Adventurers Lane",
      "exits": {
        "North": 19035,
        "East": 19045,
        "South": 19037
      }
    },
    {
      "id": 19037,
      "name": "Adventurers Lane",
      "exits": {
        "North": 19036,
        "South": 19038
      }
    },
    {
      "id": 19038,
      "name": "Adventurers Lane",
      "exits": {
        "North": 19037,
        "South": 19039
      }
    },
    {
      "id": 19039,
      "name": "Adventurers Lane",
      "exits": {
        "North": 19038,
        "East": 19046,
        "South": 19040
      }
    },
    {
      "id": 19040,
      "name": "Adventurers Lane",
      "exits": {
        "North": 19039,
        "South": 19041
      }
    },
    {
      "id": 19041,
      "name": "Adventurers Lane",
      "exits": {
        "North": 19040,
        "East": 19122,
        "South": 19042
      }
    },
    {
      "id": 19042,
      "name": "Adventurers Lane",
      "exits": {
        "North": 19041,
        "East": 19047,
        "South": 19043
      }
    },
    {
      "id": 19043,
      "name": "Adventurers Lane",
      "exits": {
        "North": 19042
      }
    },
    {
      "id": 19045,
      "name": "Warriors Guild",
      "exits": {
        "North": 19048,
        "West": 19036
      }
    },
    {
      "id": 19046,
      "name": "Thiefs Guild",
      "exits": {
        "North": 19050,
        "West": 19039
      }
    },
    {
      "id": 19047,
      "name": "Guard Station",
      "exits": {
        "North": 19052,
        "West": 19042
      }
    },
    {
      "id": 19048,
      "name": "Warriors Training",
      "exits": {
        "South": 19045,
        "Down": 7432
      }
    },
    {
      "id": 19049,
      "name": "Dummy Room",
      "exits": {
        "Up": 19048
      }
    },
    {
      "id": 19050,
      "name": "Thiefs Guidance",
      "exits": {
        "South": 19046,
        "Down": 7403
      }
    },
    {
      "id": 19051,
      "name": "Dummy Room",
      "exits": {
        "Up": 19050
      }
    },
    {
      "id": 19052,
      "name": "Guard Shack",
      "exits": {
        "South": 19047,
        "Down": 7409
      }
    },
    {
      "id": 19053,
      "name": "dummy room",
      "exits": {
        "Up": 19052
      }
    },
    {
      "id": 19055,
      "name": "Ryhmers Path",
      "exits": {
        "North": 19010,
        "South": 19056
      }
    },
    {
      "id": 19056,
      "name": "Rhymers Path",
      "exits": {
        "North": 19055,
        "South": 19057
      }
    },
    {
      "id": 19057,
      "name": "Rhymers Path",
      "exits": {
        "North": 19056,
        "South": 19058,
        "West": 19065
      }
    },
    {
      "id": 19058,
      "name": "Rhymers Path",
      "exits": {
        "North": 19057,
        "South": 19059
      }
    },
    {
      "id": 19059,
      "name": "Rhymers Path",
      "exits": {
        "North": 19058,
        "South": 19060
      }
    },
    {
      "id": 19060,
      "name": "Rhymers Path",
      "exits": {
        "North": 19059,
        "South": 19061,
        "West": 19068
      }
    },
    {
      "id": 19061,
      "name": "Rhymers Path",
      "exits": {
        "North": 19060,
        "South": 19062
      }
    },
    {
      "id": 19062,
      "name": "Rhymers Path",
      "exits": {
        "North": 19061,
        "South": 19063,
        "Down": 19116
      }
    },
    {
      "id": 19063,
      "name": "Inside the South Gate",
      "exits": {
        "North": 19062,
        "South": 19064
      }
    },
    {
      "id": 19064,
      "name": "Outside the South Gate",
      "exits": {
        "North": 19063,
        "South": 19550
      }
    },
    {
      "id": 19065,
      "name": "Bards Guild",
      "exits": {
        "North": 19066,
        "East": 19057
      }
    },
    {
      "id": 19066,
      "name": "Bards Guidance",
      "exits": {
        "South": 19065,
        "Down": 7010
      }
    },
    {
      "id": 19067,
      "name": "Dummy Room",
      "exits": {
        "Up": 19066
      }
    },
    {
      "id": 19068,
      "name": "hollow tree",
      "exits": {
        "North": 19069,
        "East": 19060
      }
    },
    {
      "id": 19069,
      "name": "hollow tree",
      "exits": {
        "South": 19068,
        "Down": 7441
      }
    },
    {
      "id": 19070,
      "name": "Dummy Room",
      "exits": {
        "Up": 19069
      }
    },
    {
      "id": 19071,
      "name": "Soothsayer Lane",
      "exits": {
        "North": 19072,
        "South": 19010
      }
    },
    {
      "id": 19072,
      "name": "Soothsayer Lane",
      "exits": {
        "North": 19073,
        "South": 19071
      }
    },
    {
      "id": 19073,
      "name": "Soothsayer Lane",
      "exits": {
        "North": 19074,
        "South": 19072,
        "West": 19081
      }
    },
    {
      "id": 19074,
      "name": "Soothsayer Lane",
      "exits": {
        "North": 19075,
        "South": 19073
      }
    },
    {
      "id": 19075,
      "name": "Soothsayer Lane",
      "exits": {
        "North": 19076,
        "South": 19074
      }
    },
    {
      "id": 19076,
      "name": "Soothsayer Lane",
      "exits": {
        "North": 19077,
        "South": 19075,
        "West": 19084
      }
    },
    {
      "id": 19077,
      "name": "Soothsayer Lane",
      "exits": {
        "North": 19078,
        "South": 19076
      }
    },
    {
      "id": 19078,
      "name": "Soothsayer Lane",
      "exits": {
        "North": 19079,
        "East": 19113,
        "South": 19077
      }
    },
    {
      "id": 19079,
      "name": "Soothsayer Lane",
      "exits": {
        "North": 19080,
        "South": 19078
      }
    },
    {
      "id": 19080,
      "name": "Dead End",
      "exits": {
        "South": 19079
      }
    },
    {
      "id": 19081,
      "name": "Shapeshifters Guild",
      "exits": {
        "North": 19082,
        "East": 19073
      }
    },
    {
      "id": 19082,
      "name": "Shapeshifter Guidance",
      "exits": {
        "South": 19081,
        "Down": 7110
      }
    },
    {
      "id": 19083,
      "name": "Dummy Roon",
      "exits": {
        "Up": 19082
      }
    },
    {
      "id": 19084,
      "name": "Mages Guild",
      "exits": {
        "North": 19085,
        "East": 19076
      }
    },
    {
      "id": 19085,
      "name": "Mages Guidance",
      "exits": {
        "South": 19084,
        "Down": 7001
      }
    },
    {
      "id": 19086,
      "name": "Dummy Roon",
      "exits": {
        "Up": 19085
      }
    },
    {
      "id": 19087,
      "name": "Temple Altar",
      "exits": {
        "North": 19088,
        "East": 19089,
        "South": 19007,
        "West": 19090,
        "Up": 3700
      }
    },
    {
      "id": 19088,
      "name": "Temple Bath",
      "exits": {
        "North": 19091,
        "South": 19087
      }
    },
    {
      "id": 19089,
      "name": "Temple of the Sun",
      "exits": {
        "West": 19087
      }
    },
    {
      "id": 19090,
      "name": "Temple of The Shadow",
      "exits": {
        "East": 19087
      }
    },
    {
      "id": 19091,
      "name": "Temple of The Moon",
      "exits": {
        "South": 19088
      }
    },
    {
      "id": 19092,
      "name": "",
      "exits": {}
    },
    {
      "id": 19093,
      "name": "Merchants Lane",
      "exits": {
        "North": 19007,
        "South": 19094
      }
    },
    {
      "id": 19094,
      "name": "Merchants Lane",
      "exits": {
        "North": 19093,
        "East": 19100,
        "South": 19095,
        "West": 19101
      }
    },
    {
      "id": 19095,
      "name": "Merchants Lane",
      "exits": {
        "North": 19094,
        "East": 19107,
        "South": 19096
      }
    },
    {
      "id": 19096,
      "name": "Merchants Lane",
      "exits": {
        "North": 19095,
        "South": 19097,
        "Down": 7030
      }
    },
    {
      "id": 19097,
      "name": "Merchants Lane",
      "exits": {
        "North": 19096,
        "East": 19102,
        "South": 19098,
        "West": 19103
      }
    },
    {
      "id": 19098,
      "name": "Merchants Lane",
      "exits": {
        "North": 19097,
        "South": 19099
      }
    },
    {
      "id": 19099,
      "name": "Merchants Lane",
      "exits": {
        "North": 19098,
        "East": 19104,
        "South": 60000,
        "West": 19105
      }
    },
    {
      "id": 19100,
      "name": "General Store",
      "exits": {
        "West": 19094
      }
    },
    {
      "id": 19101,
      "name": "Armory",
      "exits": {
        "East": 19094
      }
    },
    {
      "id": 19102,
      "name": "Tanners Shop",
      "exits": {
        "West": 19097
      }
    },
    {
      "id": 19103,
      "name": "Weavers and Woolens",
      "exits": {
        "East": 19097
      }
    },
    {
      "id": 19104,
      "name": "Axe and Dagger",
      "exits": {
        "West": 19099
      }
    },
    {
      "id": 19105,
      "name": "Krolicks BBQ",
      "exits": {
        "East": 19099
      }
    },
    {
      "id": 19106,
      "name": "The Trainer",
      "exits": {
        "West": 19034
      }
    },
    {
      "id": 19107,
      "name": "The Bank",
      "exits": {
        "West": 19095
      }
    },
    {
      "id": 19108,
      "name": "Park Avenue",
      "exits": {
        "East": 19022,
        "West": 19109
      }
    },
    {
      "id": 19109,
      "name": "Park Avenue",
      "exits": {
        "East": 19108,
        "West": 19110
      }
    },
    {
      "id": 19110,
      "name": "Park Avenue Intersection",
      "exits": {
        "North": 19111,
        "East": 19109,
        "West": 19112
      }
    },
    {
      "id": 19111,
      "name": "Pearl Avenue",
      "exits": {
        "North": 19114,
        "South": 19110
      }
    },
    {
      "id": 19112,
      "name": "Park Avenue",
      "exits": {
        "East": 19110,
        "West": 19113
      }
    },
    {
      "id": 19113,
      "name": "Park Avenue",
      "exits": {
        "East": 19112,
        "West": 19078
      }
    },
    {
      "id": 19114,
      "name": "Inside the North Gate",
      "exits": {
        "North": 19115,
        "South": 19111
      }
    },
    {
      "id": 19115,
      "name": "Outside the North Gate",
      "exits": {
        "North": 19520,
        "South": 19114
      }
    },
    {
      "id": 19116,
      "name": "Tigris River",
      "exits": {
        "East": 60009,
        "West": 19117
      }
    },
    {
      "id": 19117,
      "name": "Tigris River",
      "exits": {
        "East": 19116,
        "West": 19118
      }
    },
    {
      "id": 19118,
      "name": "Tigris River",
      "exits": {
        "East": 19117,
        "West": 19119
      }
    },
    {
      "id": 19119,
      "name": "Tigris River",
      "exits": {
        "East": 19118,
        "West": 19120
      }
    },
    {
      "id": 19120,
      "name": "Tigris River",
      "exits": {
        "East": 19119,
        "West": 19121
      }
    },
    {
      "id": 19121,
      "name": "Tigris River",
      "exits": {
        "East": 19120,
        "West": 51581
      }
    },
    {
      "id": 19122,
      "name": "Assassins Guild",
      "exits": {
        "North": 19123,
        "East": 19124,
        "West": 19041
      }
    },
    {
      "id": 19123,
      "name": "Assassins Guidance",
      "exits": {
        "South": 19122
      }
    },
    {
      "id": 19124,
      "name": "Secret Alcove",
      "exits": {
        "West": 19122
      }
    },
    {
      "id": 19500,
      "name": "To Outskirts of Astoria",
      "otherAreaExit": true,
      "exits": {
        "North": 19501,
        "East": 19600,
        "South": 19571,
        "West": 19000
      }
    },
    {
      "id": 19537,
      "name": "To Outskirts of Astoria",
      "otherAreaExit": true,
      "exits": {
        "North": 19536,
        "East": 19014,
        "South": 19538,
        "West": 51400
      }
    },
    {
      "id": 7068,
      "name": "To Sewers",
      "otherAreaExit": true,
      "exits": {
        "North": 7067,
        "West": 7060,
        "Up": 19028
      }
    },
    {
      "id": 7065,
      "name": "To Sewers",
      "otherAreaExit": true,
      "exits": {
        "North": 7064,
        "South": 7066,
        "Up": 19030
      }
    },
    {
      "id": 7062,
      "name": "To Sewers",
      "otherAreaExit": true,
      "exits": {
        "North": 7061,
        "South": 7063,
        "Up": 19032
      }
    },
    {
      "id": 7432,
      "name": "To Sewers",
      "otherAreaExit": true,
      "exits": {
        "West": 7431,
        "Up": 19048
      }
    },
    {
      "id": 7403,
      "name": "To Sewers",
      "otherAreaExit": true,
      "exits": {
        "East": 7404,
        "South": 7408,
        "West": 7402,
        "Up": 19050
      }
    },
    {
      "id": 7409,
      "name": "To Sewers",
      "otherAreaExit": true,
      "exits": {
        "North": 7407,
        "West": 7410,
        "Up": 19052
      }
    },
    {
      "id": 19550,
      "name": "To Outskirts of Astoria",
      "otherAreaExit": true,
      "exits": {
        "North": 19064,
        "East": 19551,
        "South": 40505,
        "West": 19549
      }
    },
    {
      "id": 7010,
      "name": "To Sewers",
      "otherAreaExit": true,
      "exits": {
        "North": 7009,
        "East": 7018,
        "Up": 19066
      }
    },
    {
      "id": 7441,
      "name": "To Sewers",
      "otherAreaExit": true,
      "exits": {
        "North": 7440,
        "South": 7442,
        "Up": 19069
      }
    },
    {
      "id": 7110,
      "name": "To Sewers",
      "otherAreaExit": true,
      "exits": {
        "North": 7109,
        "East": 7190,
        "South": 7111,
        "Up": 19082
      }
    },
    {
      "id": 7001,
      "name": "To Sewers",
      "otherAreaExit": true,
      "exits": {
        "South": 7002,
        "Up": 19085
      }
    },
    {
      "id": 3700,
      "name": "To mud school",
      "otherAreaExit": true,
      "exits": {
        "North": 3757,
        "South": 3774,
        "Down": 19087
      }
    },
    {
      "id": 7030,
      "name": "To Sewers",
      "otherAreaExit": true,
      "exits": {
        "North": 7029,
        "East": 7036,
        "South": 7031,
        "West": 7022,
        "Up": 19096
      }
    },
    {
      "id": 60000,
      "name": "To The Docks",
      "otherAreaExit": true,
      "exits": {
        "North": 19099,
        "East": 60002,
        "South": 60004,
        "West": 60003
      }
    },
    {
      "id": 19520,
      "name": "To Outskirts of Astoria",
      "otherAreaExit": true,
      "exits": {
        "North": 40700,
        "East": 19519,
        "South": 19115,
        "West": 19521
      }
    },
    {
      "id": 60009,
      "name": "To The Docks",
      "otherAreaExit": true,
      "exits": {
        "East": 60008,
        "South": 60011,
        "West": 19116
      }
    },
    {
      "id": 51581,
      "name": "To Haon Dor",
      "otherAreaExit": true,
      "exits": {
        "East": 19121,
        "West": 51582
      }
    }
  ]
}