{
  "name": "Astral Plane",
  "buildOptions": {
    "maxSteps": 1000,
    "fixObstacles": true,
    "fixNonStraight": true,
    "fixIntersected": false,
    "compactMap": true,
    "addDebugInfo": false,
    "colorizeConnectionIssues": true
  },
  "rooms": [
    {
      "id": 7700,
      "name": "The Bottom of the Rainbow",
      "exits": {
        "Up": 7701
      }
    },
    {
      "id": 7701,
      "name": "On the Rainbow",
      "exits": {
        "Up": 7702,
        "Down": 7700
      }
    },
    {
      "id": 7702,
      "name": "On the Rainbow",
      "exits": {
        "Up": 7703,
        "Down": 7701
      }
    },
    {
      "id": 7703,
      "name": "On the Rainbow",
      "exits": {
        "Up": 7704,
        "Down": 7702
      }
    },
    {
      "id": 7704,
      "name": "On the Rainbow",
      "exits": {
        "Up": 7705,
        "Down": 7703
      }
    },
    {
      "id": 7705,
      "name": "The Glowing Bridge at the Rainbow\u0027s End",
      "exits": {
        "North": 7706,
        "Down": 7704
      }
    },
    {
      "id": 7706,
      "name": "The Astral Gate",
      "exits": {
        "North": 7707,
        "South": 7705
      }
    },
    {
      "id": 7707,
      "name": "Into the Astral Plane",
      "exits": {
        "North": 7708,
        "East": 7709,
        "South": 7706,
        "West": 7710,
        "Up": 7711,
        "Down": 7712
      }
    },
    {
      "id": 7708,
      "name": "Exploring the Astral Plane",
      "exits": {
        "North": 7713,
        "East": 7710,
        "South": 7707,
        "West": 7712,
        "Down": 7714
      }
    },
    {
      "id": 7709,
      "name": "Exploring the Astral Plane",
      "exits": {
        "North": 7714,
        "East": 7716,
        "West": 7707,
        "Up": 7710,
        "Down": 7711
      }
    },
    {
      "id": 7710,
      "name": "Exploring the Astral Plane",
      "exits": {
        "North": 7715,
        "East": 7707,
        "West": 7708,
        "Up": 7713,
        "Down": 7709
      }
    },
    {
      "id": 7711,
      "name": "Exploring the Astral Plane",
      "exits": {
        "North": 7716,
        "East": 7712,
        "West": 7717,
        "Up": 7709,
        "Down": 7707
      }
    },
    {
      "id": 7712,
      "name": "Exploring the Astral Plane",
      "exits": {
        "North": 7717,
        "East": 7708,
        "West": 7711,
        "Up": 7707,
        "Down": 7715
      }
    },
    {
      "id": 7713,
      "name": "Roaming the Astral Plane",
      "exits": {
        "North": 7718,
        "East": 7715,
        "South": 7708,
        "West": 7720,
        "Up": 7714,
        "Down": 7710
      }
    },
    {
      "id": 7714,
      "name": "Roaming the Astral Plane",
      "exits": {
        "North": 7719,
        "East": 7717,
        "South": 7709,
        "West": 7718,
        "Up": 7708,
        "Down": 7713
      }
    },
    {
      "id": 7715,
      "name": "Roaming the Astral Plane",
      "exits": {
        "North": 7720,
        "East": 7722,
        "South": 7710,
        "West": 7713,
        "Up": 7712,
        "Down": 7716
      }
    },
    {
      "id": 7716,
      "name": "Roaming the Astral Plane",
      "exits": {
        "North": 7721,
        "East": 7719,
        "South": 7711,
        "West": 7709,
        "Up": 7715,
        "Down": 7717
      }
    },
    {
      "id": 7717,
      "name": "Roaming the Astral Plane",
      "exits": {
        "North": 7722,
        "East": 7711,
        "South": 7712,
        "West": 7714,
        "Up": 7716,
        "Down": 7721
      }
    },
    {
      "id": 7718,
      "name": "Wandering the Astral Plane",
      "exits": {
        "North": 7709,
        "East": 7714,
        "South": 7713,
        "West": 7719,
        "Up": 7733,
        "Down": 7736
      }
    },
    {
      "id": 7719,
      "name": "Wandering the Astral Plane",
      "exits": {
        "North": 7710,
        "East": 7718,
        "South": 7714,
        "West": 7716,
        "Up": 7734,
        "Down": 7738
      }
    },
    {
      "id": 7720,
      "name": "Wandering the Astral Plane",
      "exits": {
        "North": 7711,
        "East": 7713,
        "South": 7715,
        "West": 7721,
        "Up": 7735,
        "Down": 7740
      }
    },
    {
      "id": 7721,
      "name": "Wandering the Astral Plane",
      "exits": {
        "North": 7712,
        "East": 7720,
        "South": 7716,
        "West": 7742,
        "Up": 7717,
        "Down": 7733
      }
    },
    {
      "id": 7722,
      "name": "Wandering the Astral Plane",
      "exits": {
        "North": 7712,
        "South": 7717,
        "West": 7715,
        "Up": 7744,
        "Down": 7734
      }
    },
    {
      "id": 7723,
      "name": "Travelling the Astral Plane",
      "exits": {
        "North": 7724,
        "East": 7728,
        "South": 7737,
        "West": 7726,
        "Up": 7732,
        "Down": 7735
      }
    },
    {
      "id": 7724,
      "name": "Travelling the Astral Plane",
      "exits": {
        "North": 7725,
        "East": 7729,
        "South": 7723,
        "West": 7733,
        "Up": 7730,
        "Down": 7739
      }
    },
    {
      "id": 7725,
      "name": "Travelling the Astral Plane",
      "exits": {
        "North": 7741,
        "East": 7727,
        "South": 7724,
        "West": 7734,
        "Up": 7728,
        "Down": 7730
      }
    },
    {
      "id": 7726,
      "name": "Travelling the Astral Plane",
      "exits": {
        "North": 7731,
        "East": 7723,
        "South": 7727,
        "West": 7735,
        "Up": 7743,
        "Down": 7729
      }
    },
    {
      "id": 7727,
      "name": "Travelling the Astral Plane",
      "exits": {
        "North": 7726,
        "East": 7732,
        "South": 7733,
        "West": 7725,
        "Up": 7731,
        "Down": 7744
      }
    },
    {
      "id": 7728,
      "name": "Traversing the Astral Plane",
      "exits": {
        "North": 7709,
        "East": 7747,
        "South": 7734,
        "West": 7723,
        "Up": 7745,
        "Down": 7725
      }
    },
    {
      "id": 7729,
      "name": "Traversing the Astral Plane",
      "exits": {
        "North": 7730,
        "East": 7749,
        "South": 7735,
        "West": 7724,
        "Up": 7726,
        "Down": 7746
      }
    },
    {
      "id": 7730,
      "name": "Traversing the Astral Plane",
      "exits": {
        "North": 7747,
        "East": 7733,
        "South": 7729,
        "West": 7745,
        "Up": 7725,
        "Down": 7724
      }
    },
    {
      "id": 7731,
      "name": "Traversing the Astral Plane",
      "exits": {
        "North": 7732,
        "East": 7734,
        "South": 7726,
        "West": 7748,
        "Up": 7746,
        "Down": 7727
      }
    },
    {
      "id": 7732,
      "name": "Traversing the Astral Plane",
      "exits": {
        "North": 7749,
        "East": 7735,
        "South": 7731,
        "West": 7727,
        "Up": 7748,
        "Down": 7723
      }
    },
    {
      "id": 7733,
      "name": "Lost in the Astral Plane",
      "exits": {
        "North": 7727,
        "East": 7724,
        "West": 7730,
        "Up": 7721,
        "Down": 7718
      }
    },
    {
      "id": 7734,
      "name": "Lost in the Astral Plane",
      "exits": {
        "North": 7728,
        "East": 7725,
        "West": 7731,
        "Up": 7722,
        "Down": 7719
      }
    },
    {
      "id": 7735,
      "name": "Lost in the Astral Plane",
      "exits": {
        "North": 7729,
        "East": 7726,
        "West": 7732,
        "Up": 7723,
        "Down": 7720
      }
    },
    {
      "id": 7736,
      "name": "Walking the Silvery Strand",
      "exits": {
        "North": 7737,
        "Up": 7718
      }
    },
    {
      "id": 7737,
      "name": "Walking the Silvery Strand",
      "exits": {
        "North": 7723,
        "South": 7736
      }
    },
    {
      "id": 7738,
      "name": "Walking the Silvery Strand",
      "exits": {
        "East": 7739,
        "Up": 7719
      }
    },
    {
      "id": 7739,
      "name": "Walking the Silvery Strand",
      "exits": {
        "West": 7738,
        "Up": 7724
      }
    },
    {
      "id": 7740,
      "name": "Walking the Silvery Strand",
      "exits": {
        "East": 7741,
        "Up": 7720
      }
    },
    {
      "id": 7741,
      "name": "Walking the Silvery Strand",
      "exits": {
        "South": 7725,
        "West": 7740
      }
    },
    {
      "id": 7742,
      "name": "Walking the Silvery Strand",
      "exits": {
        "North": 7743,
        "East": 7721
      }
    },
    {
      "id": 7743,
      "name": "Walking the Silvery Strand",
      "exits": {
        "South": 7742,
        "Down": 7726
      }
    },
    {
      "id": 7744,
      "name": "Walking the Silvery Strand",
      "exits": {
        "Up": 7727,
        "Down": 7722
      }
    },
    {
      "id": 7745,
      "name": "Deep Within the Astral Plane",
      "exits": {
        "North": 7746,
        "East": 7730,
        "West": 7749,
        "Up": 7750,
        "Down": 7728
      }
    },
    {
      "id": 7746,
      "name": "Deep Within the Astral Plane",
      "exits": {
        "North": 7733,
        "South": 7745,
        "West": 7747,
        "Up": 7729,
        "Down": 7731
      }
    },
    {
      "id": 7747,
      "name": "Deep Within the Astral Plane",
      "exits": {
        "North": 7734,
        "East": 7746,
        "South": 7730,
        "West": 7728,
        "Down": 7748
      }
    },
    {
      "id": 7748,
      "name": "Deep Within the Astral Plane",
      "exits": {
        "North": 7735,
        "East": 7731,
        "South": 7749,
        "Up": 7747,
        "Down": 7732
      }
    },
    {
      "id": 7749,
      "name": "Deep Within the Astral Plane",
      "exits": {
        "North": 7748,
        "East": 7745,
        "South": 7732,
        "West": 7729
      }
    },
    {
      "id": 7750,
      "name": "Inside the Githyanki Keep",
      "exits": {
        "North": 7751,
        "Down": 7745
      }
    },
    {
      "id": 7751,
      "name": "A guard station",
      "exits": {
        "East": 7761,
        "South": 7750,
        "West": 7752
      }
    },
    {
      "id": 7752,
      "name": "A grey road",
      "exits": {
        "North": 7753,
        "East": 7751
      }
    },
    {
      "id": 7753,
      "name": "A grey road",
      "exits": {
        "North": 7754,
        "East": 7762,
        "South": 7752,
        "West": 7769
      }
    },
    {
      "id": 7754,
      "name": "A grey road",
      "exits": {
        "East": 7755,
        "South": 7753
      }
    },
    {
      "id": 7755,
      "name": "A grey road",
      "exits": {
        "North": 7774,
        "East": 7756,
        "West": 7754
      }
    },
    {
      "id": 7756,
      "name": "A grey road",
      "exits": {
        "East": 7757,
        "South": 7764,
        "West": 7755
      }
    },
    {
      "id": 7757,
      "name": "A grey road",
      "exits": {
        "North": 7773,
        "South": 7758,
        "West": 7756
      }
    },
    {
      "id": 7758,
      "name": "A grey road",
      "exits": {
        "North": 7757,
        "East": 7767,
        "South": 7759
      }
    },
    {
      "id": 7759,
      "name": "A grey road",
      "exits": {
        "North": 7758,
        "South": 7760
      }
    },
    {
      "id": 7760,
      "name": "A grey road",
      "exits": {
        "North": 7759,
        "East": 7765,
        "West": 7761
      }
    },
    {
      "id": 7761,
      "name": "A grey road",
      "exits": {
        "North": 7763,
        "East": 7760,
        "West": 7751
      }
    },
    {
      "id": 7762,
      "name": "A small building",
      "exits": {
        "West": 7753
      }
    },
    {
      "id": 7763,
      "name": "A small building",
      "exits": {
        "South": 7761
      }
    },
    {
      "id": 7764,
      "name": "A large dwelling",
      "exits": {
        "North": 7756
      }
    },
    {
      "id": 7765,
      "name": "The Githyanki Weaponry",
      "exits": {
        "North": 7766,
        "West": 7760
      }
    },
    {
      "id": 7766,
      "name": "The Forge",
      "exits": {
        "North": 7767,
        "East": 7768,
        "South": 7765
      }
    },
    {
      "id": 7767,
      "name": "The Githyanki Armoury",
      "exits": {
        "South": 7766,
        "West": 7758
      }
    },
    {
      "id": 7768,
      "name": "Inside the furnace",
      "exits": {
        "North": 7768,
        "South": 7768,
        "West": 7766
      }
    },
    {
      "id": 7769,
      "name": "A guard station",
      "exits": {
        "East": 7753,
        "West": 7770
      }
    },
    {
      "id": 7770,
      "name": "The cellblock",
      "exits": {
        "North": 7771,
        "East": 7769,
        "South": 7772
      }
    },
    {
      "id": 7771,
      "name": "A cramped cell",
      "exits": {
        "South": 7770
      }
    },
    {
      "id": 7772,
      "name": "A tiny cell",
      "exits": {
        "North": 7770
      }
    },
    {
      "id": 7773,
      "name": "A large dwelling",
      "exits": {
        "South": 7757
      }
    },
    {
      "id": 7774,
      "name": "South End of the Hall",
      "exits": {
        "North": 7775,
        "South": 7755
      }
    },
    {
      "id": 7775,
      "name": "North End of the Hall",
      "exits": {
        "North": 7776,
        "South": 7774
      }
    },
    {
      "id": 7776,
      "name": "The Altar Chamber",
      "exits": {
        "North": 7777,
        "South": 7775
      }
    },
    {
      "id": 7777,
      "name": "Before the Altar",
      "exits": {
        "South": 7776,
        "Down": 7778
      }
    },
    {
      "id": 7778,
      "name": "A Gateway to the Underworld",
      "exits": {
        "Up": 7777,
        "Down": 7779
      }
    },
    {
      "id": 7779,
      "name": "Utter darkness and despair",
      "exits": {}
    }
  ]
}