{
  "name": "Avalon",
  "buildOptions": {
    "maxSteps": 1000,
    "fixObstacles": true,
    "fixNonStraight": true,
    "fixIntersected": true,
    "compactMap": true,
    "addDebugInfo": false,
    "colorizeConnectionIssues": true
  },
  "rooms": [
    {
      "id": 21000,
      "name": "Edge of a Mangrove Swamp",
      "exits": {
        "North": 100099,
        "East": 21001,
        "South": 21002,
        "West": 100239
      }
    },
    {
      "id": 21001,
      "name": "Edge of a Mangrove Swamp",
      "exits": {
        "North": 100125,
        "East": 100127,
        "South": 21004,
        "West": 21000
      }
    },
    {
      "id": 21002,
      "name": "Wading in a Mangrove Swamp",
      "exits": {
        "North": 21000,
        "East": 21004,
        "South": 21008,
        "West": 21003
      }
    },
    {
      "id": 21003,
      "name": "Edge of a Mangrove Swamp",
      "exits": {
        "North": 100239,
        "East": 21002,
        "South": 21006,
        "West": 13500
      }
    },
    {
      "id": 21004,
      "name": "Wading in a Mangrove Swamp",
      "exits": {
        "North": 21001,
        "East": 21005,
        "South": 21009,
        "West": 21002
      }
    },
    {
      "id": 21005,
      "name": "Edge of a Mangrove Swamp",
      "exits": {
        "North": 100127,
        "East": 100153,
        "South": 21010,
        "West": 21004
      }
    },
    {
      "id": 21006,
      "name": "Wading in a Mangrove Swamp",
      "exits": {
        "North": 21003,
        "East": 21008,
        "South": 21014,
        "West": 21007
      }
    },
    {
      "id": 21007,
      "name": "Wading in a Mangrove Swamp",
      "exits": {
        "East": 21006,
        "South": 21012
      }
    },
    {
      "id": 21008,
      "name": "Wading in a Mangrove Swamp",
      "exits": {
        "North": 21002,
        "East": 21009,
        "South": 21015,
        "West": 21006
      }
    },
    {
      "id": 21009,
      "name": "Wading in a Mangrove Swamp",
      "exits": {
        "North": 21004,
        "East": 21010,
        "South": 21016,
        "West": 21008
      }
    },
    {
      "id": 21010,
      "name": "Wading in a Mangrove Swamp",
      "exits": {
        "North": 21005,
        "East": 21011,
        "South": 21017,
        "West": 21009
      }
    },
    {
      "id": 21011,
      "name": "Edge of a Mangrove Swamp",
      "exits": {
        "North": 100153,
        "East": 100181,
        "South": 21018,
        "West": 21010
      }
    },
    {
      "id": 21012,
      "name": "Wading in a Mangrove Swamp",
      "exits": {
        "North": 21007,
        "East": 21014,
        "West": 21013
      }
    },
    {
      "id": 21013,
      "name": "Broken Shrine Amidst the Mangroves",
      "exits": {
        "East": 21012
      }
    },
    {
      "id": 21014,
      "name": "Wading in a Mangrove Swamp",
      "exits": {
        "North": 21006,
        "East": 21015,
        "West": 21012
      }
    },
    {
      "id": 21015,
      "name": "Wading in a Mangrove Swamp",
      "exits": {
        "North": 21008,
        "East": 21016,
        "West": 21014
      }
    },
    {
      "id": 21016,
      "name": "Wading in a Mangrove Swamp",
      "exits": {
        "North": 21009,
        "East": 21017,
        "West": 21015
      }
    },
    {
      "id": 21017,
      "name": "Wading in a Mangrove Swamp",
      "exits": {
        "North": 21010,
        "East": 21018,
        "West": 21016
      }
    },
    {
      "id": 21018,
      "name": "Wading in a Mangrove Swamp",
      "exits": {
        "North": 21011,
        "East": 21019,
        "West": 21017
      }
    },
    {
      "id": 21019,
      "name": "Edge of a Mangrove Swamp",
      "exits": {
        "North": 100181,
        "East": 100269,
        "South": 21020,
        "West": 21018
      }
    },
    {
      "id": 21020,
      "name": "Wading in a Mangrove Swamp",
      "exits": {
        "North": 21019,
        "East": 21021,
        "South": 21022
      }
    },
    {
      "id": 21021,
      "name": "Edge of a Mangrove Swamp",
      "exits": {
        "North": 100269,
        "East": 100300,
        "South": 21023,
        "West": 21020
      }
    },
    {
      "id": 21022,
      "name": "Wading in a Mangrove Swamp",
      "exits": {
        "North": 21020,
        "East": 21023,
        "South": 21025
      }
    },
    {
      "id": 21023,
      "name": "Wading in a Mangrove Swamp",
      "exits": {
        "North": 21021,
        "East": 21024,
        "South": 21026,
        "West": 21022
      }
    },
    {
      "id": 21024,
      "name": "Edge of a Mangrove Swamp",
      "exits": {
        "North": 100300,
        "South": 21027,
        "West": 21023
      }
    },
    {
      "id": 21025,
      "name": "Wading in a Mangrove Swamp",
      "exits": {
        "North": 21022,
        "East": 21026,
        "South": 21029
      }
    },
    {
      "id": 21026,
      "name": "Wading in a Mangrove Swamp",
      "exits": {
        "North": 21023,
        "East": 21027,
        "South": 21030,
        "West": 21025
      }
    },
    {
      "id": 21027,
      "name": "Wading in a Mangrove Swamp",
      "exits": {
        "North": 21024,
        "East": 21028,
        "South": 21031,
        "West": 21026
      }
    },
    {
      "id": 21028,
      "name": "Wading in a Mangrove Swamp",
      "exits": {
        "South": 21032,
        "West": 21027
      }
    },
    {
      "id": 21029,
      "name": "Wading in a Mangrove Swamp",
      "exits": {
        "North": 21025,
        "East": 21030,
        "South": 21033
      }
    },
    {
      "id": 21030,
      "name": "Wading in a Mangrove Swamp",
      "exits": {
        "North": 21026,
        "East": 21031,
        "South": 21034,
        "West": 21029
      }
    },
    {
      "id": 21031,
      "name": "Wading in a Mangrove Swamp",
      "exits": {
        "North": 21027,
        "East": 21032,
        "South": 21035,
        "West": 21030
      }
    },
    {
      "id": 21032,
      "name": "Wading in a Mangrove Swamp",
      "exits": {
        "North": 21028,
        "East": 13275,
        "West": 21031
      }
    },
    {
      "id": 21033,
      "name": "Wading in a Mangrove Swamp",
      "exits": {
        "North": 21029,
        "East": 21034,
        "South": 21036
      }
    },
    {
      "id": 21034,
      "name": "Wading in a Mangrove Swamp",
      "exits": {
        "North": 21030,
        "East": 21035,
        "South": 21037,
        "West": 21033
      }
    },
    {
      "id": 21035,
      "name": "Wading in a Mangrove Swamp",
      "exits": {
        "North": 21031,
        "West": 21034
      }
    },
    {
      "id": 21036,
      "name": "Wading in a Mangrove Swamp",
      "exits": {
        "North": 21033,
        "East": 21037,
        "South": 21038
      }
    },
    {
      "id": 21037,
      "name": "Wading in a Mangrove Swamp",
      "exits": {
        "North": 21034,
        "West": 21036
      }
    },
    {
      "id": 21038,
      "name": "A Sandy Beach",
      "exits": {
        "North": 21036,
        "West": 21039
      }
    },
    {
      "id": 21039,
      "name": "Lake",
      "exits": {
        "East": 21038,
        "South": 21040,
        "West": 21041
      }
    },
    {
      "id": 21040,
      "name": "Lake",
      "exits": {
        "North": 21039,
        "West": 21042
      }
    },
    {
      "id": 21041,
      "name": "Lake",
      "exits": {
        "East": 21039,
        "South": 21042,
        "West": 21044
      }
    },
    {
      "id": 21042,
      "name": "Lake",
      "exits": {
        "North": 21041,
        "East": 21040,
        "South": 21043,
        "West": 21045
      }
    },
    {
      "id": 21043,
      "name": "Lake",
      "exits": {
        "North": 21042,
        "West": 21046
      }
    },
    {
      "id": 21044,
      "name": "Lake",
      "exits": {
        "East": 21041,
        "South": 21045,
        "West": 21048
      }
    },
    {
      "id": 21045,
      "name": "Lake",
      "exits": {
        "North": 21044,
        "East": 21042,
        "South": 21046,
        "West": 21049
      }
    },
    {
      "id": 21046,
      "name": "Lake",
      "exits": {
        "North": 21045,
        "East": 21043,
        "South": 21047,
        "West": 21050
      }
    },
    {
      "id": 21047,
      "name": "Lake",
      "exits": {
        "North": 21046,
        "South": 3268,
        "West": 21051
      }
    },
    {
      "id": 21048,
      "name": "Lake",
      "exits": {
        "East": 21044,
        "South": 21049,
        "West": 21052
      }
    },
    {
      "id": 21049,
      "name": "Lake",
      "exits": {
        "North": 21048,
        "East": 21045,
        "South": 21050,
        "West": 21053
      }
    },
    {
      "id": 21050,
      "name": "Lake",
      "exits": {
        "North": 21049,
        "East": 21046,
        "South": 21051,
        "West": 21054
      }
    },
    {
      "id": 21051,
      "name": "Lake",
      "exits": {
        "North": 21050,
        "East": 21047
      }
    },
    {
      "id": 21052,
      "name": "Lake",
      "exits": {
        "East": 21048,
        "South": 21053,
        "West": 21055
      }
    },
    {
      "id": 21053,
      "name": "Lake",
      "exits": {
        "North": 21052,
        "East": 21049,
        "South": 21054,
        "West": 21056
      }
    },
    {
      "id": 21054,
      "name": "Lake",
      "exits": {
        "North": 21053,
        "East": 21050
      }
    },
    {
      "id": 21055,
      "name": "Lake",
      "exits": {
        "East": 21052,
        "South": 21056,
        "West": 21057
      }
    },
    {
      "id": 21056,
      "name": "Lake",
      "exits": {
        "North": 21055,
        "East": 21053
      }
    },
    {
      "id": 21057,
      "name": "Lake",
      "exits": {
        "North": 21058,
        "East": 21055
      }
    },
    {
      "id": 21058,
      "name": "Lake Trail",
      "exits": {
        "North": 4039,
        "East": 21059,
        "South": 21057
      }
    },
    {
      "id": 21059,
      "name": "Lake Trail",
      "exits": {
        "North": 21060,
        "East": 21063,
        "West": 21058
      }
    },
    {
      "id": 21060,
      "name": "Boat House",
      "exits": {
        "East": 21061,
        "South": 21059,
        "West": 21062
      }
    },
    {
      "id": 21061,
      "name": "Shrine of Bath",
      "exits": {
        "West": 21060
      }
    },
    {
      "id": 21062,
      "name": "Lake Keeper\u0027s Quarters",
      "exits": {
        "East": 21060
      }
    },
    {
      "id": 21063,
      "name": "Lake Trail",
      "exits": {
        "East": 21069,
        "West": 21059
      }
    },
    {
      "id": 21064,
      "name": "Lake Trail",
      "exits": {
        "North": 21065,
        "East": 21068,
        "West": 21069
      }
    },
    {
      "id": 21065,
      "name": "Hollow Hill",
      "exits": {
        "South": 21064,
        "West": 21067
      }
    },
    {
      "id": 21066,
      "name": "Realms of Faerie",
      "exits": {}
    },
    {
      "id": 21067,
      "name": "Realms of Faerie",
      "exits": {}
    },
    {
      "id": 21068,
      "name": "Lake Trail",
      "exits": {
        "North": 21070,
        "East": 21071,
        "West": 21064
      }
    },
    {
      "id": 21069,
      "name": "Lake Trail",
      "exits": {
        "East": 21064,
        "West": 21063
      }
    },
    {
      "id": 21070,
      "name": "Shrine of Sulis",
      "exits": {
        "South": 21068
      }
    },
    {
      "id": 21071,
      "name": "Lake Trail",
      "exits": {
        "North": 21072,
        "West": 21068
      }
    },
    {
      "id": 21072,
      "name": "Lake Trail",
      "exits": {
        "North": 21073,
        "South": 21071
      }
    },
    {
      "id": 21073,
      "name": "Lake Trail",
      "exits": {
        "North": 21077,
        "South": 21072,
        "West": 21074
      }
    },
    {
      "id": 21074,
      "name": "Apple Grove",
      "exits": {
        "North": 21075,
        "East": 21073
      }
    },
    {
      "id": 21075,
      "name": "Standing Stones",
      "exits": {
        "South": 21074
      }
    },
    {
      "id": 21076,
      "name": "Crimson Clan Vestibule",
      "exits": {}
    },
    {
      "id": 21077,
      "name": "Lake Trail",
      "exits": {
        "North": 21078,
        "South": 21073
      }
    },
    {
      "id": 21078,
      "name": "Lake Trail",
      "exits": {
        "North": 21079,
        "South": 21077,
        "West": 21081
      }
    },
    {
      "id": 21079,
      "name": "Lake Trail",
      "exits": {
        "South": 21078,
        "West": 21080
      }
    },
    {
      "id": 21080,
      "name": "Lake Trail",
      "exits": {
        "East": 21079,
        "South": 21081
      }
    },
    {
      "id": 21081,
      "name": "Gatehouse",
      "exits": {
        "North": 21080,
        "East": 21078,
        "West": 21082
      }
    },
    {
      "id": 21082,
      "name": "Lake  House",
      "exits": {
        "North": 21085,
        "East": 21081,
        "South": 21084,
        "West": 21086
      }
    },
    {
      "id": 21083,
      "name": "Morgause\u0027s Room",
      "exits": {
        "South": 21086
      }
    },
    {
      "id": 21084,
      "name": "Niniane\u0027s Room",
      "exits": {
        "North": 21082
      }
    },
    {
      "id": 21085,
      "name": "Gatekeeper\u0027s Room",
      "exits": {
        "South": 21082
      }
    },
    {
      "id": 21086,
      "name": "Lake House",
      "exits": {
        "North": 21083,
        "East": 21082,
        "South": 21087,
        "West": 21088
      }
    },
    {
      "id": 21087,
      "name": "Nimue\u0027s Room",
      "exits": {
        "North": 21086
      }
    },
    {
      "id": 21088,
      "name": "Lake House",
      "exits": {
        "North": 21089,
        "East": 21086,
        "South": 21090,
        "West": 21096
      }
    },
    {
      "id": 21089,
      "name": "Morgaine\u0027s Room",
      "exits": {
        "South": 21088
      }
    },
    {
      "id": 21090,
      "name": "Lake House",
      "exits": {
        "North": 21088,
        "South": 21091,
        "West": 21094
      }
    },
    {
      "id": 21091,
      "name": "Lake House",
      "exits": {
        "North": 21090,
        "East": 21092,
        "West": 21093
      }
    },
    {
      "id": 21092,
      "name": "Viviane\u0027s Room",
      "exits": {
        "West": 21091
      }
    },
    {
      "id": 21093,
      "name": "Igraine\u0027s Room",
      "exits": {
        "East": 21091
      }
    },
    {
      "id": 21094,
      "name": "Lake House",
      "exits": {
        "East": 21090,
        "West": 21095
      }
    },
    {
      "id": 21095,
      "name": "Raven\u0027s Room",
      "exits": {
        "East": 21094
      }
    },
    {
      "id": 21096,
      "name": "Lake House",
      "exits": {
        "North": 21098,
        "East": 21088,
        "West": 21097
      }
    },
    {
      "id": 21097,
      "name": "Mordred\u0027s Room",
      "exits": {
        "East": 21096
      }
    },
    {
      "id": 21098,
      "name": "Lake House",
      "exits": {
        "South": 21096,
        "West": 21099
      }
    },
    {
      "id": 21099,
      "name": "Gatehouse",
      "exits": {
        "East": 21098
      }
    },
    {
      "id": 100099,
      "name": "To The Dragon Sea",
      "otherAreaExit": true,
      "exits": {
        "North": 100098,
        "East": 100125,
        "South": 21000,
        "West": 100238
      }
    },
    {
      "id": 100239,
      "name": "To The Dragon Sea",
      "otherAreaExit": true,
      "exits": {
        "North": 100238,
        "East": 21000,
        "South": 21003,
        "West": 210222
      }
    },
    {
      "id": 100125,
      "name": "To The Dragon Sea",
      "otherAreaExit": true,
      "exits": {
        "North": 100124,
        "East": 100126,
        "South": 21001,
        "West": 100099
      }
    },
    {
      "id": 100127,
      "name": "To The Dragon Sea",
      "otherAreaExit": true,
      "exits": {
        "North": 100126,
        "East": 100154,
        "South": 21005,
        "West": 21001
      }
    },
    {
      "id": 13500,
      "name": "To The Dale",
      "otherAreaExit": true,
      "exits": {
        "East": 21003,
        "West": 13501
      }
    },
    {
      "id": 100153,
      "name": "To The Dragon Sea",
      "otherAreaExit": true,
      "exits": {
        "North": 100154,
        "East": 100182,
        "South": 21011,
        "West": 21005
      }
    },
    {
      "id": 100181,
      "name": "To The Dragon Sea",
      "otherAreaExit": true,
      "exits": {
        "North": 100182,
        "East": 100240,
        "South": 21019,
        "West": 21011
      }
    },
    {
      "id": 100269,
      "name": "To The Dragon Sea",
      "otherAreaExit": true,
      "exits": {
        "North": 100240,
        "East": 100270,
        "South": 21021,
        "West": 21019
      }
    },
    {
      "id": 100300,
      "name": "To The Dragon Sea",
      "otherAreaExit": true,
      "exits": {
        "North": 100270,
        "South": 21024,
        "West": 21021
      }
    },
    {
      "id": 13275,
      "name": "To Giant Village",
      "otherAreaExit": true,
      "exits": {
        "East": 13274,
        "West": 21032
      }
    },
    {
      "id": 3268,
      "name": "To Midgaard",
      "otherAreaExit": true,
      "exits": {
        "North": 21047,
        "South": 3262
      }
    },
    {
      "id": 4039,
      "name": "To Moria",
      "otherAreaExit": true,
      "exits": {
        "East": 4040,
        "South": 21058,
        "West": 4038
      }
    }
  ]
}