{
  "name": "Beholder Corps",
  "buildOptions": {
    "maxSteps": 1000,
    "fixObstacles": true,
    "fixNonStraight": true,
    "fixIntersected": true,
    "compactMap": true,
    "addDebugInfo": false,
    "colorizeConnectionIssues": true
  },
  "rooms": [
    {
      "id": 17700,
      "name": "In the foyer of a stone building",
      "exits": {
        "East": 17704,
        "South": 17790,
        "West": 17701
      }
    },
    {
      "id": 17701,
      "name": "In a stone corridor",
      "exits": {
        "East": 17700,
        "West": 17702
      }
    },
    {
      "id": 17702,
      "name": "A bend in the stone corridor",
      "exits": {
        "North": 17703,
        "East": 17701
      }
    },
    {
      "id": 17703,
      "name": "Beneath a wide staircase",
      "exits": {
        "South": 17702,
        "Up": 17709
      }
    },
    {
      "id": 17704,
      "name": "In a stone corridor",
      "exits": {
        "East": 17705,
        "West": 17700
      }
    },
    {
      "id": 17705,
      "name": "A bend in the stone corridor",
      "exits": {
        "North": 17706,
        "West": 17704
      }
    },
    {
      "id": 17706,
      "name": "Beneath a wide staircase",
      "exits": {
        "South": 17705,
        "Up": 17707
      }
    },
    {
      "id": 17707,
      "name": "On a recently built wooden balcony",
      "exits": {
        "West": 17708,
        "Down": 17706
      }
    },
    {
      "id": 17708,
      "name": "An alcove overlooking the main entrance",
      "exits": {
        "East": 17707
      }
    },
    {
      "id": 17709,
      "name": "On a recently built wooden balcony",
      "exits": {
        "East": 17710,
        "Down": 17703
      }
    },
    {
      "id": 17710,
      "name": "An alcove overlooking the main entrance",
      "exits": {
        "West": 17709,
        "Up": 17711
      }
    },
    {
      "id": 17711,
      "name": "On a wide stairwell",
      "exits": {
        "South": 17712,
        "Down": 17710
      }
    },
    {
      "id": 17712,
      "name": "In a stone corridor",
      "exits": {
        "North": 17711,
        "East": 17716,
        "South": 17713,
        "West": 17714
      }
    },
    {
      "id": 17713,
      "name": "In a stone corridor",
      "exits": {
        "North": 17712,
        "East": 17717,
        "South": 17718,
        "West": 17715
      }
    },
    {
      "id": 17714,
      "name": "In a beholder\u0027s alcove",
      "exits": {
        "East": 17712
      }
    },
    {
      "id": 17715,
      "name": "In a beholder\u0027s alcove",
      "exits": {
        "East": 17713
      }
    },
    {
      "id": 17716,
      "name": "In a beholder\u0027s alcove",
      "exits": {
        "West": 17712
      }
    },
    {
      "id": 17717,
      "name": "In a beholder\u0027s alcove",
      "exits": {
        "West": 17713
      }
    },
    {
      "id": 17718,
      "name": "Bottom of a wide stairwell",
      "exits": {
        "North": 17713,
        "Up": 17719
      }
    },
    {
      "id": 17719,
      "name": "On a large stairwell in a building",
      "exits": {
        "North": 17720,
        "East": 17721,
        "South": 17722,
        "West": 17723,
        "Up": 17724,
        "Down": 17718
      }
    },
    {
      "id": 17720,
      "name": "In a beholder\u0027s alcove",
      "exits": {
        "South": 17719
      }
    },
    {
      "id": 17721,
      "name": "In a beholder\u0027s alcove",
      "exits": {
        "West": 17719
      }
    },
    {
      "id": 17722,
      "name": "In a beholder\u0027s alcove",
      "exits": {
        "North": 17719
      }
    },
    {
      "id": 17723,
      "name": "In a beholder\u0027s alcove",
      "exits": {
        "East": 17719
      }
    },
    {
      "id": 17724,
      "name": "At the top of a wide stairwell",
      "exits": {
        "South": 17725,
        "Down": 17719
      }
    },
    {
      "id": 17725,
      "name": "In a slime encrusted corridor",
      "exits": {
        "North": 17724,
        "South": 17726
      }
    },
    {
      "id": 17726,
      "name": "Outside a huge iron door",
      "exits": {
        "North": 17725,
        "East": 17727
      }
    },
    {
      "id": 17727,
      "name": "SW corner of the Beholder Corps hall",
      "exits": {
        "North": 17730,
        "East": 17728,
        "West": 17726
      }
    },
    {
      "id": 17728,
      "name": "Southern end of the Beholder Corps hall",
      "exits": {
        "North": 17731,
        "East": 17729,
        "West": 17727
      }
    },
    {
      "id": 17729,
      "name": "SE corner of the Beholder Corps hall",
      "exits": {
        "North": 17732,
        "West": 17728
      }
    },
    {
      "id": 17730,
      "name": "Western Beholder Corps hall",
      "exits": {
        "North": 17733,
        "East": 17731,
        "South": 17727
      }
    },
    {
      "id": 17731,
      "name": "Central Beholder Corps hall",
      "exits": {
        "North": 17734,
        "East": 17732,
        "South": 17728,
        "West": 17730
      }
    },
    {
      "id": 17732,
      "name": "Eastern Beholder Corps hall",
      "exits": {
        "North": 17735,
        "South": 17729,
        "West": 17731
      }
    },
    {
      "id": 17733,
      "name": "Western Beholder Corps hall",
      "exits": {
        "North": 17736,
        "East": 17734,
        "South": 17730
      }
    },
    {
      "id": 17734,
      "name": "Central Beholder Corps hall",
      "exits": {
        "North": 17737,
        "East": 17735,
        "South": 17731,
        "West": 17733
      }
    },
    {
      "id": 17735,
      "name": "Easter Beholder Corps hall",
      "exits": {
        "North": 17738,
        "South": 17732,
        "West": 17734
      }
    },
    {
      "id": 17736,
      "name": "NW corner of the Beholder Corps hall",
      "exits": {
        "East": 17737,
        "South": 17733
      }
    },
    {
      "id": 17737,
      "name": "Northern end of the Beholder Corps hall",
      "exits": {
        "East": 17738,
        "South": 17734,
        "West": 17736
      }
    },
    {
      "id": 17738,
      "name": "NE corner of the Beholder Corps hall",
      "exits": {
        "East": 17739,
        "South": 17735,
        "West": 17737
      }
    },
    {
      "id": 17739,
      "name": "The Inner Chamber",
      "exits": {
        "East": 17740,
        "West": 17738
      }
    },
    {
      "id": 17740,
      "name": "The Inner Chamber",
      "exits": {
        "South": 17741,
        "West": 17739
      }
    },
    {
      "id": 17741,
      "name": "The Chamber of Xanath",
      "exits": {
        "North": 17740,
        "Up": 17742
      }
    },
    {
      "id": 17742,
      "name": "On a wide stairwell",
      "exits": {
        "North": 17743,
        "Down": 17741
      }
    },
    {
      "id": 17743,
      "name": "A junction in the cleared corridors",
      "exits": {
        "North": 17757,
        "East": 17749,
        "South": 17742,
        "West": 17756
      }
    },
    {
      "id": 17744,
      "name": "In a wide cleaned corridor",
      "exits": {
        "East": 17745,
        "West": 17743
      }
    },
    {
      "id": 17745,
      "name": "A bend in a wide cleaned corridor",
      "exits": {
        "North": 17746,
        "West": 17744
      }
    },
    {
      "id": 17746,
      "name": "In a wide cleaned corridor",
      "exits": {
        "North": 17747,
        "East": 17766,
        "South": 17745,
        "West": 17769
      }
    },
    {
      "id": 17747,
      "name": "In a wide cleaned corridor",
      "exits": {
        "North": 17748,
        "East": 17767,
        "South": 17746,
        "West": 17768
      }
    },
    {
      "id": 17748,
      "name": "A bend in a wide cleaned corridor",
      "exits": {
        "East": 17760,
        "South": 17747,
        "West": 17749
      }
    },
    {
      "id": 17749,
      "name": "In a wide cleaned corridor",
      "exits": {
        "East": 17748,
        "West": 17750
      }
    },
    {
      "id": 17750,
      "name": "A junction in the corridor",
      "exits": {
        "East": 17749,
        "South": 17758,
        "West": 17751
      }
    },
    {
      "id": 17751,
      "name": "In a wide cleaned corridor",
      "exits": {
        "East": 17750,
        "West": 17752
      }
    },
    {
      "id": 17752,
      "name": "A bend in a wide cleaned corridor",
      "exits": {
        "East": 17751,
        "South": 17753,
        "West": 17759
      }
    },
    {
      "id": 17753,
      "name": "In a wide cleaned corridor",
      "exits": {
        "North": 17752,
        "East": 17776,
        "South": 17754,
        "West": 17774
      }
    },
    {
      "id": 17754,
      "name": "In a wide cleaned corridor",
      "exits": {
        "North": 17753,
        "East": 17777,
        "South": 17755,
        "West": 17775
      }
    },
    {
      "id": 17755,
      "name": "A bend in a wide cleaned corridor",
      "exits": {
        "North": 17754,
        "East": 17756
      }
    },
    {
      "id": 17756,
      "name": "In a wide cleaned corridor",
      "exits": {
        "East": 17743,
        "West": 17755
      }
    },
    {
      "id": 17757,
      "name": "In a wide cleaned corridor",
      "exits": {
        "North": 17758,
        "East": 17772,
        "South": 17743,
        "West": 17771
      }
    },
    {
      "id": 17758,
      "name": "In a wide cleaned corridor",
      "exits": {
        "North": 17750,
        "East": 17773,
        "South": 17757,
        "West": 17770
      }
    },
    {
      "id": 17759,
      "name": "Beneath a large stairwell",
      "exits": {
        "East": 17752,
        "Up": 17761
      }
    },
    {
      "id": 17760,
      "name": "Beneath a large stairwell",
      "exits": {
        "West": 17748,
        "Up": 17765
      }
    },
    {
      "id": 17761,
      "name": "Above a large stairwell",
      "exits": {
        "East": 17762,
        "Down": 17759
      }
    },
    {
      "id": 17762,
      "name": "In a hall of beholders",
      "exits": {
        "East": 17763,
        "South": 17784,
        "West": 17761
      }
    },
    {
      "id": 17763,
      "name": "In a hall of beholders",
      "exits": {
        "East": 17764,
        "South": 17785,
        "West": 17762
      }
    },
    {
      "id": 17764,
      "name": "In a hall of beholders",
      "exits": {
        "East": 17765,
        "South": 17786,
        "West": 17763
      }
    },
    {
      "id": 17765,
      "name": "Above a large stairwell",
      "exits": {
        "West": 17764,
        "Down": 17760
      }
    },
    {
      "id": 17766,
      "name": "In a well furnished room",
      "exits": {
        "West": 17746
      }
    },
    {
      "id": 17767,
      "name": "In a dark room of arcana power",
      "exits": {
        "West": 17747
      }
    },
    {
      "id": 17768,
      "name": "In a bare room filled with rubble",
      "exits": {
        "East": 17747
      }
    },
    {
      "id": 17769,
      "name": "The prisoner\u0027s room",
      "exits": {
        "East": 17746
      }
    },
    {
      "id": 17770,
      "name": "In a bare room filled with rubble",
      "exits": {
        "East": 17758
      }
    },
    {
      "id": 17771,
      "name": "In a bare room filled with rubble",
      "exits": {
        "East": 17757
      }
    },
    {
      "id": 17772,
      "name": "In a bare room filled with rubble",
      "exits": {
        "West": 17757
      }
    },
    {
      "id": 17773,
      "name": "In a slime encrusted room",
      "exits": {
        "West": 17758
      }
    },
    {
      "id": 17774,
      "name": "A stone filled room",
      "exits": {
        "East": 17753
      }
    },
    {
      "id": 17775,
      "name": "A room of foul smelling vapours",
      "exits": {
        "East": 17754
      }
    },
    {
      "id": 17776,
      "name": "In a bare room filled with rubble",
      "exits": {
        "West": 17753
      }
    },
    {
      "id": 17777,
      "name": "In a bare room filled with rubble",
      "exits": {
        "West": 17754
      }
    },
    {
      "id": 17780,
      "name": "The Dark Room",
      "exits": {
        "North": 17788
      }
    },
    {
      "id": 17784,
      "name": "In a hall of beholders",
      "exits": {
        "North": 17762,
        "East": 17785,
        "South": 17787
      }
    },
    {
      "id": 17785,
      "name": "In a hall of beholders",
      "exits": {
        "North": 17763,
        "East": 17786,
        "South": 17788,
        "West": 17784
      }
    },
    {
      "id": 17786,
      "name": "In a hall of beholders",
      "exits": {
        "North": 17764,
        "South": 17789,
        "West": 17785
      }
    },
    {
      "id": 17787,
      "name": "In a hall of beholders",
      "exits": {
        "North": 17784,
        "East": 17788
      }
    },
    {
      "id": 17788,
      "name": "In a hall of beholders",
      "exits": {
        "North": 17785,
        "East": 17789,
        "South": 17780,
        "West": 17787
      }
    },
    {
      "id": 17789,
      "name": "In a hall of beholders",
      "exits": {
        "North": 17786,
        "West": 17788
      }
    },
    {
      "id": 17790,
      "name": "Foreboding Mountain Trail",
      "exits": {
        "North": 17700,
        "South": 17791
      }
    },
    {
      "id": 17791,
      "name": "Foreboding Mountain Trail",
      "exits": {
        "North": 17790,
        "South": 17792
      }
    },
    {
      "id": 17792,
      "name": "Foreboding Mountain Trail",
      "exits": {
        "North": 17791,
        "South": 17793
      }
    },
    {
      "id": 17793,
      "name": "Foreboding Mountain Trail",
      "exits": {
        "North": 17792,
        "South": 17794
      }
    },
    {
      "id": 17794,
      "name": "Foreboding Mountain Trail",
      "exits": {
        "North": 17793,
        "South": 17795
      }
    },
    {
      "id": 17795,
      "name": "Foreboding Mountain Trail",
      "exits": {
        "North": 17794,
        "South": 17796
      }
    },
    {
      "id": 17796,
      "name": "Foreboding Mountain Trail",
      "exits": {
        "North": 17795,
        "South": 17797
      }
    },
    {
      "id": 17797,
      "name": "Foreboding Mountain Trail",
      "exits": {
        "North": 17796,
        "South": 17798
      }
    },
    {
      "id": 17798,
      "name": "Foreboding Mountain Trail",
      "exits": {
        "North": 17797,
        "South": 40064
      }
    },
    {
      "id": 40064,
      "name": "To Visham",
      "otherAreaExit": true,
      "exits": {
        "North": 17798,
        "East": 40063,
        "West": 40065
      }
    }
  ]
}