{
  "name": "Blight",
  "buildOptions": {
    "maxSteps": 1000,
    "fixObstacles": true,
    "fixNonStraight": true,
    "fixIntersected": false,
    "compactMap": true,
    "addDebugInfo": false,
    "colorizeConnectionIssues": true
  },
  "rooms": [
    {
      "id": 15001,
      "name": "Edge of the Blight",
      "exits": {
        "North": 15002,
        "East": 16077,
        "South": 15113,
        "West": 15006
      }
    },
    {
      "id": 15002,
      "name": "Entering the Blight",
      "exits": {
        "North": 15003,
        "East": 16078,
        "South": 15001,
        "West": 15007
      }
    },
    {
      "id": 15003,
      "name": "Near the Seven Towers",
      "exits": {
        "North": 15004,
        "East": 16079,
        "South": 15002,
        "West": 15008
      }
    },
    {
      "id": 15004,
      "name": "Among the Seven Towers",
      "exits": {
        "North": 15005,
        "East": 15061,
        "South": 15003,
        "West": 16012
      }
    },
    {
      "id": 15005,
      "name": "The Blight",
      "exits": {
        "North": 16083,
        "East": 16081,
        "South": 15004,
        "West": 15010
      }
    },
    {
      "id": 15006,
      "name": "Edge of the Blight",
      "exits": {
        "North": 15007,
        "East": 15001,
        "South": 15112,
        "West": 15011
      }
    },
    {
      "id": 15007,
      "name": "Entering the Blight",
      "exits": {
        "North": 15008,
        "East": 15002,
        "South": 15006,
        "West": 15012
      }
    },
    {
      "id": 15008,
      "name": "The Blight",
      "exits": {
        "North": 15009,
        "East": 15003,
        "South": 15007,
        "West": 15013
      }
    },
    {
      "id": 15009,
      "name": "One of the Hundred Lakes",
      "exits": {
        "North": 15010,
        "South": 15008,
        "West": 15014
      }
    },
    {
      "id": 15010,
      "name": "The Blight",
      "exits": {
        "North": 16084,
        "East": 15005,
        "South": 15009,
        "West": 15015
      }
    },
    {
      "id": 15011,
      "name": "Edge of the Blight",
      "exits": {
        "North": 15012,
        "East": 15006,
        "South": 15111,
        "West": 15016
      }
    },
    {
      "id": 15012,
      "name": "Entering the Blight",
      "exits": {
        "North": 15013,
        "East": 15007,
        "South": 15011,
        "West": 15017
      }
    },
    {
      "id": 15013,
      "name": "The Blight",
      "exits": {
        "North": 15014,
        "East": 15008,
        "South": 15012,
        "West": 15018
      }
    },
    {
      "id": 15014,
      "name": "The Blight",
      "exits": {
        "North": 15015,
        "East": 15009,
        "South": 15013,
        "West": 15019
      }
    },
    {
      "id": 15015,
      "name": "The Blight",
      "exits": {
        "North": 16085,
        "East": 15010,
        "South": 15014,
        "West": 15020
      }
    },
    {
      "id": 15016,
      "name": "Edge of the Blight",
      "exits": {
        "North": 15017,
        "East": 15011,
        "South": 15110,
        "West": 15021
      }
    },
    {
      "id": 15017,
      "name": "Entering the Blight",
      "exits": {
        "North": 15018,
        "East": 15012,
        "South": 15016,
        "West": 15022
      }
    },
    {
      "id": 15018,
      "name": "The Blight",
      "exits": {
        "North": 15019,
        "East": 15013,
        "South": 15017,
        "West": 15023
      }
    },
    {
      "id": 15019,
      "name": "The Blight",
      "exits": {
        "North": 15020,
        "East": 15014,
        "South": 15018,
        "West": 15024
      }
    },
    {
      "id": 15020,
      "name": "The Blight",
      "exits": {
        "North": 16086,
        "East": 15015,
        "South": 15019,
        "West": 15025
      }
    },
    {
      "id": 15021,
      "name": "Edge of the Blight",
      "exits": {
        "North": 15022,
        "East": 15016,
        "South": 15109,
        "West": 15026
      }
    },
    {
      "id": 15022,
      "name": "Entering the Blight",
      "exits": {
        "North": 15023,
        "East": 15017,
        "South": 15021,
        "West": 15027
      }
    },
    {
      "id": 15023,
      "name": "The Blight",
      "exits": {
        "North": 15024,
        "East": 15018,
        "South": 15022,
        "West": 15028
      }
    },
    {
      "id": 15024,
      "name": "The Blight",
      "exits": {
        "North": 15025,
        "East": 15019,
        "South": 15023,
        "West": 15029
      }
    },
    {
      "id": 15025,
      "name": "The Blight",
      "exits": {
        "North": 16087,
        "East": 15020,
        "South": 15024,
        "West": 15030
      }
    },
    {
      "id": 15026,
      "name": "Edge of the Blight",
      "exits": {
        "North": 15027,
        "East": 15021,
        "South": 15108,
        "West": 15031
      }
    },
    {
      "id": 15027,
      "name": "Entering the Blight",
      "exits": {
        "North": 15028,
        "East": 15022,
        "South": 15026,
        "West": 15032
      }
    },
    {
      "id": 15028,
      "name": "The Blight",
      "exits": {
        "North": 15029,
        "East": 15023,
        "South": 15027,
        "West": 15033
      }
    },
    {
      "id": 15029,
      "name": "The Blight",
      "exits": {
        "North": 15030,
        "East": 15024,
        "South": 15028,
        "West": 15034
      }
    },
    {
      "id": 15030,
      "name": "The Blight",
      "exits": {
        "North": 16088,
        "East": 15025,
        "South": 15029,
        "West": 15035
      }
    },
    {
      "id": 15031,
      "name": "Edge of the Blight",
      "exits": {
        "North": 15032,
        "East": 15026,
        "South": 15107,
        "West": 15036
      }
    },
    {
      "id": 15032,
      "name": "Entering the Blight",
      "exits": {
        "North": 15033,
        "East": 15027,
        "South": 15031,
        "West": 15037
      }
    },
    {
      "id": 15033,
      "name": "The Blight",
      "exits": {
        "North": 15034,
        "East": 15028,
        "South": 15032,
        "West": 15038
      }
    },
    {
      "id": 15034,
      "name": "The Blight",
      "exits": {
        "North": 15035,
        "East": 15029,
        "South": 15033,
        "West": 15039
      }
    },
    {
      "id": 15035,
      "name": "The Blight",
      "exits": {
        "North": 16089,
        "East": 15030,
        "South": 15034,
        "West": 15040
      }
    },
    {
      "id": 15036,
      "name": "Edge of the Blight",
      "exits": {
        "North": 15037,
        "East": 15031,
        "South": 15106,
        "West": 15041
      }
    },
    {
      "id": 15037,
      "name": "Entering the Blight",
      "exits": {
        "North": 15038,
        "East": 15032,
        "South": 15036,
        "West": 15042
      }
    },
    {
      "id": 15038,
      "name": "The Blight",
      "exits": {
        "North": 15039,
        "East": 15033,
        "South": 15037,
        "West": 15043
      }
    },
    {
      "id": 15039,
      "name": "The Blight",
      "exits": {
        "North": 15040,
        "East": 15034,
        "South": 15038,
        "West": 15044
      }
    },
    {
      "id": 15040,
      "name": "The Blight",
      "exits": {
        "North": 16090,
        "East": 15035,
        "South": 15039,
        "West": 15045
      }
    },
    {
      "id": 15041,
      "name": "Edge of the Blight",
      "exits": {
        "North": 15042,
        "East": 15036,
        "South": 15105,
        "West": 15046
      }
    },
    {
      "id": 15042,
      "name": "Entering the Blight",
      "exits": {
        "North": 15043,
        "East": 15037,
        "South": 15041,
        "West": 15047
      }
    },
    {
      "id": 15043,
      "name": "The Blight",
      "exits": {
        "North": 15044,
        "East": 15038,
        "South": 15042,
        "West": 15048
      }
    },
    {
      "id": 15044,
      "name": "The Blight",
      "exits": {
        "North": 15045,
        "East": 15039,
        "South": 15043,
        "West": 15049
      }
    },
    {
      "id": 15045,
      "name": "The Blight",
      "exits": {
        "North": 16091,
        "East": 15040,
        "South": 15044,
        "West": 15050
      }
    },
    {
      "id": 15046,
      "name": "Edge of the Blight",
      "exits": {
        "North": 15047,
        "East": 15041,
        "South": 15104,
        "West": 15051
      }
    },
    {
      "id": 15047,
      "name": "Entering the Blight",
      "exits": {
        "North": 15048,
        "East": 15042,
        "South": 15046,
        "West": 15052
      }
    },
    {
      "id": 15048,
      "name": "The Blight",
      "exits": {
        "North": 15049,
        "East": 15043,
        "South": 15047,
        "West": 15053
      }
    },
    {
      "id": 15049,
      "name": "The Blight",
      "exits": {
        "North": 15050,
        "East": 15044,
        "South": 15048,
        "West": 15054
      }
    },
    {
      "id": 15050,
      "name": "The Blight",
      "exits": {
        "North": 16092,
        "East": 15045,
        "South": 15049,
        "West": 15055
      }
    },
    {
      "id": 15051,
      "name": "Edge of the Blight",
      "exits": {
        "North": 15052,
        "East": 15046,
        "South": 15103,
        "West": 15056
      }
    },
    {
      "id": 15052,
      "name": "Entering the Blight",
      "exits": {
        "North": 15053,
        "East": 15047,
        "South": 15051,
        "West": 15057
      }
    },
    {
      "id": 15053,
      "name": "The Blight",
      "exits": {
        "North": 15054,
        "East": 15048,
        "South": 15052,
        "West": 15058
      }
    },
    {
      "id": 15054,
      "name": "The Blight",
      "exits": {
        "North": 15055,
        "East": 15049,
        "South": 15053,
        "West": 15059
      }
    },
    {
      "id": 15055,
      "name": "The Blight",
      "exits": {
        "North": 16093,
        "East": 15050,
        "South": 15054,
        "West": 15060
      }
    },
    {
      "id": 15056,
      "name": "Edge of the Blight",
      "exits": {
        "North": 15057,
        "East": 15051,
        "South": 15102,
        "West": 15100
      }
    },
    {
      "id": 15057,
      "name": "Entering the Blight",
      "exits": {
        "North": 15058,
        "East": 15052,
        "South": 15056,
        "West": 16099
      }
    },
    {
      "id": 15058,
      "name": "The Blight",
      "exits": {
        "North": 15059,
        "East": 15053,
        "South": 15057,
        "West": 16098
      }
    },
    {
      "id": 15059,
      "name": "The Blight",
      "exits": {
        "North": 15060,
        "East": 15054,
        "South": 15058,
        "West": 16097
      }
    },
    {
      "id": 15060,
      "name": "The Blight",
      "exits": {
        "North": 16094,
        "East": 15055,
        "South": 15059,
        "West": 16096,
        "Down": 16063
      }
    },
    {
      "id": 15061,
      "name": "Into the Breach",
      "exits": {
        "East": 15062,
        "West": 15004
      }
    },
    {
      "id": 15062,
      "name": "The Hallway",
      "exits": {
        "East": 15063,
        "South": 15065,
        "West": 15061
      }
    },
    {
      "id": 15063,
      "name": "The Hallway",
      "exits": {
        "North": 15067,
        "East": 15064,
        "South": 15068,
        "West": 15062
      }
    },
    {
      "id": 15064,
      "name": "The Hallway",
      "exits": {
        "South": 15066,
        "West": 15063
      }
    },
    {
      "id": 15065,
      "name": "A Stairwell",
      "exits": {
        "North": 15062,
        "Up": 15072
      }
    },
    {
      "id": 15066,
      "name": "A Stairwell",
      "exits": {
        "North": 15064,
        "Down": 15098
      }
    },
    {
      "id": 15067,
      "name": "The Stables",
      "exits": {
        "South": 15063
      }
    },
    {
      "id": 15068,
      "name": "The Main Yard",
      "exits": {
        "North": 15063,
        "South": 15069
      }
    },
    {
      "id": 15069,
      "name": "The Gatehouse",
      "exits": {
        "North": 15068,
        "East": 15071,
        "West": 15070
      }
    },
    {
      "id": 15070,
      "name": "A Guard Room",
      "exits": {
        "East": 15069
      }
    },
    {
      "id": 15071,
      "name": "A Guard Room",
      "exits": {
        "West": 15069
      }
    },
    {
      "id": 15072,
      "name": "A Stairwell",
      "exits": {
        "North": 15073,
        "Down": 15065
      }
    },
    {
      "id": 15073,
      "name": "The Hallway",
      "exits": {
        "East": 15074,
        "South": 15072
      }
    },
    {
      "id": 15074,
      "name": "The Hallway",
      "exits": {
        "North": 15077,
        "East": 15075,
        "South": 15079,
        "West": 15073
      }
    },
    {
      "id": 15075,
      "name": "The Hallway",
      "exits": {
        "South": 15076,
        "West": 15074
      }
    },
    {
      "id": 15076,
      "name": "A Stairwell",
      "exits": {
        "North": 15075,
        "Up": 15080
      }
    },
    {
      "id": 15077,
      "name": "The Kitchen",
      "exits": {
        "East": 15078,
        "South": 15074
      }
    },
    {
      "id": 15078,
      "name": "The Larder",
      "exits": {
        "West": 15077
      }
    },
    {
      "id": 15079,
      "name": "Dining Hall",
      "exits": {
        "North": 15074
      }
    },
    {
      "id": 15080,
      "name": "A Stairwell",
      "exits": {
        "North": 15081,
        "Down": 15076
      }
    },
    {
      "id": 15081,
      "name": "The Hallway",
      "exits": {
        "North": 15087,
        "South": 15080,
        "West": 15082
      }
    },
    {
      "id": 15082,
      "name": "The Hallway",
      "exits": {
        "East": 15081,
        "South": 15089,
        "West": 15083
      }
    },
    {
      "id": 15083,
      "name": "The Hallway",
      "exits": {
        "North": 15086,
        "East": 15082,
        "South": 15088,
        "West": 15084
      }
    },
    {
      "id": 15084,
      "name": "The Hallway",
      "exits": {
        "East": 15083,
        "South": 15085
      }
    },
    {
      "id": 15085,
      "name": "A Stairwell",
      "exits": {
        "North": 15084,
        "Up": 15090
      }
    },
    {
      "id": 15086,
      "name": "The Barracks",
      "exits": {
        "South": 15083
      }
    },
    {
      "id": 15087,
      "name": "Servant\u0027s Quarters",
      "exits": {
        "South": 15081
      }
    },
    {
      "id": 15088,
      "name": "Officer\u0027s Quarters",
      "exits": {
        "North": 15083
      }
    },
    {
      "id": 15089,
      "name": "Captain\u0027s Quarters",
      "exits": {
        "North": 15082
      }
    },
    {
      "id": 15090,
      "name": "A Stairwell",
      "exits": {
        "North": 15091,
        "Down": 15085
      }
    },
    {
      "id": 15091,
      "name": "The Hallway",
      "exits": {
        "East": 15092,
        "South": 15090
      }
    },
    {
      "id": 15092,
      "name": "The Hallway",
      "exits": {
        "North": 15095,
        "East": 15093,
        "South": 15096,
        "West": 15091
      }
    },
    {
      "id": 15093,
      "name": "The Hallway",
      "exits": {
        "South": 15094,
        "West": 15092
      }
    },
    {
      "id": 15094,
      "name": "A Stairwell",
      "exits": {
        "North": 15093,
        "Up": 15097
      }
    },
    {
      "id": 15095,
      "name": "The Feast Hall",
      "exits": {
        "South": 15092
      }
    },
    {
      "id": 15096,
      "name": "The Lord\u0027s Quarters",
      "exits": {
        "North": 15092
      }
    },
    {
      "id": 15097,
      "name": "The Battlements",
      "exits": {
        "Down": 15094
      }
    },
    {
      "id": 15098,
      "name": "A Stairwell",
      "exits": {
        "North": 15099,
        "Up": 15066
      }
    },
    {
      "id": 15099,
      "name": "The Hallway",
      "exits": {
        "North": 16004,
        "South": 15098,
        "West": 16000
      }
    },
    {
      "id": 15100,
      "name": "By the Shore",
      "exits": {
        "North": 16099,
        "East": 15056,
        "South": 15101
      }
    },
    {
      "id": 15101,
      "name": "In the Borderlands",
      "exits": {
        "North": 15100,
        "East": 15102
      }
    },
    {
      "id": 15102,
      "name": "In the Borderlands",
      "exits": {
        "North": 15056,
        "East": 15103,
        "West": 15101
      }
    },
    {
      "id": 15103,
      "name": "In the Borderlands",
      "exits": {
        "North": 15051,
        "East": 15104,
        "West": 15102
      }
    },
    {
      "id": 15104,
      "name": "In the Borderlands",
      "exits": {
        "North": 15046,
        "East": 15105,
        "West": 15103
      }
    },
    {
      "id": 15105,
      "name": "In the Borderlands",
      "exits": {
        "North": 15041,
        "East": 15106,
        "West": 15104
      }
    },
    {
      "id": 15106,
      "name": "In the Borderlands",
      "exits": {
        "North": 15036,
        "East": 15107,
        "West": 15105
      }
    },
    {
      "id": 15107,
      "name": "In the Borderlands",
      "exits": {
        "North": 15031,
        "East": 15108,
        "West": 15106
      }
    },
    {
      "id": 15108,
      "name": "In the Borderlands",
      "exits": {
        "North": 15026,
        "East": 15109,
        "West": 15107
      }
    },
    {
      "id": 15109,
      "name": "In the Borderlands",
      "exits": {
        "North": 15021,
        "East": 15110,
        "West": 15108
      }
    },
    {
      "id": 15110,
      "name": "In the Borderlands",
      "exits": {
        "North": 15016,
        "East": 15111,
        "West": 15109
      }
    },
    {
      "id": 15111,
      "name": "In the Borderlands",
      "exits": {
        "North": 15011,
        "East": 15112,
        "West": 15110
      }
    },
    {
      "id": 15112,
      "name": "In the Borderlands",
      "exits": {
        "North": 15006,
        "East": 15113,
        "West": 15111
      }
    },
    {
      "id": 15113,
      "name": "In the Borderlands",
      "exits": {
        "North": 15001,
        "East": 15114,
        "West": 15112
      }
    },
    {
      "id": 15114,
      "name": "In the Borderlands",
      "exits": {
        "North": 16077,
        "East": 7874,
        "West": 15113
      }
    },
    {
      "id": 15115,
      "name": "A Warded Glade",
      "exits": {
        "South": 16090
      }
    },
    {
      "id": 16000,
      "name": "The Hallway",
      "exits": {
        "East": 15099,
        "South": 16005,
        "West": 16001
      }
    },
    {
      "id": 16001,
      "name": "The Hallway",
      "exits": {
        "North": 16003,
        "East": 16000,
        "South": 16002
      }
    },
    {
      "id": 16002,
      "name": "A Stairwell",
      "exits": {
        "North": 16001,
        "Down": 16006
      }
    },
    {
      "id": 16003,
      "name": "Water Storage",
      "exits": {
        "South": 16001,
        "West": 15009
      }
    },
    {
      "id": 16004,
      "name": "The Training Room",
      "exits": {
        "South": 15099
      }
    },
    {
      "id": 16005,
      "name": "The Armoury",
      "exits": {
        "North": 16000
      }
    },
    {
      "id": 16006,
      "name": "A Stairwell",
      "exits": {
        "North": 16007,
        "Up": 16002
      }
    },
    {
      "id": 16007,
      "name": "The Hallway",
      "exits": {
        "North": 16009,
        "East": 16008,
        "South": 16006
      }
    },
    {
      "id": 16008,
      "name": "The Hallway",
      "exits": {
        "South": 16011,
        "West": 16007
      }
    },
    {
      "id": 16009,
      "name": "Guard Room",
      "exits": {
        "East": 16010,
        "South": 16007
      }
    },
    {
      "id": 16010,
      "name": "Interogation Room",
      "exits": {
        "West": 16009
      }
    },
    {
      "id": 16011,
      "name": "The Cells",
      "exits": {
        "North": 16008
      }
    },
    {
      "id": 16012,
      "name": "Into the Breach",
      "exits": {
        "East": 15004,
        "West": 16013
      }
    },
    {
      "id": 16013,
      "name": "The Hallway",
      "exits": {
        "East": 16012,
        "South": 16014,
        "West": 16015
      }
    },
    {
      "id": 16014,
      "name": "A Stairwell",
      "exits": {
        "North": 16013,
        "Down": 16049
      }
    },
    {
      "id": 16015,
      "name": "The Hallway",
      "exits": {
        "North": 16018,
        "East": 16013,
        "South": 16019,
        "West": 16016
      }
    },
    {
      "id": 16016,
      "name": "The Hallway",
      "exits": {
        "East": 16015,
        "South": 16017
      }
    },
    {
      "id": 16017,
      "name": "A Stairwell",
      "exits": {
        "North": 16016,
        "Up": 16023
      }
    },
    {
      "id": 16018,
      "name": "The Stables",
      "exits": {
        "South": 16015
      }
    },
    {
      "id": 16019,
      "name": "The Main Yard",
      "exits": {
        "North": 16015,
        "South": 16020
      }
    },
    {
      "id": 16020,
      "name": "The Gatehouse",
      "exits": {
        "North": 16019,
        "East": 16022,
        "West": 16021
      }
    },
    {
      "id": 16021,
      "name": "A Guard Room",
      "exits": {
        "East": 16020
      }
    },
    {
      "id": 16022,
      "name": "A Guard Room",
      "exits": {
        "West": 16020
      }
    },
    {
      "id": 16023,
      "name": "A Stairwell",
      "exits": {
        "North": 16024,
        "Down": 16017
      }
    },
    {
      "id": 16024,
      "name": "The Hallway",
      "exits": {
        "East": 16025,
        "South": 16023
      }
    },
    {
      "id": 16025,
      "name": "The Hallway",
      "exits": {
        "North": 16028,
        "East": 16026,
        "South": 16030,
        "West": 16024
      }
    },
    {
      "id": 16026,
      "name": "The Hallway",
      "exits": {
        "South": 16027,
        "West": 16025
      }
    },
    {
      "id": 16027,
      "name": "A Stairwell",
      "exits": {
        "North": 16026,
        "Up": 16031
      }
    },
    {
      "id": 16028,
      "name": "The Kitchen",
      "exits": {
        "East": 16029,
        "South": 16025
      }
    },
    {
      "id": 16029,
      "name": "The Larder",
      "exits": {
        "West": 16028
      }
    },
    {
      "id": 16030,
      "name": "Dining Hall",
      "exits": {
        "North": 16025
      }
    },
    {
      "id": 16031,
      "name": "A Stairwell",
      "exits": {
        "North": 16032,
        "Down": 16027
      }
    },
    {
      "id": 16032,
      "name": "The Hallway",
      "exits": {
        "North": 16038,
        "South": 16031,
        "West": 16033
      }
    },
    {
      "id": 16033,
      "name": "The Hallway",
      "exits": {
        "East": 16032,
        "South": 16040,
        "West": 16034
      }
    },
    {
      "id": 16034,
      "name": "The Hallway",
      "exits": {
        "North": 16037,
        "East": 16033,
        "South": 16039,
        "West": 16035
      }
    },
    {
      "id": 16035,
      "name": "The Hallway",
      "exits": {
        "East": 16034,
        "South": 16036
      }
    },
    {
      "id": 16036,
      "name": "A Stairwell",
      "exits": {
        "North": 16035,
        "Up": 16041
      }
    },
    {
      "id": 16037,
      "name": "The Barracks",
      "exits": {
        "South": 16034
      }
    },
    {
      "id": 16038,
      "name": "Servant\u0027s Quarters",
      "exits": {
        "South": 16032
      }
    },
    {
      "id": 16039,
      "name": "Officer\u0027s Quarters",
      "exits": {
        "North": 16034
      }
    },
    {
      "id": 16040,
      "name": "Captain\u0027s Quarters",
      "exits": {
        "North": 16033
      }
    },
    {
      "id": 16041,
      "name": "A Stairwell",
      "exits": {
        "North": 16042,
        "Down": 16036
      }
    },
    {
      "id": 16042,
      "name": "The Hallway",
      "exits": {
        "East": 16043,
        "South": 16041
      }
    },
    {
      "id": 16043,
      "name": "The Hallway",
      "exits": {
        "North": 16046,
        "East": 16044,
        "South": 16047,
        "West": 16042
      }
    },
    {
      "id": 16044,
      "name": "The Hallway",
      "exits": {
        "South": 16045,
        "West": 16043
      }
    },
    {
      "id": 16045,
      "name": "A Stairwell",
      "exits": {
        "North": 16044,
        "Up": 16048
      }
    },
    {
      "id": 16046,
      "name": "The Feast Hall",
      "exits": {
        "South": 16043
      }
    },
    {
      "id": 16047,
      "name": "The Lord\u0027s Quarters",
      "exits": {
        "North": 16043
      }
    },
    {
      "id": 16048,
      "name": "The Battlements",
      "exits": {
        "Down": 16045
      }
    },
    {
      "id": 16049,
      "name": "A Stairwell",
      "exits": {
        "North": 16050,
        "Up": 16014
      }
    },
    {
      "id": 16050,
      "name": "The Hallway",
      "exits": {
        "North": 16055,
        "South": 16049,
        "West": 16051
      }
    },
    {
      "id": 16051,
      "name": "The Hallway",
      "exits": {
        "East": 16050,
        "South": 16056,
        "West": 16052
      }
    },
    {
      "id": 16052,
      "name": "The Hallway",
      "exits": {
        "North": 16054,
        "East": 16051,
        "South": 16053
      }
    },
    {
      "id": 16053,
      "name": "A Stairwell",
      "exits": {
        "North": 16052,
        "Down": 16057
      }
    },
    {
      "id": 16054,
      "name": "Water Storage",
      "exits": {
        "South": 16052,
        "West": 15009
      }
    },
    {
      "id": 16055,
      "name": "The Training Room",
      "exits": {
        "South": 16050
      }
    },
    {
      "id": 16056,
      "name": "The Armoury",
      "exits": {
        "North": 16051
      }
    },
    {
      "id": 16057,
      "name": "A Stairwell",
      "exits": {
        "North": 16058,
        "Up": 16053
      }
    },
    {
      "id": 16058,
      "name": "The Hallway",
      "exits": {
        "North": 16060,
        "East": 16059,
        "South": 16057
      }
    },
    {
      "id": 16059,
      "name": "The Hallway",
      "exits": {
        "South": 16062,
        "West": 16058
      }
    },
    {
      "id": 16060,
      "name": "Guard Room",
      "exits": {
        "East": 16061,
        "South": 16058
      }
    },
    {
      "id": 16061,
      "name": "Interogation Room",
      "exits": {
        "West": 16060
      }
    },
    {
      "id": 16062,
      "name": "The Cells",
      "exits": {
        "North": 16059
      }
    },
    {
      "id": 16063,
      "name": "Into the Past",
      "exits": {
        "North": 16064,
        "East": 16067,
        "South": 16065,
        "West": 16066,
        "Up": 15060,
        "Down": 16068
      }
    },
    {
      "id": 16064,
      "name": "Foxes and Snakes",
      "exits": {
        "South": 16063
      }
    },
    {
      "id": 16065,
      "name": "Foxes and Snakes",
      "exits": {
        "North": 16063
      }
    },
    {
      "id": 16066,
      "name": "The Writing Room",
      "exits": {
        "East": 16063
      }
    },
    {
      "id": 16067,
      "name": "A Strange Room",
      "exits": {
        "West": 16063
      }
    },
    {
      "id": 16068,
      "name": "The Center",
      "exits": {
        "North": 16073,
        "East": 16071,
        "South": 16069,
        "West": 16075,
        "Up": 16063
      }
    },
    {
      "id": 16069,
      "name": "The Southern Yard",
      "exits": {
        "North": 16068,
        "East": 16070,
        "West": 16076
      }
    },
    {
      "id": 16070,
      "name": "The Southeast Corner",
      "exits": {
        "North": 16071,
        "West": 16069
      }
    },
    {
      "id": 16071,
      "name": "The Eastern Yard",
      "exits": {
        "North": 16072,
        "South": 16070,
        "West": 16068
      }
    },
    {
      "id": 16072,
      "name": "The Northeast Corner",
      "exits": {
        "South": 16071,
        "West": 16073
      }
    },
    {
      "id": 16073,
      "name": "The Northern Yard",
      "exits": {
        "East": 16072,
        "South": 16068,
        "West": 16074
      }
    },
    {
      "id": 16074,
      "name": "The Northwest Corner",
      "exits": {
        "East": 16073,
        "South": 16075
      }
    },
    {
      "id": 16075,
      "name": "The Western Yard",
      "exits": {
        "North": 16074,
        "East": 16068,
        "South": 16076
      }
    },
    {
      "id": 16076,
      "name": "The Southwest Corner",
      "exits": {
        "North": 16075,
        "East": 16069
      }
    },
    {
      "id": 16077,
      "name": "Near The Spine of the World",
      "exits": {
        "North": 16078,
        "South": 15114,
        "West": 15001
      }
    },
    {
      "id": 16078,
      "name": "Near The Spine of the World",
      "exits": {
        "North": 16079,
        "South": 16077,
        "West": 15002
      }
    },
    {
      "id": 16079,
      "name": "Near The Spine of the World",
      "exits": {
        "North": 16080,
        "South": 16078,
        "West": 15003
      }
    },
    {
      "id": 16080,
      "name": "Near The Spine of the World",
      "exits": {
        "North": 16081,
        "South": 16079
      }
    },
    {
      "id": 16081,
      "name": "Near The Spine of the World",
      "exits": {
        "North": 16082,
        "South": 16080,
        "West": 15005
      }
    },
    {
      "id": 16082,
      "name": "Tarwin\u0027s Gap",
      "exits": {
        "South": 16081,
        "West": 16083
      }
    },
    {
      "id": 16083,
      "name": "Near the Mountains of Dhoom",
      "exits": {
        "East": 16082,
        "South": 15005,
        "West": 16084
      }
    },
    {
      "id": 16084,
      "name": "Near the Mountains of Dhoom",
      "exits": {
        "East": 16083,
        "South": 15010,
        "West": 16085
      }
    },
    {
      "id": 16085,
      "name": "Near the Mountains of Dhoom",
      "exits": {
        "East": 16084,
        "South": 15015,
        "West": 16086
      }
    },
    {
      "id": 16086,
      "name": "Near the Mountains of Dhoom",
      "exits": {
        "East": 16085,
        "South": 15020,
        "West": 16087
      }
    },
    {
      "id": 16087,
      "name": "Near the Mountains of Dhoom",
      "exits": {
        "East": 16086,
        "South": 15025,
        "West": 16088
      }
    },
    {
      "id": 16088,
      "name": "Near the Mountains of Dhoom",
      "exits": {
        "East": 16087,
        "South": 15030,
        "West": 16089
      }
    },
    {
      "id": 16089,
      "name": "Near the Mountains of Dhoom",
      "exits": {
        "East": 16088,
        "South": 15035,
        "West": 16090
      }
    },
    {
      "id": 16090,
      "name": "Near the Mountains of Dhoom",
      "exits": {
        "North": 15115,
        "East": 16089,
        "South": 15040,
        "West": 16091
      }
    },
    {
      "id": 16091,
      "name": "Near the Mountains of Dhoom",
      "exits": {
        "East": 16090,
        "South": 15045,
        "West": 16092
      }
    },
    {
      "id": 16092,
      "name": "Near the Mountains of Dhoom",
      "exits": {
        "East": 16091,
        "South": 15050,
        "West": 16093
      }
    },
    {
      "id": 16093,
      "name": "Near the Mountains of Dhoom",
      "exits": {
        "East": 16092,
        "South": 15055,
        "West": 16094
      }
    },
    {
      "id": 16094,
      "name": "Near the Mountains of Dhoom",
      "exits": {
        "North": 13300,
        "East": 16093,
        "South": 15060,
        "West": 16095
      }
    },
    {
      "id": 16095,
      "name": "The Moutains and the Sea",
      "exits": {
        "East": 16094,
        "South": 16096
      }
    },
    {
      "id": 16096,
      "name": "By the Shore",
      "exits": {
        "North": 16095,
        "East": 15060,
        "South": 16097
      }
    },
    {
      "id": 16097,
      "name": "By the Shore",
      "exits": {
        "North": 16096,
        "East": 15059,
        "South": 16098
      }
    },
    {
      "id": 16098,
      "name": "By the Shore",
      "exits": {
        "North": 16097,
        "East": 15058,
        "South": 16099
      }
    },
    {
      "id": 16099,
      "name": "By the Shore",
      "exits": {
        "North": 16098,
        "East": 15057,
        "South": 15100
      }
    },
    {
      "id": 7874,
      "name": "To Valley of the Elves",
      "otherAreaExit": true,
      "exits": {
        "East": 7873,
        "South": 7875,
        "West": 15114
      }
    },
    {
      "id": 13300,
      "name": "To Urtazi",
      "otherAreaExit": true,
      "exits": {
        "North": 13301,
        "South": 16094
      }
    }
  ]
}