{
  "name": "Calinth",
  "buildOptions": {
    "maxSteps": 1000,
    "fixObstacles": true,
    "fixNonStraight": true,
    "fixIntersected": false,
    "compactMap": true,
    "addDebugInfo": false,
    "colorizeConnectionIssues": true
  },
  "rooms": [
    {
      "id": 20000,
      "name": "The Yawning Portal",
      "exits": {
        "North": 20001,
        "East": 20009
      }
    },
    {
      "id": 20001,
      "name": "Common Room",
      "exits": {
        "South": 20000,
        "Up": 20002
      }
    },
    {
      "id": 20002,
      "name": "Hallway",
      "exits": {
        "North": 20003,
        "East": 20005,
        "West": 20004,
        "Down": 20001
      }
    },
    {
      "id": 20003,
      "name": "End of Hall",
      "exits": {
        "North": 20007,
        "East": 20008,
        "South": 20002,
        "West": 20006
      }
    },
    {
      "id": 20004,
      "name": "Room # 1",
      "exits": {
        "East": 20002
      }
    },
    {
      "id": 20005,
      "name": "Room # 5",
      "exits": {
        "West": 20002
      }
    },
    {
      "id": 20006,
      "name": "Room # 2",
      "exits": {
        "East": 20003
      }
    },
    {
      "id": 20007,
      "name": "Room # 3",
      "exits": {
        "South": 20003
      }
    },
    {
      "id": 20008,
      "name": "Room # 4",
      "exits": {
        "West": 20003
      }
    },
    {
      "id": 20009,
      "name": "Back Room",
      "exits": {
        "South": 20010,
        "West": 20000,
        "Down": 20011
      }
    },
    {
      "id": 20010,
      "name": "Innkeeper\u0027s Quarters",
      "exits": {
        "North": 20009
      }
    },
    {
      "id": 20011,
      "name": "Basement",
      "exits": {
        "Up": 20009
      }
    },
    {
      "id": 20012,
      "name": "The Red-Eyed Owl",
      "exits": {
        "North": 20013,
        "South": 20245
      }
    },
    {
      "id": 20013,
      "name": "Common Room",
      "exits": {
        "North": 20014,
        "East": 20015,
        "South": 20012
      }
    },
    {
      "id": 20014,
      "name": "Private Room",
      "exits": {
        "South": 20013
      }
    },
    {
      "id": 20015,
      "name": "The Back Room",
      "exits": {
        "North": 20016,
        "West": 20013,
        "Down": 20017
      }
    },
    {
      "id": 20016,
      "name": "Living Quarters",
      "exits": {
        "South": 20015
      }
    },
    {
      "id": 20017,
      "name": "Wine Cellar",
      "exits": {
        "North": 20018,
        "Up": 20015
      }
    },
    {
      "id": 20018,
      "name": "Storage Room",
      "exits": {
        "South": 20017
      }
    },
    {
      "id": 20019,
      "name": "The Sleepy Sylph",
      "exits": {
        "North": 20177,
        "South": 20020
      }
    },
    {
      "id": 20020,
      "name": "Common Room",
      "exits": {
        "North": 20019,
        "East": 20021,
        "South": 20022
      }
    },
    {
      "id": 20021,
      "name": "Private Room",
      "exits": {
        "West": 20020
      }
    },
    {
      "id": 20022,
      "name": "Back Room",
      "exits": {
        "North": 20020,
        "West": 20025,
        "Up": 20023,
        "Down": 20027
      }
    },
    {
      "id": 20023,
      "name": "Owner\u0027s Common Room",
      "exits": {
        "North": 20024,
        "South": 20026,
        "Up": 20029,
        "Down": 20022
      }
    },
    {
      "id": 20024,
      "name": "Owner\u0027s Bedroom",
      "exits": {
        "South": 20023
      }
    },
    {
      "id": 20025,
      "name": "Bedroom",
      "exits": {
        "East": 20022
      }
    },
    {
      "id": 20026,
      "name": "Bathroom",
      "exits": {
        "North": 20023
      }
    },
    {
      "id": 20027,
      "name": "Wine Cellar",
      "exits": {
        "South": 20028,
        "Up": 20022
      }
    },
    {
      "id": 20028,
      "name": "Storage",
      "exits": {
        "North": 20027
      }
    },
    {
      "id": 20029,
      "name": "Attic",
      "exits": {
        "Down": 20023
      }
    },
    {
      "id": 20030,
      "name": "Barracks",
      "exits": {
        "North": 20246,
        "South": 20031
      }
    },
    {
      "id": 20031,
      "name": "Lavatory",
      "exits": {
        "North": 20030
      }
    },
    {
      "id": 20032,
      "name": "Smithy",
      "exits": {
        "West": 20240
      }
    },
    {
      "id": 20033,
      "name": "Bell Tower",
      "exits": {
        "South": 20246
      }
    },
    {
      "id": 20034,
      "name": "Sheyrrhr\u0027s House Front Garden",
      "exits": {
        "East": 20035,
        "West": 20213
      }
    },
    {
      "id": 20035,
      "name": "Foyer",
      "exits": {
        "East": 20036,
        "West": 20034
      }
    },
    {
      "id": 20036,
      "name": "Small Common Room",
      "exits": {
        "East": 20037,
        "West": 20035
      }
    },
    {
      "id": 20037,
      "name": "Dining Room",
      "exits": {
        "East": 20045,
        "South": 20038,
        "West": 20036,
        "Up": 20039
      }
    },
    {
      "id": 20038,
      "name": "Large Common Room",
      "exits": {
        "North": 20037
      }
    },
    {
      "id": 20039,
      "name": "Landing",
      "exits": {
        "North": 20042,
        "East": 20040,
        "West": 20041,
        "Down": 20037
      }
    },
    {
      "id": 20040,
      "name": "Guest Bedroom",
      "exits": {
        "West": 20039
      }
    },
    {
      "id": 20041,
      "name": "Bathroom",
      "exits": {
        "East": 20039
      }
    },
    {
      "id": 20042,
      "name": "Master Bedroom",
      "exits": {
        "South": 20039,
        "Up": 20044
      }
    },
    {
      "id": 20043,
      "name": "Basement",
      "exits": {
        "South": 20046,
        "Up": 20045
      }
    },
    {
      "id": 20044,
      "name": "Attic",
      "exits": {
        "Down": 20042
      }
    },
    {
      "id": 20045,
      "name": "Kitchen",
      "exits": {
        "West": 20037,
        "Down": 20043
      }
    },
    {
      "id": 20046,
      "name": "Storage",
      "exits": {
        "North": 20043
      }
    },
    {
      "id": 20047,
      "name": "The Dragon\u0027s Head Entrance",
      "exits": {
        "East": 20048,
        "West": 20211
      }
    },
    {
      "id": 20048,
      "name": "Common Room",
      "exits": {
        "East": 20049,
        "West": 20047
      }
    },
    {
      "id": 20049,
      "name": "Dining Room",
      "exits": {
        "East": 20050,
        "West": 20048
      }
    },
    {
      "id": 20050,
      "name": "Kitchen",
      "exits": {
        "North": 20051,
        "West": 20049
      }
    },
    {
      "id": 20051,
      "name": "Storage",
      "exits": {
        "South": 20050
      }
    },
    {
      "id": 20052,
      "name": "The Elfstone Entrance",
      "exits": {
        "North": 20252,
        "South": 20053
      }
    },
    {
      "id": 20053,
      "name": "Common Room",
      "exits": {
        "North": 20052,
        "East": 20055,
        "South": 20056,
        "West": 20054
      }
    },
    {
      "id": 20054,
      "name": "Private Room # 1",
      "exits": {
        "East": 20053
      }
    },
    {
      "id": 20055,
      "name": "Private Room # 2",
      "exits": {
        "West": 20053
      }
    },
    {
      "id": 20056,
      "name": "Back Room",
      "exits": {
        "North": 20053,
        "East": 20057
      }
    },
    {
      "id": 20057,
      "name": "Storage",
      "exits": {
        "West": 20056
      }
    },
    {
      "id": 20058,
      "name": "Hilmer Warehouse",
      "exits": {
        "East": 20060,
        "South": 20059,
        "West": 20198
      }
    },
    {
      "id": 20059,
      "name": "Office",
      "exits": {
        "North": 20058,
        "East": 20063,
        "South": 20061
      }
    },
    {
      "id": 20060,
      "name": "Warehouse Floor",
      "exits": {
        "West": 20058
      }
    },
    {
      "id": 20061,
      "name": "Halls of Hilmer",
      "exits": {
        "North": 20059,
        "East": 20062,
        "West": 20199
      }
    },
    {
      "id": 20062,
      "name": "Work Area",
      "exits": {
        "West": 20061
      }
    },
    {
      "id": 20063,
      "name": "Quarters",
      "exits": {
        "West": 20059
      }
    },
    {
      "id": 20064,
      "name": "The Jade Jug Entrance",
      "exits": {
        "East": 20065,
        "West": 20267
      }
    },
    {
      "id": 20065,
      "name": "Common Room",
      "exits": {
        "East": 20066,
        "West": 20064,
        "Up": 20067
      }
    },
    {
      "id": 20066,
      "name": "Back Room",
      "exits": {
        "South": 20077,
        "West": 20065,
        "Down": 20078
      }
    },
    {
      "id": 20067,
      "name": "Hallway",
      "exits": {
        "East": 20070,
        "South": 20068,
        "West": 20071,
        "Down": 20065
      }
    },
    {
      "id": 20068,
      "name": "Middle of Hall",
      "exits": {
        "North": 20067,
        "East": 20072,
        "South": 20069,
        "West": 20073
      }
    },
    {
      "id": 20069,
      "name": "End of Hall",
      "exits": {
        "North": 20068,
        "East": 20074,
        "South": 20075,
        "West": 20076
      }
    },
    {
      "id": 20070,
      "name": "Room # 1",
      "exits": {
        "West": 20067
      }
    },
    {
      "id": 20071,
      "name": "Room # 7",
      "exits": {
        "East": 20067
      }
    },
    {
      "id": 20072,
      "name": "Room # 2",
      "exits": {
        "West": 20068
      }
    },
    {
      "id": 20073,
      "name": "Room # 6",
      "exits": {
        "East": 20068
      }
    },
    {
      "id": 20074,
      "name": "Room # 3",
      "exits": {
        "West": 20069
      }
    },
    {
      "id": 20075,
      "name": "Room # 4",
      "exits": {
        "North": 20069
      }
    },
    {
      "id": 20076,
      "name": "Room # 5",
      "exits": {
        "East": 20069
      }
    },
    {
      "id": 20077,
      "name": "Innkeeper\u0027s Quarters",
      "exits": {
        "North": 20066
      }
    },
    {
      "id": 20078,
      "name": "Basement",
      "exits": {
        "Up": 20066
      }
    },
    {
      "id": 20079,
      "name": "The Blue Jack Entrance",
      "exits": {
        "North": 20274,
        "South": 20080
      }
    },
    {
      "id": 20080,
      "name": "Common Room",
      "exits": {
        "North": 20079,
        "East": 20081,
        "South": 20082
      }
    },
    {
      "id": 20081,
      "name": "Small Common Room",
      "exits": {
        "West": 20080
      }
    },
    {
      "id": 20082,
      "name": "Back Room",
      "exits": {
        "North": 20080,
        "East": 20083,
        "Down": 20085
      }
    },
    {
      "id": 20083,
      "name": "Owner\u0027s Quarters",
      "exits": {
        "East": 20084,
        "West": 20082
      }
    },
    {
      "id": 20084,
      "name": "Bath Room",
      "exits": {
        "West": 20083
      }
    },
    {
      "id": 20085,
      "name": "Basement",
      "exits": {
        "Up": 20082
      }
    },
    {
      "id": 20086,
      "name": "The Pampered Traveler Entrance",
      "exits": {
        "North": 20087,
        "South": 20236
      }
    },
    {
      "id": 20087,
      "name": "Front Desk",
      "exits": {
        "North": 20089,
        "East": 20088,
        "South": 20086
      }
    },
    {
      "id": 20088,
      "name": "Manager\u0027s Quarters",
      "exits": {
        "West": 20087
      }
    },
    {
      "id": 20089,
      "name": "Lounge",
      "exits": {
        "North": 20097,
        "East": 20094,
        "South": 20087,
        "West": 20093
      }
    },
    {
      "id": 20090,
      "name": "Back Room",
      "exits": {
        "South": 20094,
        "Down": 20091
      }
    },
    {
      "id": 20091,
      "name": "Wine Cellar",
      "exits": {
        "North": 20092,
        "Up": 20090
      }
    },
    {
      "id": 20092,
      "name": "Storage",
      "exits": {
        "South": 20091
      }
    },
    {
      "id": 20093,
      "name": "Dining Room",
      "exits": {
        "North": 20095,
        "East": 20089
      }
    },
    {
      "id": 20094,
      "name": "Kitchen",
      "exits": {
        "North": 20090,
        "East": 20096,
        "West": 20089
      }
    },
    {
      "id": 20095,
      "name": "Smoking Room",
      "exits": {
        "South": 20093
      }
    },
    {
      "id": 20096,
      "name": "Laundry",
      "exits": {
        "West": 20094
      }
    },
    {
      "id": 20097,
      "name": "Library",
      "exits": {
        "South": 20089,
        "Up": 20098
      }
    },
    {
      "id": 20098,
      "name": "Beginning of Hall",
      "exits": {
        "East": 20104,
        "South": 20099,
        "West": 20105,
        "Down": 20097
      }
    },
    {
      "id": 20099,
      "name": "Hallway",
      "exits": {
        "North": 20098,
        "East": 20106,
        "South": 20100,
        "West": 20107
      }
    },
    {
      "id": 20100,
      "name": "Middle of Hall",
      "exits": {
        "North": 20099,
        "East": 20108,
        "South": 20101,
        "West": 20109
      }
    },
    {
      "id": 20101,
      "name": "Middle of Hall",
      "exits": {
        "North": 20100,
        "East": 20110,
        "South": 20102,
        "West": 20111
      }
    },
    {
      "id": 20102,
      "name": "Hallway",
      "exits": {
        "North": 20101,
        "East": 20112,
        "South": 20103,
        "West": 20113
      }
    },
    {
      "id": 20103,
      "name": "End of Hall",
      "exits": {
        "North": 20102,
        "East": 20114,
        "West": 20115,
        "Up": 20116
      }
    },
    {
      "id": 20104,
      "name": "Room # 1",
      "exits": {
        "West": 20098
      }
    },
    {
      "id": 20105,
      "name": "Bath Room",
      "exits": {
        "East": 20098
      }
    },
    {
      "id": 20106,
      "name": "Room # 2",
      "exits": {
        "West": 20099
      }
    },
    {
      "id": 20107,
      "name": "Room # 11",
      "exits": {
        "East": 20099
      }
    },
    {
      "id": 20108,
      "name": "Room # 3",
      "exits": {
        "West": 20100
      }
    },
    {
      "id": 20109,
      "name": "Room # 10",
      "exits": {
        "East": 20100
      }
    },
    {
      "id": 20110,
      "name": "Room # 4",
      "exits": {
        "West": 20101
      }
    },
    {
      "id": 20111,
      "name": "Room # 9",
      "exits": {
        "East": 20101
      }
    },
    {
      "id": 20112,
      "name": "Room # 5",
      "exits": {
        "West": 20102
      }
    },
    {
      "id": 20113,
      "name": "Room # 8",
      "exits": {
        "East": 20102
      }
    },
    {
      "id": 20114,
      "name": "Room # 6",
      "exits": {
        "West": 20103
      }
    },
    {
      "id": 20115,
      "name": "Room # 7",
      "exits": {
        "East": 20103
      }
    },
    {
      "id": 20116,
      "name": "Hallway",
      "exits": {
        "East": 20119,
        "South": 20117,
        "West": 20120,
        "Down": 20103
      }
    },
    {
      "id": 20117,
      "name": "Middle of Hall",
      "exits": {
        "North": 20116,
        "East": 20121,
        "South": 20118,
        "West": 20122
      }
    },
    {
      "id": 20118,
      "name": "End of Hall",
      "exits": {
        "North": 20117,
        "East": 20123,
        "West": 20124
      }
    },
    {
      "id": 20119,
      "name": "Room #12",
      "exits": {
        "West": 20116
      }
    },
    {
      "id": 20120,
      "name": "Bath Room",
      "exits": {
        "East": 20116
      }
    },
    {
      "id": 20121,
      "name": "Room # 13",
      "exits": {
        "West": 20117
      }
    },
    {
      "id": 20122,
      "name": "Room # 16",
      "exits": {
        "East": 20117
      }
    },
    {
      "id": 20123,
      "name": "Room # 14",
      "exits": {
        "West": 20118
      }
    },
    {
      "id": 20124,
      "name": "Room # 15",
      "exits": {
        "East": 20118
      }
    },
    {
      "id": 20125,
      "name": "Marblehearth Entrance",
      "exits": {
        "North": 20213,
        "South": 20126,
        "Up": 20132,
        "Down": 20133
      }
    },
    {
      "id": 20126,
      "name": "Common Room",
      "exits": {
        "North": 20125,
        "East": 20131,
        "South": 20127,
        "West": 20130
      }
    },
    {
      "id": 20127,
      "name": "Dining Room",
      "exits": {
        "North": 20126,
        "East": 20128,
        "Down": 20135
      }
    },
    {
      "id": 20128,
      "name": "Kitchen",
      "exits": {
        "West": 20127
      }
    },
    {
      "id": 20129,
      "name": "Bath Room",
      "exits": {
        "East": 20135
      }
    },
    {
      "id": 20130,
      "name": "Bedroom",
      "exits": {
        "East": 20126
      }
    },
    {
      "id": 20131,
      "name": "Bedroom",
      "exits": {
        "West": 20126
      }
    },
    {
      "id": 20132,
      "name": "Bedroom",
      "exits": {
        "Up": 20136,
        "Down": 20125
      }
    },
    {
      "id": 20133,
      "name": "Bedroom",
      "exits": {
        "Up": 20125
      }
    },
    {
      "id": 20134,
      "name": "Storage",
      "exits": {
        "West": 20135
      }
    },
    {
      "id": 20135,
      "name": "Basement",
      "exits": {
        "East": 20134,
        "West": 20129,
        "Up": 20127
      }
    },
    {
      "id": 20136,
      "name": "Attic",
      "exits": {
        "Down": 20132
      }
    },
    {
      "id": 20137,
      "name": "Stormwatch Entrance",
      "exits": {
        "North": 20142,
        "East": 20138,
        "South": 20143,
        "West": 20234
      }
    },
    {
      "id": 20138,
      "name": "Common Room",
      "exits": {
        "North": 20141,
        "East": 20144,
        "South": 20139,
        "West": 20137
      }
    },
    {
      "id": 20139,
      "name": "Dining Room",
      "exits": {
        "North": 20138,
        "East": 20140
      }
    },
    {
      "id": 20140,
      "name": "Kitchen",
      "exits": {
        "West": 20139,
        "Down": 20146
      }
    },
    {
      "id": 20141,
      "name": "Bath Room",
      "exits": {
        "South": 20138
      }
    },
    {
      "id": 20142,
      "name": "Bedroom",
      "exits": {
        "South": 20137
      }
    },
    {
      "id": 20143,
      "name": "Bedroom",
      "exits": {
        "North": 20137
      }
    },
    {
      "id": 20144,
      "name": "Bedroom",
      "exits": {
        "West": 20138,
        "Up": 20147
      }
    },
    {
      "id": 20145,
      "name": "Storage",
      "exits": {
        "North": 20146
      }
    },
    {
      "id": 20146,
      "name": "Basement",
      "exits": {
        "South": 20145,
        "Up": 20140
      }
    },
    {
      "id": 20147,
      "name": "Attic",
      "exits": {
        "Down": 20144
      }
    },
    {
      "id": 20148,
      "name": "Heroes\u0027 Rest Entrance",
      "exits": {
        "North": 20149,
        "East": 20154,
        "South": 20257,
        "West": 20153
      }
    },
    {
      "id": 20149,
      "name": "Common Room",
      "exits": {
        "North": 20150,
        "East": 20152,
        "South": 20148,
        "West": 20155
      }
    },
    {
      "id": 20150,
      "name": "Dining Room",
      "exits": {
        "East": 20151,
        "South": 20149,
        "Up": 20158
      }
    },
    {
      "id": 20151,
      "name": "Kitchen",
      "exits": {
        "West": 20150,
        "Down": 20157
      }
    },
    {
      "id": 20152,
      "name": "Bath Room",
      "exits": {
        "West": 20149
      }
    },
    {
      "id": 20153,
      "name": "Bedroom",
      "exits": {
        "East": 20148
      }
    },
    {
      "id": 20154,
      "name": "Bedroom",
      "exits": {
        "West": 20148
      }
    },
    {
      "id": 20155,
      "name": "Bedroom",
      "exits": {
        "East": 20149
      }
    },
    {
      "id": 20156,
      "name": "Storage",
      "exits": {
        "West": 20157
      }
    },
    {
      "id": 20157,
      "name": "Basement",
      "exits": {
        "East": 20156,
        "Up": 20151
      }
    },
    {
      "id": 20158,
      "name": "Attic",
      "exits": {
        "Down": 20150
      }
    },
    {
      "id": 20159,
      "name": "The Wandering Wemic Entrance",
      "exits": {
        "North": 20168,
        "East": 20263,
        "West": 20160
      }
    },
    {
      "id": 20160,
      "name": "Common Room",
      "exits": {
        "East": 20159,
        "Up": 20161
      }
    },
    {
      "id": 20161,
      "name": "Hallway",
      "exits": {
        "North": 20164,
        "South": 20163,
        "West": 20162,
        "Down": 20160
      }
    },
    {
      "id": 20162,
      "name": "End of Hall",
      "exits": {
        "North": 20167,
        "East": 20161,
        "South": 20165,
        "West": 20166
      }
    },
    {
      "id": 20163,
      "name": "Room # 1",
      "exits": {
        "North": 20161
      }
    },
    {
      "id": 20164,
      "name": "Room # 5",
      "exits": {
        "South": 20161
      }
    },
    {
      "id": 20165,
      "name": "Room # 2",
      "exits": {
        "North": 20162
      }
    },
    {
      "id": 20166,
      "name": "Room # 3",
      "exits": {
        "East": 20162
      }
    },
    {
      "id": 20167,
      "name": "Room # 4",
      "exits": {
        "South": 20162
      }
    },
    {
      "id": 20168,
      "name": "Back Room",
      "exits": {
        "South": 20159,
        "West": 20169,
        "Down": 20170
      }
    },
    {
      "id": 20169,
      "name": "Owner\u0027s Living Quarters",
      "exits": {
        "East": 20168
      }
    },
    {
      "id": 20170,
      "name": "Basement",
      "exits": {
        "Up": 20168
      }
    },
    {
      "id": 20171,
      "name": "Corner of North Street and Mandrake Avenue",
      "exits": {
        "East": 20172,
        "South": 20181
      }
    },
    {
      "id": 20172,
      "name": "North Street 100 Block",
      "exits": {
        "East": 20173,
        "South": 20291,
        "West": 20171
      }
    },
    {
      "id": 20173,
      "name": "Intersection of North Street and Dirk Lane",
      "exits": {
        "East": 20174,
        "South": 20196,
        "West": 20172
      }
    },
    {
      "id": 20174,
      "name": "North Street 300 Block",
      "exits": {
        "East": 20175,
        "West": 20173
      }
    },
    {
      "id": 20175,
      "name": "Northern Gate",
      "exits": {
        "East": 20176,
        "West": 20174
      }
    },
    {
      "id": 20176,
      "name": "North Street 500 Block",
      "exits": {
        "East": 20177,
        "West": 20175
      }
    },
    {
      "id": 20177,
      "name": "North Street 600 Block",
      "exits": {
        "East": 20178,
        "South": 20019,
        "West": 20176
      }
    },
    {
      "id": 20178,
      "name": "North Street 700 Block",
      "exits": {
        "East": 20179,
        "West": 20177
      }
    },
    {
      "id": 20179,
      "name": "Intersection of North Street and Blue Drake Road",
      "exits": {
        "East": 20180,
        "South": 20210,
        "West": 20178
      }
    },
    {
      "id": 20180,
      "name": "Corner of North Street and Grehyton Road",
      "exits": {
        "South": 20214,
        "West": 20179
      }
    },
    {
      "id": 20181,
      "name": "Mandrake Avenue 100 Block",
      "exits": {
        "North": 20171,
        "East": 20291,
        "South": 20182
      }
    },
    {
      "id": 20182,
      "name": "Intersection of Mandrake Avenue and Storm Crest Avenue",
      "exits": {
        "North": 20181,
        "East": 20201,
        "South": 20183
      }
    },
    {
      "id": 20183,
      "name": "Mandrake Avenue 300 Block",
      "exits": {
        "North": 20182,
        "South": 20184
      }
    },
    {
      "id": 20184,
      "name": "Intersection of Mandrake Avenue and Dirk Lane",
      "exits": {
        "North": 20183,
        "East": 20200,
        "South": 20185
      }
    },
    {
      "id": 20185,
      "name": "Mandrake Avenue 500 Block",
      "exits": {
        "North": 20184,
        "South": 20186
      }
    },
    {
      "id": 20186,
      "name": "Mandrake Avenue 600 Block",
      "exits": {
        "North": 20185,
        "South": 20187
      }
    },
    {
      "id": 20187,
      "name": "Intersection of Mandrake Avenue and Dungeon Drive",
      "exits": {
        "North": 20186,
        "East": 20245,
        "South": 20188
      }
    },
    {
      "id": 20188,
      "name": "Mandrake Avenue 800 Block",
      "exits": {
        "North": 20187,
        "East": 20297,
        "South": 20189
      }
    },
    {
      "id": 20189,
      "name": "Intersection of Mandrake Avenue and Riverfront Way",
      "exits": {
        "North": 20188,
        "East": 20253,
        "South": 20190
      }
    },
    {
      "id": 20190,
      "name": "Mandrake Avenue on the Durgas River Bridge",
      "exits": {
        "North": 20189,
        "South": 20191
      }
    },
    {
      "id": 20191,
      "name": "Intersection of Mandrake Avenue and South Bank Drive",
      "exits": {
        "North": 20190,
        "East": 20258,
        "South": 20192
      }
    },
    {
      "id": 20192,
      "name": "Mandrake Avenue 1100 Block",
      "exits": {
        "North": 20191,
        "South": 20193
      }
    },
    {
      "id": 20193,
      "name": "Mandrake Avenue 1200 Block",
      "exits": {
        "North": 20192,
        "South": 20194
      }
    },
    {
      "id": 20194,
      "name": "Mandrake Avenue 1300 Block",
      "exits": {
        "North": 20193,
        "South": 20195
      }
    },
    {
      "id": 20195,
      "name": "Corner of Mandrake Avenue and Calinth Way",
      "exits": {
        "North": 20194,
        "East": 20266
      }
    },
    {
      "id": 20196,
      "name": "Dirk Lane 100 Block",
      "exits": {
        "North": 20173,
        "South": 20197
      }
    },
    {
      "id": 20197,
      "name": "Intersection of Storm Crest Avenue and Dirk Lane",
      "exits": {
        "North": 20196,
        "East": 20202,
        "South": 20198,
        "West": 20201
      }
    },
    {
      "id": 20198,
      "name": "Dirk Lane 300 Block",
      "exits": {
        "North": 20197,
        "East": 20058,
        "South": 20199
      }
    },
    {
      "id": 20199,
      "name": "Dirk Lane 400 Block",
      "exits": {
        "North": 20198,
        "East": 20061,
        "West": 20200
      }
    },
    {
      "id": 20200,
      "name": "Dirk Lane 500 Block",
      "exits": {
        "North": 20000,
        "East": 20199,
        "West": 20184
      }
    },
    {
      "id": 20201,
      "name": "Storm Crest Avenue 100 Block",
      "exits": {
        "East": 20197,
        "West": 20182
      }
    },
    {
      "id": 20202,
      "name": "Storm Crest Avenue 300 Block",
      "exits": {
        "East": 20203,
        "West": 20197
      }
    },
    {
      "id": 20203,
      "name": "Storm Crest Avenue 400 Block",
      "exits": {
        "East": 20204,
        "South": 20228,
        "West": 20202
      }
    },
    {
      "id": 20204,
      "name": "Storm Crest Avenue 500 Block",
      "exits": {
        "East": 20205,
        "South": 20302,
        "West": 20203
      }
    },
    {
      "id": 20205,
      "name": "Intersection of Storm Crest Avenue and Grayford Lane",
      "exits": {
        "East": 20206,
        "South": 20231,
        "West": 20204
      }
    },
    {
      "id": 20206,
      "name": "Storm Crest Avenue 700 Block",
      "exits": {
        "East": 20207,
        "West": 20205
      }
    },
    {
      "id": 20207,
      "name": "Intersection of Storm Crest Avenue and Blue Drake Road",
      "exits": {
        "North": 20210,
        "East": 20208,
        "South": 20211,
        "West": 20206
      }
    },
    {
      "id": 20208,
      "name": "Storm Crest Avenue 900 Block",
      "exits": {
        "East": 20209,
        "West": 20207
      }
    },
    {
      "id": 20209,
      "name": "Intersection of Grehyton Road and Storm Crest Avenue",
      "exits": {
        "North": 20214,
        "South": 20215,
        "West": 20208
      }
    },
    {
      "id": 20210,
      "name": "Blue Drake Road 100 Block",
      "exits": {
        "North": 20179,
        "East": 20284,
        "South": 20207
      }
    },
    {
      "id": 20211,
      "name": "Blue Drake Road 300 Block",
      "exits": {
        "North": 20207,
        "East": 20047,
        "South": 20212
      }
    },
    {
      "id": 20212,
      "name": "Intersection of Blue Drake Road and Gables Place",
      "exits": {
        "North": 20211,
        "East": 20238,
        "South": 20213,
        "West": 20237
      }
    },
    {
      "id": 20213,
      "name": "End of Blue Drake Road 500 Block",
      "exits": {
        "North": 20212,
        "East": 20034,
        "South": 20125
      }
    },
    {
      "id": 20214,
      "name": "Grehyton Road 100 Block",
      "exits": {
        "North": 20180,
        "South": 20209,
        "West": 20284
      }
    },
    {
      "id": 20215,
      "name": "Grehyton Road 300 Block",
      "exits": {
        "North": 20209,
        "South": 20216
      }
    },
    {
      "id": 20216,
      "name": "Intersection of Grehyton Road and Gables Place",
      "exits": {
        "North": 20215,
        "South": 20217,
        "West": 20238
      }
    },
    {
      "id": 20217,
      "name": "Grehyton Road 500 Block",
      "exits": {
        "North": 20216,
        "South": 20218
      }
    },
    {
      "id": 20218,
      "name": "Grehyton Road 600 Block",
      "exits": {
        "North": 20217,
        "South": 20219
      }
    },
    {
      "id": 20219,
      "name": "Intersection of Grehyton Road and Dungeon Drive",
      "exits": {
        "North": 20218,
        "South": 20220,
        "West": 20248
      }
    },
    {
      "id": 20220,
      "name": "Grehyton Road 800 Block",
      "exits": {
        "North": 20219,
        "South": 20221,
        "West": 20306
      }
    },
    {
      "id": 20221,
      "name": "Intersection of Grehyton Road and Riverfront Way",
      "exits": {
        "North": 20220,
        "South": 20222,
        "West": 20250
      }
    },
    {
      "id": 20222,
      "name": "Grehyton Road on Leherak Bridge",
      "exits": {
        "North": 20221,
        "South": 20223
      }
    },
    {
      "id": 20223,
      "name": "Intersection of Grehyton Road and South Bank Drive",
      "exits": {
        "North": 20222,
        "South": 20224,
        "West": 20252
      }
    },
    {
      "id": 20224,
      "name": "Grehyton Road 1000 Block",
      "exits": {
        "North": 20223,
        "South": 20225
      }
    },
    {
      "id": 20225,
      "name": "The East Gate Of Calinth",
      "exits": {
        "North": 20224,
        "South": 20226,
        "West": 20274
      }
    },
    {
      "id": 20226,
      "name": "Grehyton Road 1300 Block",
      "exits": {
        "North": 20225,
        "South": 20227
      }
    },
    {
      "id": 20227,
      "name": "Corner of Grehyton Road and Calinth Way",
      "exits": {
        "North": 20226,
        "West": 20278
      }
    },
    {
      "id": 20228,
      "name": "North Storm Crest Alley",
      "exits": {
        "North": 20203,
        "South": 20229
      }
    },
    {
      "id": 20229,
      "name": "South Storm Crest Alley",
      "exits": {
        "North": 20228,
        "South": 20230
      }
    },
    {
      "id": 20230,
      "name": "Colton Circle 300 Block",
      "exits": {
        "North": 20229,
        "East": 20242,
        "West": 20241
      }
    },
    {
      "id": 20231,
      "name": "Grayford Lane 100 Block",
      "exits": {
        "North": 20205,
        "South": 20232
      }
    },
    {
      "id": 20232,
      "name": "Intersection of Grayford Lane and Gables Place",
      "exits": {
        "North": 20231,
        "East": 20237,
        "South": 20233,
        "West": 20236
      }
    },
    {
      "id": 20233,
      "name": "Grayford Lane 300 Block",
      "exits": {
        "North": 20232,
        "South": 20234
      }
    },
    {
      "id": 20234,
      "name": "Grayford Lane 400 Block",
      "exits": {
        "North": 20233,
        "East": 20137,
        "South": 20235
      }
    },
    {
      "id": 20235,
      "name": "Intersection of Dungeon Drive and End of Grayford Lane",
      "exits": {
        "North": 20234,
        "East": 20248,
        "West": 20247
      }
    },
    {
      "id": 20236,
      "name": "End of Gables Place 500 Block",
      "exits": {
        "North": 20086,
        "East": 20232
      }
    },
    {
      "id": 20237,
      "name": "Gables Place 300 Block",
      "exits": {
        "East": 20212,
        "West": 20232
      }
    },
    {
      "id": 20238,
      "name": "Gables Place 100 Block",
      "exits": {
        "East": 20216,
        "West": 20212
      }
    },
    {
      "id": 20239,
      "name": "Intersection of Dungeon Drive and Colton Circle",
      "exits": {
        "North": 20240,
        "East": 20246,
        "West": 20245
      }
    },
    {
      "id": 20240,
      "name": "Colton Circle 100 Block",
      "exits": {
        "North": 20241,
        "East": 20032,
        "South": 20239
      }
    },
    {
      "id": 20241,
      "name": "Colton Circle 200 Block",
      "exits": {
        "East": 20230,
        "South": 20240,
        "West": 20318
      }
    },
    {
      "id": 20242,
      "name": "Colton Circle 400 Block",
      "exits": {
        "North": 20314,
        "South": 20243,
        "West": 20230
      }
    },
    {
      "id": 20243,
      "name": "Colton Circle 500 Block",
      "exits": {
        "North": 20242,
        "South": 20244
      }
    },
    {
      "id": 20244,
      "name": "Intersection of Dungeon Drive and End of Colton Circle",
      "exits": {
        "North": 20243,
        "East": 20247,
        "West": 20246
      }
    },
    {
      "id": 20245,
      "name": "Dungeon Drive 100 Block",
      "exits": {
        "North": 20012,
        "East": 20239,
        "West": 20187
      }
    },
    {
      "id": 20246,
      "name": "Dungeon Drive 300 Block",
      "exits": {
        "North": 20033,
        "East": 20244,
        "South": 20030,
        "West": 20239
      }
    },
    {
      "id": 20247,
      "name": "Dungeon Drive 500 Block",
      "exits": {
        "East": 20235,
        "South": 20319,
        "West": 20244
      }
    },
    {
      "id": 20248,
      "name": "Intersection of Dungeon Drive and Doorstop Drive",
      "exits": {
        "East": 20219,
        "South": 20249,
        "West": 20235
      }
    },
    {
      "id": 20249,
      "name": "Doorstop Drive 100 Block",
      "exits": {
        "North": 20248,
        "South": 20250,
        "West": 20326
      }
    },
    {
      "id": 20250,
      "name": "Intersection of Riverfront Way and Doorstop Drive",
      "exits": {
        "North": 20249,
        "East": 20221,
        "South": 20251,
        "West": 20257
      }
    },
    {
      "id": 20251,
      "name": "Doorstop Drive on Xavumeer Bridge",
      "exits": {
        "North": 20250,
        "South": 20252
      }
    },
    {
      "id": 20252,
      "name": "Intersection of South Bank Drive and End of Doorstop Drive",
      "exits": {
        "North": 20251,
        "East": 20223,
        "South": 20052,
        "West": 20262
      }
    },
    {
      "id": 20253,
      "name": "Riverfront Way 100 Block",
      "exits": {
        "East": 20254,
        "West": 20189
      }
    },
    {
      "id": 20254,
      "name": "Riverfront Way 200 Block",
      "exits": {
        "East": 20255,
        "West": 20253
      }
    },
    {
      "id": 20255,
      "name": "Riverfront Way 300 Block",
      "exits": {
        "East": 20256,
        "West": 20254
      }
    },
    {
      "id": 20256,
      "name": "Riverfront Way 400 Block",
      "exits": {
        "East": 20257,
        "West": 20255
      }
    },
    {
      "id": 20257,
      "name": "Riverfront Way 500 Block",
      "exits": {
        "North": 20148,
        "East": 20250,
        "West": 20256
      }
    },
    {
      "id": 20258,
      "name": "Intersection of South Bank Drive and Hedram Place",
      "exits": {
        "East": 20259,
        "South": 20263,
        "West": 20191
      }
    },
    {
      "id": 20259,
      "name": "South Bank Drive 200 Block",
      "exits": {
        "East": 20260,
        "West": 20258
      }
    },
    {
      "id": 20260,
      "name": "South Bank Drive 300 Block",
      "exits": {
        "East": 20261,
        "South": 20310,
        "West": 20259
      }
    },
    {
      "id": 20261,
      "name": "Intersection of South Bank Drive and Forworth Boulevard",
      "exits": {
        "East": 20262,
        "South": 20267,
        "West": 20260
      }
    },
    {
      "id": 20262,
      "name": "South Bank Drive 500 Block",
      "exits": {
        "East": 20252,
        "West": 20261
      }
    },
    {
      "id": 20263,
      "name": "Hedram Place 100 Block",
      "exits": {
        "North": 20258,
        "South": 20264,
        "West": 20159
      }
    },
    {
      "id": 20264,
      "name": "Intersection of Troll Street and Hedram Place",
      "exits": {
        "North": 20263,
        "East": 20271,
        "South": 20265
      }
    },
    {
      "id": 20265,
      "name": "Hedram Place 300 Block",
      "exits": {
        "North": 20264,
        "South": 20266
      }
    },
    {
      "id": 20266,
      "name": "Intersection of Calinth Way and Hedram Place",
      "exits": {
        "North": 20265,
        "East": 20275,
        "West": 20195
      }
    },
    {
      "id": 20267,
      "name": "Forworth Boulevard 100 Block",
      "exits": {
        "North": 20261,
        "East": 20064,
        "South": 20268
      }
    },
    {
      "id": 20268,
      "name": "Intersection of Troll Street and Forworth Boulevard",
      "exits": {
        "North": 20267,
        "East": 20273,
        "South": 20269,
        "West": 20272
      }
    },
    {
      "id": 20269,
      "name": "Forworth Boulevard 300 Block",
      "exits": {
        "North": 20268,
        "South": 20270
      }
    },
    {
      "id": 20270,
      "name": "Intersection of Calinth Way and Forworth Boulevard",
      "exits": {
        "North": 20269,
        "East": 20277,
        "West": 20276
      }
    },
    {
      "id": 20271,
      "name": "Troll Street 100 Block",
      "exits": {
        "East": 20272,
        "South": 20279,
        "West": 20264
      }
    },
    {
      "id": 20272,
      "name": "Troll Street 200 Block",
      "exits": {
        "East": 20268,
        "West": 20271
      }
    },
    {
      "id": 20273,
      "name": "Troll Street 400 Block",
      "exits": {
        "East": 20274,
        "West": 20268
      }
    },
    {
      "id": 20274,
      "name": "Troll Street 500 Block",
      "exits": {
        "East": 20225,
        "South": 20079,
        "West": 20273
      }
    },
    {
      "id": 20275,
      "name": "Calinth Way 200 Block",
      "exits": {
        "East": 20276,
        "West": 20266
      }
    },
    {
      "id": 20276,
      "name": "Calinth Way 300 Block",
      "exits": {
        "East": 20270,
        "West": 20275
      }
    },
    {
      "id": 20277,
      "name": "Calinth Way 500 Block",
      "exits": {
        "North": 20285,
        "East": 20278,
        "West": 20270
      }
    },
    {
      "id": 20278,
      "name": "Calinth Way 600 Block",
      "exits": {
        "East": 20227,
        "West": 20277
      }
    },
    {
      "id": 20279,
      "name": "Riautar\u0027s Weaponry",
      "exits": {
        "North": 20271,
        "East": 20280,
        "South": 20281
      }
    },
    {
      "id": 20280,
      "name": "Storage Room",
      "exits": {
        "West": 20279
      }
    },
    {
      "id": 20281,
      "name": "Common Room",
      "exits": {
        "North": 20279,
        "East": 20282,
        "South": 20283
      }
    },
    {
      "id": 20282,
      "name": "Riautar\u0027s Bedroom",
      "exits": {
        "West": 20281
      }
    },
    {
      "id": 20283,
      "name": "Office",
      "exits": {
        "North": 20281
      }
    },
    {
      "id": 20284,
      "name": "Warriors of Calinth Monument Plaza",
      "exits": {
        "East": 20214,
        "West": 20210
      }
    },
    {
      "id": 20285,
      "name": "Melgard\u0027s Fine Leather",
      "exits": {
        "North": 20286,
        "East": 20288,
        "South": 20277
      }
    },
    {
      "id": 20286,
      "name": "Leather Making Area",
      "exits": {
        "South": 20285,
        "West": 20287
      }
    },
    {
      "id": 20287,
      "name": "Storage",
      "exits": {
        "East": 20286
      }
    },
    {
      "id": 20288,
      "name": "Common Room",
      "exits": {
        "North": 20289,
        "East": 20290,
        "West": 20285
      }
    },
    {
      "id": 20289,
      "name": "Bedroom",
      "exits": {
        "South": 20288
      }
    },
    {
      "id": 20290,
      "name": "Kitchen and Dining Area",
      "exits": {
        "West": 20288
      }
    },
    {
      "id": 20291,
      "name": "Bath House Atrium",
      "exits": {
        "North": 20172,
        "East": 20293,
        "South": 20292,
        "West": 20181
      }
    },
    {
      "id": 20292,
      "name": "Fountain Garden",
      "exits": {
        "North": 20291
      }
    },
    {
      "id": 20293,
      "name": "Changing Room",
      "exits": {
        "East": 20294,
        "West": 20291
      }
    },
    {
      "id": 20294,
      "name": "Main Pool Side",
      "exits": {
        "North": 20295,
        "East": 20296,
        "West": 20293,
        "Down": 20331
      }
    },
    {
      "id": 20295,
      "name": "Small, Heated, Bubbling Pool",
      "exits": {
        "South": 20294
      }
    },
    {
      "id": 20296,
      "name": "Steam Room",
      "exits": {
        "West": 20294
      }
    },
    {
      "id": 20297,
      "name": "First Bank of Calinth",
      "exits": {
        "East": 20299,
        "South": 20298,
        "West": 20188
      }
    },
    {
      "id": 20298,
      "name": "Loan Agent",
      "exits": {
        "North": 20297,
        "South": 20300
      }
    },
    {
      "id": 20299,
      "name": "Clerk\u0027s Window",
      "exits": {
        "East": 20301,
        "West": 20297
      }
    },
    {
      "id": 20300,
      "name": "Manager\u0027s Office",
      "exits": {
        "North": 20298
      }
    },
    {
      "id": 20301,
      "name": "Vault",
      "exits": {
        "West": 20299
      }
    },
    {
      "id": 20302,
      "name": "Palauvir\u0027s Counter",
      "exits": {
        "North": 20204,
        "South": 20303
      }
    },
    {
      "id": 20303,
      "name": "Back Room",
      "exits": {
        "North": 20302,
        "East": 20305,
        "West": 20304
      }
    },
    {
      "id": 20304,
      "name": "Quarters",
      "exits": {
        "East": 20303
      }
    },
    {
      "id": 20305,
      "name": "Storage",
      "exits": {
        "West": 20303
      }
    },
    {
      "id": 20306,
      "name": "Khostall Hanuss, Fine Nuts",
      "exits": {
        "East": 20220,
        "South": 20307
      }
    },
    {
      "id": 20307,
      "name": "Back Room",
      "exits": {
        "North": 20306,
        "East": 20308,
        "West": 20309
      }
    },
    {
      "id": 20308,
      "name": "Quarters",
      "exits": {
        "West": 20307
      }
    },
    {
      "id": 20309,
      "name": "Storage",
      "exits": {
        "East": 20307
      }
    },
    {
      "id": 20310,
      "name": "The Slaughterhouse",
      "exits": {
        "North": 20260,
        "South": 20311
      }
    },
    {
      "id": 20311,
      "name": "Back Room",
      "exits": {
        "North": 20310,
        "East": 20313,
        "West": 20312
      }
    },
    {
      "id": 20312,
      "name": "Storage",
      "exits": {
        "East": 20311
      }
    },
    {
      "id": 20313,
      "name": "Quarters",
      "exits": {
        "West": 20311
      }
    },
    {
      "id": 20314,
      "name": "Rahib\u0027s Jewels",
      "exits": {
        "North": 20315,
        "South": 20242
      }
    },
    {
      "id": 20315,
      "name": "Back Room",
      "exits": {
        "North": 20317,
        "East": 20316,
        "South": 20314
      }
    },
    {
      "id": 20316,
      "name": "Storage",
      "exits": {
        "West": 20315
      }
    },
    {
      "id": 20317,
      "name": "Quarters",
      "exits": {
        "South": 20315
      }
    },
    {
      "id": 20318,
      "name": "The Captain\u0027s Office",
      "exits": {
        "East": 20241
      }
    },
    {
      "id": 20319,
      "name": "Jail House",
      "exits": {
        "North": 20247,
        "East": 20320,
        "South": 20321,
        "West": 20322
      }
    },
    {
      "id": 20320,
      "name": "Office",
      "exits": {
        "West": 20319
      }
    },
    {
      "id": 20321,
      "name": "Interrogation Area",
      "exits": {
        "North": 20319,
        "East": 20325,
        "South": 20324,
        "West": 20323
      }
    },
    {
      "id": 20322,
      "name": "Large Common Cell",
      "exits": {
        "East": 20319
      }
    },
    {
      "id": 20323,
      "name": "Cell #1",
      "exits": {
        "East": 20321
      }
    },
    {
      "id": 20324,
      "name": "Cell #2",
      "exits": {
        "North": 20321
      }
    },
    {
      "id": 20325,
      "name": "Cell #3",
      "exits": {
        "West": 20321
      }
    },
    {
      "id": 20326,
      "name": "Tuck\u0027s Store",
      "exits": {
        "East": 20249,
        "West": 20327
      }
    },
    {
      "id": 20327,
      "name": "Back Room",
      "exits": {
        "North": 20329,
        "East": 20326,
        "West": 20328
      }
    },
    {
      "id": 20328,
      "name": "Storage",
      "exits": {
        "East": 20327
      }
    },
    {
      "id": 20329,
      "name": "Quarters",
      "exits": {
        "South": 20327
      }
    },
    {
      "id": 20330,
      "name": "MOB Storage Room",
      "exits": {}
    },
    {
      "id": 20331,
      "name": "In the Main Pool",
      "exits": {
        "Up": 20294
      }
    }
  ]
}