{
  "name": "Camelot",
  "buildOptions": {
    "maxSteps": 1000,
    "fixObstacles": true,
    "fixNonStraight": true,
    "fixIntersected": true,
    "compactMap": true,
    "addDebugInfo": false,
    "colorizeConnectionIssues": true
  },
  "rooms": [
    {
      "id": 20900,
      "name": "A Marble Road",
      "exits": {
        "South": 20901
      }
    },
    {
      "id": 20901,
      "name": "A Marble Road",
      "exits": {
        "North": 20900,
        "South": 20902
      }
    },
    {
      "id": 20902,
      "name": "Entrance Hall",
      "exits": {
        "North": 20901,
        "East": 20903,
        "South": 20919,
        "West": 20911
      }
    },
    {
      "id": 20903,
      "name": "Rose Hall",
      "exits": {
        "East": 20904,
        "South": 20905,
        "West": 20902
      }
    },
    {
      "id": 20904,
      "name": "Rose Mess Hall",
      "exits": {
        "West": 20903
      }
    },
    {
      "id": 20905,
      "name": "Rose Hall",
      "exits": {
        "North": 20903,
        "East": 20906
      }
    },
    {
      "id": 20906,
      "name": "Rose Hall",
      "exits": {
        "East": 20907,
        "West": 20905
      }
    },
    {
      "id": 20907,
      "name": "Rose Hall",
      "exits": {
        "North": 20910,
        "East": 20908,
        "West": 20906
      }
    },
    {
      "id": 20908,
      "name": "Rose Barracks",
      "exits": {
        "North": 20909,
        "West": 20907
      }
    },
    {
      "id": 20909,
      "name": "Rose Barracks",
      "exits": {
        "South": 20908
      }
    },
    {
      "id": 20910,
      "name": "Officer\u0027s Quarters",
      "exits": {
        "South": 20907
      }
    },
    {
      "id": 20911,
      "name": "Dragon Hall",
      "exits": {
        "East": 20902,
        "South": 20913,
        "West": 20912
      }
    },
    {
      "id": 20912,
      "name": "Dragon\u0027s Mess Hall",
      "exits": {
        "East": 20911
      }
    },
    {
      "id": 20913,
      "name": "Dragon Hall",
      "exits": {
        "North": 20911,
        "West": 20914
      }
    },
    {
      "id": 20914,
      "name": "Dragon Hall",
      "exits": {
        "East": 20913,
        "West": 20915
      }
    },
    {
      "id": 20915,
      "name": "Dragon Hall",
      "exits": {
        "North": 20916,
        "East": 20914,
        "West": 20917
      }
    },
    {
      "id": 20916,
      "name": "Officer\u0027s Quarters",
      "exits": {
        "South": 20915
      }
    },
    {
      "id": 20917,
      "name": "Dragon Barracks",
      "exits": {
        "North": 20918,
        "East": 20915
      }
    },
    {
      "id": 20918,
      "name": "Dragon Barracks",
      "exits": {
        "South": 20917
      }
    },
    {
      "id": 20919,
      "name": "Main Hall",
      "exits": {
        "North": 20902,
        "South": 20920
      }
    },
    {
      "id": 20920,
      "name": "Main Hall",
      "exits": {
        "North": 20919,
        "South": 20921
      }
    },
    {
      "id": 20921,
      "name": "Main Hall",
      "exits": {
        "North": 20920,
        "East": 20930,
        "South": 20938,
        "West": 20922
      }
    },
    {
      "id": 20922,
      "name": "Chapel Hall",
      "exits": {
        "North": 20923,
        "East": 20921,
        "West": 20925
      }
    },
    {
      "id": 20923,
      "name": "Sitting Room",
      "exits": {
        "South": 20922,
        "West": 20924
      }
    },
    {
      "id": 20924,
      "name": "Father Benedict\u0027s Bedroom",
      "exits": {
        "East": 20923
      }
    },
    {
      "id": 20925,
      "name": "Chapel Hall",
      "exits": {
        "East": 20922,
        "West": 20926
      }
    },
    {
      "id": 20926,
      "name": "Chapel Hall",
      "exits": {
        "East": 20925,
        "West": 20927
      }
    },
    {
      "id": 20927,
      "name": "Chapel Entrance",
      "exits": {
        "North": 20928,
        "East": 20926
      }
    },
    {
      "id": 20928,
      "name": "Chapel",
      "exits": {
        "East": 20929,
        "South": 20927
      }
    },
    {
      "id": 20929,
      "name": "Confessional",
      "exits": {
        "West": 20928
      }
    },
    {
      "id": 20930,
      "name": "Servant\u0027s Hall",
      "exits": {
        "North": 20931,
        "East": 20932,
        "West": 20921
      }
    },
    {
      "id": 20931,
      "name": "Servant\u0027s Quarters",
      "exits": {
        "South": 20930
      }
    },
    {
      "id": 20932,
      "name": "Servant\u0027s Hallway",
      "exits": {
        "North": 20933,
        "East": 20934,
        "West": 20930
      }
    },
    {
      "id": 20933,
      "name": "Cook\u0027s Quarters",
      "exits": {
        "South": 20932
      }
    },
    {
      "id": 20934,
      "name": "Servant\u0027s Hallway",
      "exits": {
        "North": 20936,
        "East": 20935,
        "West": 20932
      }
    },
    {
      "id": 20935,
      "name": "Storage Room",
      "exits": {
        "West": 20934
      }
    },
    {
      "id": 20936,
      "name": "Kitchen",
      "exits": {
        "East": 20937,
        "South": 20934
      }
    },
    {
      "id": 20937,
      "name": "Kitchen",
      "exits": {
        "West": 20936
      }
    },
    {
      "id": 20938,
      "name": "Main Hall",
      "exits": {
        "North": 20921,
        "South": 20939
      }
    },
    {
      "id": 20939,
      "name": "Throne Room",
      "exits": {
        "North": 20938,
        "East": 20940
      }
    },
    {
      "id": 20940,
      "name": "Queen\u0027s Hall",
      "exits": {
        "East": 20941,
        "West": 20939
      }
    },
    {
      "id": 20941,
      "name": "Queen\u0027s Hall",
      "exits": {
        "North": 20942,
        "East": 20945,
        "West": 20940
      }
    },
    {
      "id": 20942,
      "name": "Private Dining Room",
      "exits": {
        "South": 20941,
        "West": 20943
      }
    },
    {
      "id": 20943,
      "name": "Private Council Chamber",
      "exits": {
        "East": 20942
      }
    },
    {
      "id": 20944,
      "name": "Queen\u0027s Council Chamber",
      "exits": {
        "West": 20945
      }
    },
    {
      "id": 20945,
      "name": "Queen\u0027s Hall",
      "exits": {
        "North": 20946,
        "East": 20944,
        "West": 20941
      }
    },
    {
      "id": 20946,
      "name": "Dining Hall",
      "exits": {
        "East": 20947,
        "South": 20945
      }
    },
    {
      "id": 20947,
      "name": "Drinking Lounge",
      "exits": {
        "West": 20946
      }
    },
    {
      "id": 20948,
      "name": "King\u0027s Hall",
      "exits": {
        "North": 20949,
        "East": 20939,
        "West": 20950
      }
    },
    {
      "id": 20949,
      "name": "Round Table",
      "exits": {
        "South": 20948
      }
    },
    {
      "id": 20950,
      "name": "King\u0027s Hall",
      "exits": {
        "North": 20951,
        "East": 20948,
        "West": 20952
      }
    },
    {
      "id": 20951,
      "name": "King\u0027s Bedchamber",
      "exits": {
        "South": 20950
      }
    },
    {
      "id": 20952,
      "name": "King\u0027s Hall",
      "exits": {
        "North": 20953,
        "East": 20950,
        "West": 20954
      }
    },
    {
      "id": 20953,
      "name": "Merlin\u0027s Laboratory",
      "exits": {
        "South": 20952
      }
    },
    {
      "id": 20954,
      "name": "King\u0027s Hallway",
      "exits": {
        "North": 20955,
        "East": 20952
      }
    },
    {
      "id": 20955,
      "name": "Queen\u0027s Bedchamber",
      "exits": {
        "South": 20954
      }
    },
    {
      "id": 20987,
      "name": "Nimue\u0027s Room",
      "exits": {}
    },
    {
      "id": 20994,
      "name": "Healer\u0027s Room",
      "exits": {}
    },
    {
      "id": 20995,
      "name": "Raven\u0027s Room",
      "exits": {}
    },
    {
      "id": 20997,
      "name": "Pkill Arena",
      "exits": {}
    },
    {
      "id": 20998,
      "name": "Pkill Arena",
      "exits": {}
    },
    {
      "id": 20999,
      "name": "Rose Clan Vestibule",
      "exits": {}
    }
  ]
}