{
  "name": "Castle of Giants",
  "buildOptions": {
    "maxSteps": 1000,
    "fixObstacles": true,
    "fixNonStraight": true,
    "fixIntersected": true,
    "compactMap": true,
    "addDebugInfo": false,
    "colorizeConnectionIssues": true
  },
  "rooms": [
    {
      "id": 13000,
      "name": "A dusty path",
      "exits": {
        "North": 13001,
        "South": 19677
      }
    },
    {
      "id": 13001,
      "name": "A dusty path",
      "exits": {
        "North": 13002,
        "South": 13000
      }
    },
    {
      "id": 13002,
      "name": "A peaceful clearing",
      "exits": {
        "North": 13003,
        "South": 13001
      }
    },
    {
      "id": 13003,
      "name": "Before the Castle of the Giants",
      "exits": {
        "North": 13004,
        "South": 13002
      }
    },
    {
      "id": 13004,
      "name": "Just inside the Castle",
      "exits": {
        "East": 13011,
        "South": 13003,
        "West": 13005
      }
    },
    {
      "id": 13005,
      "name": "A hallway in the castle",
      "exits": {
        "East": 13004,
        "West": 13006
      }
    },
    {
      "id": 13006,
      "name": "A hallway in the castle",
      "exits": {
        "East": 13005,
        "West": 13007
      }
    },
    {
      "id": 13007,
      "name": "A turn in the hallway",
      "exits": {
        "North": 13008,
        "East": 13006
      }
    },
    {
      "id": 13008,
      "name": "A hallway in the castle",
      "exits": {
        "North": 13009,
        "South": 13007
      }
    },
    {
      "id": 13009,
      "name": "A hallway in the castle",
      "exits": {
        "North": 13010,
        "South": 13008,
        "West": 13048
      }
    },
    {
      "id": 13010,
      "name": "A stairwell",
      "exits": {
        "East": 13053,
        "South": 13009,
        "Up": 13017
      }
    },
    {
      "id": 13011,
      "name": "A hallway in the castle",
      "exits": {
        "East": 13012,
        "West": 13004
      }
    },
    {
      "id": 13012,
      "name": "A hallway in the castle",
      "exits": {
        "East": 13013,
        "West": 13011
      }
    },
    {
      "id": 13013,
      "name": "A turn in the hallway",
      "exits": {
        "North": 13014,
        "West": 13012
      }
    },
    {
      "id": 13014,
      "name": "A hallway in the castle",
      "exits": {
        "North": 13015,
        "South": 13013
      }
    },
    {
      "id": 13015,
      "name": "A hallway in the castle",
      "exits": {
        "North": 13016,
        "East": 13049,
        "South": 13014
      }
    },
    {
      "id": 13016,
      "name": "A stairwell",
      "exits": {
        "South": 13015,
        "West": 13050,
        "Up": 13021
      }
    },
    {
      "id": 13017,
      "name": "A hallway in the castle",
      "exits": {
        "North": 13018,
        "Down": 13010
      }
    },
    {
      "id": 13018,
      "name": "A hallway in the castle",
      "exits": {
        "North": 13019,
        "South": 13017,
        "West": 13082
      }
    },
    {
      "id": 13019,
      "name": "A hallway in the castle",
      "exits": {
        "North": 13020,
        "South": 13018
      }
    },
    {
      "id": 13020,
      "name": "A turn in the hallway",
      "exits": {
        "East": 13025,
        "South": 13019
      }
    },
    {
      "id": 13021,
      "name": "A hallway in the castle",
      "exits": {
        "North": 13022,
        "Down": 13016
      }
    },
    {
      "id": 13022,
      "name": "A hallway in the castle",
      "exits": {
        "North": 13023,
        "East": 13083,
        "South": 13021
      }
    },
    {
      "id": 13023,
      "name": "A hallway in the castle",
      "exits": {
        "North": 13024,
        "South": 13022
      }
    },
    {
      "id": 13024,
      "name": "A turn in the hallway",
      "exits": {
        "South": 13023,
        "West": 13028
      }
    },
    {
      "id": 13025,
      "name": "A hallway in the castle",
      "exits": {
        "East": 13026,
        "West": 13020
      }
    },
    {
      "id": 13026,
      "name": "A hallway in the castle",
      "exits": {
        "East": 13027,
        "West": 13025
      }
    },
    {
      "id": 13027,
      "name": "A hallway in the castle",
      "exits": {
        "North": 13029,
        "East": 13028,
        "West": 13026
      }
    },
    {
      "id": 13028,
      "name": "A hallway in the castle",
      "exits": {
        "East": 13024,
        "West": 13027
      }
    },
    {
      "id": 13029,
      "name": "A stairwell",
      "exits": {
        "South": 13027,
        "Up": 13030,
        "Down": 13054
      }
    },
    {
      "id": 13030,
      "name": "A hallway in the castle",
      "exits": {
        "South": 13031,
        "Down": 13029
      }
    },
    {
      "id": 13031,
      "name": "A hallway in the castle",
      "exits": {
        "North": 13030,
        "East": 13078,
        "South": 13032,
        "West": 13077
      }
    },
    {
      "id": 13032,
      "name": "A hallway in the castle",
      "exits": {
        "North": 13031,
        "South": 13033
      }
    },
    {
      "id": 13033,
      "name": "A hallway in the castle",
      "exits": {
        "North": 13032,
        "East": 13075,
        "South": 13034,
        "West": 13076
      }
    },
    {
      "id": 13034,
      "name": "A hallway in the castle",
      "exits": {
        "North": 13033,
        "South": 13035
      }
    },
    {
      "id": 13035,
      "name": "A hallway in the castle",
      "exits": {
        "North": 13034,
        "East": 13073,
        "South": 13036,
        "West": 13074
      }
    },
    {
      "id": 13036,
      "name": "A hallway in the castle",
      "exits": {
        "North": 13035,
        "South": 13037
      }
    },
    {
      "id": 13037,
      "name": "A hallway in the castle",
      "exits": {
        "North": 13036,
        "South": 13038
      }
    },
    {
      "id": 13038,
      "name": "The Lord\u0027s Stairwell",
      "exits": {
        "North": 13037,
        "Up": 13039
      }
    },
    {
      "id": 13039,
      "name": "Top of the Lord\u0027s Stairwell",
      "exits": {
        "North": 13040,
        "Down": 13038
      }
    },
    {
      "id": 13040,
      "name": "The Hallway of Giants",
      "exits": {
        "North": 13041,
        "East": 13047,
        "South": 13039,
        "West": 13045
      }
    },
    {
      "id": 13041,
      "name": "The Hallway of Giants",
      "exits": {
        "North": 13042,
        "East": 13046,
        "South": 13040,
        "West": 13044
      }
    },
    {
      "id": 13042,
      "name": "The Lord\u0027s Chamber",
      "exits": {
        "South": 13041,
        "Down": 13043
      }
    },
    {
      "id": 13043,
      "name": "The Treasure Room",
      "exits": {
        "Up": 13042
      }
    },
    {
      "id": 13044,
      "name": "Battle Grounds",
      "exits": {
        "East": 13041
      }
    },
    {
      "id": 13045,
      "name": "The Dark Room",
      "exits": {
        "East": 13040
      }
    },
    {
      "id": 13046,
      "name": "The Holy Room",
      "exits": {
        "West": 13041
      }
    },
    {
      "id": 13047,
      "name": "The Captain\u0027s Quarters",
      "exits": {
        "West": 13040
      }
    },
    {
      "id": 13048,
      "name": "The kitchen",
      "exits": {
        "East": 13009
      }
    },
    {
      "id": 13049,
      "name": "The storage room",
      "exits": {
        "West": 13015
      }
    },
    {
      "id": 13050,
      "name": "The decrepit garden",
      "exits": {
        "East": 13016,
        "South": 13051,
        "West": 13053
      }
    },
    {
      "id": 13051,
      "name": "The decrepit garden",
      "exits": {
        "North": 13050,
        "West": 13052
      }
    },
    {
      "id": 13052,
      "name": "The decrepit garden",
      "exits": {
        "North": 13050,
        "East": 13051
      }
    },
    {
      "id": 13053,
      "name": "The decrepit garden",
      "exits": {
        "East": 13050,
        "South": 13052,
        "West": 13010
      }
    },
    {
      "id": 13054,
      "name": "The bottom of a stairwell",
      "exits": {
        "South": 13055,
        "Up": 13029
      }
    },
    {
      "id": 13055,
      "name": "The castle dungeon",
      "exits": {
        "North": 13054,
        "East": 13056,
        "South": 13063,
        "West": 13071
      }
    },
    {
      "id": 13056,
      "name": "The castle dungeon",
      "exits": {
        "East": 13057,
        "South": 13062,
        "West": 13055
      }
    },
    {
      "id": 13057,
      "name": "The castle dungeon",
      "exits": {
        "North": 13058,
        "East": 13059,
        "South": 13061,
        "West": 13056
      }
    },
    {
      "id": 13058,
      "name": "A dungeon cell",
      "exits": {
        "South": 13057
      }
    },
    {
      "id": 13059,
      "name": "A dungeon cell",
      "exits": {
        "West": 13057
      }
    },
    {
      "id": 13060,
      "name": "A dungeon cell",
      "exits": {
        "West": 13061
      }
    },
    {
      "id": 13061,
      "name": "The castle dungeon",
      "exits": {
        "North": 13057,
        "East": 13060,
        "South": 13064,
        "West": 13062
      }
    },
    {
      "id": 13062,
      "name": "The castle dungeon",
      "exits": {
        "North": 13056,
        "East": 13061,
        "West": 13063
      }
    },
    {
      "id": 13063,
      "name": "The castle dungeon",
      "exits": {
        "North": 13055,
        "East": 13062,
        "South": 13079,
        "West": 13066
      }
    },
    {
      "id": 13064,
      "name": "A dungeon cell",
      "exits": {
        "North": 13061
      }
    },
    {
      "id": 13065,
      "name": "A dungeon cell",
      "exits": {
        "North": 13067
      }
    },
    {
      "id": 13066,
      "name": "The castle dungeon",
      "exits": {
        "North": 13071,
        "East": 13063,
        "West": 13067
      }
    },
    {
      "id": 13067,
      "name": "The castle dungeon",
      "exits": {
        "North": 13070,
        "East": 13066,
        "South": 13065,
        "West": 13068
      }
    },
    {
      "id": 13068,
      "name": "A dungeon cell",
      "exits": {
        "East": 13067
      }
    },
    {
      "id": 13069,
      "name": "A dungeon cell",
      "exits": {
        "East": 13070
      }
    },
    {
      "id": 13070,
      "name": "The castle dungeon",
      "exits": {
        "North": 13072,
        "East": 13071,
        "South": 13067,
        "West": 13069
      }
    },
    {
      "id": 13071,
      "name": "The castle dungeon",
      "exits": {
        "East": 13055,
        "South": 13066,
        "West": 13070
      }
    },
    {
      "id": 13072,
      "name": "A dungeon cell",
      "exits": {
        "South": 13070
      }
    },
    {
      "id": 13073,
      "name": "The Castle War Conference Room",
      "exits": {
        "West": 13035
      }
    },
    {
      "id": 13074,
      "name": "The lounge",
      "exits": {
        "East": 13035
      }
    },
    {
      "id": 13075,
      "name": "The Library",
      "exits": {
        "West": 13033
      }
    },
    {
      "id": 13076,
      "name": "The Altar Room",
      "exits": {
        "East": 13033
      }
    },
    {
      "id": 13077,
      "name": "A dark room",
      "exits": {
        "East": 13031
      }
    },
    {
      "id": 13078,
      "name": "Art Gallery",
      "exits": {
        "West": 13031
      }
    },
    {
      "id": 13079,
      "name": "A dark hallway",
      "exits": {
        "North": 13063,
        "South": 13080
      }
    },
    {
      "id": 13080,
      "name": "A dark hallway",
      "exits": {
        "North": 13079,
        "South": 13081
      }
    },
    {
      "id": 13081,
      "name": "The Torture Room",
      "exits": {
        "North": 13080
      }
    },
    {
      "id": 13082,
      "name": "The storage room",
      "exits": {
        "East": 13018
      }
    },
    {
      "id": 13083,
      "name": "The Guest Room",
      "exits": {
        "West": 13022
      }
    },
    {
      "id": 13084,
      "name": "The Misty Room",
      "exits": {}
    },
    {
      "id": 19677,
      "name": "To Eastern Road",
      "otherAreaExit": true,
      "exits": {
        "North": 13000,
        "East": 19678,
        "West": 19676
      }
    }
  ]
}