{
  "name": "Castle of Trials",
  "buildOptions": {
    "maxSteps": 1000,
    "fixObstacles": true,
    "fixNonStraight": true,
    "fixIntersected": false,
    "compactMap": true,
    "addDebugInfo": false,
    "colorizeConnectionIssues": true
  },
  "rooms": [
    {
      "id": 18200,
      "name": "Inside the castle gate",
      "exits": {
        "East": 1130,
        "West": 18201
      }
    },
    {
      "id": 18201,
      "name": "The outer keep",
      "exits": {
        "East": 18200,
        "West": 18202
      }
    },
    {
      "id": 18202,
      "name": "The outer keep",
      "exits": {
        "East": 18201,
        "West": 18203
      }
    },
    {
      "id": 18203,
      "name": "The outer keep",
      "exits": {
        "East": 18202,
        "West": 18204
      }
    },
    {
      "id": 18204,
      "name": "The outer keep",
      "exits": {
        "East": 18203,
        "West": 18205
      }
    },
    {
      "id": 18205,
      "name": "The main hall",
      "exits": {
        "North": 18206,
        "East": 18204,
        "South": 18264
      }
    },
    {
      "id": 18206,
      "name": "The eastern halls",
      "exits": {
        "North": 18207,
        "South": 18205
      }
    },
    {
      "id": 18207,
      "name": "The eastern halls",
      "exits": {
        "North": 18208,
        "South": 18206
      }
    },
    {
      "id": 18208,
      "name": "The eastern halls",
      "exits": {
        "North": 18209,
        "South": 18207
      }
    },
    {
      "id": 18209,
      "name": "The eastern halls",
      "exits": {
        "North": 18210,
        "South": 18208
      }
    },
    {
      "id": 18210,
      "name": "The eastern halls",
      "exits": {
        "North": 18211,
        "South": 18209
      }
    },
    {
      "id": 18211,
      "name": "The eastern halls",
      "exits": {
        "South": 18210,
        "West": 18212
      }
    },
    {
      "id": 18212,
      "name": "Northeastern corridor",
      "exits": {
        "East": 18211,
        "West": 18213
      }
    },
    {
      "id": 18213,
      "name": "Northeastern corridor",
      "exits": {
        "East": 18212,
        "West": 18214
      }
    },
    {
      "id": 18214,
      "name": "Northeastern corridor",
      "exits": {
        "North": 18215,
        "East": 18213
      }
    },
    {
      "id": 18215,
      "name": "Northeastern corridor",
      "exits": {
        "North": 18216,
        "South": 18214
      }
    },
    {
      "id": 18216,
      "name": "Northeastern corridor",
      "exits": {
        "North": 18217,
        "South": 18215
      }
    },
    {
      "id": 18217,
      "name": "Northeastern corridor",
      "exits": {
        "North": 18218,
        "South": 18216
      }
    },
    {
      "id": 18218,
      "name": "Northeastern corridor",
      "exits": {
        "South": 18217,
        "West": 18219
      }
    },
    {
      "id": 18219,
      "name": "The northern halls",
      "exits": {
        "East": 18218,
        "West": 18220
      }
    },
    {
      "id": 18220,
      "name": "The Northern Arch",
      "exits": {
        "East": 18219,
        "South": 18265,
        "West": 18221
      }
    },
    {
      "id": 18221,
      "name": "The northern halls",
      "exits": {
        "East": 18220,
        "West": 18222
      }
    },
    {
      "id": 18222,
      "name": "Northwestern corridor",
      "exits": {
        "East": 18221,
        "South": 18223
      }
    },
    {
      "id": 18223,
      "name": "Northwestern corridor",
      "exits": {
        "North": 18222,
        "South": 18224
      }
    },
    {
      "id": 18224,
      "name": "Northwestern corridor",
      "exits": {
        "North": 18223,
        "South": 18225
      }
    },
    {
      "id": 18225,
      "name": "Northwestern corridor",
      "exits": {
        "North": 18224,
        "South": 18226
      }
    },
    {
      "id": 18226,
      "name": "Northwestern corridor",
      "exits": {
        "North": 18225,
        "West": 18227
      }
    },
    {
      "id": 18227,
      "name": "Northwestern corridor",
      "exits": {
        "East": 18226,
        "West": 18228
      }
    },
    {
      "id": 18228,
      "name": "Northwestern corridor",
      "exits": {
        "East": 18227,
        "West": 18229
      }
    },
    {
      "id": 18229,
      "name": "The western halls",
      "exits": {
        "East": 18228,
        "South": 18230
      }
    },
    {
      "id": 18230,
      "name": "The western halls",
      "exits": {
        "North": 18229,
        "South": 18231
      }
    },
    {
      "id": 18231,
      "name": "The western halls",
      "exits": {
        "North": 18230,
        "South": 18232
      }
    },
    {
      "id": 18232,
      "name": "The western halls",
      "exits": {
        "North": 18231,
        "South": 18233
      }
    },
    {
      "id": 18233,
      "name": "The western halls",
      "exits": {
        "North": 18232,
        "South": 18234
      }
    },
    {
      "id": 18234,
      "name": "The western halls",
      "exits": {
        "North": 18233,
        "South": 18235
      }
    },
    {
      "id": 18235,
      "name": "The Western Arch",
      "exits": {
        "North": 18234,
        "East": 18273,
        "South": 18236
      }
    },
    {
      "id": 18236,
      "name": "The western halls",
      "exits": {
        "North": 18235,
        "South": 18237
      }
    },
    {
      "id": 18237,
      "name": "The western halls",
      "exits": {
        "North": 18236,
        "South": 18238
      }
    },
    {
      "id": 18238,
      "name": "The western halls",
      "exits": {
        "North": 18237,
        "South": 18239
      }
    },
    {
      "id": 18239,
      "name": "The western halls",
      "exits": {
        "North": 18238,
        "South": 18240
      }
    },
    {
      "id": 18240,
      "name": "The western halls",
      "exits": {
        "North": 18239,
        "South": 18241
      }
    },
    {
      "id": 18241,
      "name": "The western halls",
      "exits": {
        "North": 18240,
        "East": 18242
      }
    },
    {
      "id": 18242,
      "name": "Southwestern corridor",
      "exits": {
        "East": 18243,
        "West": 18241
      }
    },
    {
      "id": 18243,
      "name": "Southwestern corridor",
      "exits": {
        "East": 18244,
        "West": 18242
      }
    },
    {
      "id": 18244,
      "name": "Southwestern corridor",
      "exits": {
        "South": 18245,
        "West": 18243
      }
    },
    {
      "id": 18245,
      "name": "Southwestern corridor",
      "exits": {
        "North": 18244,
        "South": 18246
      }
    },
    {
      "id": 18246,
      "name": "Southwestern corridor",
      "exits": {
        "North": 18245,
        "South": 18247
      }
    },
    {
      "id": 18247,
      "name": "Southwestern corridor",
      "exits": {
        "North": 18246,
        "South": 18248
      }
    },
    {
      "id": 18248,
      "name": "Southwestern corridor",
      "exits": {
        "North": 18247,
        "East": 18249
      }
    },
    {
      "id": 18249,
      "name": "The southern halls",
      "exits": {
        "East": 18250,
        "West": 18248
      }
    },
    {
      "id": 18250,
      "name": "The Southern Arch",
      "exits": {
        "North": 18274,
        "East": 18251,
        "West": 18249
      }
    },
    {
      "id": 18251,
      "name": "The southern halls",
      "exits": {
        "East": 18252,
        "West": 18250
      }
    },
    {
      "id": 18252,
      "name": "Southeastern corridor",
      "exits": {
        "North": 18253,
        "West": 18251
      }
    },
    {
      "id": 18253,
      "name": "Southeastern corridor",
      "exits": {
        "North": 18254,
        "South": 18252
      }
    },
    {
      "id": 18254,
      "name": "Southeastern corridor",
      "exits": {
        "North": 18255,
        "South": 18253
      }
    },
    {
      "id": 18255,
      "name": "Southeastern corridor",
      "exits": {
        "North": 18256,
        "South": 18254
      }
    },
    {
      "id": 18256,
      "name": "Southeastern corridor",
      "exits": {
        "East": 18257,
        "South": 18255
      }
    },
    {
      "id": 18257,
      "name": "Southeastern corridor",
      "exits": {
        "East": 18258,
        "West": 18256
      }
    },
    {
      "id": 18258,
      "name": "Southeastern corridor",
      "exits": {
        "East": 18259,
        "West": 18257
      }
    },
    {
      "id": 18259,
      "name": "The eastern halls",
      "exits": {
        "North": 18260,
        "West": 18258
      }
    },
    {
      "id": 18260,
      "name": "The eastern halls",
      "exits": {
        "North": 18261,
        "South": 18259
      }
    },
    {
      "id": 18261,
      "name": "The eastern halls",
      "exits": {
        "North": 18262,
        "South": 18260
      }
    },
    {
      "id": 18262,
      "name": "The eastern halls",
      "exits": {
        "North": 18263,
        "South": 18261
      }
    },
    {
      "id": 18263,
      "name": "The eastern halls",
      "exits": {
        "North": 18264,
        "South": 18262
      }
    },
    {
      "id": 18264,
      "name": "The eastern halls",
      "exits": {
        "North": 18205,
        "South": 18263
      }
    },
    {
      "id": 18265,
      "name": "Inner hallway",
      "exits": {
        "North": 18220,
        "South": 18266
      }
    },
    {
      "id": 18266,
      "name": "Inner hallway",
      "exits": {
        "North": 18265,
        "South": 18267
      }
    },
    {
      "id": 18267,
      "name": "Inner hallway",
      "exits": {
        "North": 18266,
        "South": 18268
      }
    },
    {
      "id": 18268,
      "name": "The silver cavern",
      "exits": {
        "North": 18267,
        "South": 18269
      }
    },
    {
      "id": 18269,
      "name": "The silver cavern",
      "exits": {
        "North": 18268,
        "South": 18270
      }
    },
    {
      "id": 18270,
      "name": "The silver cavern",
      "exits": {
        "North": 18269,
        "South": 18271
      }
    },
    {
      "id": 18271,
      "name": "Lair of the Nordinath",
      "exits": {
        "North": 18270,
        "South": 18272
      }
    },
    {
      "id": 18272,
      "name": "At the foot of a giant stairwell",
      "exits": {
        "North": 18271,
        "Up": 18275
      }
    },
    {
      "id": 18273,
      "name": "A silver chamber",
      "exits": {
        "West": 18235
      }
    },
    {
      "id": 18274,
      "name": "Room of the crazed man",
      "exits": {
        "South": 18250
      }
    },
    {
      "id": 18275,
      "name": "Top of the stairwell",
      "exits": {
        "North": 18276,
        "Down": 18272
      }
    },
    {
      "id": 18276,
      "name": "Inner hallway",
      "exits": {
        "North": 18277,
        "South": 18275
      }
    },
    {
      "id": 18277,
      "name": "Inner hallway",
      "exits": {
        "North": 18278,
        "South": 18276
      }
    },
    {
      "id": 18278,
      "name": "Inner hallway",
      "exits": {
        "North": 18279,
        "South": 18277
      }
    },
    {
      "id": 18279,
      "name": "Inner hallway",
      "exits": {
        "North": 18280,
        "South": 18278
      }
    },
    {
      "id": 18280,
      "name": "Inner hallway",
      "exits": {
        "North": 18281,
        "South": 18279
      }
    },
    {
      "id": 18281,
      "name": "Inner hallway",
      "exits": {
        "North": 18282,
        "South": 18280
      }
    },
    {
      "id": 18282,
      "name": "Approaching the northern halls",
      "exits": {
        "North": 18283,
        "South": 18281
      }
    },
    {
      "id": 18283,
      "name": "The northern halls",
      "exits": {
        "East": 18284,
        "South": 18282,
        "West": 18342
      }
    },
    {
      "id": 18284,
      "name": "The northern halls",
      "exits": {
        "East": 18285,
        "West": 18283
      }
    },
    {
      "id": 18285,
      "name": "Northeastern corridor",
      "exits": {
        "South": 18286,
        "West": 18284
      }
    },
    {
      "id": 18286,
      "name": "Northeastern corridor",
      "exits": {
        "North": 18285,
        "South": 18287
      }
    },
    {
      "id": 18287,
      "name": "Northeastern corridor",
      "exits": {
        "North": 18286,
        "South": 18288
      }
    },
    {
      "id": 18288,
      "name": "Northeastern corridor",
      "exits": {
        "North": 18287,
        "South": 18289
      }
    },
    {
      "id": 18289,
      "name": "Northeastern corridor",
      "exits": {
        "North": 18288,
        "East": 18290
      }
    },
    {
      "id": 18290,
      "name": "Northeastern corridor",
      "exits": {
        "East": 18291,
        "West": 18289
      }
    },
    {
      "id": 18291,
      "name": "Northeastern corridor",
      "exits": {
        "East": 18292,
        "West": 18290
      }
    },
    {
      "id": 18292,
      "name": "The eastern halls",
      "exits": {
        "South": 18293,
        "West": 18291
      }
    },
    {
      "id": 18293,
      "name": "The eastern halls",
      "exits": {
        "North": 18292,
        "South": 18294
      }
    },
    {
      "id": 18294,
      "name": "The eastern halls",
      "exits": {
        "North": 18293,
        "South": 18295
      }
    },
    {
      "id": 18295,
      "name": "The eastern halls",
      "exits": {
        "North": 18294,
        "South": 18296
      }
    },
    {
      "id": 18296,
      "name": "The eastern halls",
      "exits": {
        "North": 18295,
        "South": 18297
      }
    },
    {
      "id": 18297,
      "name": "The eastern halls",
      "exits": {
        "North": 18296,
        "South": 18298
      }
    },
    {
      "id": 18298,
      "name": "The eastern halls",
      "exits": {
        "North": 18297,
        "South": 18299,
        "West": 18349
      }
    },
    {
      "id": 18299,
      "name": "The eastern halls",
      "exits": {
        "North": 18298,
        "South": 18300
      }
    },
    {
      "id": 18300,
      "name": "The eastern halls",
      "exits": {
        "North": 18299,
        "South": 18301,
        "West": 18351
      }
    },
    {
      "id": 18301,
      "name": "The eastern halls",
      "exits": {
        "North": 18300,
        "South": 18302
      }
    },
    {
      "id": 18302,
      "name": "The eastern halls",
      "exits": {
        "North": 18301,
        "South": 18303
      }
    },
    {
      "id": 18303,
      "name": "The eastern halls",
      "exits": {
        "North": 18302,
        "South": 18304
      }
    },
    {
      "id": 18304,
      "name": "The eastern halls",
      "exits": {
        "North": 18303,
        "West": 18305
      }
    },
    {
      "id": 18305,
      "name": "Southeastern corridor",
      "exits": {
        "East": 18304,
        "West": 18306
      }
    },
    {
      "id": 18306,
      "name": "Southeastern corridor",
      "exits": {
        "North": 18353,
        "East": 18305,
        "West": 18307
      }
    },
    {
      "id": 18307,
      "name": "Southeastern corridor",
      "exits": {
        "East": 18306,
        "South": 18308
      }
    },
    {
      "id": 18308,
      "name": "Southeastern corridor",
      "exits": {
        "North": 18307,
        "South": 18309
      }
    },
    {
      "id": 18309,
      "name": "Southeastern corridor",
      "exits": {
        "North": 18308,
        "South": 18310
      }
    },
    {
      "id": 18310,
      "name": "Southeastern corridor",
      "exits": {
        "North": 18309,
        "South": 18311
      }
    },
    {
      "id": 18311,
      "name": "Southeastern corridor",
      "exits": {
        "North": 18310,
        "West": 18312
      }
    },
    {
      "id": 18312,
      "name": "The southern halls",
      "exits": {
        "East": 18311,
        "West": 18313
      }
    },
    {
      "id": 18313,
      "name": "The southern halls",
      "exits": {
        "East": 18312,
        "West": 18314
      }
    },
    {
      "id": 18314,
      "name": "The southern halls",
      "exits": {
        "East": 18313,
        "West": 18315
      }
    },
    {
      "id": 18315,
      "name": "Southwestern corridor",
      "exits": {
        "North": 18316,
        "East": 18314
      }
    },
    {
      "id": 18316,
      "name": "Southwestern corridor",
      "exits": {
        "North": 18317,
        "South": 18315
      }
    },
    {
      "id": 18317,
      "name": "Southwestern corridor",
      "exits": {
        "North": 18318,
        "South": 18316
      }
    },
    {
      "id": 18318,
      "name": "Southwestern corridor",
      "exits": {
        "North": 18319,
        "South": 18317
      }
    },
    {
      "id": 18319,
      "name": "Southwestern corridor",
      "exits": {
        "South": 18318,
        "West": 18320
      }
    },
    {
      "id": 18320,
      "name": "Southwestern corridor",
      "exits": {
        "East": 18319,
        "West": 18321
      }
    },
    {
      "id": 18321,
      "name": "Southwestern corridor",
      "exits": {
        "East": 18320,
        "West": 18322
      }
    },
    {
      "id": 18322,
      "name": "The western halls",
      "exits": {
        "North": 18323,
        "East": 18321
      }
    },
    {
      "id": 18323,
      "name": "The western halls",
      "exits": {
        "North": 18324,
        "South": 18322
      }
    },
    {
      "id": 18324,
      "name": "The western halls",
      "exits": {
        "North": 18325,
        "East": 18347,
        "South": 18323
      }
    },
    {
      "id": 18325,
      "name": "The western halls",
      "exits": {
        "North": 18326,
        "South": 18324
      }
    },
    {
      "id": 18326,
      "name": "The western halls",
      "exits": {
        "North": 18327,
        "East": 18345,
        "South": 18325
      }
    },
    {
      "id": 18327,
      "name": "The western halls",
      "exits": {
        "North": 18328,
        "South": 18326
      }
    },
    {
      "id": 18328,
      "name": "The western halls",
      "exits": {
        "North": 18329,
        "East": 18343,
        "South": 18327
      }
    },
    {
      "id": 18329,
      "name": "The western halls",
      "exits": {
        "North": 18330,
        "South": 18328
      }
    },
    {
      "id": 18330,
      "name": "The western halls",
      "exits": {
        "North": 18331,
        "South": 18329
      }
    },
    {
      "id": 18331,
      "name": "The western halls",
      "exits": {
        "North": 18332,
        "South": 18330
      }
    },
    {
      "id": 18332,
      "name": "The western halls",
      "exits": {
        "North": 18333,
        "South": 18331
      }
    },
    {
      "id": 18333,
      "name": "The western halls",
      "exits": {
        "North": 18334,
        "South": 18332
      }
    },
    {
      "id": 18334,
      "name": "The western halls",
      "exits": {
        "East": 18335,
        "South": 18333
      }
    },
    {
      "id": 18335,
      "name": "Northwestern corridor",
      "exits": {
        "East": 18336,
        "West": 18334
      }
    },
    {
      "id": 18336,
      "name": "Northwestern corridor",
      "exits": {
        "East": 18337,
        "West": 18335
      }
    },
    {
      "id": 18337,
      "name": "Northwestern corridor",
      "exits": {
        "North": 18338,
        "West": 18336
      }
    },
    {
      "id": 18338,
      "name": "Northwestern corridor",
      "exits": {
        "North": 18339,
        "South": 18337
      }
    },
    {
      "id": 18339,
      "name": "Northwestern corridor",
      "exits": {
        "North": 18340,
        "South": 18338
      }
    },
    {
      "id": 18340,
      "name": "Northwestern corridor",
      "exits": {
        "North": 18341,
        "South": 18339
      }
    },
    {
      "id": 18341,
      "name": "Northwestern corridor",
      "exits": {
        "East": 18342,
        "South": 18340
      }
    },
    {
      "id": 18342,
      "name": "The northern halls",
      "exits": {
        "East": 18283,
        "West": 18341
      }
    },
    {
      "id": 18343,
      "name": "A small room",
      "exits": {
        "East": 18344,
        "West": 18328
      }
    },
    {
      "id": 18344,
      "name": "A back room",
      "exits": {
        "Down": 18387
      }
    },
    {
      "id": 18345,
      "name": "A small room",
      "exits": {
        "East": 18346,
        "West": 18326
      }
    },
    {
      "id": 18346,
      "name": "A back room",
      "exits": {
        "West": 18345
      }
    },
    {
      "id": 18347,
      "name": "A small room",
      "exits": {
        "East": 18348,
        "West": 18324
      }
    },
    {
      "id": 18348,
      "name": "A back room",
      "exits": {
        "Down": 18387
      }
    },
    {
      "id": 18349,
      "name": "A small room",
      "exits": {
        "East": 18298,
        "West": 18350
      }
    },
    {
      "id": 18350,
      "name": "A back room",
      "exits": {
        "Down": 18387
      }
    },
    {
      "id": 18351,
      "name": "A small room",
      "exits": {
        "East": 18300,
        "West": 18352
      }
    },
    {
      "id": 18352,
      "name": "A back room",
      "exits": {
        "East": 18351
      }
    },
    {
      "id": 18353,
      "name": "A well decorated room",
      "exits": {
        "North": 18354,
        "South": 18306
      }
    },
    {
      "id": 18354,
      "name": "A large meeting hall",
      "exits": {
        "South": 18353,
        "West": 18355
      }
    },
    {
      "id": 18355,
      "name": "A smokey passageway",
      "exits": {
        "East": 18354,
        "West": 18356
      }
    },
    {
      "id": 18356,
      "name": "Below the grand staircase",
      "exits": {
        "East": 18355,
        "Up": 18357
      }
    },
    {
      "id": 18357,
      "name": "A misty staircase",
      "exits": {
        "Up": 18358,
        "Down": 18356
      }
    },
    {
      "id": 18358,
      "name": "A room before the prize",
      "exits": {
        "North": 18359,
        "South": 18373,
        "Up": 18397,
        "Down": 18357
      }
    },
    {
      "id": 18359,
      "name": "The northern wing",
      "exits": {
        "North": 18360,
        "South": 18358
      }
    },
    {
      "id": 18360,
      "name": "The northern wing",
      "exits": {
        "East": 18367,
        "South": 18359,
        "West": 18361
      }
    },
    {
      "id": 18361,
      "name": "The northern wing",
      "exits": {
        "North": 18362,
        "East": 18360
      }
    },
    {
      "id": 18362,
      "name": "The northern wing",
      "exits": {
        "South": 18361,
        "West": 18363
      }
    },
    {
      "id": 18363,
      "name": "At the foot of the northwest tower",
      "exits": {
        "East": 18362,
        "Up": 18364
      }
    },
    {
      "id": 18364,
      "name": "Up the northwest tower",
      "exits": {
        "Up": 18365,
        "Down": 18363
      }
    },
    {
      "id": 18365,
      "name": "Up the northwest tower",
      "exits": {
        "Up": 18366,
        "Down": 18364
      }
    },
    {
      "id": 18366,
      "name": "Cradle of the northwest tower",
      "exits": {
        "Down": 18365
      }
    },
    {
      "id": 18367,
      "name": "The northern wing",
      "exits": {
        "North": 18368,
        "West": 18360
      }
    },
    {
      "id": 18368,
      "name": "The northern wing",
      "exits": {
        "East": 18369,
        "South": 18367
      }
    },
    {
      "id": 18369,
      "name": "At the foot of the northeast tower",
      "exits": {
        "West": 18368,
        "Up": 18370
      }
    },
    {
      "id": 18370,
      "name": "Up the northeast tower",
      "exits": {
        "Up": 18371,
        "Down": 18369
      }
    },
    {
      "id": 18371,
      "name": "Up the northeast tower",
      "exits": {
        "Up": 18372,
        "Down": 18370
      }
    },
    {
      "id": 18372,
      "name": "Cradle of the northeast tower",
      "exits": {
        "Down": 18371
      }
    },
    {
      "id": 18373,
      "name": "The southern wing",
      "exits": {
        "North": 18358,
        "South": 18374
      }
    },
    {
      "id": 18374,
      "name": "The southern wing",
      "exits": {
        "North": 18373,
        "East": 18381,
        "West": 18375
      }
    },
    {
      "id": 18375,
      "name": "The southern wing",
      "exits": {
        "East": 18374,
        "South": 18376
      }
    },
    {
      "id": 18376,
      "name": "The southern wing",
      "exits": {
        "North": 18375,
        "West": 18377
      }
    },
    {
      "id": 18377,
      "name": "At the foot of the southwest tower",
      "exits": {
        "East": 18376,
        "Up": 18378
      }
    },
    {
      "id": 18378,
      "name": "Up the southwest tower",
      "exits": {
        "Up": 18379,
        "Down": 18377
      }
    },
    {
      "id": 18379,
      "name": "Up the southwest tower",
      "exits": {
        "Up": 18380,
        "Down": 18378
      }
    },
    {
      "id": 18380,
      "name": "Cradle of the southwest tower",
      "exits": {
        "Down": 18379
      }
    },
    {
      "id": 18381,
      "name": "The southern wing",
      "exits": {
        "South": 18382,
        "West": 18374
      }
    },
    {
      "id": 18382,
      "name": "The southern wing",
      "exits": {
        "North": 18381,
        "East": 18383
      }
    },
    {
      "id": 18383,
      "name": "At the foot of the southeast tower",
      "exits": {
        "West": 18382,
        "Up": 18384
      }
    },
    {
      "id": 18384,
      "name": "Up the southeast tower",
      "exits": {
        "Up": 18385,
        "Down": 18383
      }
    },
    {
      "id": 18385,
      "name": "Up the southeast tower",
      "exits": {
        "Up": 18386,
        "Down": 18384
      }
    },
    {
      "id": 18386,
      "name": "Cradle of the southeast tower",
      "exits": {
        "Down": 18385
      }
    },
    {
      "id": 18387,
      "name": "In the dungeon",
      "exits": {
        "East": 18388
      }
    },
    {
      "id": 18388,
      "name": "In the dungeon",
      "exits": {
        "East": 18389,
        "West": 18387
      }
    },
    {
      "id": 18389,
      "name": "In the dungeon",
      "exits": {
        "East": 18390,
        "West": 18388
      }
    },
    {
      "id": 18390,
      "name": "In the dungeon",
      "exits": {
        "East": 18391,
        "West": 18389
      }
    },
    {
      "id": 18391,
      "name": "In the dungeon",
      "exits": {
        "East": 18392,
        "West": 18390
      }
    },
    {
      "id": 18392,
      "name": "In the dungeon",
      "exits": {
        "East": 18393,
        "West": 18391
      }
    },
    {
      "id": 18393,
      "name": "In the dungeon",
      "exits": {
        "East": 18394,
        "West": 18392
      }
    },
    {
      "id": 18394,
      "name": "In the dungeon",
      "exits": {
        "East": 18395,
        "West": 18393
      }
    },
    {
      "id": 18395,
      "name": "A small ladder",
      "exits": {
        "West": 18394,
        "Up": 18205
      }
    },
    {
      "id": 18396,
      "name": "The Throne of Hiddukel",
      "exits": {}
    },
    {
      "id": 18397,
      "name": "A private treasure room",
      "exits": {
        "Down": 18358
      }
    },
    {
      "id": 1130,
      "name": "To Shire",
      "otherAreaExit": true,
      "exits": {
        "East": 1128,
        "West": 18200
      }
    }
  ]
}