{
  "name": "Catacombs",
  "buildOptions": {
    "maxSteps": 1000,
    "fixObstacles": true,
    "fixNonStraight": true,
    "fixIntersected": true,
    "compactMap": true,
    "addDebugInfo": false,
    "colorizeConnectionIssues": true
  },
  "rooms": [
    {
      "id": 2001,
      "name": "North entrance to the catacombs",
      "exits": {
        "South": 2002,
        "Up": 6508
      }
    },
    {
      "id": 2002,
      "name": "North/south tunnel",
      "exits": {
        "North": 2001,
        "South": 2007
      }
    },
    {
      "id": 2003,
      "name": "Weapon training area",
      "exits": {
        "East": 2004,
        "South": 2008
      }
    },
    {
      "id": 2004,
      "name": "Prayer training area",
      "exits": {
        "East": 2005,
        "West": 2003
      }
    },
    {
      "id": 2005,
      "name": "Junction of hallways",
      "exits": {
        "East": 2006,
        "South": 2010,
        "West": 2004
      }
    },
    {
      "id": 2006,
      "name": "Hallway",
      "exits": {
        "East": 2007,
        "West": 2005
      }
    },
    {
      "id": 2007,
      "name": "Intersection",
      "exits": {
        "North": 2002,
        "South": 2012,
        "West": 2006
      }
    },
    {
      "id": 2008,
      "name": "Pages\u0027 sleeping quarters",
      "exits": {
        "North": 2003,
        "East": 2009
      }
    },
    {
      "id": 2009,
      "name": "Templar Knights sleeping quarters",
      "exits": {
        "South": 2013,
        "West": 2008
      }
    },
    {
      "id": 2010,
      "name": "N/S hallway",
      "exits": {
        "North": 2005,
        "East": 2011,
        "South": 2014
      }
    },
    {
      "id": 2011,
      "name": "A Middle-aged templar\u0027s room",
      "exits": {
        "West": 2010
      }
    },
    {
      "id": 2012,
      "name": "Humid, damp tunnel",
      "exits": {
        "North": 2007,
        "South": 2019
      }
    },
    {
      "id": 2013,
      "name": "Administration room",
      "exits": {
        "North": 2009,
        "South": 2016
      }
    },
    {
      "id": 2014,
      "name": "N/S hallway",
      "exits": {
        "North": 2010,
        "East": 2015,
        "South": 2017
      }
    },
    {
      "id": 2015,
      "name": "Mid-level leader\u0027s room",
      "exits": {
        "West": 2014
      }
    },
    {
      "id": 2016,
      "name": "Mess hall",
      "exits": {
        "North": 2013,
        "South": 2023
      }
    },
    {
      "id": 2017,
      "name": "N/S hallway",
      "exits": {
        "North": 2014,
        "East": 2018,
        "South": 2024
      }
    },
    {
      "id": 2018,
      "name": "High officer\u0027s room",
      "exits": {
        "West": 2017
      }
    },
    {
      "id": 2019,
      "name": "Mossy intersection",
      "exits": {
        "North": 2012,
        "East": 2020,
        "South": 2026
      }
    },
    {
      "id": 2020,
      "name": "The holy grove",
      "exits": {
        "East": 2021,
        "West": 2019
      }
    },
    {
      "id": 2021,
      "name": "The holy grove",
      "exits": {
        "East": 2022,
        "South": 2027,
        "West": 2020
      }
    },
    {
      "id": 2022,
      "name": "The holy grove",
      "exits": {
        "South": 2028,
        "West": 2021
      }
    },
    {
      "id": 2023,
      "name": "Mess hall",
      "exits": {
        "North": 2016,
        "East": 2024
      }
    },
    {
      "id": 2024,
      "name": "End of a hallway",
      "exits": {
        "North": 2017,
        "East": 2025,
        "West": 2023
      }
    },
    {
      "id": 2025,
      "name": "Grand Templar\u0027s room",
      "exits": {
        "West": 2024
      }
    },
    {
      "id": 2026,
      "name": "Very dark passage",
      "exits": {
        "North": 2019,
        "South": 2030
      }
    },
    {
      "id": 2027,
      "name": "The holy grove",
      "exits": {
        "North": 2021,
        "East": 2028
      }
    },
    {
      "id": 2028,
      "name": "The holy grove",
      "exits": {
        "North": 2022,
        "South": 2032,
        "West": 2027
      }
    },
    {
      "id": 2029,
      "name": "Very dark caveway",
      "exits": {
        "East": 2030
      }
    },
    {
      "id": 2030,
      "name": "Deep within the catacombs",
      "exits": {
        "North": 2026,
        "East": 2031,
        "West": 2029
      }
    },
    {
      "id": 2031,
      "name": "Very dark cavern",
      "exits": {
        "South": 2034,
        "West": 2030
      }
    },
    {
      "id": 2032,
      "name": "The holy place",
      "exits": {
        "North": 2028
      }
    },
    {
      "id": 2033,
      "name": "Misty passageway",
      "exits": {
        "South": 2042
      }
    },
    {
      "id": 2034,
      "name": "Intersection of caverns",
      "exits": {
        "North": 2031,
        "East": 2035,
        "South": 2044
      }
    },
    {
      "id": 2035,
      "name": "Entrance to the burial grounds",
      "exits": {
        "East": 2036,
        "West": 2034
      }
    },
    {
      "id": 2036,
      "name": "The burial grounds",
      "exits": {
        "East": 2037,
        "South": 2045,
        "West": 2035
      }
    },
    {
      "id": 2037,
      "name": "The burial grounds",
      "exits": {
        "East": 2038,
        "West": 2036
      }
    },
    {
      "id": 2038,
      "name": "The burial grounds",
      "exits": {
        "East": 2039,
        "West": 2037
      }
    },
    {
      "id": 2039,
      "name": "New graves",
      "exits": {
        "South": 2047,
        "West": 2038
      }
    },
    {
      "id": 2040,
      "name": "Misty cavern",
      "exits": {
        "East": 2041,
        "South": 2048
      }
    },
    {
      "id": 2041,
      "name": "Misty cavern",
      "exits": {
        "East": 2042,
        "West": 2040
      }
    },
    {
      "id": 2042,
      "name": "Mist cavern",
      "exits": {
        "North": 2033,
        "East": 2043,
        "West": 2041
      }
    },
    {
      "id": 2043,
      "name": "Waterfall of mist",
      "exits": {
        "West": 2042
      }
    },
    {
      "id": 2044,
      "name": "Huge multicolored tunnel",
      "exits": {
        "North": 2034,
        "South": 2050
      }
    },
    {
      "id": 2045,
      "name": "Desolate ruins",
      "exits": {
        "South": 2051
      }
    },
    {
      "id": 2046,
      "name": "Curators place",
      "exits": {
        "East": 2047,
        "Down": 2052
      }
    },
    {
      "id": 2047,
      "name": "Fresh graves",
      "exits": {
        "North": 2039,
        "South": 2053,
        "West": 2046
      }
    },
    {
      "id": 2048,
      "name": "Twisty cavern",
      "exits": {
        "North": 2040,
        "East": 2049,
        "South": 2056
      }
    },
    {
      "id": 2049,
      "name": "Striped tunnel",
      "exits": {
        "East": 2050,
        "West": 2048
      }
    },
    {
      "id": 2050,
      "name": "Prism cave",
      "exits": {
        "North": 2044,
        "East": 2058,
        "South": 2057,
        "West": 2049
      }
    },
    {
      "id": 2051,
      "name": "Ruined monument",
      "exits": {
        "North": 2045,
        "East": 2052,
        "South": 2054
      }
    },
    {
      "id": 2052,
      "name": "Basement",
      "exits": {
        "West": 2051,
        "Up": 2046
      }
    },
    {
      "id": 2053,
      "name": "Fresh graves",
      "exits": {
        "North": 2047,
        "South": 2055
      }
    },
    {
      "id": 2054,
      "name": "Southern gate",
      "exits": {
        "North": 2051,
        "East": 2066,
        "South": 2059
      }
    },
    {
      "id": 2055,
      "name": "Scene of ghastly horror",
      "exits": {
        "North": 2053,
        "South": 2062
      }
    },
    {
      "id": 2056,
      "name": "Twisty passage",
      "exits": {
        "North": 2048,
        "East": 2057
      }
    },
    {
      "id": 2057,
      "name": "Cross of caverns",
      "exits": {
        "North": 2050,
        "South": 2066,
        "West": 2056
      }
    },
    {
      "id": 2058,
      "name": "Lonely tunnel",
      "exits": {
        "East": 2059,
        "West": 2050
      }
    },
    {
      "id": 2059,
      "name": "Lonely tunnel",
      "exits": {
        "North": 2054,
        "East": 2060,
        "West": 2058
      }
    },
    {
      "id": 2060,
      "name": "Bend in the lonely tunnel",
      "exits": {
        "South": 2061,
        "West": 2059
      }
    },
    {
      "id": 2061,
      "name": "Lonely tunnel",
      "exits": {
        "North": 2060,
        "East": 2062
      }
    },
    {
      "id": 2062,
      "name": "Intersection",
      "exits": {
        "North": 2055,
        "South": 2063,
        "West": 2061
      }
    },
    {
      "id": 2063,
      "name": "Tunnel",
      "exits": {
        "North": 2062,
        "South": 2064
      }
    },
    {
      "id": 2064,
      "name": "Tunnel",
      "exits": {
        "North": 2063,
        "South": 2065
      }
    },
    {
      "id": 2065,
      "name": "Southern entrance to the catacombs",
      "exits": {
        "North": 2064,
        "Up": 6551
      }
    },
    {
      "id": 2066,
      "name": "Unknown passage",
      "exits": {
        "North": 2057,
        "East": 2067,
        "South": 2068
      }
    },
    {
      "id": 2067,
      "name": "Unknown passage",
      "exits": {
        "South": 2069,
        "West": 2066
      }
    },
    {
      "id": 2068,
      "name": "Unknown passage",
      "exits": {
        "North": 2066,
        "East": 2069
      }
    },
    {
      "id": 2069,
      "name": "Unknown passage",
      "exits": {
        "North": 2067,
        "West": 2068
      }
    },
    {
      "id": 6508,
      "name": "To Dwarven Kingdom",
      "otherAreaExit": true,
      "exits": {
        "South": 6507,
        "Down": 2001
      }
    },
    {
      "id": 6551,
      "name": "To Dwarven Kingdom",
      "otherAreaExit": true,
      "exits": {
        "North": 6544,
        "Down": 2065
      }
    }
  ]
}