{
  "name": "Ceial\u0027s Shrine",
  "buildOptions": {
    "maxSteps": 1000,
    "fixObstacles": true,
    "fixNonStraight": true,
    "fixIntersected": true,
    "compactMap": true,
    "addDebugInfo": false,
    "colorizeConnectionIssues": true
  },
  "rooms": [
    {
      "id": 500,
      "name": "A dark shrouded trail",
      "exits": {
        "North": 501
      }
    },
    {
      "id": 501,
      "name": "A dark shrouded trail",
      "exits": {
        "North": 502,
        "South": 500
      }
    },
    {
      "id": 502,
      "name": "A dark clearing",
      "exits": {
        "North": 509,
        "East": 503,
        "South": 501,
        "West": 510
      }
    },
    {
      "id": 503,
      "name": "Within the fields",
      "exits": {
        "North": 508,
        "East": 504,
        "West": 502
      }
    },
    {
      "id": 504,
      "name": "Within the fields",
      "exits": {
        "North": 507,
        "East": 505,
        "West": 503
      }
    },
    {
      "id": 505,
      "name": "Within the fields",
      "exits": {
        "North": 506,
        "West": 504
      }
    },
    {
      "id": 506,
      "name": "Within the fields",
      "exits": {
        "North": 516,
        "South": 505,
        "West": 507
      }
    },
    {
      "id": 507,
      "name": "Within the fields",
      "exits": {
        "North": 517,
        "East": 506,
        "South": 504,
        "West": 508
      }
    },
    {
      "id": 508,
      "name": "Within the fields",
      "exits": {
        "North": 518,
        "East": 507,
        "South": 503,
        "West": 509
      }
    },
    {
      "id": 509,
      "name": "Within the fields",
      "exits": {
        "North": 519,
        "East": 508,
        "South": 502,
        "West": 513
      }
    },
    {
      "id": 510,
      "name": "Within the fields",
      "exits": {
        "North": 513,
        "East": 502,
        "West": 511
      }
    },
    {
      "id": 511,
      "name": "Within the fields",
      "exits": {
        "North": 514,
        "East": 510,
        "West": 512
      }
    },
    {
      "id": 512,
      "name": "Within the fields",
      "exits": {
        "North": 515,
        "East": 511
      }
    },
    {
      "id": 513,
      "name": "Within the fields",
      "exits": {
        "North": 520,
        "East": 509,
        "South": 510,
        "West": 514
      }
    },
    {
      "id": 514,
      "name": "Within the fields",
      "exits": {
        "North": 521,
        "East": 513,
        "South": 511,
        "West": 515
      }
    },
    {
      "id": 515,
      "name": "Within the fields",
      "exits": {
        "North": 522,
        "East": 514,
        "South": 512
      }
    },
    {
      "id": 516,
      "name": "Within the fields",
      "exits": {
        "North": 529,
        "South": 506,
        "West": 517
      }
    },
    {
      "id": 517,
      "name": "Within the fields",
      "exits": {
        "North": 528,
        "East": 516,
        "South": 507,
        "West": 518
      }
    },
    {
      "id": 518,
      "name": "Within the fields",
      "exits": {
        "North": 527,
        "East": 517,
        "South": 508,
        "West": 519
      }
    },
    {
      "id": 519,
      "name": "Center of the field",
      "exits": {
        "North": 526,
        "East": 518,
        "South": 509,
        "West": 520,
        "Down": 530
      }
    },
    {
      "id": 520,
      "name": "Within the fields",
      "exits": {
        "North": 525,
        "East": 519,
        "South": 513,
        "West": 521
      }
    },
    {
      "id": 521,
      "name": "Within the fields",
      "exits": {
        "North": 524,
        "East": 520,
        "South": 514,
        "West": 522
      }
    },
    {
      "id": 522,
      "name": "Within the fields",
      "exits": {
        "North": 523,
        "East": 521,
        "South": 515
      }
    },
    {
      "id": 523,
      "name": "Within the fields",
      "exits": {
        "East": 524,
        "South": 522
      }
    },
    {
      "id": 524,
      "name": "Within the fields",
      "exits": {
        "East": 525,
        "South": 521,
        "West": 523
      }
    },
    {
      "id": 525,
      "name": "Within the fields",
      "exits": {
        "East": 526,
        "South": 520,
        "West": 524
      }
    },
    {
      "id": 526,
      "name": "Within the fields",
      "exits": {
        "East": 527,
        "South": 519,
        "West": 525
      }
    },
    {
      "id": 527,
      "name": "Within the fields",
      "exits": {
        "East": 528,
        "South": 518,
        "West": 526
      }
    },
    {
      "id": 528,
      "name": "Within the fields",
      "exits": {
        "East": 529,
        "South": 517,
        "West": 527
      }
    },
    {
      "id": 529,
      "name": "Within the fields",
      "exits": {
        "South": 516,
        "West": 528
      }
    },
    {
      "id": 530,
      "name": "Beneath the field",
      "exits": {
        "North": 531,
        "Up": 519
      }
    },
    {
      "id": 531,
      "name": "Within the catacombs",
      "exits": {
        "East": 532,
        "South": 530,
        "West": 537
      }
    },
    {
      "id": 532,
      "name": "Within the catacombs",
      "exits": {
        "East": 533,
        "West": 531
      }
    },
    {
      "id": 533,
      "name": "Within the catacombs",
      "exits": {
        "East": 534,
        "West": 532
      }
    },
    {
      "id": 534,
      "name": "Within the catacombs",
      "exits": {
        "North": 535,
        "South": 536,
        "West": 533
      }
    },
    {
      "id": 535,
      "name": "Chamber of the Dreadlord",
      "exits": {
        "South": 534
      }
    },
    {
      "id": 536,
      "name": "Room of the fallen templar",
      "exits": {
        "North": 534
      }
    },
    {
      "id": 537,
      "name": "Within the catacombs",
      "exits": {
        "East": 531,
        "West": 538
      }
    },
    {
      "id": 538,
      "name": "Within the catacombs",
      "exits": {
        "East": 537,
        "West": 539
      }
    },
    {
      "id": 539,
      "name": "Within the catacombs",
      "exits": {
        "East": 538
      }
    },
    {
      "id": 540,
      "name": "",
      "exits": {}
    }
  ]
}