{
  "name": "Celestial Area",
  "buildOptions": {
    "maxSteps": 1000,
    "fixObstacles": true,
    "fixNonStraight": true,
    "fixIntersected": true,
    "compactMap": true,
    "addDebugInfo": false,
    "colorizeConnectionIssues": true
  },
  "rooms": [
    {
      "id": 10100,
      "name": "Jacob\u0027s Ladder",
      "exits": {
        "South": 10179,
        "West": 623,
        "Up": 10101
      }
    },
    {
      "id": 10101,
      "name": "Jabob\u0027s Ladder",
      "exits": {
        "Up": 10102,
        "Down": 10100
      }
    },
    {
      "id": 10102,
      "name": "Jacob\u0027s Ladder",
      "exits": {
        "Up": 10103,
        "Down": 10101
      }
    },
    {
      "id": 10103,
      "name": "Before the pearly gates",
      "exits": {
        "North": 10104,
        "Down": 10102
      }
    },
    {
      "id": 10104,
      "name": "The courtyard",
      "exits": {
        "North": 10107,
        "East": 10106,
        "South": 10103,
        "West": 10105
      }
    },
    {
      "id": 10105,
      "name": "The Academy",
      "exits": {
        "East": 10104
      }
    },
    {
      "id": 10106,
      "name": "The Library",
      "exits": {
        "West": 10104
      }
    },
    {
      "id": 10107,
      "name": "Road to the Temple",
      "exits": {
        "North": 10108,
        "East": 10178,
        "South": 10104
      }
    },
    {
      "id": 10108,
      "name": "Steps before the Temple gates",
      "exits": {
        "North": 10109,
        "South": 10107
      }
    },
    {
      "id": 10109,
      "name": "The Temple\u0027s Foyer",
      "exits": {
        "North": 10156,
        "East": 10148,
        "South": 10108,
        "West": 10110
      }
    },
    {
      "id": 10110,
      "name": "A hallway lined with torches",
      "exits": {
        "East": 10109,
        "West": 10111
      }
    },
    {
      "id": 10111,
      "name": "A hallway lined with torches",
      "exits": {
        "East": 10110,
        "West": 10112
      }
    },
    {
      "id": 10112,
      "name": "A hallway lined with torches",
      "exits": {
        "East": 10111,
        "West": 10113
      }
    },
    {
      "id": 10113,
      "name": "A bend in the hallway",
      "exits": {
        "North": 10114,
        "East": 10112
      }
    },
    {
      "id": 10114,
      "name": "A hallway lined with torches",
      "exits": {
        "North": 10115,
        "South": 10113,
        "West": 10119
      }
    },
    {
      "id": 10115,
      "name": "A hallway lined with torches",
      "exits": {
        "North": 10116,
        "South": 10114
      }
    },
    {
      "id": 10116,
      "name": "A hallway lined with torches",
      "exits": {
        "East": 10118,
        "South": 10115,
        "West": 10117
      }
    },
    {
      "id": 10117,
      "name": "A prayer room.",
      "exits": {
        "East": 10116
      }
    },
    {
      "id": 10118,
      "name": "A prayer room",
      "exits": {
        "West": 10116
      }
    },
    {
      "id": 10119,
      "name": "A storage room",
      "exits": {
        "East": 10114,
        "Down": 10120
      }
    },
    {
      "id": 10120,
      "name": "A musty shaft",
      "exits": {
        "Up": 10119,
        "Down": 10121
      }
    },
    {
      "id": 10121,
      "name": "Entrance to the Amethyst cavern",
      "exits": {
        "North": 10122,
        "Up": 10120
      }
    },
    {
      "id": 10122,
      "name": "The Amethyst cavern",
      "exits": {
        "North": 10140,
        "East": 10132,
        "South": 10121,
        "West": 10123
      }
    },
    {
      "id": 10123,
      "name": "The Amethyst cavern",
      "exits": {
        "East": 10122,
        "West": 10124
      }
    },
    {
      "id": 10124,
      "name": "The Amethyst cavern",
      "exits": {
        "East": 10123,
        "West": 10125
      }
    },
    {
      "id": 10125,
      "name": "The Amethyst cavern",
      "exits": {
        "East": 10124,
        "South": 10126
      }
    },
    {
      "id": 10126,
      "name": "The Amethyst cavern",
      "exits": {
        "North": 10125,
        "South": 10127
      }
    },
    {
      "id": 10127,
      "name": "The Amethyst cavern",
      "exits": {
        "North": 10126,
        "West": 10128
      }
    },
    {
      "id": 10128,
      "name": "The Amethyst cavern",
      "exits": {
        "East": 10127,
        "South": 10129
      }
    },
    {
      "id": 10129,
      "name": "The Amethyst cavern",
      "exits": {
        "North": 10128,
        "South": 10130
      }
    },
    {
      "id": 10130,
      "name": "Before an obsidian door",
      "exits": {
        "North": 10129,
        "South": 10131
      }
    },
    {
      "id": 10131,
      "name": "The Keeper\u0027s room",
      "exits": {
        "North": 10130
      }
    },
    {
      "id": 10132,
      "name": "The Amethyst cavern",
      "exits": {
        "East": 10133,
        "West": 10122
      }
    },
    {
      "id": 10133,
      "name": "The Amethyst cavern",
      "exits": {
        "East": 10134,
        "West": 10132
      }
    },
    {
      "id": 10134,
      "name": "The Amethyst cavern",
      "exits": {
        "East": 10135,
        "West": 10133
      }
    },
    {
      "id": 10135,
      "name": "The Amethyst cavern",
      "exits": {
        "North": 10136,
        "West": 10134
      }
    },
    {
      "id": 10136,
      "name": "The Amethyst cavern",
      "exits": {
        "East": 10137,
        "South": 10135
      }
    },
    {
      "id": 10137,
      "name": "The Amethyst cavern",
      "exits": {
        "East": 10138,
        "West": 10136
      }
    },
    {
      "id": 10138,
      "name": "In front of a cage",
      "exits": {
        "East": 10139,
        "West": 10137
      }
    },
    {
      "id": 10139,
      "name": "The Serpent\u0027s cage",
      "exits": {
        "West": 10138
      }
    },
    {
      "id": 10140,
      "name": "The Amethyst cavern",
      "exits": {
        "North": 10141,
        "South": 10122
      }
    },
    {
      "id": 10141,
      "name": "The Amethyst cavern",
      "exits": {
        "North": 10142,
        "South": 10140
      }
    },
    {
      "id": 10142,
      "name": "The Amethyst cavern",
      "exits": {
        "South": 10141,
        "West": 10143
      }
    },
    {
      "id": 10143,
      "name": "The Amethyst cavern",
      "exits": {
        "East": 10142,
        "West": 10144
      }
    },
    {
      "id": 10144,
      "name": "The Amethyst cavern",
      "exits": {
        "North": 10145,
        "East": 10143
      }
    },
    {
      "id": 10145,
      "name": "The Amethyst cavern",
      "exits": {
        "North": 10146,
        "South": 10144
      }
    },
    {
      "id": 10146,
      "name": "Before the Great Portal",
      "exits": {
        "North": 10147,
        "South": 10145
      }
    },
    {
      "id": 10147,
      "name": "A dragon\u0027s lair",
      "exits": {
        "South": 10146
      }
    },
    {
      "id": 10148,
      "name": "A slender hallway",
      "exits": {
        "East": 10149,
        "West": 10109
      }
    },
    {
      "id": 10149,
      "name": "A slender hallway",
      "exits": {
        "East": 10150,
        "West": 10148
      }
    },
    {
      "id": 10150,
      "name": "A slender hallway",
      "exits": {
        "East": 10151,
        "West": 10149
      }
    },
    {
      "id": 10151,
      "name": "A slender hallway",
      "exits": {
        "East": 10152,
        "West": 10150
      }
    },
    {
      "id": 10152,
      "name": "A slender hallway",
      "exits": {
        "North": 10153,
        "West": 10151
      }
    },
    {
      "id": 10153,
      "name": "Before the chapel doors",
      "exits": {
        "North": 10154,
        "South": 10152
      }
    },
    {
      "id": 10154,
      "name": "An extremely large chapel",
      "exits": {
        "North": 10155,
        "South": 10153
      }
    },
    {
      "id": 10155,
      "name": "The priest\u0027s vestibule",
      "exits": {
        "South": 10154
      }
    },
    {
      "id": 10156,
      "name": "A grand stairwell",
      "exits": {
        "South": 10109,
        "Up": 10157
      }
    },
    {
      "id": 10157,
      "name": "The second floor of the temple",
      "exits": {
        "North": 10173,
        "East": 10163,
        "South": 10168,
        "West": 10158,
        "Down": 10156
      }
    },
    {
      "id": 10158,
      "name": "The western hall",
      "exits": {
        "East": 10157,
        "West": 10159
      }
    },
    {
      "id": 10159,
      "name": "The western hall",
      "exits": {
        "East": 10158,
        "West": 10160
      }
    },
    {
      "id": 10160,
      "name": "The western hall",
      "exits": {
        "East": 10159,
        "West": 10161
      }
    },
    {
      "id": 10161,
      "name": "The end of the hall",
      "exits": {
        "East": 10160,
        "West": 10162
      }
    },
    {
      "id": 10162,
      "name": "Michael\u0027s chamber",
      "exits": {
        "East": 10161
      }
    },
    {
      "id": 10163,
      "name": "The eastern hall",
      "exits": {
        "East": 10164,
        "West": 10157
      }
    },
    {
      "id": 10164,
      "name": "The eastern hall",
      "exits": {
        "East": 10165,
        "West": 10163
      }
    },
    {
      "id": 10165,
      "name": "The eastern hall",
      "exits": {
        "East": 10166,
        "West": 10164
      }
    },
    {
      "id": 10166,
      "name": "The end of the hall",
      "exits": {
        "East": 10167,
        "West": 10165
      }
    },
    {
      "id": 10167,
      "name": "Gabriel\u0027s chammber",
      "exits": {
        "West": 10166
      }
    },
    {
      "id": 10168,
      "name": "The southern hall",
      "exits": {
        "North": 10157,
        "South": 10169
      }
    },
    {
      "id": 10169,
      "name": "The southern hall",
      "exits": {
        "North": 10168,
        "South": 10170
      }
    },
    {
      "id": 10170,
      "name": "The southern hall",
      "exits": {
        "North": 10169,
        "South": 10171
      }
    },
    {
      "id": 10171,
      "name": "The end of the hall",
      "exits": {
        "North": 10170,
        "South": 10172
      }
    },
    {
      "id": 10172,
      "name": "A holy spirit\u0027s chamber",
      "exits": {
        "North": 10171
      }
    },
    {
      "id": 10173,
      "name": "The northern hall",
      "exits": {
        "North": 10174,
        "South": 10157
      }
    },
    {
      "id": 10174,
      "name": "The northern hall",
      "exits": {
        "North": 10175,
        "South": 10173
      }
    },
    {
      "id": 10175,
      "name": "The northern hall",
      "exits": {
        "North": 10176,
        "South": 10174
      }
    },
    {
      "id": 10176,
      "name": "A door of pure energy",
      "exits": {
        "North": 10177,
        "South": 10175
      }
    },
    {
      "id": 10177,
      "name": "The Judgement seat",
      "exits": {
        "South": 10176
      }
    },
    {
      "id": 10178,
      "name": "The Herbary",
      "exits": {
        "West": 10107
      }
    },
    {
      "id": 10179,
      "name": "Within a blood soaked boat house",
      "exits": {
        "North": 10100
      }
    },
    {
      "id": 623,
      "name": "To New Ofcol",
      "otherAreaExit": true,
      "exits": {
        "North": 621
      }
    }
  ]
}