{
  "name": "Cliffs of Kylos",
  "buildOptions": {
    "maxSteps": 1000,
    "fixObstacles": true,
    "fixNonStraight": true,
    "fixIntersected": false,
    "compactMap": true,
    "addDebugInfo": false,
    "colorizeConnectionIssues": true
  },
  "rooms": [
    {
      "id": 30400,
      "name": "The Edge of the Canyon",
      "exits": {
        "North": 30401,
        "East": 30405
      }
    },
    {
      "id": 30401,
      "name": "The Bottom of a Sharp Incline",
      "exits": {
        "South": 30400,
        "Up": 30402
      }
    },
    {
      "id": 30402,
      "name": "A Narrow Path up the Cliffs",
      "exits": {
        "Up": 30403,
        "Down": 30401
      }
    },
    {
      "id": 30403,
      "name": "A Broken Ledge Over the Ravine",
      "exits": {
        "East": 30404,
        "Down": 30402
      }
    },
    {
      "id": 30404,
      "name": "A Narrow Path Along the Cliffs",
      "exits": {
        "East": 30406,
        "West": 30403
      }
    },
    {
      "id": 30405,
      "name": "Canyon Before the Cliffs of Kylos",
      "exits": {
        "South": 40788,
        "West": 30400
      }
    },
    {
      "id": 30406,
      "name": "A Narrow Path Along the Cliffs",
      "exits": {
        "East": 30407,
        "West": 30404
      }
    },
    {
      "id": 30407,
      "name": "A Dead End in the Path",
      "exits": {
        "West": 30406,
        "Up": 30408
      }
    },
    {
      "id": 30408,
      "name": "Hanging by a Rope Ladder",
      "exits": {
        "West": 30427,
        "Up": 30409,
        "Down": 30407
      }
    },
    {
      "id": 30409,
      "name": "Hanging by a Rope Ladder",
      "exits": {
        "Up": 30410,
        "Down": 30408
      }
    },
    {
      "id": 30410,
      "name": "A Plateau Above the Cliffs",
      "exits": {
        "West": 30411,
        "Down": 30409
      }
    },
    {
      "id": 30411,
      "name": "A Treacherous Path Along the Cliffs",
      "exits": {
        "East": 30410,
        "West": 30412
      }
    },
    {
      "id": 30412,
      "name": "A Treacherous Path Along the Cliffs",
      "exits": {
        "East": 30411,
        "West": 30413
      }
    },
    {
      "id": 30413,
      "name": "A Treacherous Path Along the Cliffs",
      "exits": {
        "East": 30412,
        "West": 30414
      }
    },
    {
      "id": 30414,
      "name": "Entrance to a Dark Cavern",
      "exits": {
        "North": 30415,
        "East": 30413
      }
    },
    {
      "id": 30415,
      "name": "A Cold, Damp Section of the Cavern",
      "exits": {
        "North": 30422,
        "East": 30416,
        "South": 30414
      }
    },
    {
      "id": 30416,
      "name": "A Cold, Damp Section of the Cavern",
      "exits": {
        "North": 30421,
        "East": 30417,
        "West": 30415
      }
    },
    {
      "id": 30417,
      "name": "A Cold, Damp Section of the Cavern",
      "exits": {
        "North": 30420,
        "East": 30418,
        "West": 30416
      }
    },
    {
      "id": 30418,
      "name": "A Cold, Damp Section of the Cavern",
      "exits": {
        "North": 30419,
        "West": 30417
      }
    },
    {
      "id": 30419,
      "name": "A Cold, Damp Section of the Cavern",
      "exits": {
        "North": 30426,
        "South": 30418,
        "West": 30420
      }
    },
    {
      "id": 30420,
      "name": "The Middle of a Cold, Damp Cavern",
      "exits": {
        "North": 30425,
        "East": 30419,
        "South": 30417,
        "West": 30421
      }
    },
    {
      "id": 30421,
      "name": "A Cold, Damp Section of the Cavern",
      "exits": {
        "North": 30424,
        "East": 30420,
        "South": 30416,
        "West": 30422
      }
    },
    {
      "id": 30422,
      "name": "A Cold, Damp Section of the Cavern",
      "exits": {
        "North": 30423,
        "East": 30421,
        "South": 30415
      }
    },
    {
      "id": 30423,
      "name": "A Cold, Damp Section of the Cavern",
      "exits": {
        "East": 30424,
        "South": 30422
      }
    },
    {
      "id": 30424,
      "name": "A Cold, Damp Section of the Cavern",
      "exits": {
        "East": 30425,
        "South": 30421,
        "West": 30423
      }
    },
    {
      "id": 30425,
      "name": "A Cold, Damp Section of the Cavern",
      "exits": {
        "East": 30426,
        "South": 30420,
        "West": 30424
      }
    },
    {
      "id": 30426,
      "name": "A Cold, Damp Section of the Cavern",
      "exits": {
        "South": 30419,
        "West": 30425,
        "Down": 30449
      }
    },
    {
      "id": 30427,
      "name": "Atop a Wobbling Stone Slab",
      "exits": {
        "North": 30428,
        "East": 30408
      }
    },
    {
      "id": 30428,
      "name": "A twisted Tunnel Into the Cavern",
      "exits": {
        "North": 30429,
        "East": 30440,
        "South": 30427,
        "West": 30433
      }
    },
    {
      "id": 30429,
      "name": "A Scorched Tunnel",
      "exits": {
        "North": 30430,
        "South": 30428
      }
    },
    {
      "id": 30430,
      "name": "A Scorched Tunnel",
      "exits": {
        "North": 30431,
        "South": 30429
      }
    },
    {
      "id": 30431,
      "name": "A Scorched Tunnel",
      "exits": {
        "North": 30432,
        "South": 30430
      }
    },
    {
      "id": 30432,
      "name": "A Large, Fire-Blasted Cavern",
      "exits": {
        "North": 30453,
        "East": 30450,
        "South": 30431,
        "West": 30451
      }
    },
    {
      "id": 30433,
      "name": "A twisted Tunnel Into the Cavern",
      "exits": {
        "North": 30434,
        "East": 30428
      }
    },
    {
      "id": 30434,
      "name": "A twisted Tunnel Into the Cavern",
      "exits": {
        "North": 30435,
        "South": 30433
      }
    },
    {
      "id": 30435,
      "name": "A twisted Tunnel Into the Cavern",
      "exits": {
        "South": 30434,
        "West": 30436,
        "Up": 30437
      }
    },
    {
      "id": 30436,
      "name": "A twisted Tunnel Into the Cavern",
      "exits": {
        "East": 30435
      }
    },
    {
      "id": 30437,
      "name": "",
      "exits": {
        "West": 30438,
        "Down": 30435
      }
    },
    {
      "id": 30438,
      "name": "",
      "exits": {
        "East": 30437,
        "West": 30439
      }
    },
    {
      "id": 30439,
      "name": "",
      "exits": {
        "East": 30438
      }
    },
    {
      "id": 30440,
      "name": "A Twisted Tunnel Into the Cavern",
      "exits": {
        "North": 30441,
        "West": 30428
      }
    },
    {
      "id": 30441,
      "name": "A Twisted Tunnel Into the Cavern",
      "exits": {
        "North": 30442,
        "South": 30440
      }
    },
    {
      "id": 30442,
      "name": "A Twisted Tunnel Into the Cavern",
      "exits": {
        "East": 30443,
        "South": 30441,
        "Up": 30444
      }
    },
    {
      "id": 30443,
      "name": "A Twisted Tunnel Into the Cavern",
      "exits": {
        "South": 30447,
        "West": 30442,
        "Up": 30447
      }
    },
    {
      "id": 30444,
      "name": "A Twisted Tunnel Into the Cavern",
      "exits": {
        "East": 30445,
        "Down": 30442
      }
    },
    {
      "id": 30445,
      "name": "A Twisted Tunnel Into the Cavern",
      "exits": {
        "East": 30446,
        "West": 30444
      }
    },
    {
      "id": 30446,
      "name": "The End of a Twisted Tunnel",
      "exits": {
        "West": 30445
      }
    },
    {
      "id": 30447,
      "name": "A Twisted Tunnel Into the Cavern",
      "exits": {
        "North": 30443,
        "South": 30448,
        "Down": 30443
      }
    },
    {
      "id": 30448,
      "name": "A Twisted Tunnel Into the Cavern",
      "exits": {
        "North": 30447,
        "Up": 30449
      }
    },
    {
      "id": 30449,
      "name": "A Twisted Tunnel Into the Cavern",
      "exits": {
        "Up": 30426,
        "Down": 30448
      }
    },
    {
      "id": 30450,
      "name": "A Large, Fire-Blasted Cavern",
      "exits": {
        "North": 30452,
        "West": 30432
      }
    },
    {
      "id": 30451,
      "name": "A Large, Fire-Blasted Cavern",
      "exits": {
        "North": 30454,
        "East": 30432
      }
    },
    {
      "id": 30452,
      "name": "A Large, Fire-Blasted Cavern",
      "exits": {
        "South": 30450,
        "West": 30453,
        "Down": 30455
      }
    },
    {
      "id": 30453,
      "name": "A Large, Fire-Blasted Cavern",
      "exits": {
        "East": 30452,
        "South": 30432,
        "West": 30454,
        "Down": 30456
      }
    },
    {
      "id": 30454,
      "name": "A Large, Fire-Blasted Cavern",
      "exits": {
        "East": 30453,
        "South": 30451,
        "Down": 30457
      }
    },
    {
      "id": 30455,
      "name": "A Large, Fire-Blasted Cavern",
      "exits": {
        "North": 30458,
        "West": 30456,
        "Up": 30452
      }
    },
    {
      "id": 30456,
      "name": "A Large, Fire-Blasted Cavern",
      "exits": {
        "North": 30459,
        "East": 30455,
        "West": 30457,
        "Up": 30453
      }
    },
    {
      "id": 30457,
      "name": "A Large, Fire-Blasted Cavern",
      "exits": {
        "North": 30460,
        "East": 30456,
        "Up": 30454
      }
    },
    {
      "id": 30458,
      "name": "A Large, Fire-Blasted Cavern",
      "exits": {
        "North": 30461,
        "South": 30455,
        "West": 30459
      }
    },
    {
      "id": 30459,
      "name": "A Large, Fire-Blasted Cavern",
      "exits": {
        "North": 30462,
        "East": 30458,
        "South": 30456,
        "West": 30460
      }
    },
    {
      "id": 30460,
      "name": "A Large, Fire-Blasted Cavern",
      "exits": {
        "North": 30463,
        "East": 30459,
        "South": 30457
      }
    },
    {
      "id": 30461,
      "name": "A Sudden Drop-Off",
      "exits": {
        "South": 30458,
        "West": 30462
      }
    },
    {
      "id": 30462,
      "name": "On the Edge of a Cliff",
      "exits": {
        "East": 30461,
        "South": 30459,
        "West": 30463
      }
    },
    {
      "id": 30463,
      "name": "On the Edge of a Cliff",
      "exits": {
        "East": 30462,
        "South": 30460,
        "West": 30464
      }
    },
    {
      "id": 30464,
      "name": "Along a Steep Cliffside",
      "exits": {
        "East": 30463,
        "Down": 30465
      }
    },
    {
      "id": 30465,
      "name": "Along a Steep Incline",
      "exits": {
        "Up": 30464,
        "Down": 30466
      }
    },
    {
      "id": 30466,
      "name": "Along a Steep Incline",
      "exits": {
        "East": 30467,
        "Up": 30465
      }
    },
    {
      "id": 30467,
      "name": "Underneath a Precarious Ledge",
      "exits": {
        "West": 30466
      }
    },
    {
      "id": 40788,
      "name": "To The North Road",
      "otherAreaExit": true,
      "exits": {
        "North": 30405,
        "South": 40781,
        "Down": 40787
      }
    }
  ]
}