{
  "name": "Dargaard Keep",
  "buildOptions": {
    "maxSteps": 1000,
    "fixObstacles": true,
    "fixNonStraight": true,
    "fixIntersected": false,
    "compactMap": true,
    "addDebugInfo": false,
    "colorizeConnectionIssues": true
  },
  "rooms": [
    {
      "id": 16100,
      "name": "A trail leading up the mountain",
      "exits": {
        "East": 16101,
        "South": 11000
      }
    },
    {
      "id": 16101,
      "name": "A trail leading up the mountain",
      "exits": {
        "East": 16102,
        "West": 16100
      }
    },
    {
      "id": 16102,
      "name": "Before a stone keep",
      "exits": {
        "East": 16103,
        "West": 16101
      }
    },
    {
      "id": 16103,
      "name": "Foyer of Dargaard Keep",
      "exits": {
        "East": 16104,
        "West": 16102
      }
    },
    {
      "id": 16104,
      "name": "Inside the Keep",
      "exits": {
        "North": 16105,
        "East": 16107,
        "South": 16106,
        "West": 16103
      }
    },
    {
      "id": 16105,
      "name": "Inside the Keep",
      "exits": {
        "North": 16108,
        "South": 16104
      }
    },
    {
      "id": 16106,
      "name": "Inside the Keep",
      "exits": {
        "North": 16104,
        "South": 16109
      }
    },
    {
      "id": 16107,
      "name": "The main hallway of Dargaard",
      "exits": {
        "East": 16110,
        "West": 16104
      }
    },
    {
      "id": 16108,
      "name": "Inside the Keep",
      "exits": {
        "South": 16105,
        "Up": 16118
      }
    },
    {
      "id": 16109,
      "name": "Inside the Keep",
      "exits": {
        "North": 16106,
        "Up": 16119
      }
    },
    {
      "id": 16110,
      "name": "The main hallway of Dargaard",
      "exits": {
        "East": 16112,
        "West": 16107,
        "Up": 16111
      }
    },
    {
      "id": 16111,
      "name": "Second floor landing",
      "exits": {
        "West": 16113,
        "Down": 16110
      }
    },
    {
      "id": 16112,
      "name": "The main hallway of Dargaard",
      "exits": {
        "North": 16176,
        "East": 16136,
        "South": 16179,
        "West": 16110
      }
    },
    {
      "id": 16113,
      "name": "Second floor hallway",
      "exits": {
        "East": 16111,
        "West": 16114
      }
    },
    {
      "id": 16114,
      "name": "Second floor hallway",
      "exits": {
        "North": 16116,
        "East": 16113,
        "South": 16115,
        "West": 16117
      }
    },
    {
      "id": 16115,
      "name": "Southern wing of the Keep",
      "exits": {
        "North": 16114,
        "South": 16150
      }
    },
    {
      "id": 16116,
      "name": "Northern wing of the Keep",
      "exits": {
        "North": 16147,
        "South": 16114
      }
    },
    {
      "id": 16117,
      "name": "Second floor hallway",
      "exits": {
        "North": 16118,
        "East": 16114,
        "South": 16119,
        "West": 16120,
        "Up": 16121
      }
    },
    {
      "id": 16118,
      "name": "At the top of a short staircase",
      "exits": {
        "South": 16117,
        "Down": 16108
      }
    },
    {
      "id": 16119,
      "name": "At the top of a short staircase",
      "exits": {
        "North": 16117,
        "Down": 16109
      }
    },
    {
      "id": 16120,
      "name": "On a balcony overlooking the mountains",
      "exits": {
        "East": 16117,
        "Down": 16102
      }
    },
    {
      "id": 16121,
      "name": "Third floor landing",
      "exits": {
        "North": 16122,
        "East": 16130,
        "South": 16125,
        "West": 16128,
        "Up": 16137,
        "Down": 16117
      }
    },
    {
      "id": 16122,
      "name": "Northern hallway",
      "exits": {
        "North": 16123,
        "South": 16121
      }
    },
    {
      "id": 16123,
      "name": "Northern hallway",
      "exits": {
        "North": 16124,
        "South": 16122
      }
    },
    {
      "id": 16124,
      "name": "End of the northern hallway",
      "exits": {
        "South": 16123
      }
    },
    {
      "id": 16125,
      "name": "Southern hallway",
      "exits": {
        "North": 16121,
        "South": 16126
      }
    },
    {
      "id": 16126,
      "name": "Southern hallway",
      "exits": {
        "North": 16125,
        "South": 16127
      }
    },
    {
      "id": 16127,
      "name": "End of the southern hallway",
      "exits": {
        "North": 16126
      }
    },
    {
      "id": 16128,
      "name": "Western hallway",
      "exits": {
        "East": 16121,
        "West": 16129
      }
    },
    {
      "id": 16129,
      "name": "Between two oaken doors",
      "exits": {
        "North": 16134,
        "East": 16128,
        "South": 16135
      }
    },
    {
      "id": 16130,
      "name": "Eastern hall",
      "exits": {
        "East": 16131,
        "West": 16121
      }
    },
    {
      "id": 16131,
      "name": "Eastern hall",
      "exits": {
        "East": 16132,
        "West": 16130
      }
    },
    {
      "id": 16132,
      "name": "Before a large oak door",
      "exits": {
        "East": 16133,
        "West": 16131
      }
    },
    {
      "id": 16133,
      "name": "The master bedroom",
      "exits": {
        "West": 16132
      }
    },
    {
      "id": 16134,
      "name": "An old bedroom",
      "exits": {
        "South": 16129
      }
    },
    {
      "id": 16135,
      "name": "An old bedroom",
      "exits": {
        "North": 16129
      }
    },
    {
      "id": 16136,
      "name": "An ancient dining hall",
      "exits": {
        "East": 16182,
        "West": 16112,
        "Down": 27000
      }
    },
    {
      "id": 16137,
      "name": "Fourth floor landing",
      "exits": {
        "East": 16138,
        "West": 16197,
        "Down": 16121
      }
    },
    {
      "id": 16138,
      "name": "The fourth floor of the Keep",
      "exits": {
        "North": 16139,
        "East": 16141,
        "South": 16140,
        "West": 16137
      }
    },
    {
      "id": 16139,
      "name": "Inside a waiting hall",
      "exits": {
        "East": 16142,
        "South": 16138
      }
    },
    {
      "id": 16140,
      "name": "Inside a waiting hall",
      "exits": {
        "North": 16138,
        "East": 16143
      }
    },
    {
      "id": 16141,
      "name": "Inside a waiting hall",
      "exits": {
        "North": 16142,
        "East": 16144,
        "South": 16143,
        "West": 16138
      }
    },
    {
      "id": 16142,
      "name": "Inside a waiting hall",
      "exits": {
        "South": 16141,
        "West": 16139
      }
    },
    {
      "id": 16143,
      "name": "Inside a waiting hall",
      "exits": {
        "North": 16141,
        "West": 16140
      }
    },
    {
      "id": 16144,
      "name": "Before a long staircase",
      "exits": {
        "West": 16141,
        "Up": 16145
      }
    },
    {
      "id": 16145,
      "name": "On the staircase",
      "exits": {
        "Up": 16146,
        "Down": 16144
      }
    },
    {
      "id": 16146,
      "name": "Before the Great Hall",
      "exits": {
        "East": 16161,
        "Down": 16145
      }
    },
    {
      "id": 16147,
      "name": "Northern wing of the Keep",
      "exits": {
        "North": 16148,
        "South": 16116
      }
    },
    {
      "id": 16148,
      "name": "Northern wing of the Keep",
      "exits": {
        "North": 16149,
        "South": 16147
      }
    },
    {
      "id": 16149,
      "name": "Northern wing of the Keep",
      "exits": {
        "East": 16153,
        "South": 16148,
        "West": 16155
      }
    },
    {
      "id": 16150,
      "name": "Southern wing of the Keep",
      "exits": {
        "North": 16115,
        "South": 16151
      }
    },
    {
      "id": 16151,
      "name": "Southern wing of the Keep",
      "exits": {
        "North": 16150,
        "South": 16152
      }
    },
    {
      "id": 16152,
      "name": "Southern wing of the Keep",
      "exits": {
        "North": 16151,
        "East": 16157,
        "West": 16159
      }
    },
    {
      "id": 16153,
      "name": "East branch of the northern hallway",
      "exits": {
        "East": 16154,
        "West": 16149
      }
    },
    {
      "id": 16154,
      "name": "Servants\u0027 quarters",
      "exits": {
        "West": 16153
      }
    },
    {
      "id": 16155,
      "name": "West branch of the north hallway",
      "exits": {
        "East": 16149,
        "West": 16156
      }
    },
    {
      "id": 16156,
      "name": "Servants\u0027 quarters",
      "exits": {
        "East": 16155
      }
    },
    {
      "id": 16157,
      "name": "Eastern side of the south hall",
      "exits": {
        "East": 16158,
        "West": 16152
      }
    },
    {
      "id": 16158,
      "name": "Inside a small library",
      "exits": {
        "West": 16157
      }
    },
    {
      "id": 16159,
      "name": "West side of the southern hall",
      "exits": {
        "East": 16152,
        "West": 16160
      }
    },
    {
      "id": 16160,
      "name": "A private study",
      "exits": {
        "East": 16159
      }
    },
    {
      "id": 16161,
      "name": "The Great Hall of Dargaard Keep",
      "exits": {
        "North": 16162,
        "East": 16164,
        "South": 16163,
        "West": 16146
      }
    },
    {
      "id": 16162,
      "name": "The Great Hall of Dargaard",
      "exits": {
        "East": 16167,
        "South": 16161
      }
    },
    {
      "id": 16163,
      "name": "The Great Hall of Dargaard",
      "exits": {
        "North": 16161,
        "East": 16166
      }
    },
    {
      "id": 16164,
      "name": "The Great Hall of Dargaard",
      "exits": {
        "North": 16167,
        "East": 16165,
        "South": 16166,
        "West": 16161
      }
    },
    {
      "id": 16165,
      "name": "The Great Hall of Dargaard",
      "exits": {
        "North": 16168,
        "East": 16194,
        "South": 16170,
        "West": 16164
      }
    },
    {
      "id": 16166,
      "name": "The Great Hall of Dargaard",
      "exits": {
        "North": 16164,
        "East": 16170,
        "West": 16163
      }
    },
    {
      "id": 16167,
      "name": "The Great Hall of Dargaard",
      "exits": {
        "East": 16168,
        "South": 16164,
        "West": 16162
      }
    },
    {
      "id": 16168,
      "name": "The Great Hall of Dargaard",
      "exits": {
        "North": 16169,
        "South": 16165,
        "West": 16167
      }
    },
    {
      "id": 16169,
      "name": "The Great Hall of Dargaard",
      "exits": {
        "North": 16172,
        "East": 16175,
        "South": 16168
      }
    },
    {
      "id": 16170,
      "name": "The Great Hall of Dargaard",
      "exits": {
        "North": 16165,
        "South": 16171,
        "West": 16166
      }
    },
    {
      "id": 16171,
      "name": "The Great Hall of Dargaard",
      "exits": {
        "North": 16170,
        "East": 16174,
        "South": 16173
      }
    },
    {
      "id": 16172,
      "name": "A private counsel room",
      "exits": {
        "South": 16169
      }
    },
    {
      "id": 16173,
      "name": "A private counsel room",
      "exits": {
        "North": 16171
      }
    },
    {
      "id": 16174,
      "name": "A pious altar",
      "exits": {
        "West": 16171
      }
    },
    {
      "id": 16175,
      "name": "A quiet shrine",
      "exits": {
        "West": 16169
      }
    },
    {
      "id": 16176,
      "name": "A hallway of Dargaard",
      "exits": {
        "East": 16177,
        "South": 16112
      }
    },
    {
      "id": 16177,
      "name": "A hallway of Dargaard",
      "exits": {
        "East": 16178,
        "West": 16176
      }
    },
    {
      "id": 16178,
      "name": "A hallway of Dargaard",
      "exits": {
        "South": 16182,
        "West": 16177
      }
    },
    {
      "id": 16179,
      "name": "A hallway of Dargaard",
      "exits": {
        "North": 16112,
        "East": 16180
      }
    },
    {
      "id": 16180,
      "name": "A hallway of Dargaard",
      "exits": {
        "East": 16181,
        "West": 16179
      }
    },
    {
      "id": 16181,
      "name": "A hallway of Dargaard",
      "exits": {
        "North": 16182,
        "West": 16180
      }
    },
    {
      "id": 16182,
      "name": "A hallway of Dargaard",
      "exits": {
        "North": 16178,
        "East": 16183,
        "South": 16181,
        "West": 16136
      }
    },
    {
      "id": 16183,
      "name": "Entrance to the courtyard",
      "exits": {
        "East": 16184,
        "West": 16182
      }
    },
    {
      "id": 16184,
      "name": "In the courtyard",
      "exits": {
        "North": 16185,
        "East": 16189,
        "South": 16187,
        "West": 16183
      }
    },
    {
      "id": 16185,
      "name": "In the courtyard",
      "exits": {
        "North": 16186,
        "East": 16190,
        "South": 16184
      }
    },
    {
      "id": 16186,
      "name": "Before a fountain in the courtyard",
      "exits": {
        "South": 16185
      }
    },
    {
      "id": 16187,
      "name": "In the courtyard",
      "exits": {
        "North": 16184,
        "East": 16192,
        "South": 16188
      }
    },
    {
      "id": 16188,
      "name": "A small orchard",
      "exits": {
        "North": 16187,
        "East": 16193
      }
    },
    {
      "id": 16189,
      "name": "In the courtyard",
      "exits": {
        "North": 16190,
        "East": 16195,
        "South": 16192,
        "West": 16184
      }
    },
    {
      "id": 16190,
      "name": "In the courtyard",
      "exits": {
        "North": 16191,
        "South": 16189,
        "West": 16185
      }
    },
    {
      "id": 16191,
      "name": "Before a pool of blood",
      "exits": {
        "South": 16190
      }
    },
    {
      "id": 16192,
      "name": "In the courtyard",
      "exits": {
        "North": 16189,
        "South": 16193,
        "West": 16187
      }
    },
    {
      "id": 16193,
      "name": "A small orchard",
      "exits": {
        "North": 16192,
        "West": 16188
      }
    },
    {
      "id": 16194,
      "name": "Before Lord Soth\u0027s Black Throne",
      "exits": {
        "West": 16165
      }
    },
    {
      "id": 16195,
      "name": "In a short, dark hall",
      "exits": {
        "East": 16196,
        "West": 16189
      }
    },
    {
      "id": 16196,
      "name": "Lord Soth\u0027s Private Chamber",
      "exits": {
        "West": 16195
      }
    },
    {
      "id": 16197,
      "name": "The fourth floor of the Keep",
      "exits": {
        "East": 16137,
        "West": 16198
      }
    },
    {
      "id": 16198,
      "name": "On a high balcony overlooking the mountains",
      "exits": {
        "East": 16197
      }
    },
    {
      "id": 11000,
      "name": "To Dark Forest",
      "otherAreaExit": true,
      "exits": {
        "North": 16100,
        "South": 11001
      }
    },
    {
      "id": 27000,
      "name": "To Hell",
      "otherAreaExit": true,
      "exits": {
        "West": 27001,
        "Up": 16136
      }
    }
  ]
}