{
  "name": "Dark Forest",
  "buildOptions": {
    "maxSteps": 1000,
    "fixObstacles": true,
    "fixNonStraight": true,
    "fixIntersected": true,
    "compactMap": true,
    "addDebugInfo": false,
    "colorizeConnectionIssues": true
  },
  "rooms": [
    {
      "id": 11000,
      "name": "A trail leading to a dense mass of trees",
      "exits": {
        "North": 16100,
        "South": 11001
      }
    },
    {
      "id": 11001,
      "name": "A trail leading to a dense mass of trees",
      "exits": {
        "North": 11000,
        "South": 11002
      }
    },
    {
      "id": 11002,
      "name": "A trail leading to a dense mass of trees",
      "exits": {
        "North": 11001,
        "East": 11003
      }
    },
    {
      "id": 11003,
      "name": "A trail leading to a dense mass of trees",
      "exits": {
        "South": 11004,
        "West": 11002
      }
    },
    {
      "id": 11004,
      "name": "A trail leading to a dense mass of trees",
      "exits": {
        "North": 11003,
        "West": 11005
      }
    },
    {
      "id": 11005,
      "name": "A trail leading to a dense mass of trees",
      "exits": {
        "East": 11004,
        "South": 11006
      }
    },
    {
      "id": 11006,
      "name": "A trail leading to a dense mass of trees",
      "exits": {
        "North": 11005,
        "East": 11007
      }
    },
    {
      "id": 11007,
      "name": "Pushing your way into the forest",
      "exits": {
        "South": 11008,
        "West": 11006
      }
    },
    {
      "id": 11008,
      "name": "In a dark forest.",
      "exits": {
        "North": 11007,
        "South": 11009
      }
    },
    {
      "id": 11009,
      "name": "In a dark forest.",
      "exits": {
        "North": 11008,
        "South": 11013,
        "West": 11010
      }
    },
    {
      "id": 11010,
      "name": "A trail leading to a small spring",
      "exits": {
        "East": 11009,
        "West": 11011
      }
    },
    {
      "id": 11011,
      "name": "A trail leading to a small spring",
      "exits": {
        "East": 11010,
        "West": 11012
      }
    },
    {
      "id": 11012,
      "name": "A small artesian spring",
      "exits": {
        "East": 11011
      }
    },
    {
      "id": 11013,
      "name": "In a dark forest",
      "exits": {
        "North": 11009,
        "East": 11014,
        "South": 11021
      }
    },
    {
      "id": 11014,
      "name": "In a dark forest",
      "exits": {
        "South": 11015,
        "West": 11013
      }
    },
    {
      "id": 11015,
      "name": "At the entrance to a Cave.",
      "exits": {
        "North": 11014,
        "Down": 11016
      }
    },
    {
      "id": 11016,
      "name": "In a dark cave",
      "exits": {
        "North": 11017,
        "Up": 11015
      }
    },
    {
      "id": 11017,
      "name": "A passage in the cave",
      "exits": {
        "South": 11016,
        "West": 11018
      }
    },
    {
      "id": 11018,
      "name": "A passage in the cave",
      "exits": {
        "East": 11017,
        "Down": 11019
      }
    },
    {
      "id": 11019,
      "name": "A passage in the cave",
      "exits": {
        "South": 11020,
        "Up": 11018
      }
    },
    {
      "id": 11020,
      "name": "Inside the bear\u0027s den",
      "exits": {
        "North": 11019
      }
    },
    {
      "id": 11021,
      "name": "In a dark forest",
      "exits": {
        "North": 11013,
        "West": 11022
      }
    },
    {
      "id": 11022,
      "name": "In a dark forest",
      "exits": {
        "East": 11021,
        "South": 11023
      }
    },
    {
      "id": 11023,
      "name": "In a dark forest",
      "exits": {
        "North": 11022,
        "West": 11024
      }
    },
    {
      "id": 11024,
      "name": "In a dark forest",
      "exits": {
        "East": 11023,
        "South": 11025
      }
    },
    {
      "id": 11025,
      "name": "In a dark forest",
      "exits": {
        "North": 11024,
        "East": 11026
      }
    },
    {
      "id": 11026,
      "name": "In a dark forest",
      "exits": {
        "South": 11027,
        "West": 11025
      }
    },
    {
      "id": 11027,
      "name": "A trail heading out of the dark forest",
      "exits": {
        "North": 11026,
        "South": 11028
      }
    },
    {
      "id": 11028,
      "name": "A trail heading out of the dark forest",
      "exits": {
        "North": 11027,
        "South": 11029
      }
    },
    {
      "id": 11029,
      "name": "A trail heading out of the dark forest",
      "exits": {
        "North": 11028,
        "South": 11030
      }
    },
    {
      "id": 11030,
      "name": "Nearing an intersection",
      "exits": {
        "North": 11029,
        "South": 11031
      }
    },
    {
      "id": 11031,
      "name": "A Twisting Cliffside",
      "exits": {
        "North": 11030,
        "East": 11032
      }
    },
    {
      "id": 11032,
      "name": "A Twisting Cliffside",
      "exits": {
        "East": 11033,
        "West": 11031
      }
    },
    {
      "id": 11033,
      "name": "A Twisting Cliffside",
      "exits": {
        "East": 11034,
        "West": 11032
      }
    },
    {
      "id": 11034,
      "name": "A Twisting Cliffside",
      "exits": {
        "East": 11035,
        "West": 11033
      }
    },
    {
      "id": 11035,
      "name": "A Twisting Cliffside",
      "exits": {
        "East": 11036,
        "West": 11034
      }
    },
    {
      "id": 11036,
      "name": "A Twisting Cliffside",
      "exits": {
        "East": 11037,
        "West": 11035
      }
    },
    {
      "id": 11037,
      "name": "A Twisting Cliffside",
      "exits": {
        "South": 11038,
        "West": 11036
      }
    },
    {
      "id": 11038,
      "name": "A Twisting Cliffside",
      "exits": {
        "North": 11037,
        "South": 11039
      }
    },
    {
      "id": 11039,
      "name": "A Twisting Cliffside",
      "exits": {
        "North": 11038,
        "South": 11040
      }
    },
    {
      "id": 11040,
      "name": "A Twisting Cliffside",
      "exits": {
        "North": 11039,
        "South": 12382
      }
    },
    {
      "id": 16100,
      "name": "To Dargaard Keep",
      "otherAreaExit": true,
      "exits": {
        "East": 16101,
        "South": 11000
      }
    },
    {
      "id": 12382,
      "name": "To Rivenrock Canyon",
      "otherAreaExit": true,
      "exits": {
        "North": 11040,
        "South": 12377
      }
    }
  ]
}