{
  "name": "Dead Forest",
  "buildOptions": {
    "maxSteps": 1000,
    "fixObstacles": true,
    "fixNonStraight": true,
    "fixIntersected": true,
    "compactMap": true,
    "addDebugInfo": false,
    "colorizeConnectionIssues": true
  },
  "rooms": [
    {
      "id": 24200,
      "name": "Entrance to the Dead Forest",
      "exits": {
        "North": 40916,
        "South": 24201
      }
    },
    {
      "id": 24201,
      "name": "Near the Entrance to the Dead Forest",
      "exits": {
        "North": 24200,
        "South": 24202
      }
    },
    {
      "id": 24202,
      "name": "Within the Dead Forest",
      "exits": {
        "North": 24201,
        "East": 24203
      }
    },
    {
      "id": 24203,
      "name": "Within the Dead Forest",
      "exits": {
        "South": 24204,
        "West": 24202
      }
    },
    {
      "id": 24204,
      "name": "Within the Dead Forest",
      "exits": {
        "North": 24203,
        "South": 24210
      }
    },
    {
      "id": 24205,
      "name": "Within the Dead Forest",
      "exits": {
        "West": 24206
      }
    },
    {
      "id": 24206,
      "name": "Within the Dead Forest",
      "exits": {
        "East": 24205,
        "South": 24207
      }
    },
    {
      "id": 24207,
      "name": "Within the Dead Forest",
      "exits": {
        "North": 24206,
        "East": 24208
      }
    },
    {
      "id": 24208,
      "name": "Within the Dead Forest",
      "exits": {
        "East": 24209,
        "West": 24207
      }
    },
    {
      "id": 24209,
      "name": "Within the Dead Forest",
      "exits": {
        "East": 24210,
        "West": 24208
      }
    },
    {
      "id": 24210,
      "name": "Within the Dead Forest",
      "exits": {
        "North": 24204,
        "East": 24211,
        "West": 24209
      }
    },
    {
      "id": 24211,
      "name": "Within the Dead Forest",
      "exits": {
        "South": 24212,
        "West": 24210
      }
    },
    {
      "id": 24212,
      "name": "Within the Dead Forest",
      "exits": {
        "North": 24211,
        "East": 24213
      }
    },
    {
      "id": 24213,
      "name": "Within the Dead Forest",
      "exits": {
        "East": 24214,
        "West": 24212
      }
    },
    {
      "id": 24214,
      "name": "Within the Dead Forest",
      "exits": {
        "North": 24215,
        "West": 24213
      }
    },
    {
      "id": 24215,
      "name": "Within the Dead Forest",
      "exits": {
        "North": 24216,
        "East": 24218,
        "South": 24214
      }
    },
    {
      "id": 24216,
      "name": "Within the Dead Forest",
      "exits": {
        "South": 24215
      }
    },
    {
      "id": 24217,
      "name": "Before a collapsed tree",
      "exits": {
        "North": 24218
      }
    },
    {
      "id": 24218,
      "name": "Within the Dead Forest",
      "exits": {
        "North": 24219,
        "South": 24217,
        "West": 24215
      }
    },
    {
      "id": 24219,
      "name": "Before a dark clearing",
      "exits": {
        "East": 24222,
        "South": 24218
      }
    },
    {
      "id": 24220,
      "name": "Within the Dead Woodlands",
      "exits": {
        "East": 24221,
        "South": 24222
      }
    },
    {
      "id": 24221,
      "name": "Within the Dead Woodlands",
      "exits": {
        "East": 24276,
        "South": 24223,
        "West": 24220
      }
    },
    {
      "id": 24222,
      "name": "Within the Dead Woodlands",
      "exits": {
        "North": 24220,
        "East": 24223,
        "South": 24225,
        "West": 24219
      }
    },
    {
      "id": 24223,
      "name": "Within the Dead Woodlands",
      "exits": {
        "North": 24221,
        "East": 24224,
        "South": 24226,
        "West": 24222
      }
    },
    {
      "id": 24224,
      "name": "Within the Dead Woodlands",
      "exits": {
        "North": 24276,
        "South": 24227,
        "West": 24223
      }
    },
    {
      "id": 24225,
      "name": "Within the Dead Woodlands",
      "exits": {
        "North": 24222,
        "East": 24226
      }
    },
    {
      "id": 24226,
      "name": "Within the Dead Woodlands",
      "exits": {
        "North": 24223,
        "East": 24227,
        "West": 24225
      }
    },
    {
      "id": 24227,
      "name": "Within the Dead Woodlands",
      "exits": {
        "North": 24224,
        "South": 24228,
        "West": 24226
      }
    },
    {
      "id": 24228,
      "name": "At a Darkened Clearing",
      "exits": {
        "North": 24227,
        "East": 24229,
        "South": 24247
      }
    },
    {
      "id": 24229,
      "name": "On a path in the Dead Forest",
      "exits": {
        "East": 24230,
        "West": 24228
      }
    },
    {
      "id": 24230,
      "name": "On a path in the Dead Forest",
      "exits": {
        "North": 24231,
        "West": 24229
      }
    },
    {
      "id": 24231,
      "name": "A bloody part of the Dead Forest",
      "exits": {
        "North": 24232,
        "East": 24235,
        "South": 24230
      }
    },
    {
      "id": 24232,
      "name": "A bloody part of the Dead Forest",
      "exits": {
        "East": 24233,
        "South": 24231
      }
    },
    {
      "id": 24233,
      "name": "A bloody part of the Dead Forest",
      "exits": {
        "East": 24234,
        "South": 24235,
        "West": 24232
      }
    },
    {
      "id": 24234,
      "name": "A bloody part of the Dead Forest",
      "exits": {
        "South": 24236,
        "West": 24233
      }
    },
    {
      "id": 24235,
      "name": "A bloody part of the Dead Forest",
      "exits": {
        "North": 24233,
        "East": 24236,
        "South": 24237,
        "West": 24231
      }
    },
    {
      "id": 24236,
      "name": "A bloody part of the Dead Forest",
      "exits": {
        "North": 24234,
        "East": 24241,
        "South": 24238,
        "West": 24235
      }
    },
    {
      "id": 24237,
      "name": "A bloody part of the Dead Forest",
      "exits": {
        "North": 24235,
        "East": 24238
      }
    },
    {
      "id": 24238,
      "name": "A bloody part of the Dead Forest",
      "exits": {
        "North": 24236,
        "East": 24243,
        "West": 24237
      }
    },
    {
      "id": 24239,
      "name": "A bloody part of the Dead Forest",
      "exits": {
        "East": 24240,
        "South": 24241
      }
    },
    {
      "id": 24240,
      "name": "A Bloody corner of the Dead Forest",
      "exits": {
        "West": 24239
      }
    },
    {
      "id": 24241,
      "name": "A bloody part of the Dead Forest",
      "exits": {
        "North": 24239,
        "East": 24242,
        "South": 24243,
        "West": 24236
      }
    },
    {
      "id": 24242,
      "name": "A bloody part of the Dead Forest",
      "exits": {
        "South": 24244,
        "West": 24241
      }
    },
    {
      "id": 24243,
      "name": "A bloody part of the Dead Forest",
      "exits": {
        "North": 24241,
        "South": 24245,
        "West": 24238
      }
    },
    {
      "id": 24244,
      "name": "A bloody part of the Dead Forest",
      "exits": {
        "North": 24242,
        "South": 24246
      }
    },
    {
      "id": 24245,
      "name": "A bloody part of the Dead Forest",
      "exits": {
        "North": 24243,
        "East": 24246
      }
    },
    {
      "id": 24246,
      "name": "A bloody part of the Dead Forest",
      "exits": {
        "North": 24244,
        "West": 24245
      }
    },
    {
      "id": 24247,
      "name": "On a path in the Dead Forest",
      "exits": {
        "North": 24228,
        "West": 24248
      }
    },
    {
      "id": 24248,
      "name": "On a path in the Dead Forest",
      "exits": {
        "East": 24247,
        "West": 24249
      }
    },
    {
      "id": 24249,
      "name": "Before a Black River",
      "exits": {
        "East": 24248,
        "South": 24250
      }
    },
    {
      "id": 24250,
      "name": "On a decayed bridge",
      "exits": {
        "North": 24249,
        "South": 24251
      }
    },
    {
      "id": 24251,
      "name": "On a decayed bridge",
      "exits": {
        "North": 24250,
        "South": 24252
      }
    },
    {
      "id": 24252,
      "name": "On the South side of the Bridge",
      "exits": {
        "North": 24251,
        "South": 24253
      }
    },
    {
      "id": 24253,
      "name": "Within a Dark Clearing",
      "exits": {
        "North": 24252,
        "East": 24254,
        "South": 24257
      }
    },
    {
      "id": 24254,
      "name": "Within a Dark Clearing",
      "exits": {
        "East": 24255,
        "South": 24258,
        "West": 24253
      }
    },
    {
      "id": 24255,
      "name": "Within a Dark Clearing",
      "exits": {
        "East": 24256,
        "South": 24259,
        "West": 24254
      }
    },
    {
      "id": 24256,
      "name": "Within a Dark Clearing",
      "exits": {
        "South": 24260,
        "West": 24255
      }
    },
    {
      "id": 24257,
      "name": "Within a Dark Clearing",
      "exits": {
        "North": 24253,
        "East": 24258
      }
    },
    {
      "id": 24258,
      "name": "Within a Dark Clearing",
      "exits": {
        "North": 24254,
        "East": 24259,
        "South": 24262,
        "West": 24257
      }
    },
    {
      "id": 24259,
      "name": "Within a Dark Clearing",
      "exits": {
        "North": 24255,
        "East": 24260,
        "South": 24263,
        "West": 24258
      }
    },
    {
      "id": 24260,
      "name": "Within a Dark Clearing",
      "exits": {
        "North": 24256,
        "South": 24264,
        "West": 24259
      }
    },
    {
      "id": 24262,
      "name": "Within a Dark Clearing",
      "exits": {
        "North": 24258,
        "East": 24263
      }
    },
    {
      "id": 24263,
      "name": "Within a Dark Clearing",
      "exits": {
        "North": 24259,
        "East": 24264,
        "South": 24265,
        "West": 24262
      }
    },
    {
      "id": 24264,
      "name": "Within a Dark Clearing",
      "exits": {
        "North": 24260,
        "West": 24263
      }
    },
    {
      "id": 24265,
      "name": "On a sparsely vegetated path",
      "exits": {
        "North": 24263,
        "South": 24300
      }
    },
    {
      "id": 40916,
      "name": "To Eastern Shatar Road",
      "otherAreaExit": true,
      "exits": {
        "East": 40917,
        "South": 24200,
        "West": 40915
      }
    },
    {
      "id": 24276,
      "name": "To Tarvalon",
      "otherAreaExit": true,
      "exits": {
        "East": 24275,
        "South": 24224,
        "West": 24221
      }
    },
    {
      "id": 24300,
      "name": "To Dying Forest.are",
      "otherAreaExit": true,
      "exits": {
        "North": 24265,
        "West": 24302
      }
    }
  ]
}