{
  "name": "Destroyer\u0027s Hall",
  "buildOptions": {
    "maxSteps": 1000,
    "fixObstacles": true,
    "fixNonStraight": true,
    "fixIntersected": true,
    "compactMap": true,
    "addDebugInfo": false,
    "colorizeConnectionIssues": true
  },
  "rooms": [
    {
      "id": 31000,
      "name": "A Wide Path",
      "exits": {
        "North": 31001,
        "South": 30085
      }
    },
    {
      "id": 31001,
      "name": "A Wide Path",
      "exits": {
        "North": 31002,
        "South": 31000
      }
    },
    {
      "id": 31002,
      "name": "Beneath a Massive Slab of Rock",
      "exits": {
        "East": 31003,
        "South": 31001,
        "West": 31004
      }
    },
    {
      "id": 31003,
      "name": "Beneath a Massive Slab of Rock",
      "exits": {
        "East": 31006,
        "West": 31002
      }
    },
    {
      "id": 31004,
      "name": "Beneath a Massive Slab of Rock",
      "exits": {
        "North": 31005,
        "East": 31002
      }
    },
    {
      "id": 31005,
      "name": "Beneath a Massive Slab of Rock",
      "exits": {
        "North": 31007,
        "South": 31004
      }
    },
    {
      "id": 31006,
      "name": "Beneath a Massive Slab of Rock",
      "exits": {
        "North": 31014,
        "West": 31003
      }
    },
    {
      "id": 31007,
      "name": "Path Around Some Hillocked Fortifications",
      "exits": {
        "North": 31009,
        "South": 31005
      }
    },
    {
      "id": 31008,
      "name": "",
      "exits": {
        "South": 31007
      }
    },
    {
      "id": 31009,
      "name": "Path Around Some Hillocked Fortifications",
      "exits": {
        "East": 31010,
        "South": 31007
      }
    },
    {
      "id": 31010,
      "name": "Entrance to the Encampment",
      "exits": {
        "East": 31012,
        "South": 31019,
        "West": 31009
      }
    },
    {
      "id": 31011,
      "name": "On the Eastern Battlement Wall",
      "exits": {
        "North": 31020
      }
    },
    {
      "id": 31012,
      "name": "Path Around Some Hillocked Fortifications",
      "exits": {
        "North": 31023,
        "East": 31013,
        "West": 31010
      }
    },
    {
      "id": 31013,
      "name": "Path Around Some Hillocked Fortifications",
      "exits": {
        "South": 31015,
        "West": 31012
      }
    },
    {
      "id": 31014,
      "name": "Beneath a Massive Slab of Rock",
      "exits": {
        "North": 31015,
        "South": 31006
      }
    },
    {
      "id": 31015,
      "name": "Path Around Some Hillocked Fortifications",
      "exits": {
        "North": 31013,
        "South": 31014
      }
    },
    {
      "id": 31016,
      "name": "On the Northern Battlement Wall",
      "exits": {
        "East": 31020,
        "South": 31017
      }
    },
    {
      "id": 31017,
      "name": "On the Western Battlement Wall",
      "exits": {
        "North": 31016,
        "Down": 31018
      }
    },
    {
      "id": 31018,
      "name": "A Heavily-Fortified Camp",
      "exits": {
        "North": 31019,
        "East": 31022,
        "Up": 31017
      }
    },
    {
      "id": 31019,
      "name": "A Heavily-Fortified Camp",
      "exits": {
        "North": 31010,
        "East": 31021,
        "South": 31018
      }
    },
    {
      "id": 31020,
      "name": "On the Northern Battlement Wall",
      "exits": {
        "South": 31011,
        "West": 31016
      }
    },
    {
      "id": 31021,
      "name": "A Heavily-Fortified Camp",
      "exits": {
        "South": 31022,
        "West": 31019
      }
    },
    {
      "id": 31022,
      "name": "A Heavily-Fortified Camp",
      "exits": {
        "North": 31021,
        "West": 31018
      }
    },
    {
      "id": 31023,
      "name": "A Wide Path Covered in Blood and Snow",
      "exits": {
        "North": 31024,
        "South": 31012
      }
    },
    {
      "id": 31024,
      "name": "A Wide Path Covered in Blood and Snow",
      "exits": {
        "North": 31025,
        "South": 31023
      }
    },
    {
      "id": 31025,
      "name": "Before the Ruined Southern Gate",
      "exits": {
        "North": 31026,
        "South": 31024
      }
    },
    {
      "id": 31026,
      "name": "The Crumbling Ruins of the Southern Gate",
      "exits": {
        "North": 31027,
        "South": 31025
      }
    },
    {
      "id": 31027,
      "name": "A Large, Decimated Square",
      "exits": {
        "North": 31028,
        "East": 31154,
        "South": 31026,
        "West": 31150
      }
    },
    {
      "id": 31028,
      "name": "A Large, Decimated Square",
      "exits": {
        "North": 31029,
        "South": 31027
      }
    },
    {
      "id": 31029,
      "name": "A Large, Decimated Square",
      "exits": {
        "North": 31030,
        "East": 31155,
        "South": 31028,
        "West": 31153
      }
    },
    {
      "id": 31030,
      "name": "A Broad Street in Ruins",
      "exits": {
        "North": 31031,
        "South": 31029
      }
    },
    {
      "id": 31031,
      "name": "A Broad Street in Ruins",
      "exits": {
        "North": 31032,
        "South": 31030
      }
    },
    {
      "id": 31032,
      "name": "A Broad Street in Ruins",
      "exits": {
        "North": 31033,
        "South": 31031
      }
    },
    {
      "id": 31033,
      "name": "A Broad Street in Ruins",
      "exits": {
        "North": 31034,
        "South": 31032
      }
    },
    {
      "id": 31034,
      "name": "A Large, Decimated Square",
      "exits": {
        "North": 31035,
        "East": 31211,
        "South": 31033,
        "West": 31100,
        "Down": 31400
      }
    },
    {
      "id": 31035,
      "name": "A Broad Street in Ruins",
      "exits": {
        "North": 31036,
        "South": 31034
      }
    },
    {
      "id": 31036,
      "name": "A Broad Street in Ruins",
      "exits": {
        "North": 31037,
        "South": 31035
      }
    },
    {
      "id": 31037,
      "name": "Intersection of a Broad Street in Ruins",
      "exits": {
        "North": 31038,
        "South": 31036,
        "West": 31050
      }
    },
    {
      "id": 31038,
      "name": "A Broad Street in Ruins",
      "exits": {
        "North": 31039,
        "East": 31047,
        "South": 31037
      }
    },
    {
      "id": 31039,
      "name": "A Broad Street in Ruins",
      "exits": {
        "North": 31040,
        "South": 31038
      }
    },
    {
      "id": 31040,
      "name": "A Broad Street in Ruins",
      "exits": {
        "North": 31041,
        "South": 31039
      }
    },
    {
      "id": 31041,
      "name": "A Broad Street in Ruins",
      "exits": {
        "North": 31042,
        "South": 31040
      }
    },
    {
      "id": 31042,
      "name": "North Gate",
      "exits": {
        "North": 31043,
        "East": 31045,
        "South": 31041,
        "West": 31046
      }
    },
    {
      "id": 31043,
      "name": "Before the City Gate",
      "exits": {
        "North": 31044,
        "South": 31042,
        "West": 31261
      }
    },
    {
      "id": 31044,
      "name": "Road to the Northern Pass",
      "exits": {
        "South": 31043
      }
    },
    {
      "id": 31045,
      "name": "Office",
      "exits": {
        "West": 31042
      }
    },
    {
      "id": 31046,
      "name": "Provost Office",
      "exits": {
        "East": 31042
      }
    },
    {
      "id": 31047,
      "name": "Front Room",
      "exits": {
        "East": 31048,
        "West": 31038
      }
    },
    {
      "id": 31048,
      "name": "Back Room",
      "exits": {
        "East": 31049,
        "West": 31047
      }
    },
    {
      "id": 31049,
      "name": "A Hiding Place",
      "exits": {
        "West": 31048
      }
    },
    {
      "id": 31050,
      "name": "A Putrid Alley",
      "exits": {
        "East": 31037,
        "West": 31051
      }
    },
    {
      "id": 31051,
      "name": "A Putrid Alley",
      "exits": {
        "East": 31050,
        "West": 31052
      }
    },
    {
      "id": 31052,
      "name": "A Putrid Alley",
      "exits": {
        "East": 31051,
        "South": 31053,
        "West": 31054
      }
    },
    {
      "id": 31053,
      "name": "A Squalid Home",
      "exits": {
        "North": 31052
      }
    },
    {
      "id": 31054,
      "name": "A Putrid Alley",
      "exits": {
        "North": 31055,
        "East": 31052,
        "West": 31056
      }
    },
    {
      "id": 31055,
      "name": "A Filthy Tavern",
      "exits": {
        "South": 31054
      }
    },
    {
      "id": 31056,
      "name": "A Putrid Alley",
      "exits": {
        "East": 31054,
        "West": 31057
      }
    },
    {
      "id": 31057,
      "name": "Merchants Row",
      "exits": {
        "North": 31058,
        "East": 31056,
        "South": 31094
      }
    },
    {
      "id": 31058,
      "name": "Merchants Row",
      "exits": {
        "North": 31059,
        "South": 31057
      }
    },
    {
      "id": 31059,
      "name": "Merchants Row",
      "exits": {
        "North": 31061,
        "South": 31058,
        "West": 31060
      }
    },
    {
      "id": 31060,
      "name": "Shop",
      "exits": {
        "East": 31059
      }
    },
    {
      "id": 31061,
      "name": "Merchants Row",
      "exits": {
        "North": 31062,
        "East": 31065,
        "South": 31059
      }
    },
    {
      "id": 31062,
      "name": "Merchants Row",
      "exits": {
        "North": 31063,
        "South": 31061,
        "West": 31071
      }
    },
    {
      "id": 31063,
      "name": "North West Gate",
      "exits": {
        "North": 31064,
        "East": 31079,
        "South": 31062
      }
    },
    {
      "id": 31064,
      "name": "Outside the City Gate",
      "exits": {
        "South": 31063
      }
    },
    {
      "id": 31065,
      "name": "",
      "exits": {
        "North": 31082,
        "East": 31066,
        "West": 31061
      }
    },
    {
      "id": 31066,
      "name": "",
      "exits": {
        "East": 31067,
        "West": 31065
      }
    },
    {
      "id": 31067,
      "name": "",
      "exits": {
        "East": 31068,
        "West": 31066
      }
    },
    {
      "id": 31068,
      "name": "",
      "exits": {
        "North": 31069,
        "South": 31070,
        "West": 31067
      }
    },
    {
      "id": 31069,
      "name": "",
      "exits": {
        "South": 31068
      }
    },
    {
      "id": 31070,
      "name": "Shop",
      "exits": {
        "North": 31068
      }
    },
    {
      "id": 31071,
      "name": "",
      "exits": {
        "East": 31062,
        "West": 31072
      }
    },
    {
      "id": 31072,
      "name": "",
      "exits": {
        "East": 31071,
        "South": 31076,
        "West": 31073
      }
    },
    {
      "id": 31073,
      "name": "",
      "exits": {
        "East": 31072,
        "West": 31074
      }
    },
    {
      "id": 31074,
      "name": "",
      "exits": {
        "North": 31077,
        "East": 31073,
        "South": 31078,
        "West": 31075
      }
    },
    {
      "id": 31075,
      "name": "Shop",
      "exits": {
        "East": 31074
      }
    },
    {
      "id": 31076,
      "name": "Shop",
      "exits": {
        "North": 31072
      }
    },
    {
      "id": 31077,
      "name": "Shop",
      "exits": {
        "South": 31074
      }
    },
    {
      "id": 31078,
      "name": "",
      "exits": {
        "North": 31074,
        "South": 31083
      }
    },
    {
      "id": 31079,
      "name": "",
      "exits": {
        "East": 31080,
        "South": 31082,
        "West": 31063
      }
    },
    {
      "id": 31080,
      "name": "",
      "exits": {
        "East": 31081,
        "West": 31079
      }
    },
    {
      "id": 31081,
      "name": "",
      "exits": {
        "West": 31080
      }
    },
    {
      "id": 31082,
      "name": "A Narrow Passage",
      "exits": {
        "North": 31079,
        "South": 31065
      }
    },
    {
      "id": 31083,
      "name": "",
      "exits": {
        "North": 31078,
        "South": 31084
      }
    },
    {
      "id": 31084,
      "name": "",
      "exits": {
        "North": 31083,
        "South": 31085
      }
    },
    {
      "id": 31085,
      "name": "",
      "exits": {
        "North": 31084,
        "East": 31087,
        "West": 31086
      }
    },
    {
      "id": 31086,
      "name": "Shop",
      "exits": {
        "East": 31085
      }
    },
    {
      "id": 31087,
      "name": "",
      "exits": {
        "East": 31088,
        "South": 31089,
        "West": 31085
      }
    },
    {
      "id": 31088,
      "name": "shop",
      "exits": {
        "West": 31087
      }
    },
    {
      "id": 31089,
      "name": "",
      "exits": {
        "North": 31087,
        "South": 31090
      }
    },
    {
      "id": 31090,
      "name": "",
      "exits": {
        "North": 31089,
        "East": 31091,
        "South": 31134
      }
    },
    {
      "id": 31091,
      "name": "",
      "exits": {
        "East": 31092,
        "West": 31090
      }
    },
    {
      "id": 31092,
      "name": "",
      "exits": {
        "East": 31093,
        "West": 31091
      }
    },
    {
      "id": 31093,
      "name": "Intersection on Merchants Row",
      "exits": {
        "North": 31094,
        "East": 31095,
        "South": 31102,
        "West": 31092
      }
    },
    {
      "id": 31094,
      "name": "Merchants Row",
      "exits": {
        "North": 31057,
        "South": 31093
      }
    },
    {
      "id": 31095,
      "name": "",
      "exits": {
        "East": 31096,
        "West": 31093
      }
    },
    {
      "id": 31096,
      "name": "",
      "exits": {
        "South": 31097,
        "West": 31095
      }
    },
    {
      "id": 31097,
      "name": "A Rubble Strewn Road",
      "exits": {
        "North": 31096,
        "East": 31098
      }
    },
    {
      "id": 31098,
      "name": "A Rubble Strewn Road",
      "exits": {
        "East": 31099,
        "West": 31097
      }
    },
    {
      "id": 31099,
      "name": "A Rubble Strewn Road",
      "exits": {
        "North": 31101,
        "East": 31100,
        "West": 31098
      }
    },
    {
      "id": 31100,
      "name": "A Rubble Strewn Road",
      "exits": {
        "East": 31034,
        "West": 31099
      }
    },
    {
      "id": 31101,
      "name": "Shop",
      "exits": {
        "South": 31099
      }
    },
    {
      "id": 31102,
      "name": "Merchants Row",
      "exits": {
        "North": 31093,
        "South": 31103
      }
    },
    {
      "id": 31103,
      "name": "MErchants Row",
      "exits": {
        "North": 31102,
        "South": 31105,
        "West": 31104
      }
    },
    {
      "id": 31104,
      "name": "shop",
      "exits": {
        "East": 31103
      }
    },
    {
      "id": 31105,
      "name": "MErchants Row",
      "exits": {
        "North": 31103,
        "East": 31107,
        "South": 31106
      }
    },
    {
      "id": 31106,
      "name": "MErchants Row",
      "exits": {
        "North": 31105,
        "East": 31114,
        "West": 31117
      }
    },
    {
      "id": 31107,
      "name": "Marketplace",
      "exits": {
        "East": 31108,
        "South": 31114,
        "West": 31105
      }
    },
    {
      "id": 31108,
      "name": "Marketplace",
      "exits": {
        "East": 31109,
        "South": 31113,
        "West": 31107
      }
    },
    {
      "id": 31109,
      "name": "Marketplace",
      "exits": {
        "East": 31110,
        "South": 31112,
        "West": 31108
      }
    },
    {
      "id": 31110,
      "name": "Marketplace",
      "exits": {
        "South": 31111,
        "West": 31109
      }
    },
    {
      "id": 31111,
      "name": "Marketplace",
      "exits": {
        "North": 31110,
        "West": 31112
      }
    },
    {
      "id": 31112,
      "name": "Marketplace",
      "exits": {
        "North": 31109,
        "East": 31111,
        "West": 31113
      }
    },
    {
      "id": 31113,
      "name": "Marketplace",
      "exits": {
        "North": 31108,
        "East": 31112,
        "South": 31116,
        "West": 31114
      }
    },
    {
      "id": 31114,
      "name": "Marketplace",
      "exits": {
        "North": 31107,
        "East": 31113,
        "South": 31115,
        "West": 31106
      }
    },
    {
      "id": 31115,
      "name": "Marketplace",
      "exits": {
        "North": 31114,
        "East": 31116
      }
    },
    {
      "id": 31116,
      "name": "Marketplace",
      "exits": {
        "North": 31113,
        "West": 31115
      }
    },
    {
      "id": 31117,
      "name": "",
      "exits": {
        "East": 31106,
        "South": 31120,
        "West": 31118
      }
    },
    {
      "id": 31118,
      "name": "",
      "exits": {
        "East": 31117,
        "West": 31119
      }
    },
    {
      "id": 31119,
      "name": "",
      "exits": {
        "North": 31127,
        "East": 31118,
        "South": 31126
      }
    },
    {
      "id": 31120,
      "name": "",
      "exits": {
        "North": 31117,
        "South": 31121
      }
    },
    {
      "id": 31121,
      "name": "",
      "exits": {
        "North": 31120,
        "South": 31122
      }
    },
    {
      "id": 31122,
      "name": "",
      "exits": {
        "North": 31121,
        "East": 31141,
        "West": 31123
      }
    },
    {
      "id": 31123,
      "name": "",
      "exits": {
        "East": 31122,
        "West": 31124
      }
    },
    {
      "id": 31124,
      "name": "",
      "exits": {
        "North": 31125,
        "East": 31123
      }
    },
    {
      "id": 31125,
      "name": "",
      "exits": {
        "North": 31126,
        "South": 31124
      }
    },
    {
      "id": 31126,
      "name": "",
      "exits": {
        "North": 31119,
        "South": 31125,
        "West": 31135
      }
    },
    {
      "id": 31127,
      "name": "",
      "exits": {
        "South": 31119,
        "West": 31128
      }
    },
    {
      "id": 31128,
      "name": "",
      "exits": {
        "North": 31130,
        "East": 31127,
        "West": 31129
      }
    },
    {
      "id": 31129,
      "name": "Shop",
      "exits": {
        "East": 31128
      }
    },
    {
      "id": 31130,
      "name": "",
      "exits": {
        "North": 31131,
        "South": 31128
      }
    },
    {
      "id": 31131,
      "name": "",
      "exits": {
        "East": 31134,
        "South": 31130,
        "West": 31132
      }
    },
    {
      "id": 31132,
      "name": "Shop",
      "exits": {
        "North": 31133,
        "East": 31131
      }
    },
    {
      "id": 31133,
      "name": "Shop",
      "exits": {
        "South": 31132
      }
    },
    {
      "id": 31134,
      "name": "",
      "exits": {
        "North": 31090,
        "West": 31131
      }
    },
    {
      "id": 31135,
      "name": "",
      "exits": {
        "East": 31126,
        "West": 31136
      }
    },
    {
      "id": 31136,
      "name": "West Gate",
      "exits": {
        "East": 31135,
        "South": 31137,
        "West": 31139
      }
    },
    {
      "id": 31137,
      "name": "Shop",
      "exits": {
        "North": 31136,
        "South": 31138
      }
    },
    {
      "id": 31138,
      "name": "Shop",
      "exits": {
        "North": 31137
      }
    },
    {
      "id": 31139,
      "name": "Outside the City Gate",
      "exits": {
        "East": 31136,
        "West": 31140
      }
    },
    {
      "id": 31140,
      "name": "Approaching the West Gate",
      "exits": {
        "East": 31139
      }
    },
    {
      "id": 31141,
      "name": "",
      "exits": {
        "South": 31142,
        "West": 31122
      }
    },
    {
      "id": 31142,
      "name": "",
      "exits": {
        "North": 31141,
        "East": 31143
      }
    },
    {
      "id": 31143,
      "name": "A Broken Avenue Beneath the Ramparts",
      "exits": {
        "East": 31145,
        "South": 31144,
        "West": 31142
      }
    },
    {
      "id": 31144,
      "name": "Shop",
      "exits": {
        "North": 31143
      }
    },
    {
      "id": 31145,
      "name": "A Broken Avenue Beneath the Ramparts",
      "exits": {
        "North": 31146,
        "East": 31147,
        "West": 31143
      }
    },
    {
      "id": 31146,
      "name": "Shop",
      "exits": {
        "South": 31145
      }
    },
    {
      "id": 31147,
      "name": "A Broken Avenue Beneath the Ramparts",
      "exits": {
        "East": 31149,
        "South": 31148,
        "West": 31145
      }
    },
    {
      "id": 31148,
      "name": "Shop",
      "exits": {
        "North": 31147
      }
    },
    {
      "id": 31149,
      "name": "A Large, Decimated Square",
      "exits": {
        "North": 31151,
        "East": 31150,
        "West": 31147
      }
    },
    {
      "id": 31150,
      "name": "A Large, Decimated Square",
      "exits": {
        "East": 31027,
        "West": 31149
      }
    },
    {
      "id": 31151,
      "name": "A Large, Decimated Square",
      "exits": {
        "North": 31152,
        "East": 31258,
        "South": 31149
      }
    },
    {
      "id": 31152,
      "name": "A Large, Decimated Square",
      "exits": {
        "East": 31153,
        "South": 31151
      }
    },
    {
      "id": 31153,
      "name": "A Large, Decimated Square",
      "exits": {
        "East": 31029,
        "West": 31152
      }
    },
    {
      "id": 31154,
      "name": "A Large, Decimated Square",
      "exits": {
        "East": 31158,
        "West": 31027
      }
    },
    {
      "id": 31155,
      "name": "A Large, Decimated Square",
      "exits": {
        "East": 31156,
        "South": 31259,
        "West": 31029
      }
    },
    {
      "id": 31156,
      "name": "A Large, Decimated Square",
      "exits": {
        "South": 31157,
        "West": 31155
      }
    },
    {
      "id": 31157,
      "name": "A Large, Decimated Square",
      "exits": {
        "North": 31156,
        "South": 31158
      }
    },
    {
      "id": 31158,
      "name": "A Large, Decimated Square",
      "exits": {
        "North": 31157,
        "East": 31160,
        "South": 31159,
        "West": 31154
      }
    },
    {
      "id": 31159,
      "name": "",
      "exits": {
        "North": 31158
      }
    },
    {
      "id": 31160,
      "name": "A Broken Avenue Beneath the Ramparts",
      "exits": {
        "East": 31161,
        "West": 31158
      }
    },
    {
      "id": 31161,
      "name": "A Broken Avenue Beneath the Ramparts",
      "exits": {
        "North": 31163,
        "East": 31162,
        "West": 31160
      }
    },
    {
      "id": 31162,
      "name": "A Broken Avenue Beneath the Ramparts",
      "exits": {
        "East": 31164,
        "West": 31161
      }
    },
    {
      "id": 31163,
      "name": "",
      "exits": {
        "North": 31174,
        "South": 31161
      }
    },
    {
      "id": 31164,
      "name": "A Broken Avenue Beneath the Ramparts",
      "exits": {
        "North": 31173,
        "East": 31165,
        "West": 31162
      }
    },
    {
      "id": 31165,
      "name": "A Broken Avenue Beneath the Ramparts",
      "exits": {
        "East": 31166,
        "West": 31164
      }
    },
    {
      "id": 31166,
      "name": "A Broken Avenue Beneath the Ramparts",
      "exits": {
        "East": 31167,
        "West": 31165
      }
    },
    {
      "id": 31167,
      "name": "",
      "exits": {
        "North": 31168,
        "West": 31166
      }
    },
    {
      "id": 31168,
      "name": "",
      "exits": {
        "North": 31169,
        "South": 31167
      }
    },
    {
      "id": 31169,
      "name": "",
      "exits": {
        "North": 31191,
        "South": 31168,
        "West": 31170
      }
    },
    {
      "id": 31170,
      "name": "",
      "exits": {
        "East": 31169,
        "West": 31171
      }
    },
    {
      "id": 31171,
      "name": "",
      "exits": {
        "North": 31185,
        "East": 31170,
        "West": 31172
      }
    },
    {
      "id": 31172,
      "name": "",
      "exits": {
        "East": 31171,
        "South": 31173
      }
    },
    {
      "id": 31173,
      "name": "",
      "exits": {
        "North": 31172,
        "South": 31164
      }
    },
    {
      "id": 31174,
      "name": "",
      "exits": {
        "North": 31175,
        "South": 31163
      }
    },
    {
      "id": 31175,
      "name": "",
      "exits": {
        "North": 31176,
        "South": 31174
      }
    },
    {
      "id": 31176,
      "name": "",
      "exits": {
        "East": 31181,
        "South": 31175,
        "West": 31177
      }
    },
    {
      "id": 31177,
      "name": "Enterance to the Training Grounds",
      "exits": {
        "North": 31180,
        "East": 31176,
        "West": 31178
      }
    },
    {
      "id": 31178,
      "name": "Training Grounds and Battlefield",
      "exits": {
        "North": 31179,
        "East": 31177
      }
    },
    {
      "id": 31179,
      "name": "Training Grounds and Battlefield",
      "exits": {
        "East": 31180,
        "South": 31178
      }
    },
    {
      "id": 31180,
      "name": "Training Grounds and Battlefield",
      "exits": {
        "South": 31177,
        "West": 31179
      }
    },
    {
      "id": 31181,
      "name": "",
      "exits": {
        "North": 31184,
        "East": 31182,
        "West": 31176
      }
    },
    {
      "id": 31182,
      "name": "",
      "exits": {
        "East": 31183,
        "West": 31181
      }
    },
    {
      "id": 31183,
      "name": "",
      "exits": {
        "North": 31186,
        "South": 31185,
        "West": 31182
      }
    },
    {
      "id": 31184,
      "name": "",
      "exits": {
        "South": 31181
      }
    },
    {
      "id": 31185,
      "name": "",
      "exits": {
        "North": 31183,
        "South": 31171
      }
    },
    {
      "id": 31186,
      "name": "",
      "exits": {
        "North": 31187,
        "East": 31188,
        "South": 31183
      }
    },
    {
      "id": 31187,
      "name": "A Path Through the Rubble",
      "exits": {
        "South": 31186,
        "West": 31220
      }
    },
    {
      "id": 31188,
      "name": "",
      "exits": {
        "East": 31189,
        "West": 31186
      }
    },
    {
      "id": 31189,
      "name": "",
      "exits": {
        "North": 31192,
        "South": 31190,
        "West": 31188
      }
    },
    {
      "id": 31190,
      "name": "",
      "exits": {
        "North": 31189,
        "South": 31191
      }
    },
    {
      "id": 31191,
      "name": "",
      "exits": {
        "North": 31190,
        "South": 31169
      }
    },
    {
      "id": 31192,
      "name": "A Path Through the Rubble",
      "exits": {
        "North": 31193,
        "East": 31194,
        "South": 31189
      }
    },
    {
      "id": 31193,
      "name": "A Path Through the Rubble",
      "exits": {
        "South": 31192,
        "West": 31202
      }
    },
    {
      "id": 31194,
      "name": "A Path Through the Rubble",
      "exits": {
        "East": 31195,
        "West": 31192
      }
    },
    {
      "id": 31195,
      "name": "A Path Through the Rubble",
      "exits": {
        "North": 31196,
        "West": 31194
      }
    },
    {
      "id": 31196,
      "name": "East Gate",
      "exits": {
        "North": 31197,
        "East": 31198,
        "South": 31195
      }
    },
    {
      "id": 31197,
      "name": "A Path Through the Rubble",
      "exits": {
        "South": 31196,
        "West": 31200
      }
    },
    {
      "id": 31198,
      "name": "Outside the City Gate",
      "exits": {
        "East": 31199,
        "West": 31196
      }
    },
    {
      "id": 31199,
      "name": "",
      "exits": {
        "West": 31198
      }
    },
    {
      "id": 31200,
      "name": "A Path Through the Rubble",
      "exits": {
        "North": 31201,
        "East": 31197
      }
    },
    {
      "id": 31201,
      "name": "A Path Through the Rubble",
      "exits": {
        "North": 31221,
        "South": 31200,
        "West": 31205
      }
    },
    {
      "id": 31202,
      "name": "A Path Through the Rubble",
      "exits": {
        "North": 31203,
        "East": 31193
      }
    },
    {
      "id": 31203,
      "name": "A Path Through the Rubble",
      "exits": {
        "North": 31204,
        "South": 31202
      }
    },
    {
      "id": 31204,
      "name": "A Path Through the Rubble",
      "exits": {
        "North": 31223,
        "East": 31205,
        "South": 31203,
        "West": 31206
      }
    },
    {
      "id": 31205,
      "name": "A Path Through the Rubble",
      "exits": {
        "North": 31222,
        "East": 31201,
        "West": 31204
      }
    },
    {
      "id": 31206,
      "name": "A Path Through the Rubble",
      "exits": {
        "North": 31224,
        "East": 31204,
        "West": 31207
      }
    },
    {
      "id": 31207,
      "name": "A Path Through the Rubble",
      "exits": {
        "North": 31225,
        "East": 31206,
        "South": 31208,
        "West": 31210
      }
    },
    {
      "id": 31208,
      "name": "A Path Through the Rubble",
      "exits": {
        "North": 31207,
        "South": 31219,
        "West": 31209
      }
    },
    {
      "id": 31209,
      "name": "A Rubble Strewn Road",
      "exits": {
        "North": 31210,
        "East": 31208,
        "West": 31218
      }
    },
    {
      "id": 31210,
      "name": "A Rubble Strewn Road",
      "exits": {
        "North": 31226,
        "East": 31207,
        "South": 31209
      }
    },
    {
      "id": 31211,
      "name": "A Rubble Strewn Road",
      "exits": {
        "East": 31212,
        "West": 31034
      }
    },
    {
      "id": 31212,
      "name": "A Rubble Strewn Road",
      "exits": {
        "North": 31213,
        "East": 31216,
        "West": 31211
      }
    },
    {
      "id": 31213,
      "name": "",
      "exits": {
        "North": 31214,
        "South": 31212
      }
    },
    {
      "id": 31214,
      "name": "",
      "exits": {
        "East": 31215,
        "South": 31213
      }
    },
    {
      "id": 31215,
      "name": "",
      "exits": {
        "West": 31214
      }
    },
    {
      "id": 31216,
      "name": "A Rubble Strewn Road",
      "exits": {
        "East": 31217,
        "West": 31212
      }
    },
    {
      "id": 31217,
      "name": "A Rubble Strewn Road",
      "exits": {
        "North": 31218,
        "West": 31216
      }
    },
    {
      "id": 31218,
      "name": "A Rubble Strewn Road",
      "exits": {
        "East": 31209,
        "South": 31217
      }
    },
    {
      "id": 31219,
      "name": "A Path Through the Rubble",
      "exits": {
        "North": 31208,
        "South": 31220
      }
    },
    {
      "id": 31220,
      "name": "A Path Through the Rubble",
      "exits": {
        "North": 31219,
        "East": 31187
      }
    },
    {
      "id": 31221,
      "name": "A Rubble Strewn Road",
      "exits": {
        "East": 31231,
        "South": 31201,
        "West": 31222
      }
    },
    {
      "id": 31222,
      "name": "A Rubble Strewn Road",
      "exits": {
        "East": 31221,
        "South": 31205,
        "West": 31223
      }
    },
    {
      "id": 31223,
      "name": "A Rubble Strewn Road",
      "exits": {
        "East": 31222,
        "South": 31204,
        "West": 31224
      }
    },
    {
      "id": 31224,
      "name": "A Rubble Strewn Road",
      "exits": {
        "North": 31229,
        "East": 31223,
        "South": 31206,
        "West": 31225
      }
    },
    {
      "id": 31225,
      "name": "A Rubble Strewn Road",
      "exits": {
        "East": 31224,
        "South": 31207,
        "West": 31226
      }
    },
    {
      "id": 31226,
      "name": "A Rubble Strewn Road",
      "exits": {
        "North": 31228,
        "East": 31225,
        "South": 31210,
        "West": 31227
      }
    },
    {
      "id": 31227,
      "name": "",
      "exits": {
        "East": 31226
      }
    },
    {
      "id": 31228,
      "name": "",
      "exits": {
        "South": 31226
      }
    },
    {
      "id": 31229,
      "name": "",
      "exits": {
        "North": 31230,
        "South": 31224
      }
    },
    {
      "id": 31230,
      "name": "",
      "exits": {
        "East": 31234,
        "South": 31229,
        "West": 31248
      }
    },
    {
      "id": 31231,
      "name": "A Dark Alley",
      "exits": {
        "North": 31232,
        "West": 31221
      }
    },
    {
      "id": 31232,
      "name": "A Dark Alley",
      "exits": {
        "North": 31233,
        "South": 31231
      }
    },
    {
      "id": 31233,
      "name": "Corner of a Dark Alley",
      "exits": {
        "South": 31232
      }
    },
    {
      "id": 31234,
      "name": "",
      "exits": {
        "East": 31235,
        "West": 31230
      }
    },
    {
      "id": 31235,
      "name": "",
      "exits": {
        "North": 31236,
        "West": 31234
      }
    },
    {
      "id": 31236,
      "name": "",
      "exits": {
        "North": 31237,
        "South": 31235
      }
    },
    {
      "id": 31237,
      "name": "",
      "exits": {
        "East": 31238,
        "South": 31236,
        "West": 31241
      }
    },
    {
      "id": 31238,
      "name": "",
      "exits": {
        "North": 31240,
        "East": 31239,
        "West": 31237
      }
    },
    {
      "id": 31239,
      "name": "",
      "exits": {
        "West": 31238
      }
    },
    {
      "id": 31240,
      "name": "",
      "exits": {
        "South": 31238
      }
    },
    {
      "id": 31241,
      "name": "",
      "exits": {
        "East": 31237,
        "West": 31242
      }
    },
    {
      "id": 31242,
      "name": "",
      "exits": {
        "East": 31241,
        "West": 31243
      }
    },
    {
      "id": 31243,
      "name": "",
      "exits": {
        "North": 31244,
        "East": 31242,
        "South": 31247
      }
    },
    {
      "id": 31244,
      "name": "North East Gate",
      "exits": {
        "North": 31245,
        "South": 31243
      }
    },
    {
      "id": 31245,
      "name": "Outside the City Gate",
      "exits": {
        "North": 31246,
        "South": 31244
      }
    },
    {
      "id": 31246,
      "name": "",
      "exits": {
        "South": 31245
      }
    },
    {
      "id": 31247,
      "name": "",
      "exits": {
        "North": 31243,
        "South": 31248,
        "West": 31249
      }
    },
    {
      "id": 31248,
      "name": "",
      "exits": {
        "North": 31247,
        "East": 31230
      }
    },
    {
      "id": 31249,
      "name": "",
      "exits": {
        "East": 31247,
        "West": 31250
      }
    },
    {
      "id": 31250,
      "name": "",
      "exits": {
        "North": 31254,
        "East": 31249,
        "South": 31255,
        "West": 31251
      }
    },
    {
      "id": 31251,
      "name": "",
      "exits": {
        "East": 31250,
        "West": 31252
      }
    },
    {
      "id": 31252,
      "name": "",
      "exits": {
        "North": 31253,
        "East": 31251
      }
    },
    {
      "id": 31253,
      "name": "",
      "exits": {
        "South": 31252
      }
    },
    {
      "id": 31254,
      "name": "",
      "exits": {
        "North": 31256,
        "South": 31250
      }
    },
    {
      "id": 31255,
      "name": "",
      "exits": {
        "North": 31250
      }
    },
    {
      "id": 31256,
      "name": "",
      "exits": {
        "South": 31254,
        "West": 31257
      }
    },
    {
      "id": 31257,
      "name": "",
      "exits": {
        "East": 31256
      }
    },
    {
      "id": 31258,
      "name": "A Hidden Plaza in the Rubble",
      "exits": {
        "West": 31151
      }
    },
    {
      "id": 31259,
      "name": "A Collapsed Section of the Square",
      "exits": {
        "North": 31155,
        "Down": 31260
      }
    },
    {
      "id": 31260,
      "name": "An Impact Crater in the Square",
      "exits": {
        "Up": 31259
      }
    },
    {
      "id": 31261,
      "name": "Overlooking the Mountain",
      "exits": {
        "East": 31043
      }
    },
    {
      "id": 31400,
      "name": "A Small Shaft",
      "exits": {
        "Up": 31034,
        "Down": 31401
      }
    },
    {
      "id": 31401,
      "name": "A Small Shaft",
      "exits": {
        "Up": 31400,
        "Down": 31402
      }
    },
    {
      "id": 31402,
      "name": "A Small Shaft",
      "exits": {
        "North": 31403,
        "Up": 31401,
        "Down": 31414
      }
    },
    {
      "id": 31403,
      "name": "A Stone Passage",
      "exits": {
        "North": 31451,
        "South": 31402
      }
    },
    {
      "id": 31404,
      "name": "Antechamber of Stone",
      "exits": {
        "North": 31408,
        "East": 31407,
        "South": 31451,
        "West": 31406
      }
    },
    {
      "id": 31406,
      "name": "Emerald",
      "exits": {
        "East": 31404
      }
    },
    {
      "id": 31407,
      "name": "Opal",
      "exits": {
        "West": 31404
      }
    },
    {
      "id": 31408,
      "name": "Antechamber of Stone",
      "exits": {
        "North": 31411,
        "East": 31410,
        "South": 31404,
        "West": 31409
      }
    },
    {
      "id": 31409,
      "name": "Diamond",
      "exits": {
        "East": 31408
      }
    },
    {
      "id": 31410,
      "name": "Ruby",
      "exits": {
        "West": 31408
      }
    },
    {
      "id": 31411,
      "name": "Antechamber of Stone",
      "exits": {
        "East": 31413,
        "South": 31408,
        "West": 31412
      }
    },
    {
      "id": 31412,
      "name": "Jade",
      "exits": {
        "East": 31411
      }
    },
    {
      "id": 31413,
      "name": "Amber",
      "exits": {
        "West": 31411
      }
    },
    {
      "id": 31414,
      "name": "A Small Shaft",
      "exits": {
        "East": 31415,
        "Up": 31402,
        "Down": 31426
      }
    },
    {
      "id": 31415,
      "name": "A Stone Passage",
      "exits": {
        "East": 31416,
        "West": 31414
      }
    },
    {
      "id": 31416,
      "name": "A Stone Passage",
      "exits": {
        "East": 31417,
        "West": 31415
      }
    },
    {
      "id": 31417,
      "name": "Antechamber of Stone",
      "exits": {
        "North": 31418,
        "East": 31420,
        "South": 31419,
        "West": 31416
      }
    },
    {
      "id": 31418,
      "name": "Emerald",
      "exits": {
        "South": 31417
      }
    },
    {
      "id": 31419,
      "name": "Opal",
      "exits": {
        "North": 31417
      }
    },
    {
      "id": 31420,
      "name": "Antechamber of Stone",
      "exits": {
        "North": 31421,
        "East": 31423,
        "South": 31422,
        "West": 31417
      }
    },
    {
      "id": 31421,
      "name": "Diamond",
      "exits": {
        "South": 31420
      }
    },
    {
      "id": 31422,
      "name": "Ruby",
      "exits": {
        "North": 31420
      }
    },
    {
      "id": 31423,
      "name": "Antechamber of Stone",
      "exits": {
        "North": 31424,
        "South": 31425,
        "West": 31420
      }
    },
    {
      "id": 31424,
      "name": "Jade",
      "exits": {
        "South": 31423
      }
    },
    {
      "id": 31425,
      "name": "Amber",
      "exits": {
        "North": 31423
      }
    },
    {
      "id": 31426,
      "name": "A Small Shaft",
      "exits": {
        "South": 31427,
        "Up": 31414,
        "Down": 31437
      }
    },
    {
      "id": 31427,
      "name": "A Stone Passage",
      "exits": {
        "North": 31426,
        "South": 31450
      }
    },
    {
      "id": 31428,
      "name": "Antechamber of Stone",
      "exits": {
        "North": 31450,
        "East": 31429,
        "South": 31431,
        "West": 31430
      }
    },
    {
      "id": 31429,
      "name": "Emerald",
      "exits": {
        "West": 31428
      }
    },
    {
      "id": 31430,
      "name": "Opal",
      "exits": {
        "East": 31428
      }
    },
    {
      "id": 31431,
      "name": "Antechamber of Stone",
      "exits": {
        "North": 31428,
        "East": 31432,
        "South": 31434,
        "West": 31433
      }
    },
    {
      "id": 31432,
      "name": "Diamond",
      "exits": {
        "West": 31431
      }
    },
    {
      "id": 31433,
      "name": "Ruby",
      "exits": {
        "East": 31431
      }
    },
    {
      "id": 31434,
      "name": "Antechamber of Stone",
      "exits": {
        "North": 31431,
        "East": 31435,
        "West": 31436
      }
    },
    {
      "id": 31435,
      "name": "Jade",
      "exits": {
        "West": 31434
      }
    },
    {
      "id": 31436,
      "name": "Amber",
      "exits": {
        "East": 31434
      }
    },
    {
      "id": 31437,
      "name": "Bottom of a Small Shaft",
      "exits": {
        "West": 31438,
        "Up": 31426
      }
    },
    {
      "id": 31438,
      "name": "A Stone Passage",
      "exits": {
        "East": 31437,
        "West": 31439
      }
    },
    {
      "id": 31439,
      "name": "A Stone Passage",
      "exits": {
        "East": 31438,
        "West": 31440
      }
    },
    {
      "id": 31440,
      "name": "A Stone Passage",
      "exits": {
        "East": 31439,
        "West": 31441
      }
    },
    {
      "id": 31441,
      "name": "Antechamber of Stone",
      "exits": {
        "North": 31443,
        "East": 31440,
        "South": 31442,
        "West": 31444
      }
    },
    {
      "id": 31442,
      "name": "Emerald",
      "exits": {
        "North": 31441
      }
    },
    {
      "id": 31443,
      "name": "Opal",
      "exits": {
        "South": 31441
      }
    },
    {
      "id": 31444,
      "name": "Antechamber of Stone",
      "exits": {
        "North": 31446,
        "East": 31441,
        "South": 31445,
        "West": 31447
      }
    },
    {
      "id": 31445,
      "name": "Diamond",
      "exits": {
        "North": 31444
      }
    },
    {
      "id": 31446,
      "name": "Ruby",
      "exits": {
        "South": 31444
      }
    },
    {
      "id": 31447,
      "name": "Antechamber of Stone",
      "exits": {
        "North": 31448,
        "East": 31444,
        "South": 31449
      }
    },
    {
      "id": 31448,
      "name": "Amber",
      "exits": {
        "South": 31447
      }
    },
    {
      "id": 31449,
      "name": "Jade",
      "exits": {
        "North": 31447
      }
    },
    {
      "id": 31450,
      "name": "A Stone Passage",
      "exits": {
        "North": 31427,
        "South": 31428
      }
    },
    {
      "id": 31451,
      "name": "A Stone Passage",
      "exits": {
        "North": 31404,
        "South": 31403
      }
    },
    {
      "id": 30085,
      "name": "To Vestibule of the Kings",
      "otherAreaExit": true,
      "exits": {
        "North": 31000,
        "South": 30084
      }
    }
  ]
}