{
  "name": "Drothuun\u0027s Tower",
  "buildOptions": {
    "maxSteps": 1000,
    "fixObstacles": true,
    "fixNonStraight": true,
    "fixIntersected": true,
    "compactMap": true,
    "addDebugInfo": false,
    "colorizeConnectionIssues": true
  },
  "rooms": [
    {
      "id": 30600,
      "name": "Drothuun\u0027s Road",
      "exits": {
        "East": 30601
      }
    },
    {
      "id": 30601,
      "name": "Drothuun\u0027s Road",
      "exits": {
        "East": 30602,
        "West": 30600
      }
    },
    {
      "id": 30602,
      "name": "",
      "exits": {
        "East": 30603,
        "West": 30601
      }
    },
    {
      "id": 30603,
      "name": "",
      "exits": {
        "East": 30604,
        "West": 30602
      }
    },
    {
      "id": 30604,
      "name": "",
      "exits": {
        "North": 30605,
        "South": 30609,
        "West": 30603
      }
    },
    {
      "id": 30605,
      "name": "",
      "exits": {
        "East": 30606,
        "South": 30604
      }
    },
    {
      "id": 30606,
      "name": "",
      "exits": {
        "East": 30607,
        "West": 30605
      }
    },
    {
      "id": 30607,
      "name": "",
      "exits": {
        "North": 30608,
        "West": 30606
      }
    },
    {
      "id": 30608,
      "name": "",
      "exits": {
        "East": 30618,
        "South": 30607
      }
    },
    {
      "id": 30609,
      "name": "",
      "exits": {
        "North": 30604,
        "East": 30610,
        "South": 30611
      }
    },
    {
      "id": 30610,
      "name": "",
      "exits": {
        "East": 30616,
        "South": 30613,
        "West": 30609
      }
    },
    {
      "id": 30611,
      "name": "",
      "exits": {
        "North": 30609,
        "East": 30613
      }
    },
    {
      "id": 30612,
      "name": "",
      "exits": {
        "West": 30611
      }
    },
    {
      "id": 30613,
      "name": "",
      "exits": {
        "North": 30610,
        "East": 30614,
        "West": 30611
      }
    },
    {
      "id": 30614,
      "name": "",
      "exits": {
        "North": 30616,
        "East": 30615,
        "West": 30613
      }
    },
    {
      "id": 30615,
      "name": "",
      "exits": {
        "North": 30617,
        "West": 30614
      }
    },
    {
      "id": 30616,
      "name": "",
      "exits": {
        "East": 30617,
        "South": 30614,
        "West": 30610
      }
    },
    {
      "id": 30617,
      "name": "",
      "exits": {
        "South": 30615,
        "West": 30616
      }
    },
    {
      "id": 30618,
      "name": "",
      "exits": {
        "North": 30619,
        "East": 30620,
        "West": 30608
      }
    },
    {
      "id": 30619,
      "name": "",
      "exits": {
        "South": 30618
      }
    },
    {
      "id": 30620,
      "name": "",
      "exits": {
        "East": 30621,
        "West": 30618
      }
    },
    {
      "id": 30621,
      "name": "",
      "exits": {
        "North": 30622,
        "West": 30620
      }
    },
    {
      "id": 30622,
      "name": "",
      "exits": {
        "East": 30623,
        "South": 30621
      }
    },
    {
      "id": 30623,
      "name": "",
      "exits": {
        "North": 30624,
        "West": 30622
      }
    },
    {
      "id": 30624,
      "name": "",
      "exits": {
        "South": 30623
      }
    }
  ]
}