{
  "name": "Drow City",
  "buildOptions": {
    "maxSteps": 1000,
    "fixObstacles": true,
    "fixNonStraight": true,
    "fixIntersected": true,
    "compactMap": true,
    "addDebugInfo": false,
    "colorizeConnectionIssues": true
  },
  "rooms": [
    {
      "id": 5100,
      "name": "Entrance to Drow City",
      "exits": {
        "West": 5101,
        "Up": 60770
      }
    },
    {
      "id": 5101,
      "name": "City street",
      "exits": {
        "North": 5123,
        "East": 5100,
        "South": 5102,
        "West": 5122
      }
    },
    {
      "id": 5102,
      "name": "City street",
      "exits": {
        "North": 5101,
        "West": 5103
      }
    },
    {
      "id": 5103,
      "name": "City street",
      "exits": {
        "East": 5102,
        "South": 5104,
        "West": 5106
      }
    },
    {
      "id": 5104,
      "name": "3rd House",
      "exits": {
        "North": 5103,
        "South": 5105
      }
    },
    {
      "id": 5105,
      "name": "Throne Room",
      "exits": {
        "North": 5104
      }
    },
    {
      "id": 5106,
      "name": "City street",
      "exits": {
        "North": 5118,
        "East": 5103,
        "West": 5107
      }
    },
    {
      "id": 5107,
      "name": "City street",
      "exits": {
        "North": 5110,
        "East": 5106,
        "South": 5108
      }
    },
    {
      "id": 5108,
      "name": "2nd House",
      "exits": {
        "North": 5107,
        "West": 5109
      }
    },
    {
      "id": 5109,
      "name": "Throne Room",
      "exits": {
        "East": 5108
      }
    },
    {
      "id": 5110,
      "name": "Main Gate",
      "exits": {
        "North": 5114,
        "South": 5107,
        "West": 5111
      }
    },
    {
      "id": 5111,
      "name": "1st House",
      "exits": {
        "East": 5110,
        "West": 5112
      }
    },
    {
      "id": 5112,
      "name": "Throne Room",
      "exits": {
        "North": 5113,
        "East": 5111
      }
    },
    {
      "id": 5113,
      "name": "Main Chamber",
      "exits": {
        "South": 5112,
        "Down": 5151
      }
    },
    {
      "id": 5114,
      "name": "City street",
      "exits": {
        "North": 5115,
        "East": 5117,
        "South": 5110
      }
    },
    {
      "id": 5115,
      "name": "City street",
      "exits": {
        "South": 5114,
        "West": 5116
      }
    },
    {
      "id": 5116,
      "name": "Cleric Academy",
      "exits": {
        "East": 5115
      }
    },
    {
      "id": 5117,
      "name": "City street",
      "exits": {
        "North": 5119,
        "East": 5121,
        "West": 5114
      }
    },
    {
      "id": 5118,
      "name": "Warrior\u0027s Academy",
      "exits": {
        "South": 5106
      }
    },
    {
      "id": 5119,
      "name": "Entrance to the Temple of Lloth",
      "exits": {
        "South": 5117,
        "Down": 5126
      }
    },
    {
      "id": 5120,
      "name": "Mage\u0027s Academy",
      "exits": {
        "South": 5121
      }
    },
    {
      "id": 5121,
      "name": "City street",
      "exits": {
        "North": 5120,
        "East": 5123,
        "South": 5122,
        "West": 5117
      }
    },
    {
      "id": 5122,
      "name": "Slave Chamber",
      "exits": {
        "North": 5121,
        "East": 5101
      }
    },
    {
      "id": 5123,
      "name": "City street",
      "exits": {
        "North": 5124,
        "South": 5101,
        "West": 5121
      }
    },
    {
      "id": 5124,
      "name": "4th house",
      "exits": {
        "East": 5125,
        "South": 5123
      }
    },
    {
      "id": 5125,
      "name": "Throne Room",
      "exits": {
        "West": 5124
      }
    },
    {
      "id": 5126,
      "name": "Entrance Way",
      "exits": {
        "North": 5127,
        "Up": 5119
      }
    },
    {
      "id": 5127,
      "name": "Hallway",
      "exits": {
        "North": 5135,
        "East": 5128,
        "South": 5126,
        "West": 5131
      }
    },
    {
      "id": 5128,
      "name": "Long Hallway",
      "exits": {
        "East": 5129,
        "West": 5127
      }
    },
    {
      "id": 5129,
      "name": "Long Hallway",
      "exits": {
        "North": 5150,
        "East": 5130,
        "West": 5128
      }
    },
    {
      "id": 5130,
      "name": "Long Hallway",
      "exits": {
        "East": 5134,
        "West": 5129
      }
    },
    {
      "id": 5131,
      "name": "Long Hallway",
      "exits": {
        "East": 5127,
        "West": 5132
      }
    },
    {
      "id": 5132,
      "name": "Long Hallway",
      "exits": {
        "East": 5131,
        "South": 5133,
        "West": 5134
      }
    },
    {
      "id": 5133,
      "name": "Warrior\u0027s Barracks",
      "exits": {
        "North": 5132
      }
    },
    {
      "id": 5134,
      "name": "Long Hallway",
      "exits": {
        "East": 5132,
        "West": 5130
      }
    },
    {
      "id": 5135,
      "name": "Grand Stairway",
      "exits": {
        "South": 5127,
        "Up": 5136
      }
    },
    {
      "id": 5136,
      "name": "Grand Hallway",
      "exits": {
        "North": 5138,
        "East": 5137,
        "Down": 5135
      }
    },
    {
      "id": 5137,
      "name": "Mage\u0027s Barracks",
      "exits": {
        "West": 5136
      }
    },
    {
      "id": 5138,
      "name": "Grand Hallway",
      "exits": {
        "South": 5136,
        "West": 5139,
        "Down": 5140
      }
    },
    {
      "id": 5139,
      "name": "Cleric\u0027s Barracks",
      "exits": {
        "East": 5138
      }
    },
    {
      "id": 5140,
      "name": "Grand Stairway",
      "exits": {
        "North": 5141,
        "Up": 5138
      }
    },
    {
      "id": 5141,
      "name": "Main Chamber",
      "exits": {
        "East": 5142,
        "South": 5140,
        "West": 5144
      }
    },
    {
      "id": 5142,
      "name": "Eastern side of Chamber",
      "exits": {
        "North": 5145,
        "East": 5146,
        "South": 5141
      }
    },
    {
      "id": 5143,
      "name": "Sacrificial Pit",
      "exits": {
        "Up": 5145
      }
    },
    {
      "id": 5144,
      "name": "Western side of Chamber",
      "exits": {
        "North": 5145,
        "South": 5141
      }
    },
    {
      "id": 5145,
      "name": "The Altar",
      "exits": {
        "North": 5148,
        "East": 5142,
        "West": 5144,
        "Down": 5143
      }
    },
    {
      "id": 5146,
      "name": "Slave Cells",
      "exits": {
        "North": 5147,
        "West": 5142
      }
    },
    {
      "id": 5147,
      "name": "Slave Pen",
      "exits": {
        "South": 5146
      }
    },
    {
      "id": 5148,
      "name": "Dais",
      "exits": {
        "South": 5145,
        "West": 5149
      }
    },
    {
      "id": 5149,
      "name": "The Treasury",
      "exits": {
        "East": 5148
      }
    },
    {
      "id": 5150,
      "name": "Weaponsmaster\u0027s Chamber",
      "exits": {
        "South": 5129
      }
    },
    {
      "id": 5151,
      "name": "A Well-Constructed Tunnel",
      "exits": {
        "West": 5152,
        "Up": 5113
      }
    },
    {
      "id": 5152,
      "name": "A Well-Constructed Tunnel",
      "exits": {
        "East": 5151,
        "West": 5153
      }
    },
    {
      "id": 5153,
      "name": "A Well-Constructed Tunnel",
      "exits": {
        "East": 5152,
        "West": 5154
      }
    },
    {
      "id": 5154,
      "name": "Above the Chasm",
      "exits": {
        "East": 5153,
        "Down": 5155
      }
    },
    {
      "id": 5155,
      "name": "Large Knothole in the Abyss",
      "exits": {
        "Up": 5154,
        "Down": 5156
      }
    },
    {
      "id": 5156,
      "name": "Large Knothole in the Abyss",
      "exits": {
        "Up": 5155,
        "Down": 13400
      }
    },
    {
      "id": 60770,
      "name": "To Thalos",
      "otherAreaExit": true,
      "exits": {
        "Up": 60769,
        "Down": 5100
      }
    },
    {
      "id": 13400,
      "name": "To Ciquala\u0027s Lair",
      "otherAreaExit": true,
      "exits": {
        "Up": 5156,
        "Down": 13401
      }
    }
  ]
}