{
  "name": "Drow Enclaves",
  "buildOptions": {
    "maxSteps": 1000,
    "fixObstacles": true,
    "fixNonStraight": true,
    "fixIntersected": true,
    "compactMap": true,
    "addDebugInfo": false,
    "colorizeConnectionIssues": true
  },
  "rooms": [
    {
      "id": 18100,
      "name": "Outside the howling hole",
      "exits": {
        "West": 18182,
        "Down": 18101
      }
    },
    {
      "id": 18101,
      "name": "Inside the howling hole",
      "exits": {
        "West": 18102,
        "Up": 18100
      }
    },
    {
      "id": 18102,
      "name": "In a dark hallway",
      "exits": {
        "North": 18103,
        "East": 18101,
        "South": 18111
      }
    },
    {
      "id": 18103,
      "name": "In a dark hallway",
      "exits": {
        "South": 18102,
        "West": 18104
      }
    },
    {
      "id": 18104,
      "name": "In a dark hallway",
      "exits": {
        "East": 18103,
        "West": 18105
      }
    },
    {
      "id": 18105,
      "name": "In a dark hallway",
      "exits": {
        "East": 18104,
        "West": 18106
      }
    },
    {
      "id": 18106,
      "name": "In a dark hallway",
      "exits": {
        "East": 18105,
        "South": 18107
      }
    },
    {
      "id": 18107,
      "name": "In a dark hallway",
      "exits": {
        "North": 18106,
        "East": 18112,
        "South": 18108
      }
    },
    {
      "id": 18108,
      "name": "In a dark hallway",
      "exits": {
        "North": 18107,
        "East": 18109
      }
    },
    {
      "id": 18109,
      "name": "In a dark hallway",
      "exits": {
        "East": 18110,
        "West": 18108
      }
    },
    {
      "id": 18110,
      "name": "In a dark hallway",
      "exits": {
        "East": 18111,
        "West": 18109
      }
    },
    {
      "id": 18111,
      "name": "In a dark hallway",
      "exits": {
        "North": 18102,
        "West": 18110
      }
    },
    {
      "id": 18112,
      "name": "In a collapsed room",
      "exits": {
        "West": 18107,
        "Down": 18113
      }
    },
    {
      "id": 18113,
      "name": "The entrance to the enclaves",
      "exits": {
        "West": 18126,
        "Up": 18112
      }
    },
    {
      "id": 18114,
      "name": "Within the darkened enclaves",
      "exits": {
        "West": 18115
      }
    },
    {
      "id": 18115,
      "name": "Within the darkened enclaves",
      "exits": {
        "North": 18116,
        "East": 18114
      }
    },
    {
      "id": 18116,
      "name": "Within the darkened enclaves",
      "exits": {
        "North": 18117,
        "South": 18115
      }
    },
    {
      "id": 18117,
      "name": "Within the darkened enclaves",
      "exits": {
        "North": 18121,
        "East": 18124,
        "South": 18116,
        "West": 18120
      }
    },
    {
      "id": 18118,
      "name": "Within the darkened enclaves",
      "exits": {
        "East": 18119
      }
    },
    {
      "id": 18119,
      "name": "Within the darkened enclaves",
      "exits": {
        "North": 18120,
        "West": 18118
      }
    },
    {
      "id": 18120,
      "name": "Within the darkened enclaves",
      "exits": {
        "East": 18117,
        "South": 18119
      }
    },
    {
      "id": 18121,
      "name": "Within the darkened enclaves",
      "exits": {
        "North": 18122,
        "South": 18117
      }
    },
    {
      "id": 18122,
      "name": "Within the darkened enclaves",
      "exits": {
        "South": 18121,
        "West": 18123
      }
    },
    {
      "id": 18123,
      "name": "Within the darkened enclaves",
      "exits": {
        "East": 18122
      }
    },
    {
      "id": 18124,
      "name": "Within the darkened enclaves",
      "exits": {
        "East": 18125,
        "West": 18117
      }
    },
    {
      "id": 18125,
      "name": "Within the darkened enclaves",
      "exits": {
        "North": 18126,
        "West": 18124
      }
    },
    {
      "id": 18126,
      "name": "Within the darkened enclaves",
      "exits": {
        "North": 18127,
        "East": 18113,
        "South": 18125
      }
    },
    {
      "id": 18127,
      "name": "Within the darkened enclaves",
      "exits": {
        "North": 18128,
        "South": 18126
      }
    },
    {
      "id": 18128,
      "name": "Within the darkened enclaves",
      "exits": {
        "East": 18132,
        "South": 18127,
        "West": 18129
      }
    },
    {
      "id": 18129,
      "name": "Within the darkened enclaves",
      "exits": {
        "North": 18130,
        "East": 18128
      }
    },
    {
      "id": 18130,
      "name": "Within the darkened enclaves",
      "exits": {
        "East": 18131,
        "South": 18129
      }
    },
    {
      "id": 18131,
      "name": "Within the darkened enclaves",
      "exits": {
        "West": 18130
      }
    },
    {
      "id": 18132,
      "name": "Within the darkened enclaves",
      "exits": {
        "East": 18133,
        "West": 18128
      }
    },
    {
      "id": 18133,
      "name": "Within the darkened enclaves",
      "exits": {
        "North": 18134,
        "East": 18143,
        "West": 18132
      }
    },
    {
      "id": 18134,
      "name": "Within the darkened enclaves",
      "exits": {
        "East": 18135,
        "South": 18133
      }
    },
    {
      "id": 18135,
      "name": "Within the darkened enclaves",
      "exits": {
        "East": 18136,
        "West": 18134
      }
    },
    {
      "id": 18136,
      "name": "Within the darkened enclaves",
      "exits": {
        "East": 18137,
        "West": 18135
      }
    },
    {
      "id": 18137,
      "name": "Within the darkened enclaves",
      "exits": {
        "North": 18142,
        "East": 18138,
        "South": 18141,
        "West": 18136
      }
    },
    {
      "id": 18138,
      "name": "Within the darkened enclaves",
      "exits": {
        "North": 18139,
        "West": 18137
      }
    },
    {
      "id": 18139,
      "name": "Within the darkened enclaves",
      "exits": {
        "East": 18140,
        "South": 18138
      }
    },
    {
      "id": 18140,
      "name": "Within the darkened enclaves",
      "exits": {
        "West": 18139
      }
    },
    {
      "id": 18141,
      "name": "Within the darkened enclaves",
      "exits": {
        "North": 18137
      }
    },
    {
      "id": 18142,
      "name": "Within the darkened enclaves",
      "exits": {
        "South": 18137
      }
    },
    {
      "id": 18143,
      "name": "Within the darkened enclaves",
      "exits": {
        "East": 18144,
        "West": 18133
      }
    },
    {
      "id": 18144,
      "name": "Within the darkened enclaves",
      "exits": {
        "South": 18145,
        "West": 18143
      }
    },
    {
      "id": 18145,
      "name": "Within the darkened enclaves",
      "exits": {
        "North": 18144,
        "East": 18146,
        "South": 18148
      }
    },
    {
      "id": 18146,
      "name": "It\u0027s too dark to see!",
      "exits": {
        "East": 18147,
        "West": 18145
      }
    },
    {
      "id": 18147,
      "name": "It\u0027s too dark to see!",
      "exits": {
        "West": 18146
      }
    },
    {
      "id": 18148,
      "name": "A webbed corridor in the enclaves",
      "exits": {
        "North": 18145,
        "South": 18149
      }
    },
    {
      "id": 18149,
      "name": "A webbed corridor in the enclaves",
      "exits": {
        "North": 18148,
        "East": 18150,
        "West": 18154
      }
    },
    {
      "id": 18150,
      "name": "A webbed corridor in the enclaves",
      "exits": {
        "South": 18151,
        "West": 18149
      }
    },
    {
      "id": 18151,
      "name": "A webbed corridor in the enclaves",
      "exits": {
        "North": 18150,
        "South": 18152
      }
    },
    {
      "id": 18152,
      "name": "A webbed corridor in the enclaves",
      "exits": {
        "North": 18151,
        "South": 18153
      }
    },
    {
      "id": 18153,
      "name": "A webbed corridor in the enclaves",
      "exits": {
        "North": 18152
      }
    },
    {
      "id": 18154,
      "name": "A webbed corridor in the enclaves",
      "exits": {
        "East": 18149,
        "West": 18155
      }
    },
    {
      "id": 18155,
      "name": "A webbed corridor in the enclaves",
      "exits": {
        "East": 18154,
        "South": 18156
      }
    },
    {
      "id": 18156,
      "name": "A webbed corridor in the enclaves",
      "exits": {
        "North": 18155,
        "South": 18157
      }
    },
    {
      "id": 18157,
      "name": "A webbed corridor in the enclaves",
      "exits": {
        "North": 18156,
        "East": 18161,
        "South": 18166,
        "West": 18158
      }
    },
    {
      "id": 18158,
      "name": "A webbed corridor in the enclaves",
      "exits": {
        "East": 18157,
        "West": 18159
      }
    },
    {
      "id": 18159,
      "name": "A webbed corridor in the enclaves",
      "exits": {
        "North": 18160,
        "East": 18158
      }
    },
    {
      "id": 18160,
      "name": "A webbed corridor in the enclaves",
      "exits": {
        "South": 18159
      }
    },
    {
      "id": 18161,
      "name": "A webbed corridor in the enclaves",
      "exits": {
        "East": 18162,
        "West": 18157
      }
    },
    {
      "id": 18162,
      "name": "A webbed corridor in the enclaves",
      "exits": {
        "South": 18163,
        "West": 18161
      }
    },
    {
      "id": 18163,
      "name": "A webbed corridor in the enclaves",
      "exits": {
        "North": 18162,
        "South": 18164
      }
    },
    {
      "id": 18164,
      "name": "A webbed corridor in the enclaves",
      "exits": {
        "North": 18163,
        "East": 18165
      }
    },
    {
      "id": 18165,
      "name": "A webbed corridor in the enclaves",
      "exits": {
        "West": 18164,
        "Down": 18169
      }
    },
    {
      "id": 18166,
      "name": "A webbed corridor in the enclaves",
      "exits": {
        "North": 18157,
        "South": 18167
      }
    },
    {
      "id": 18167,
      "name": "A webbed corridor in the enclaves",
      "exits": {
        "North": 18166,
        "West": 18168
      }
    },
    {
      "id": 18168,
      "name": "A webbed corridor in the enclaves",
      "exits": {
        "East": 18167
      }
    },
    {
      "id": 18169,
      "name": "In the Lower enclaves",
      "exits": {
        "East": 18170,
        "Up": 18165
      }
    },
    {
      "id": 18170,
      "name": "In the Lower enclaves",
      "exits": {
        "North": 18171,
        "South": 18181,
        "West": 18169
      }
    },
    {
      "id": 18171,
      "name": "In the Lower enclaves",
      "exits": {
        "East": 18172,
        "South": 18170
      }
    },
    {
      "id": 18172,
      "name": "In the Lower enclaves",
      "exits": {
        "North": 18173,
        "East": 18174,
        "West": 18171
      }
    },
    {
      "id": 18173,
      "name": "On a huge web",
      "exits": {
        "South": 18172
      }
    },
    {
      "id": 18174,
      "name": "In the Lower enclaves",
      "exits": {
        "South": 18175,
        "West": 18172
      }
    },
    {
      "id": 18175,
      "name": "In the Lower enclaves",
      "exits": {
        "North": 18174,
        "East": 18176,
        "South": 18178
      }
    },
    {
      "id": 18176,
      "name": "In a throne room",
      "exits": {
        "East": 18177,
        "West": 18175
      }
    },
    {
      "id": 18177,
      "name": "In the altar room",
      "exits": {
        "West": 18176
      }
    },
    {
      "id": 18178,
      "name": "In the Lower enclaves",
      "exits": {
        "North": 18175,
        "West": 18179
      }
    },
    {
      "id": 18179,
      "name": "In the Lower enclaves",
      "exits": {
        "East": 18178,
        "West": 18181
      }
    },
    {
      "id": 18181,
      "name": "In the Lower enclaves",
      "exits": {
        "North": 18170,
        "East": 18179
      }
    },
    {
      "id": 18182,
      "name": "A Rough-Hewn Tunnel",
      "exits": {
        "East": 18100,
        "West": 18183
      }
    },
    {
      "id": 18183,
      "name": "A Rough-Hewn Tunnel",
      "exits": {
        "East": 18182,
        "West": 18184
      }
    },
    {
      "id": 18184,
      "name": "A Rough-Hewn Tunnel",
      "exits": {
        "East": 18183,
        "West": 18185
      }
    },
    {
      "id": 18185,
      "name": "A Rough-Hewn Tunnel",
      "exits": {
        "North": 18186,
        "East": 18184
      }
    },
    {
      "id": 18186,
      "name": "A Rough-Hewn Tunnel",
      "exits": {
        "North": 18187,
        "South": 18185
      }
    },
    {
      "id": 18187,
      "name": "A Rough-Hewn Tunnel",
      "exits": {
        "North": 18188,
        "South": 18186
      }
    },
    {
      "id": 18188,
      "name": "A Rough-Hewn Tunnel",
      "exits": {
        "North": 18189,
        "South": 18187
      }
    },
    {
      "id": 18189,
      "name": "A Rough-Hewn Tunnel",
      "exits": {
        "North": 18190,
        "South": 18188
      }
    },
    {
      "id": 18190,
      "name": "A Rough-Hewn Tunnel",
      "exits": {
        "South": 18189,
        "West": 18191
      }
    },
    {
      "id": 18191,
      "name": "A Rough-Hewn Tunnel",
      "exits": {
        "North": 18192,
        "East": 18190
      }
    },
    {
      "id": 18192,
      "name": "A Rough-Hewn Tunnel",
      "exits": {
        "North": 18193,
        "South": 18191
      }
    },
    {
      "id": 18193,
      "name": "A Rough-Hewn Tunnel",
      "exits": {
        "South": 18192,
        "West": 18194
      }
    },
    {
      "id": 18194,
      "name": "A Rough-Hewn Tunnel",
      "exits": {
        "East": 18193,
        "West": 18195
      }
    },
    {
      "id": 18195,
      "name": "A Rough-Hewn Tunnel",
      "exits": {
        "North": 18196,
        "East": 18194
      }
    },
    {
      "id": 18196,
      "name": "A Rough-Hewn Tunnel",
      "exits": {
        "North": 18197,
        "South": 18195
      }
    },
    {
      "id": 18197,
      "name": "Beneath the Larder",
      "exits": {
        "South": 18196,
        "Up": 2802
      }
    },
    {
      "id": 2802,
      "name": "To Troll Den",
      "otherAreaExit": true,
      "exits": {
        "East": 2803,
        "Down": 18197
      }
    }
  ]
}