{
  "name": "Dwarven Kingdom",
  "buildOptions": {
    "maxSteps": 1000,
    "fixObstacles": true,
    "fixNonStraight": true,
    "fixIntersected": true,
    "compactMap": true,
    "addDebugInfo": false,
    "colorizeConnectionIssues": true
  },
  "rooms": [
    {
      "id": 6500,
      "name": "Path to Dwarven Village",
      "exits": {
        "North": 6501,
        "West": 6562
      }
    },
    {
      "id": 6501,
      "name": "Path, base of mountain",
      "exits": {
        "North": 6502,
        "South": 6500
      }
    },
    {
      "id": 6502,
      "name": "Path, middle of mountain",
      "exits": {
        "North": 6503,
        "South": 6501
      }
    },
    {
      "id": 6503,
      "name": "Top of mountain",
      "exits": {
        "East": 6540,
        "South": 6502,
        "West": 6505
      }
    },
    {
      "id": 6504,
      "name": "Narrow Path",
      "exits": {
        "North": 6506,
        "South": 6540
      }
    },
    {
      "id": 6505,
      "name": "Entrance to Mountain",
      "exits": {
        "East": 6503,
        "West": 6513
      }
    },
    {
      "id": 6506,
      "name": "Bend in Narrow Path",
      "exits": {
        "East": 6507,
        "South": 6504
      }
    },
    {
      "id": 6507,
      "name": "Narrow path",
      "exits": {
        "North": 6508,
        "West": 6506
      }
    },
    {
      "id": 6508,
      "name": "Narrow north-south path",
      "exits": {
        "South": 6507,
        "Down": 2001
      }
    },
    {
      "id": 6509,
      "name": "Door to Kingdom",
      "exits": {
        "East": 6510,
        "South": 6508,
        "West": 6522
      }
    },
    {
      "id": 6510,
      "name": "Path to the Castle",
      "exits": {
        "North": 6511,
        "West": 6509
      }
    },
    {
      "id": 6511,
      "name": "Still on the path to the Castle",
      "exits": {
        "North": 6512,
        "South": 6510
      }
    },
    {
      "id": 6512,
      "name": "Door to Castle",
      "exits": {
        "East": 6525,
        "South": 6511
      }
    },
    {
      "id": 6513,
      "name": "Inside the entrance",
      "exits": {
        "North": 6514,
        "East": 6505,
        "West": 6526
      }
    },
    {
      "id": 6514,
      "name": "Path",
      "exits": {
        "North": 6515,
        "South": 6513
      }
    },
    {
      "id": 6515,
      "name": "Turn in road",
      "exits": {
        "South": 6514,
        "West": 6516
      }
    },
    {
      "id": 6516,
      "name": "Hide \u0026 Tooth Shop",
      "exits": {
        "North": 6517,
        "East": 6515
      }
    },
    {
      "id": 6517,
      "name": "Path to the north of shop",
      "exits": {
        "North": 6518,
        "South": 6516,
        "West": 6535
      }
    },
    {
      "id": 6518,
      "name": "North of Shops",
      "exits": {
        "East": 6519,
        "South": 6517
      }
    },
    {
      "id": 6519,
      "name": "Path by Hospital",
      "exits": {
        "North": 6534,
        "East": 6520,
        "West": 6518
      }
    },
    {
      "id": 6520,
      "name": "Path next to barracks",
      "exits": {
        "East": 6521,
        "West": 6519
      }
    },
    {
      "id": 6521,
      "name": "Entrance to barracks",
      "exits": {
        "South": 6523,
        "West": 6520
      }
    },
    {
      "id": 6522,
      "name": "Guard House",
      "exits": {
        "East": 6509
      }
    },
    {
      "id": 6523,
      "name": "First Barrack room",
      "exits": {
        "North": 6521,
        "South": 6524
      }
    },
    {
      "id": 6524,
      "name": "Back of Barracks",
      "exits": {
        "North": 6523
      }
    },
    {
      "id": 6525,
      "name": "Inside of Castle Strangelove",
      "exits": {
        "West": 6512,
        "Up": 6528
      }
    },
    {
      "id": 6526,
      "name": "A store room",
      "exits": {
        "East": 6513,
        "Down": 6527
      }
    },
    {
      "id": 6527,
      "name": "Wine cellar",
      "exits": {
        "Up": 6526
      }
    },
    {
      "id": 6528,
      "name": "Stairs in castle",
      "exits": {
        "Up": 6529,
        "Down": 6525
      }
    },
    {
      "id": 6529,
      "name": "Stairs",
      "exits": {
        "Up": 6530,
        "Down": 6528
      }
    },
    {
      "id": 6530,
      "name": "Top of stairs",
      "exits": {
        "East": 6531,
        "Down": 6529
      }
    },
    {
      "id": 6531,
      "name": "Queen\u0027s waiting room",
      "exits": {
        "North": 6532,
        "West": 6530
      }
    },
    {
      "id": 6532,
      "name": "Bedroom",
      "exits": {
        "South": 6531
      }
    },
    {
      "id": 6534,
      "name": "Hospital",
      "exits": {
        "South": 6519
      }
    },
    {
      "id": 6535,
      "name": "Granite Head\u0027s Bakery",
      "exits": {
        "East": 6517
      }
    },
    {
      "id": 6540,
      "name": "Dark path",
      "exits": {
        "North": 6504,
        "East": 6541,
        "West": 6503
      }
    },
    {
      "id": 6541,
      "name": "Mine entrance",
      "exits": {
        "West": 6540,
        "Down": 6542
      }
    },
    {
      "id": 6542,
      "name": "Inside the mine",
      "exits": {
        "Up": 6541,
        "Down": 6554
      }
    },
    {
      "id": 6543,
      "name": "Path in the mine",
      "exits": {
        "East": 6544,
        "West": 6554
      }
    },
    {
      "id": 6544,
      "name": "Mine crossroad",
      "exits": {
        "North": 6546,
        "East": 6545,
        "South": 6551,
        "West": 6543
      }
    },
    {
      "id": 6545,
      "name": "Coal Room",
      "exits": {
        "West": 6544
      }
    },
    {
      "id": 6546,
      "name": "Mine Maze",
      "exits": {
        "East": 6547,
        "South": 6544
      }
    },
    {
      "id": 6547,
      "name": "Maze inscription",
      "exits": {
        "North": 6548,
        "West": 6546
      }
    },
    {
      "id": 6548,
      "name": "Maze",
      "exits": {
        "North": 6549,
        "South": 6547
      }
    },
    {
      "id": 6549,
      "name": "Maze",
      "exits": {
        "North": 6550,
        "West": 6548
      }
    },
    {
      "id": 6550,
      "name": "Maze",
      "exits": {
        "South": 6549,
        "West": 6552
      }
    },
    {
      "id": 6551,
      "name": "Mining equipment room",
      "exits": {
        "North": 6544,
        "Down": 2065
      }
    },
    {
      "id": 6552,
      "name": "Solved the Maze.",
      "exits": {
        "East": 6550,
        "West": 6553
      }
    },
    {
      "id": 6553,
      "name": "The Mazekeeper\u0027s Room",
      "exits": {
        "East": 6552
      }
    },
    {
      "id": 6554,
      "name": "Bottom of mineshaft",
      "exits": {
        "East": 6543,
        "Up": 6542
      }
    },
    {
      "id": 6562,
      "name": "The mountains of the dwarven kingdom",
      "exits": {
        "East": 6500,
        "West": 28724
      }
    },
    {
      "id": 2001,
      "name": "To Catacombs",
      "otherAreaExit": true,
      "exits": {
        "South": 2002,
        "Up": 6508
      }
    },
    {
      "id": 2065,
      "name": "To Catacombs",
      "otherAreaExit": true,
      "exits": {
        "North": 2064,
        "Up": 6551
      }
    },
    {
      "id": 28724,
      "name": "To Ramadahn",
      "otherAreaExit": true,
      "exits": {
        "East": 6562,
        "West": 28723
      }
    }
  ]
}