{
  "name": "Dying Forest.are",
  "buildOptions": {
    "maxSteps": 1000,
    "fixObstacles": true,
    "fixNonStraight": true,
    "fixIntersected": true,
    "compactMap": true,
    "addDebugInfo": false,
    "colorizeConnectionIssues": true
  },
  "rooms": [
    {
      "id": 24300,
      "name": "Entrance to the Dying Forest",
      "exits": {
        "North": 24265,
        "West": 24302
      }
    },
    {
      "id": 24302,
      "name": "Within the Dying Forest",
      "exits": {
        "East": 24300,
        "West": 24303
      }
    },
    {
      "id": 24303,
      "name": "Within the Dying Forest",
      "exits": {
        "East": 24302,
        "West": 24304
      }
    },
    {
      "id": 24304,
      "name": "Within the Dying Forest",
      "exits": {
        "North": 24305,
        "East": 24303,
        "West": 24312
      }
    },
    {
      "id": 24305,
      "name": "Within the Dying Forest",
      "exits": {
        "North": 24306,
        "South": 24304
      }
    },
    {
      "id": 24306,
      "name": "Within the Dying Forest",
      "exits": {
        "North": 24307,
        "South": 24305
      }
    },
    {
      "id": 24307,
      "name": "Within the Dying Forest",
      "exits": {
        "North": 24368,
        "South": 24306,
        "West": 24308
      }
    },
    {
      "id": 24308,
      "name": "Within the Dying Forest",
      "exits": {
        "East": 24307,
        "West": 24309
      }
    },
    {
      "id": 24309,
      "name": "Within the Dying Forest",
      "exits": {
        "East": 24308,
        "South": 24310,
        "West": 24323
      }
    },
    {
      "id": 24310,
      "name": "Within the Dying Forest",
      "exits": {
        "North": 24309,
        "South": 24311
      }
    },
    {
      "id": 24311,
      "name": "Within the Dying Forest",
      "exits": {
        "North": 24310,
        "South": 24313
      }
    },
    {
      "id": 24312,
      "name": "Within the Dying Forest",
      "exits": {
        "East": 24304,
        "West": 24313
      }
    },
    {
      "id": 24313,
      "name": "Within the Dying Forest",
      "exits": {
        "North": 24311,
        "East": 24312,
        "West": 24314
      }
    },
    {
      "id": 24314,
      "name": "Within the Dying Forest",
      "exits": {
        "East": 24313,
        "West": 24315
      }
    },
    {
      "id": 24315,
      "name": "Within the Dying Forest",
      "exits": {
        "North": 24321,
        "East": 24314,
        "West": 24316
      }
    },
    {
      "id": 24316,
      "name": "Within the Dying Forest",
      "exits": {
        "East": 24315,
        "West": 24317
      }
    },
    {
      "id": 24317,
      "name": "Within the Dying Forest",
      "exits": {
        "North": 24328,
        "East": 24316,
        "West": 24318
      }
    },
    {
      "id": 24318,
      "name": "Within the Dying Forest",
      "exits": {
        "East": 24317,
        "West": 24319
      }
    },
    {
      "id": 24319,
      "name": "Within the Dying Forest",
      "exits": {
        "East": 24318,
        "West": 24320
      }
    },
    {
      "id": 24320,
      "name": "Within the Dying Forest",
      "exits": {
        "East": 24319,
        "South": 24336
      }
    },
    {
      "id": 24321,
      "name": "Within the Dying Forest",
      "exits": {
        "North": 24322,
        "South": 24315
      }
    },
    {
      "id": 24322,
      "name": "Within the Dying Forest",
      "exits": {
        "North": 24324,
        "South": 24321
      }
    },
    {
      "id": 24323,
      "name": "Within the Dying Forest",
      "exits": {
        "North": 24329,
        "East": 24309,
        "West": 24324
      }
    },
    {
      "id": 24324,
      "name": "Within the Dying Forest",
      "exits": {
        "East": 24323,
        "South": 24322,
        "West": 24325
      }
    },
    {
      "id": 24325,
      "name": "Within the Dying Forest",
      "exits": {
        "North": 24331,
        "East": 24324,
        "West": 24326
      }
    },
    {
      "id": 24326,
      "name": "Within the Dying Forest",
      "exits": {
        "East": 24325,
        "South": 24327
      }
    },
    {
      "id": 24327,
      "name": "Within the Dying Forest",
      "exits": {
        "North": 24326,
        "South": 24328
      }
    },
    {
      "id": 24328,
      "name": "Within the Dying Forest",
      "exits": {
        "North": 24327,
        "South": 24317
      }
    },
    {
      "id": 24329,
      "name": "Within the Dying Forest",
      "exits": {
        "South": 24323,
        "West": 24330
      }
    },
    {
      "id": 24330,
      "name": "Within the Dying Forest",
      "exits": {
        "North": 24332,
        "East": 24329,
        "West": 24331
      }
    },
    {
      "id": 24331,
      "name": "Within the Dying Forest",
      "exits": {
        "East": 24330,
        "South": 24325
      }
    },
    {
      "id": 24332,
      "name": "Within the Dying Forest",
      "exits": {
        "East": 24333,
        "South": 24330
      }
    },
    {
      "id": 24333,
      "name": "Within the Dying Forest",
      "exits": {
        "East": 24334,
        "West": 24332
      }
    },
    {
      "id": 24334,
      "name": "Within the Dying Forest",
      "exits": {
        "South": 24335,
        "West": 24333
      }
    },
    {
      "id": 24335,
      "name": "Within the Dying Forest",
      "exits": {
        "North": 24334
      }
    },
    {
      "id": 24336,
      "name": "Within the Dying Forest",
      "exits": {
        "North": 24320,
        "South": 24337
      }
    },
    {
      "id": 24337,
      "name": "Within the Dying Forest",
      "exits": {
        "North": 24336,
        "South": 24338
      }
    },
    {
      "id": 24338,
      "name": "Within the Dying Forest",
      "exits": {
        "North": 24337,
        "East": 24339
      }
    },
    {
      "id": 24339,
      "name": "Within the Dying Forest",
      "exits": {
        "East": 24340,
        "South": 24374,
        "West": 24338
      }
    },
    {
      "id": 24340,
      "name": "Within the Dying Forest",
      "exits": {
        "East": 24341,
        "West": 24339
      }
    },
    {
      "id": 24341,
      "name": "Within the Dying Forest",
      "exits": {
        "East": 24342,
        "West": 24340
      }
    },
    {
      "id": 24342,
      "name": "Within the Dying Forest",
      "exits": {
        "East": 24343,
        "South": 24345,
        "West": 24341
      }
    },
    {
      "id": 24343,
      "name": "Within the Dying Forest",
      "exits": {
        "East": 24344,
        "West": 24342
      }
    },
    {
      "id": 24344,
      "name": "Within the Dying Forest",
      "exits": {
        "South": 24349,
        "West": 24343
      }
    },
    {
      "id": 24345,
      "name": "Within the Dying Forest",
      "exits": {
        "North": 24342,
        "South": 24346
      }
    },
    {
      "id": 24346,
      "name": "Within the Dying Forest",
      "exits": {
        "North": 24345,
        "East": 24347
      }
    },
    {
      "id": 24347,
      "name": "Within the Dying Forest",
      "exits": {
        "North": 24367,
        "East": 24348,
        "West": 24346
      }
    },
    {
      "id": 24348,
      "name": "Within the Dying Forest",
      "exits": {
        "North": 24349,
        "West": 24347
      }
    },
    {
      "id": 24349,
      "name": "Within the Dying Forest",
      "exits": {
        "North": 24344,
        "East": 24350,
        "South": 24348
      }
    },
    {
      "id": 24350,
      "name": "Within a Centaur Settlement",
      "exits": {
        "North": 24351,
        "East": 24352,
        "West": 24349
      }
    },
    {
      "id": 24351,
      "name": "Within a Centaur Hut",
      "exits": {
        "South": 24350
      }
    },
    {
      "id": 24352,
      "name": "Within a Centaur Settlement",
      "exits": {
        "North": 24353,
        "East": 24355,
        "South": 24354,
        "West": 24350
      }
    },
    {
      "id": 24353,
      "name": "Within a Centaur Hut",
      "exits": {
        "South": 24352
      }
    },
    {
      "id": 24354,
      "name": "Within a Centaur Hut",
      "exits": {
        "North": 24352
      }
    },
    {
      "id": 24355,
      "name": "Within a Centaur Settlement",
      "exits": {
        "East": 24356,
        "South": 24364,
        "West": 24352
      }
    },
    {
      "id": 24356,
      "name": "Within a Centaur Settlement",
      "exits": {
        "East": 24357,
        "West": 24355
      }
    },
    {
      "id": 24357,
      "name": "Within a Centaur Settlement",
      "exits": {
        "South": 24358,
        "West": 24356
      }
    },
    {
      "id": 24358,
      "name": "Within a Centaur Settlement",
      "exits": {
        "North": 24357,
        "East": 24359,
        "South": 24361
      }
    },
    {
      "id": 24359,
      "name": "Within a Centaur Hut",
      "exits": {
        "West": 24358
      }
    },
    {
      "id": 24360,
      "name": "Within a Centaur Hut",
      "exits": {
        "South": 12138,
        "West": 24361
      }
    },
    {
      "id": 24361,
      "name": "Within a Centaur Settlement",
      "exits": {
        "North": 24358,
        "East": 24360,
        "West": 24362
      }
    },
    {
      "id": 24362,
      "name": "Within a Centaur Settlement",
      "exits": {
        "North": 24366,
        "East": 24361,
        "West": 24363
      }
    },
    {
      "id": 24363,
      "name": "Within a Centaur Settlement",
      "exits": {
        "North": 24364,
        "East": 24362,
        "West": 24365
      }
    },
    {
      "id": 24364,
      "name": "Within a Centaur Settlement",
      "exits": {
        "North": 24355,
        "South": 24363
      }
    },
    {
      "id": 24365,
      "name": "Within a Centaur Hut",
      "exits": {
        "East": 24363
      }
    },
    {
      "id": 24366,
      "name": "Within a Centaur Hut",
      "exits": {
        "South": 24362
      }
    },
    {
      "id": 24367,
      "name": "Within a Centaur Hut",
      "exits": {
        "South": 24347
      }
    },
    {
      "id": 24368,
      "name": "Within the Dying Forest",
      "exits": {
        "East": 24369,
        "South": 24307
      }
    },
    {
      "id": 24369,
      "name": "Within the Dying Forest",
      "exits": {
        "North": 24371,
        "East": 24370,
        "West": 24368
      }
    },
    {
      "id": 24370,
      "name": "Within the Dying Forest",
      "exits": {
        "South": 24372,
        "West": 24369
      }
    },
    {
      "id": 24371,
      "name": "Within the Dying Forest",
      "exits": {
        "South": 24369
      }
    },
    {
      "id": 24372,
      "name": "Within the Dying Forest",
      "exits": {
        "North": 24370
      }
    },
    {
      "id": 24374,
      "name": "A Dark and Foreboding Trail",
      "exits": {
        "North": 24339,
        "South": 24375
      }
    },
    {
      "id": 24375,
      "name": "A Dark and Foreboding Trail",
      "exits": {
        "North": 24374,
        "West": 24376
      }
    },
    {
      "id": 24376,
      "name": "A Dark and Foreboding Trail",
      "exits": {
        "East": 24375,
        "West": 24377
      }
    },
    {
      "id": 24377,
      "name": "A Dark and Foreboding Trail",
      "exits": {
        "East": 24376,
        "West": 24378
      }
    },
    {
      "id": 24378,
      "name": "A Dark and Foreboding Trail",
      "exits": {
        "East": 24377,
        "West": 24379
      }
    },
    {
      "id": 24379,
      "name": "Entrance to the Dying Forest",
      "exits": {
        "East": 24378,
        "West": 19510
      }
    },
    {
      "id": 24265,
      "name": "To Dead Forest",
      "otherAreaExit": true,
      "exits": {
        "North": 24263,
        "South": 24300
      }
    },
    {
      "id": 12138,
      "name": "To The Valley Inn",
      "otherAreaExit": true,
      "exits": {
        "North": 24360,
        "South": 12137
      }
    },
    {
      "id": 19510,
      "name": "To Outskirts of Astoria",
      "otherAreaExit": true,
      "exits": {
        "North": 19511,
        "East": 24379,
        "South": 19509
      }
    }
  ]
}