{
  "name": "Dylan\u0027s Area",
  "buildOptions": {
    "maxSteps": 1000,
    "fixObstacles": true,
    "fixNonStraight": true,
    "fixIntersected": false,
    "compactMap": true,
    "addDebugInfo": false,
    "colorizeConnectionIssues": true
  },
  "rooms": [
    {
      "id": 9101,
      "name": "A fluffy white cloud.",
      "exits": {
        "Up": 9102
      }
    },
    {
      "id": 9102,
      "name": "A fluffy white cloud.",
      "exits": {
        "East": 9103,
        "Down": 9101
      }
    },
    {
      "id": 9103,
      "name": "A fluffy white cloud.",
      "exits": {
        "North": 9128,
        "South": 9104,
        "West": 9102
      }
    },
    {
      "id": 9104,
      "name": "A fluffy white cloud.",
      "exits": {
        "North": 9103,
        "East": 9105
      }
    },
    {
      "id": 9105,
      "name": "A fluffy white cloud.",
      "exits": {
        "East": 9106,
        "West": 9104
      }
    },
    {
      "id": 9106,
      "name": "A fluffy white cloud.",
      "exits": {
        "North": 9107,
        "West": 9105
      }
    },
    {
      "id": 9107,
      "name": "A fluffy white cloud.",
      "exits": {
        "East": 9108,
        "South": 9106,
        "Down": 9126
      }
    },
    {
      "id": 9108,
      "name": "A fluffy white cloud.",
      "exits": {
        "East": 9109,
        "West": 9107
      }
    },
    {
      "id": 9109,
      "name": "A fluffy white cloud.",
      "exits": {
        "West": 9108,
        "Down": 9110
      }
    },
    {
      "id": 9110,
      "name": "An ominous storm cloud.",
      "exits": {
        "East": 9111,
        "West": 9125,
        "Up": 9109
      }
    },
    {
      "id": 9111,
      "name": "High and perilous cliff",
      "exits": {
        "South": 9112,
        "West": 9110
      }
    },
    {
      "id": 9112,
      "name": "Narrow rocky trail.",
      "exits": {
        "North": 9111,
        "Down": 9113
      }
    },
    {
      "id": 9113,
      "name": "Small valley.",
      "exits": {
        "South": 9114,
        "Up": 9112
      }
    },
    {
      "id": 9114,
      "name": "Small valley.",
      "exits": {
        "North": 9113,
        "Down": 9115
      }
    },
    {
      "id": 9115,
      "name": "Deep, slippery crevice.",
      "exits": {
        "South": 9117,
        "West": 9116,
        "Up": 9114
      }
    },
    {
      "id": 9116,
      "name": "Incredibly slippery crevice.",
      "exits": {
        "East": 9115,
        "Down": 9199
      }
    },
    {
      "id": 9117,
      "name": "Steep mountainside.",
      "exits": {
        "North": 9115,
        "Up": 9118
      }
    },
    {
      "id": 9118,
      "name": "Steep mountainside.",
      "exits": {
        "East": 9119,
        "Down": 9117
      }
    },
    {
      "id": 9119,
      "name": "Treacherous Cliff.",
      "exits": {
        "West": 9118,
        "Up": 9120
      }
    },
    {
      "id": 9120,
      "name": "Cliff Face.",
      "exits": {
        "East": 9121,
        "Up": 9122,
        "Down": 9119
      }
    },
    {
      "id": 9121,
      "name": "Dank, dark, smelly hole.",
      "exits": {
        "West": 9120
      }
    },
    {
      "id": 9122,
      "name": "Large, sturdy ledge.",
      "exits": {
        "North": 9124,
        "West": 9123,
        "Down": 9120
      }
    },
    {
      "id": 9123,
      "name": "Absolutely disgusting lair.",
      "exits": {
        "East": 9122
      }
    },
    {
      "id": 9124,
      "name": "Absolutely disgusting lair.",
      "exits": {
        "South": 9122
      }
    },
    {
      "id": 9125,
      "name": "A fluffy white cloud.",
      "exits": {
        "East": 9110,
        "Up": 9126
      }
    },
    {
      "id": 9126,
      "name": "A fluffy white cloud.",
      "exits": {
        "North": 9131,
        "West": 9127,
        "Up": 9107,
        "Down": 9125
      }
    },
    {
      "id": 9127,
      "name": "A fluffy white cloud.",
      "exits": {
        "North": 9130,
        "East": 9126,
        "Up": 9128
      }
    },
    {
      "id": 9128,
      "name": "A fluffy white cloud.",
      "exits": {
        "South": 9103,
        "Down": 9127
      }
    },
    {
      "id": 9129,
      "name": "Sleepy little cloud.",
      "exits": {
        "North": 9132,
        "East": 9130
      }
    },
    {
      "id": 9130,
      "name": "Grumpy little cloud.",
      "exits": {
        "East": 9131,
        "South": 9127,
        "West": 9129
      }
    },
    {
      "id": 9131,
      "name": "Happy little cloud.",
      "exits": {
        "North": 9136,
        "South": 9126,
        "West": 9130
      }
    },
    {
      "id": 9132,
      "name": "Bashful little cloud.",
      "exits": {
        "North": 9133,
        "South": 9129,
        "West": 9142
      }
    },
    {
      "id": 9133,
      "name": "Sneezing little cloud.",
      "exits": {
        "North": 9145,
        "East": 9134,
        "South": 9132,
        "West": 9143
      }
    },
    {
      "id": 9134,
      "name": "Dopey little cloud.",
      "exits": {
        "East": 9135,
        "West": 9133
      }
    },
    {
      "id": 9135,
      "name": "Doc-like little cloud.",
      "exits": {
        "South": 9136,
        "West": 9134
      }
    },
    {
      "id": 9136,
      "name": "Snowy, white cloud.",
      "exits": {
        "North": 9135,
        "South": 9131,
        "West": 9137
      }
    },
    {
      "id": 9137,
      "name": "Cold, damp cloud.",
      "exits": {
        "East": 9136,
        "Up": 9138
      }
    },
    {
      "id": 9138,
      "name": "Mysterious rock outcropping.",
      "exits": {
        "North": 9139,
        "Down": 9137
      }
    },
    {
      "id": 9139,
      "name": "Foyer.",
      "exits": {
        "East": 9140,
        "South": 9138
      }
    },
    {
      "id": 9140,
      "name": "Tower.",
      "exits": {
        "West": 9139,
        "Up": 9141
      }
    },
    {
      "id": 9141,
      "name": "Witches Tower",
      "exits": {
        "Down": 9140
      }
    },
    {
      "id": 9142,
      "name": "Suspicious little raincloud.",
      "exits": {
        "North": 9143,
        "East": 9132
      }
    },
    {
      "id": 9143,
      "name": "Cirrus maximus cloud.",
      "exits": {
        "East": 9133,
        "South": 9142
      }
    },
    {
      "id": 9144,
      "name": "Raging hurricane.",
      "exits": {
        "North": 9148,
        "Down": 9146
      }
    },
    {
      "id": 9145,
      "name": "Raging hurricane.",
      "exits": {
        "South": 9133,
        "West": 9150,
        "Down": 9148
      }
    },
    {
      "id": 9146,
      "name": "Raging hurricane.",
      "exits": {
        "North": 9147,
        "East": 9144
      }
    },
    {
      "id": 9147,
      "name": "Raging hurricane.",
      "exits": {
        "East": 9148,
        "South": 9146
      }
    },
    {
      "id": 9148,
      "name": "Raging hurricane.",
      "exits": {
        "South": 9144,
        "West": 9147,
        "Up": 9145
      }
    },
    {
      "id": 9149,
      "name": "Raging hurricane.",
      "exits": {
        "North": 9152,
        "East": 9150,
        "Down": 9157
      }
    },
    {
      "id": 9150,
      "name": "Raging hurricane.",
      "exits": {
        "North": 9151,
        "East": 9145,
        "West": 9149
      }
    },
    {
      "id": 9151,
      "name": "Raging hurricane.",
      "exits": {
        "South": 9150,
        "West": 9152
      }
    },
    {
      "id": 9152,
      "name": "Raging hurricane.",
      "exits": {
        "East": 9151,
        "South": 9149
      }
    },
    {
      "id": 9153,
      "name": "Calm cloud.",
      "exits": {
        "West": 9154,
        "Up": 9152
      }
    },
    {
      "id": 9154,
      "name": "Mountainside.",
      "exits": {
        "East": 9153,
        "West": 9155
      }
    },
    {
      "id": 9155,
      "name": "Mountainside.",
      "exits": {
        "East": 9154,
        "Up": 9156
      }
    },
    {
      "id": 9156,
      "name": "Roc\u0027s Nest.",
      "exits": {
        "Down": 9155
      }
    },
    {
      "id": 9157,
      "name": "Cumulative nimbus cloud.",
      "exits": {
        "South": 9159,
        "West": 9158,
        "Up": 9149
      }
    },
    {
      "id": 9158,
      "name": "Dark hidden cloud.",
      "exits": {
        "East": 9157
      }
    },
    {
      "id": 9159,
      "name": "Yet another cloud",
      "exits": {
        "North": 9157,
        "Up": 9160
      }
    },
    {
      "id": 9160,
      "name": "Front gate",
      "exits": {
        "North": 3256,
        "South": 9161,
        "Down": 9159
      }
    },
    {
      "id": 9161,
      "name": "Lawn",
      "exits": {
        "North": 9160,
        "South": 9163,
        "West": 9162
      }
    },
    {
      "id": 9162,
      "name": "Croquet game",
      "exits": {
        "East": 9161,
        "South": 9164
      }
    },
    {
      "id": 9163,
      "name": "Huge, gorgeous fountain.",
      "exits": {
        "North": 9161,
        "West": 9164
      }
    },
    {
      "id": 9164,
      "name": "Patio.",
      "exits": {
        "North": 9162,
        "East": 9163,
        "Up": 9165
      }
    },
    {
      "id": 9165,
      "name": "Long stairway.",
      "exits": {
        "Up": 9166,
        "Down": 9164
      }
    },
    {
      "id": 9166,
      "name": "Front door",
      "exits": {
        "East": 9173,
        "South": 9177,
        "West": 9167,
        "Down": 9165
      }
    },
    {
      "id": 9167,
      "name": "Lawn northwest of house.",
      "exits": {
        "East": 9166,
        "South": 9168
      }
    },
    {
      "id": 9168,
      "name": "Lawn west of house.",
      "exits": {
        "North": 9167,
        "South": 9169
      }
    },
    {
      "id": 9169,
      "name": "Lawn southwest of house.",
      "exits": {
        "North": 9168,
        "East": 9170,
        "Down": 9174
      }
    },
    {
      "id": 9170,
      "name": "Lawn south of house.",
      "exits": {
        "East": 9171,
        "West": 9169
      }
    },
    {
      "id": 9171,
      "name": "Lawn southeast of house.",
      "exits": {
        "North": 9172,
        "West": 9170
      }
    },
    {
      "id": 9172,
      "name": "Lawn east of house.",
      "exits": {
        "North": 9173,
        "South": 9171
      }
    },
    {
      "id": 9173,
      "name": "Lawn northeast of house.",
      "exits": {
        "South": 9172,
        "West": 9166
      }
    },
    {
      "id": 9174,
      "name": "Dirty, dusty tunnel.",
      "exits": {
        "East": 9175,
        "Up": 9169
      }
    },
    {
      "id": 9175,
      "name": "Basement.",
      "exits": {
        "North": 9176,
        "West": 9174
      }
    },
    {
      "id": 9176,
      "name": "Bottom of the stairs.",
      "exits": {
        "South": 9175,
        "Up": 9177
      }
    },
    {
      "id": 9177,
      "name": "Foyer.",
      "exits": {
        "North": 9166,
        "East": 9183,
        "West": 9178,
        "Down": 9176
      }
    },
    {
      "id": 9178,
      "name": "Elegant hallway.",
      "exits": {
        "East": 9177,
        "South": 9179,
        "West": 9180
      }
    },
    {
      "id": 9179,
      "name": "Library",
      "exits": {
        "North": 9178
      }
    },
    {
      "id": 9180,
      "name": "Arboretum.",
      "exits": {
        "East": 9178,
        "South": 9181
      }
    },
    {
      "id": 9181,
      "name": "Western tower.",
      "exits": {
        "North": 9180,
        "Up": 9182
      }
    },
    {
      "id": 9182,
      "name": "Western tower.",
      "exits": {
        "Down": 9181
      }
    },
    {
      "id": 9183,
      "name": "Elegant hallway.",
      "exits": {
        "East": 9185,
        "South": 9184,
        "West": 9177
      }
    },
    {
      "id": 9184,
      "name": "Conservatory",
      "exits": {
        "North": 9183
      }
    },
    {
      "id": 9185,
      "name": "Office",
      "exits": {
        "South": 9186,
        "West": 9183
      }
    },
    {
      "id": 9186,
      "name": "Eastern tower.",
      "exits": {
        "North": 9185,
        "Up": 9187
      }
    },
    {
      "id": 9187,
      "name": "Eastern tower.",
      "exits": {
        "Down": 9186
      }
    },
    {
      "id": 9199,
      "name": "Mid-Air.",
      "exits": {}
    },
    {
      "id": 3256,
      "name": "To Midgaard",
      "otherAreaExit": true,
      "exits": {
        "North": 3255,
        "South": 9160
      }
    }
  ]
}