{
  "name": "Eastern Shatar Road",
  "buildOptions": {
    "maxSteps": 1000,
    "fixObstacles": true,
    "fixNonStraight": false,
    "fixIntersected": true,
    "compactMap": true,
    "addDebugInfo": false,
    "colorizeConnectionIssues": true
  },
  "rooms": [
    {
      "id": 40900,
      "name": "The Eastern Shatar Road",
      "exits": {
        "East": 40901,
        "West": 40719
      }
    },
    {
      "id": 40901,
      "name": "The Eastern Shatar Road",
      "exits": {
        "East": 40902,
        "West": 40900
      }
    },
    {
      "id": 40902,
      "name": "The Eastern Shatar Road",
      "exits": {
        "East": 40903,
        "West": 40901
      }
    },
    {
      "id": 40903,
      "name": "The Eastern Shatar Road",
      "exits": {
        "East": 40904,
        "West": 40902
      }
    },
    {
      "id": 40904,
      "name": "The Eastern Shatar Road",
      "exits": {
        "East": 40905,
        "West": 40903
      }
    },
    {
      "id": 40905,
      "name": "The Eastern Shatar Road",
      "exits": {
        "East": 40906,
        "West": 40904
      }
    },
    {
      "id": 40906,
      "name": "The Eastern Shatar Road",
      "exits": {
        "East": 40907,
        "West": 40905
      }
    },
    {
      "id": 40907,
      "name": "The Eastern Shatar Road",
      "exits": {
        "East": 40908,
        "West": 40906
      }
    },
    {
      "id": 40908,
      "name": "The Eastern Shatar Road",
      "exits": {
        "East": 40909,
        "West": 40907
      }
    },
    {
      "id": 40909,
      "name": "The Eastern Shatar Road",
      "exits": {
        "East": 40910,
        "West": 40908
      }
    },
    {
      "id": 40910,
      "name": "The Eastern Shatar Road",
      "exits": {
        "East": 40911,
        "West": 40909
      }
    },
    {
      "id": 40911,
      "name": "The Eastern Shatar Road",
      "exits": {
        "East": 40912,
        "West": 40910
      }
    },
    {
      "id": 40912,
      "name": "The Eastern Shatar Road",
      "exits": {
        "East": 40913,
        "West": 40911
      }
    },
    {
      "id": 40913,
      "name": "The Eastern Shatar Road",
      "exits": {
        "East": 40914,
        "West": 40912
      }
    },
    {
      "id": 40914,
      "name": "The Eastern Shatar Road",
      "exits": {
        "North": 40946,
        "East": 40915,
        "West": 40913
      }
    },
    {
      "id": 40915,
      "name": "The Eastern Shatar Road",
      "exits": {
        "East": 40916,
        "West": 40914
      }
    },
    {
      "id": 40916,
      "name": "The Eastern Shatar Road",
      "exits": {
        "East": 40917,
        "South": 24200,
        "West": 40915
      }
    },
    {
      "id": 40917,
      "name": "The Eastern Shatar Road",
      "exits": {
        "East": 40918,
        "West": 40916
      }
    },
    {
      "id": 40918,
      "name": "The Eastern Shatar Road",
      "exits": {
        "East": 40919,
        "West": 40917
      }
    },
    {
      "id": 40919,
      "name": "The Eastern Shatar Road",
      "exits": {
        "East": 40920,
        "West": 40918
      }
    },
    {
      "id": 40920,
      "name": "The Eastern Shatar Road",
      "exits": {
        "East": 40921,
        "West": 40919
      }
    },
    {
      "id": 40921,
      "name": "The Eastern Shatar Road",
      "exits": {
        "East": 40922,
        "West": 40920
      }
    },
    {
      "id": 40922,
      "name": "The Eastern Shatar Road",
      "exits": {
        "North": 9061,
        "East": 40923,
        "West": 40921
      }
    },
    {
      "id": 40923,
      "name": "The Eastern Shatar Road",
      "exits": {
        "East": 40924,
        "West": 40922
      }
    },
    {
      "id": 40924,
      "name": "The Eastern Shatar Road",
      "exits": {
        "East": 40925,
        "West": 40923
      }
    },
    {
      "id": 40925,
      "name": "The Eastern Shatar Road",
      "exits": {
        "East": 40926,
        "West": 40924
      }
    },
    {
      "id": 40926,
      "name": "The Eastern Shatar Road",
      "exits": {
        "East": 40927,
        "South": 24278,
        "West": 40925
      }
    },
    {
      "id": 40927,
      "name": "The Eastern Shatar Road",
      "exits": {
        "East": 40928,
        "West": 40926
      }
    },
    {
      "id": 40928,
      "name": "The Eastern Shatar Road",
      "exits": {
        "East": 40929,
        "West": 40927
      }
    },
    {
      "id": 40929,
      "name": "The Eastern Shatar Road",
      "exits": {
        "North": 60630,
        "East": 40937,
        "West": 40928
      }
    },
    {
      "id": 40930,
      "name": "The Eastern Shatar Road",
      "exits": {
        "East": 40931,
        "West": 40929
      }
    },
    {
      "id": 40931,
      "name": "The Eastern Shatar Road",
      "exits": {
        "East": 40932,
        "West": 40930
      }
    },
    {
      "id": 40932,
      "name": "The Eastern Shatar Road",
      "exits": {
        "East": 40933,
        "West": 40931
      }
    },
    {
      "id": 40933,
      "name": "The Eastern Shatar Road",
      "exits": {
        "East": 40934,
        "West": 40932
      }
    },
    {
      "id": 40934,
      "name": "The Eastern Shatar Road",
      "exits": {
        "East": 40935,
        "West": 40933
      }
    },
    {
      "id": 40935,
      "name": "The Eastern Shatar Road",
      "exits": {
        "East": 40936,
        "West": 40934
      }
    },
    {
      "id": 40936,
      "name": "The Eastern Shatar Road",
      "exits": {
        "East": 40937,
        "West": 40935
      }
    },
    {
      "id": 40937,
      "name": "The Eastern Shatar Road",
      "exits": {
        "East": 40938,
        "West": 40929
      }
    },
    {
      "id": 40938,
      "name": "The Eastern Shatar Road",
      "exits": {
        "East": 40939,
        "West": 40937
      }
    },
    {
      "id": 40939,
      "name": "The Eastern Shatar Road",
      "exits": {
        "East": 40940,
        "West": 40938
      }
    },
    {
      "id": 40940,
      "name": "The Eastern Shatar Road",
      "exits": {
        "East": 1922,
        "West": 40939
      }
    },
    {
      "id": 40941,
      "name": "A Small Dirt Path",
      "exits": {
        "North": 40942,
        "South": 40954
      }
    },
    {
      "id": 40942,
      "name": "A Small Dirt Path",
      "exits": {
        "North": 40943,
        "South": 40941
      }
    },
    {
      "id": 40943,
      "name": "A Small Dirt Path",
      "exits": {
        "South": 40942,
        "West": 40944
      }
    },
    {
      "id": 40944,
      "name": "A Small Dirt Path",
      "exits": {
        "North": 40945,
        "East": 40943
      }
    },
    {
      "id": 40945,
      "name": "A Small Dirt Path",
      "exits": {
        "North": 40745,
        "South": 40944
      }
    },
    {
      "id": 40946,
      "name": "A Small Dirt Path",
      "exits": {
        "North": 40947,
        "South": 40914
      }
    },
    {
      "id": 40947,
      "name": "A Small Dirt Path",
      "exits": {
        "North": 40948,
        "South": 40946
      }
    },
    {
      "id": 40948,
      "name": "A Small Dirt Path",
      "exits": {
        "North": 40949,
        "South": 40947
      }
    },
    {
      "id": 40949,
      "name": "A Small Dirt Path",
      "exits": {
        "North": 40950,
        "South": 40948
      }
    },
    {
      "id": 40950,
      "name": "A Small Dirt Path",
      "exits": {
        "South": 40949,
        "West": 40951
      }
    },
    {
      "id": 40951,
      "name": "A Small Dirt Path",
      "exits": {
        "North": 40952,
        "East": 40950
      }
    },
    {
      "id": 40952,
      "name": "A Small Dirt Path",
      "exits": {
        "South": 40951,
        "West": 40953
      }
    },
    {
      "id": 40953,
      "name": "A Small Dirt Path",
      "exits": {
        "North": 40954,
        "East": 40952
      }
    },
    {
      "id": 40954,
      "name": "A Small Dirt Path",
      "exits": {
        "North": 40941,
        "South": 40953
      }
    },
    {
      "id": 40719,
      "name": "To The North Road",
      "otherAreaExit": true,
      "exits": {
        "North": 40720,
        "East": 40900,
        "South": 40718,
        "West": 50100
      }
    },
    {
      "id": 24200,
      "name": "To Dead Forest",
      "otherAreaExit": true,
      "exits": {
        "North": 40916,
        "South": 24201
      }
    },
    {
      "id": 9061,
      "name": "To Nirvana",
      "otherAreaExit": true,
      "exits": {
        "North": 9060,
        "South": 40922
      }
    },
    {
      "id": 24278,
      "name": "To Tarvalon",
      "otherAreaExit": true,
      "exits": {
        "North": 40926,
        "South": 24277
      }
    },
    {
      "id": 60630,
      "name": "To Summer Road",
      "otherAreaExit": true,
      "exits": {
        "North": 60629,
        "South": 40929
      }
    },
    {
      "id": 1922,
      "name": "To Tarvalon",
      "otherAreaExit": true,
      "exits": {
        "East": 1843,
        "West": 40940
      }
    },
    {
      "id": 40745,
      "name": "To The North Road",
      "otherAreaExit": true,
      "exits": {
        "East": 40746,
        "South": 40945,
        "West": 40744
      }
    }
  ]
}