{
  "name": "Eastern Road",
  "buildOptions": {
    "maxSteps": 1000,
    "fixObstacles": true,
    "fixNonStraight": true,
    "fixIntersected": true,
    "compactMap": true,
    "addDebugInfo": false,
    "colorizeConnectionIssues": true
  },
  "rooms": [
    {
      "id": 19600,
      "name": "Along the Eastern Road",
      "exits": {
        "East": 19601,
        "West": 19500
      }
    },
    {
      "id": 19601,
      "name": "Along the Eastern Road",
      "exits": {
        "East": 19602,
        "West": 19600
      }
    },
    {
      "id": 19602,
      "name": "Along the Eastern Road",
      "exits": {
        "East": 19603,
        "West": 19601
      }
    },
    {
      "id": 19603,
      "name": "Along the Eastern Road",
      "exits": {
        "East": 19604,
        "West": 19602
      }
    },
    {
      "id": 19604,
      "name": "Along the Eastern Road",
      "exits": {
        "East": 19605,
        "West": 19603
      }
    },
    {
      "id": 19605,
      "name": "Along the Eastern Road",
      "exits": {
        "East": 19606,
        "West": 19604
      }
    },
    {
      "id": 19606,
      "name": "Along the Eastern Road",
      "exits": {
        "East": 19607,
        "West": 19605
      }
    },
    {
      "id": 19607,
      "name": "Along the Eastern Road",
      "exits": {
        "East": 19608,
        "West": 19606
      }
    },
    {
      "id": 19608,
      "name": "Along the Eastern Road",
      "exits": {
        "East": 19609,
        "West": 19607
      }
    },
    {
      "id": 19609,
      "name": "Along the Eastern Road",
      "exits": {
        "East": 19610,
        "West": 19608
      }
    },
    {
      "id": 19610,
      "name": "Along the Eastern Road, Before the Valley Inn",
      "exits": {
        "North": 12100,
        "East": 19611,
        "West": 19609
      }
    },
    {
      "id": 19611,
      "name": "Along the Eastern Road",
      "exits": {
        "East": 19612,
        "West": 19610
      }
    },
    {
      "id": 19612,
      "name": "Along the Eastern Road",
      "exits": {
        "East": 19613,
        "West": 19611
      }
    },
    {
      "id": 19613,
      "name": "Along the Eastern Road",
      "exits": {
        "East": 19614,
        "West": 19612
      }
    },
    {
      "id": 19614,
      "name": "Along the Eastern Road",
      "exits": {
        "East": 19615,
        "West": 19613
      }
    },
    {
      "id": 19615,
      "name": "Along the Eastern Road",
      "exits": {
        "East": 19616,
        "West": 19614
      }
    },
    {
      "id": 19616,
      "name": "Along the Eastern Road",
      "exits": {
        "East": 19617,
        "West": 19615
      }
    },
    {
      "id": 19617,
      "name": "Along the Eastern Road",
      "exits": {
        "East": 19618,
        "West": 19616
      }
    },
    {
      "id": 19618,
      "name": "Eastern Road River Junction",
      "exits": {
        "North": 60367,
        "East": 19619,
        "South": 60366,
        "West": 19617
      }
    },
    {
      "id": 19619,
      "name": "Bridge Over the Tigris River",
      "exits": {
        "East": 19620,
        "West": 19618
      }
    },
    {
      "id": 19620,
      "name": "Eastern Road River Junction",
      "exits": {
        "North": 60338,
        "East": 19621,
        "South": 60339,
        "West": 19619
      }
    },
    {
      "id": 19621,
      "name": "Along the Eastern Road",
      "exits": {
        "East": 19622,
        "West": 19620
      }
    },
    {
      "id": 19622,
      "name": "Along the Eastern Road",
      "exits": {
        "East": 19623,
        "West": 19621
      }
    },
    {
      "id": 19623,
      "name": "Along the Eastern Road",
      "exits": {
        "East": 19624,
        "West": 19622
      }
    },
    {
      "id": 19624,
      "name": "Along the Eastern Road",
      "exits": {
        "East": 19625,
        "West": 19623
      }
    },
    {
      "id": 19625,
      "name": "Along the Eastern Road",
      "exits": {
        "East": 19626,
        "West": 19624
      }
    },
    {
      "id": 19626,
      "name": "Along the Eastern Road",
      "exits": {
        "East": 19627,
        "West": 19625
      }
    },
    {
      "id": 19627,
      "name": "Along the Eastern Road",
      "exits": {
        "East": 19628,
        "West": 19626
      }
    },
    {
      "id": 19628,
      "name": "Along the Eastern Road",
      "exits": {
        "East": 19629,
        "South": 17508,
        "West": 19627
      }
    },
    {
      "id": 19629,
      "name": "Along the Eastern Road",
      "exits": {
        "East": 19630,
        "West": 19628
      }
    },
    {
      "id": 19630,
      "name": "Along the Eastern Road",
      "exits": {
        "East": 19631,
        "West": 19629
      }
    },
    {
      "id": 19631,
      "name": "Along the Eastern Road",
      "exits": {
        "East": 19632,
        "West": 19630
      }
    },
    {
      "id": 19632,
      "name": "Along the Eastern Road",
      "exits": {
        "East": 19633,
        "West": 19631
      }
    },
    {
      "id": 19633,
      "name": "Along the Eastern Road",
      "exits": {
        "East": 19634,
        "West": 19632
      }
    },
    {
      "id": 19634,
      "name": "Along the Eastern Road",
      "exits": {
        "East": 19635,
        "West": 19633
      }
    },
    {
      "id": 19635,
      "name": "Along the Eastern Road",
      "exits": {
        "East": 19636,
        "West": 19634
      }
    },
    {
      "id": 19636,
      "name": "Along the Eastern Road",
      "exits": {
        "East": 19637,
        "West": 19635
      }
    },
    {
      "id": 19637,
      "name": "Along the Eastern Road",
      "exits": {
        "East": 19638,
        "West": 19636
      }
    },
    {
      "id": 19638,
      "name": "Along the Eastern Road",
      "exits": {
        "East": 19639,
        "West": 19637
      }
    },
    {
      "id": 19639,
      "name": "Along the Eastern Road",
      "exits": {
        "East": 19640,
        "West": 19638
      }
    },
    {
      "id": 19640,
      "name": "Along the Eastern Road",
      "exits": {
        "East": 19641,
        "West": 19639
      }
    },
    {
      "id": 19641,
      "name": "Along the Eastern Road",
      "exits": {
        "East": 19642,
        "West": 19640
      }
    },
    {
      "id": 19642,
      "name": "Along the Eastern Road",
      "exits": {
        "East": 19643,
        "West": 19641
      }
    },
    {
      "id": 19643,
      "name": "Along the Eastern Road",
      "exits": {
        "East": 19644,
        "West": 19642
      }
    },
    {
      "id": 19644,
      "name": "Along the Eastern Road",
      "exits": {
        "East": 19645,
        "West": 19643
      }
    },
    {
      "id": 19645,
      "name": "Along the Eastern Road",
      "exits": {
        "East": 19646,
        "West": 19644
      }
    },
    {
      "id": 19646,
      "name": "Along the Eastern Road",
      "exits": {
        "East": 19647,
        "West": 19645
      }
    },
    {
      "id": 19647,
      "name": "Along the Eastern Road",
      "exits": {
        "East": 19648,
        "West": 19646
      }
    },
    {
      "id": 19648,
      "name": "Along the Eastern Road",
      "exits": {
        "East": 19649,
        "West": 19647
      }
    },
    {
      "id": 19649,
      "name": "Approaching the Large Crossroads",
      "exits": {
        "East": 19650,
        "West": 19648
      }
    },
    {
      "id": 19650,
      "name": "The Large Crossroads",
      "exits": {
        "North": 1955,
        "East": 19651,
        "South": 19706,
        "West": 19649
      }
    },
    {
      "id": 19651,
      "name": "Approaching the Large Crossroads",
      "exits": {
        "East": 19652,
        "West": 19650
      }
    },
    {
      "id": 19652,
      "name": "Along the Eastern Road",
      "exits": {
        "East": 19653,
        "West": 19651
      }
    },
    {
      "id": 19653,
      "name": "Along the Eastern Road",
      "exits": {
        "East": 19654,
        "West": 19652
      }
    },
    {
      "id": 19654,
      "name": "Along the Eastern Road",
      "exits": {
        "East": 19655,
        "West": 19653
      }
    },
    {
      "id": 19655,
      "name": "Along the Eastern Road",
      "exits": {
        "East": 19656,
        "West": 19654
      }
    },
    {
      "id": 19656,
      "name": "Along the Eastern Road",
      "exits": {
        "East": 19657,
        "West": 19655
      }
    },
    {
      "id": 19657,
      "name": "Along the Eastern Road",
      "exits": {
        "East": 19658,
        "West": 19656
      }
    },
    {
      "id": 19658,
      "name": "Along the Eastern Road",
      "exits": {
        "East": 19659,
        "West": 19657
      }
    },
    {
      "id": 19659,
      "name": "Along the Eastern Road",
      "exits": {
        "East": 19660,
        "West": 19658
      }
    },
    {
      "id": 19660,
      "name": "Along the Eastern Road",
      "exits": {
        "East": 19661,
        "West": 19659
      }
    },
    {
      "id": 19661,
      "name": "Along the Eastern Road",
      "exits": {
        "East": 19662,
        "West": 19660
      }
    },
    {
      "id": 19662,
      "name": "Along the Eastern Road",
      "exits": {
        "East": 19663,
        "West": 19661
      }
    },
    {
      "id": 19663,
      "name": "Along the Eastern Road",
      "exits": {
        "East": 19664,
        "West": 19662
      }
    },
    {
      "id": 19664,
      "name": "Along the Eastern Road",
      "exits": {
        "East": 19665,
        "West": 19663
      }
    },
    {
      "id": 19665,
      "name": "Along the Eastern Road",
      "exits": {
        "East": 19666,
        "West": 19664
      }
    },
    {
      "id": 19666,
      "name": "Along the Eastern Road",
      "exits": {
        "East": 19667,
        "West": 19665
      }
    },
    {
      "id": 19667,
      "name": "Along the Eastern Road",
      "exits": {
        "East": 19668,
        "West": 19666
      }
    },
    {
      "id": 19668,
      "name": "Along the Eastern Road",
      "exits": {
        "East": 19669,
        "West": 19667
      }
    },
    {
      "id": 19669,
      "name": "Along the Eastern Road",
      "exits": {
        "East": 19670,
        "West": 19668
      }
    },
    {
      "id": 19670,
      "name": "Along the Eastern Road",
      "exits": {
        "East": 19671,
        "West": 19669
      }
    },
    {
      "id": 19671,
      "name": "Along the Eastern Road",
      "exits": {
        "East": 19672,
        "West": 19670
      }
    },
    {
      "id": 19672,
      "name": "Along the Eastern Road",
      "exits": {
        "East": 19673,
        "West": 19671
      }
    },
    {
      "id": 19673,
      "name": "Along the Eastern Road",
      "exits": {
        "East": 19674,
        "West": 19672
      }
    },
    {
      "id": 19674,
      "name": "Along the Eastern Road",
      "exits": {
        "East": 19675,
        "West": 19673
      }
    },
    {
      "id": 19675,
      "name": "Along the Eastern Road",
      "exits": {
        "East": 19676,
        "West": 19674
      }
    },
    {
      "id": 19676,
      "name": "Along the Eastern Road",
      "exits": {
        "East": 19677,
        "West": 19675
      }
    },
    {
      "id": 19677,
      "name": "Along the Eastern Road",
      "exits": {
        "North": 13000,
        "East": 19678,
        "West": 19676
      }
    },
    {
      "id": 19678,
      "name": "Along the Eastern Road",
      "exits": {
        "East": 19679,
        "West": 19677
      }
    },
    {
      "id": 19679,
      "name": "Along the Eastern Road",
      "exits": {
        "East": 19680,
        "West": 19678
      }
    },
    {
      "id": 19680,
      "name": "Along the Eastern Road",
      "exits": {
        "South": 19681,
        "West": 19679
      }
    },
    {
      "id": 19681,
      "name": "Along the Eastern Road",
      "exits": {
        "North": 19680,
        "East": 19682
      }
    },
    {
      "id": 19682,
      "name": "Along the Eastern Road",
      "exits": {
        "East": 19683,
        "South": 14285,
        "West": 19681
      }
    },
    {
      "id": 19683,
      "name": "Along the Eastern Road",
      "exits": {
        "East": 19684,
        "West": 19682
      }
    },
    {
      "id": 19684,
      "name": "Along the Eastern Road",
      "exits": {
        "East": 19685,
        "West": 19683
      }
    },
    {
      "id": 19685,
      "name": "Along the Eastern Road",
      "exits": {
        "East": 19686,
        "West": 19684
      }
    },
    {
      "id": 19686,
      "name": "Along the Eastern Road",
      "exits": {
        "East": 19687,
        "West": 19685
      }
    },
    {
      "id": 19687,
      "name": "Along the Eastern Road",
      "exits": {
        "East": 19688,
        "West": 19686
      }
    },
    {
      "id": 19688,
      "name": "Along the Eastern Road",
      "exits": {
        "East": 19689,
        "West": 19687
      }
    },
    {
      "id": 19689,
      "name": "Along the Eastern Road",
      "exits": {
        "North": 12300,
        "East": 19690,
        "West": 19688
      }
    },
    {
      "id": 19690,
      "name": "Along the Eastern Road",
      "exits": {
        "East": 19691,
        "West": 19689
      }
    },
    {
      "id": 19691,
      "name": "Along the Eastern Road",
      "exits": {
        "East": 19692,
        "West": 19690
      }
    },
    {
      "id": 19692,
      "name": "Along the Eastern Road",
      "exits": {
        "South": 19693,
        "West": 19691
      }
    },
    {
      "id": 19693,
      "name": "Along the Eastern Road",
      "exits": {
        "North": 19692,
        "East": 19694
      }
    },
    {
      "id": 19694,
      "name": "Along the Eastern Road",
      "exits": {
        "East": 19695,
        "West": 19693
      }
    },
    {
      "id": 19695,
      "name": "Along the Eastern Road",
      "exits": {
        "East": 19696,
        "West": 19694
      }
    },
    {
      "id": 19696,
      "name": "Along the Eastern Road",
      "exits": {
        "East": 19697,
        "West": 19695
      }
    },
    {
      "id": 19697,
      "name": "Along the Eastern Road",
      "exits": {
        "East": 19698,
        "West": 19696
      }
    },
    {
      "id": 19698,
      "name": "Along the Eastern Road",
      "exits": {
        "East": 19699,
        "West": 19697
      }
    },
    {
      "id": 19699,
      "name": "Along the Eastern Road",
      "exits": {
        "East": 19700,
        "West": 19698
      }
    },
    {
      "id": 19700,
      "name": "Along the Eastern Road",
      "exits": {
        "East": 19701,
        "West": 19699
      }
    },
    {
      "id": 19701,
      "name": "Along the Eastern Road",
      "exits": {
        "East": 19702,
        "West": 19700
      }
    },
    {
      "id": 19702,
      "name": "Along the Eastern Road",
      "exits": {
        "East": 19703,
        "West": 19701
      }
    },
    {
      "id": 19703,
      "name": "Along the Eastern Road",
      "exits": {
        "East": 19704,
        "West": 19702
      }
    },
    {
      "id": 19704,
      "name": "Along the Eastern Road",
      "exits": {
        "East": 19705,
        "West": 19703
      }
    },
    {
      "id": 19705,
      "name": "Along the Eastern Road",
      "exits": {
        "East": 9669,
        "West": 19704
      }
    },
    {
      "id": 14285,
      "name": "A Dark Forest Trail",
      "exits": {
        "North": 19682,
        "South": 14286
      }
    },
    {
      "id": 14286,
      "name": "A Dark Forest Trail",
      "exits": {
        "North": 14285,
        "South": 14287
      }
    },
    {
      "id": 14287,
      "name": "A Dark Forest Trail",
      "exits": {
        "North": 14286,
        "South": 14288
      }
    },
    {
      "id": 14288,
      "name": "A Dark Forest Trail",
      "exits": {
        "North": 14287,
        "West": 14289
      }
    },
    {
      "id": 14289,
      "name": "A Dark Forest Trail",
      "exits": {
        "East": 14288,
        "South": 14290
      }
    },
    {
      "id": 14290,
      "name": "A Dark Forest Trail",
      "exits": {
        "North": 14289,
        "South": 14291
      }
    },
    {
      "id": 14291,
      "name": "Entrance to an Ominous Tunnel",
      "exits": {
        "North": 14290,
        "Down": 14101
      }
    },
    {
      "id": 19706,
      "name": "The Dwarf Forest",
      "exits": {
        "North": 19650,
        "South": 19707
      }
    },
    {
      "id": 19707,
      "name": "The Dwarf Forest",
      "exits": {
        "North": 19706,
        "South": 19708
      }
    },
    {
      "id": 19708,
      "name": "The Dwarf Forest",
      "exits": {
        "North": 19707,
        "South": 19709
      }
    },
    {
      "id": 19709,
      "name": "The Dwarf Forest",
      "exits": {
        "North": 19708,
        "South": 19710
      }
    },
    {
      "id": 19710,
      "name": "The Dwarf Forest",
      "exits": {
        "North": 19709,
        "South": 19711
      }
    },
    {
      "id": 19711,
      "name": "The Dwarf Forest",
      "exits": {
        "North": 19710,
        "South": 19712
      }
    },
    {
      "id": 19712,
      "name": "The Dwarf Forest",
      "exits": {
        "North": 19711,
        "South": 19713
      }
    },
    {
      "id": 19713,
      "name": "The Dwarf Forest",
      "exits": {
        "North": 19712,
        "South": 19714
      }
    },
    {
      "id": 19714,
      "name": "The Dwarf Forest",
      "exits": {
        "North": 19713,
        "South": 19715
      }
    },
    {
      "id": 19715,
      "name": "The Dwarf Forest",
      "exits": {
        "North": 19714,
        "South": 60761
      }
    },
    {
      "id": 19500,
      "name": "To Outskirts of Astoria",
      "otherAreaExit": true,
      "exits": {
        "North": 19501,
        "East": 19600,
        "South": 19571,
        "West": 19000
      }
    },
    {
      "id": 12100,
      "name": "To The Valley Inn",
      "otherAreaExit": true,
      "exits": {
        "East": 12101,
        "South": 19610
      }
    },
    {
      "id": 60367,
      "name": "To Tigris River",
      "otherAreaExit": true,
      "exits": {
        "East": 60335,
        "South": 19618
      }
    },
    {
      "id": 60366,
      "name": "To Tigris River",
      "otherAreaExit": true,
      "exits": {
        "North": 19618,
        "East": 60337
      }
    },
    {
      "id": 60338,
      "name": "To Tigris River",
      "otherAreaExit": true,
      "exits": {
        "South": 19620,
        "West": 60335
      }
    },
    {
      "id": 60339,
      "name": "To Tigris River",
      "otherAreaExit": true,
      "exits": {
        "North": 19620,
        "West": 60337
      }
    },
    {
      "id": 17508,
      "name": "To UnderDark",
      "otherAreaExit": true,
      "exits": {
        "North": 19628,
        "South": 17507
      }
    },
    {
      "id": 1955,
      "name": "To Tarvalon",
      "otherAreaExit": true,
      "exits": {
        "North": 1954,
        "South": 19650
      }
    },
    {
      "id": 13000,
      "name": "To Castle of Giants",
      "otherAreaExit": true,
      "exits": {
        "North": 13001,
        "South": 19677
      }
    },
    {
      "id": 12300,
      "name": "To Rivenrock Canyon",
      "otherAreaExit": true,
      "exits": {
        "North": 12301,
        "South": 19689
      }
    },
    {
      "id": 9669,
      "name": "To New Thalos",
      "otherAreaExit": true,
      "exits": {
        "East": 9523,
        "West": 19705
      }
    },
    {
      "id": 14101,
      "name": "To Shadowlands",
      "otherAreaExit": true,
      "exits": {
        "South": 14102,
        "Up": 14291
      }
    },
    {
      "id": 60761,
      "name": "To Thalos",
      "otherAreaExit": true,
      "exits": {
        "North": 19715,
        "South": 60760
      }
    }
  ]
}