{
  "name": "Elemental Temple",
  "buildOptions": {
    "maxSteps": 1000,
    "fixObstacles": true,
    "fixNonStraight": true,
    "fixIntersected": true,
    "compactMap": true,
    "addDebugInfo": false,
    "colorizeConnectionIssues": true
  },
  "rooms": [
    {
      "id": 13100,
      "name": "The Holy of Holy\u0027s",
      "exits": {
        "South": 13101
      }
    },
    {
      "id": 13101,
      "name": "A waiting room",
      "exits": {
        "North": 13100,
        "East": 13108,
        "South": 13120,
        "West": 13102
      }
    },
    {
      "id": 13102,
      "name": "A waiting room",
      "exits": {
        "East": 13101,
        "South": 13121,
        "West": 13103
      }
    },
    {
      "id": 13103,
      "name": "The Holy Chamber of Frost",
      "exits": {
        "East": 13102,
        "South": 13122,
        "West": 13104
      }
    },
    {
      "id": 13104,
      "name": "A waiting room",
      "exits": {
        "East": 13103,
        "South": 13123,
        "West": 13105
      }
    },
    {
      "id": 13105,
      "name": "The Holy Chamber of Water",
      "exits": {
        "East": 13104,
        "South": 13124,
        "West": 13106
      }
    },
    {
      "id": 13106,
      "name": "A waiting room",
      "exits": {
        "East": 13105,
        "South": 13125,
        "West": 13107
      }
    },
    {
      "id": 13107,
      "name": "The Holy Chamber of Earth",
      "exits": {
        "East": 13106,
        "South": 13126
      }
    },
    {
      "id": 13108,
      "name": "A waiting room",
      "exits": {
        "East": 13109,
        "South": 13119,
        "West": 13101
      }
    },
    {
      "id": 13109,
      "name": "The Holy Chamber of Air",
      "exits": {
        "East": 13110,
        "South": 13118,
        "West": 13108
      }
    },
    {
      "id": 13110,
      "name": "A waiting room",
      "exits": {
        "East": 13111,
        "South": 13117,
        "West": 13109
      }
    },
    {
      "id": 13111,
      "name": "The Holy Chamber of Fire",
      "exits": {
        "East": 13112,
        "South": 13116,
        "West": 13110
      }
    },
    {
      "id": 13112,
      "name": "A waiting room",
      "exits": {
        "East": 13113,
        "South": 13115,
        "West": 13111
      }
    },
    {
      "id": 13113,
      "name": "The Holy Chamber of Electricity",
      "exits": {
        "South": 13114,
        "West": 13112
      }
    },
    {
      "id": 13114,
      "name": "A candlelit hallway",
      "exits": {
        "North": 13113,
        "West": 13115
      }
    },
    {
      "id": 13115,
      "name": "A candlelit hallway",
      "exits": {
        "North": 13112,
        "East": 13114,
        "West": 13116
      }
    },
    {
      "id": 13116,
      "name": "A candlelit hallway",
      "exits": {
        "North": 13111,
        "East": 13115,
        "West": 13117
      }
    },
    {
      "id": 13117,
      "name": "A candlelit hallway",
      "exits": {
        "North": 13110,
        "East": 13116,
        "West": 13118
      }
    },
    {
      "id": 13118,
      "name": "A candlelit hallway",
      "exits": {
        "North": 13109,
        "East": 13117,
        "West": 13119
      }
    },
    {
      "id": 13119,
      "name": "A candlelit hallway",
      "exits": {
        "North": 13108,
        "East": 13118,
        "South": 13127,
        "West": 13120
      }
    },
    {
      "id": 13120,
      "name": "A candlelit hallway",
      "exits": {
        "North": 13101,
        "East": 13119,
        "West": 13121
      }
    },
    {
      "id": 13121,
      "name": "A candlelit hallway",
      "exits": {
        "North": 13102,
        "East": 13120,
        "West": 13122
      }
    },
    {
      "id": 13122,
      "name": "A candlelit hallway",
      "exits": {
        "North": 13103,
        "East": 13121,
        "West": 13123
      }
    },
    {
      "id": 13123,
      "name": "A candlelit hallway",
      "exits": {
        "North": 13104,
        "East": 13122,
        "West": 13124
      }
    },
    {
      "id": 13124,
      "name": "A candlelit hallway",
      "exits": {
        "North": 13105,
        "East": 13123,
        "West": 13125
      }
    },
    {
      "id": 13125,
      "name": "A candlelit hallway",
      "exits": {
        "North": 13106,
        "East": 13124,
        "West": 13126
      }
    },
    {
      "id": 13126,
      "name": "A candlelit hallway",
      "exits": {
        "North": 13107,
        "East": 13125
      }
    },
    {
      "id": 13127,
      "name": "A candlelit hallway",
      "exits": {
        "North": 13119,
        "South": 13128
      }
    },
    {
      "id": 13128,
      "name": "A candlelit hallway",
      "exits": {
        "North": 13127,
        "South": 13129
      }
    },
    {
      "id": 13129,
      "name": "The Temple Alter",
      "exits": {
        "North": 13128,
        "East": 13144,
        "South": 13152,
        "West": 13130
      }
    },
    {
      "id": 13130,
      "name": "Northern Section of the Sanctuary",
      "exits": {
        "East": 13129,
        "South": 13153,
        "West": 13131
      }
    },
    {
      "id": 13131,
      "name": "Northern Section of the Sanctuary",
      "exits": {
        "East": 13130,
        "South": 13154,
        "West": 13132
      }
    },
    {
      "id": 13132,
      "name": "Northwest Corner of the Sanctuary",
      "exits": {
        "East": 13131,
        "South": 13155,
        "West": 13133
      }
    },
    {
      "id": 13133,
      "name": "A small hallway",
      "exits": {
        "East": 13132,
        "West": 13134
      }
    },
    {
      "id": 13134,
      "name": "A small hallway",
      "exits": {
        "North": 13136,
        "East": 13133,
        "South": 13143,
        "West": 13135
      }
    },
    {
      "id": 13135,
      "name": "An Acolyte\u0027s Chambers",
      "exits": {
        "East": 13134
      }
    },
    {
      "id": 13136,
      "name": "An Acolyte\u0027s Chambers",
      "exits": {
        "South": 13134
      }
    },
    {
      "id": 13143,
      "name": "An Acolyte\u0027s Chambers",
      "exits": {
        "North": 13134
      }
    },
    {
      "id": 13144,
      "name": "Northern Section of the Sanctuary",
      "exits": {
        "East": 13145,
        "West": 13129
      }
    },
    {
      "id": 13145,
      "name": "Northern Section of the Sanctuary",
      "exits": {
        "East": 13146,
        "South": 13156,
        "West": 13144
      }
    },
    {
      "id": 13146,
      "name": "Northeast Corner of the Sanctuary",
      "exits": {
        "East": 13147,
        "South": 13157,
        "West": 13145
      }
    },
    {
      "id": 13147,
      "name": "A small hallway",
      "exits": {
        "East": 13148,
        "South": 13158,
        "West": 13146
      }
    },
    {
      "id": 13148,
      "name": "A small hallway",
      "exits": {
        "North": 13150,
        "East": 13149,
        "South": 13151,
        "West": 13147
      }
    },
    {
      "id": 13149,
      "name": "An Acolyte\u0027s Chambers",
      "exits": {
        "West": 13148
      }
    },
    {
      "id": 13150,
      "name": "An Acolyte\u0027s Chambers",
      "exits": {
        "South": 13148
      }
    },
    {
      "id": 13151,
      "name": "An Acolyte\u0027s Chambers",
      "exits": {
        "North": 13148
      }
    },
    {
      "id": 13152,
      "name": "Center Section of the Sanctuary",
      "exits": {
        "North": 13129,
        "East": 13156,
        "South": 13159,
        "West": 13153
      }
    },
    {
      "id": 13153,
      "name": "Center Section of the Sanctuary",
      "exits": {
        "North": 13130,
        "East": 13152,
        "South": 13160,
        "West": 13154
      }
    },
    {
      "id": 13154,
      "name": "Western Section of the Sanctuary",
      "exits": {
        "North": 13131,
        "East": 13153,
        "South": 13161,
        "West": 13155
      }
    },
    {
      "id": 13155,
      "name": "Western Section of the Sanctuary",
      "exits": {
        "North": 13132,
        "East": 13154,
        "South": 13162
      }
    },
    {
      "id": 13156,
      "name": "Center Section of the Sanctuary",
      "exits": {
        "North": 13145,
        "East": 13157,
        "South": 13163,
        "West": 13152
      }
    },
    {
      "id": 13157,
      "name": "Eastern Section of the Sanctuary",
      "exits": {
        "North": 13146,
        "East": 13158,
        "South": 13164,
        "West": 13156
      }
    },
    {
      "id": 13158,
      "name": "Eastern Section of the Sanctuary",
      "exits": {
        "North": 13147,
        "South": 13165,
        "West": 13157
      }
    },
    {
      "id": 13159,
      "name": "Southern Section of the Sanctuary",
      "exits": {
        "North": 13152,
        "East": 13163,
        "West": 13160
      }
    },
    {
      "id": 13160,
      "name": "Southern Section of the Sanctuary",
      "exits": {
        "North": 13153,
        "East": 13159,
        "South": 13166,
        "West": 13161
      }
    },
    {
      "id": 13161,
      "name": "Southwest Section of the Sanctuary",
      "exits": {
        "North": 13154,
        "East": 13160,
        "West": 13162
      }
    },
    {
      "id": 13162,
      "name": "Southwest Corner of the Sanctuary",
      "exits": {
        "North": 13155,
        "East": 13161,
        "South": 13167
      }
    },
    {
      "id": 13163,
      "name": "Southern Section of the Sanctuary",
      "exits": {
        "North": 13156,
        "East": 13164,
        "West": 13159
      }
    },
    {
      "id": 13164,
      "name": "Southern Section of the Sanctuary",
      "exits": {
        "North": 13157,
        "East": 13165,
        "South": 13171,
        "West": 13163
      }
    },
    {
      "id": 13165,
      "name": "Southeastern Corner of the Sanctuary",
      "exits": {
        "North": 13158,
        "West": 13164
      }
    },
    {
      "id": 13166,
      "name": "A Blood Stained Hall",
      "exits": {
        "North": 13160
      }
    },
    {
      "id": 13167,
      "name": "A Dark Hallway",
      "exits": {
        "North": 13162,
        "South": 13168
      }
    },
    {
      "id": 13168,
      "name": "A Dark Hallway",
      "exits": {
        "North": 13167,
        "South": 13169
      }
    },
    {
      "id": 13169,
      "name": "A Dark Hallway",
      "exits": {
        "North": 13168,
        "West": 13170
      }
    },
    {
      "id": 13170,
      "name": "A Shadowy Room",
      "exits": {
        "East": 13169
      }
    },
    {
      "id": 13171,
      "name": "Hallway leading to the Sanctuary",
      "exits": {
        "North": 13164,
        "South": 13172
      }
    },
    {
      "id": 13172,
      "name": "The Foyer of the Temple",
      "exits": {
        "North": 13171,
        "East": 13173
      }
    },
    {
      "id": 13173,
      "name": "Path to the Elemental Temple",
      "exits": {
        "East": 13174,
        "West": 13172
      }
    },
    {
      "id": 13174,
      "name": "Path to the Elemental Temple",
      "exits": {
        "East": 13175,
        "West": 13173
      }
    },
    {
      "id": 13175,
      "name": "Path to the Elemental Temple",
      "exits": {
        "East": 13176,
        "West": 13174
      }
    },
    {
      "id": 13176,
      "name": "Path to the Elemental Temple",
      "exits": {
        "East": 13177,
        "West": 13175
      }
    },
    {
      "id": 13177,
      "name": "Path to the Elemental Temple",
      "exits": {
        "East": 13178,
        "West": 13176
      }
    },
    {
      "id": 13178,
      "name": "Path to the Elemental Temple",
      "exits": {
        "East": 13179,
        "West": 13177
      }
    },
    {
      "id": 13179,
      "name": "Path to the Elemental Temple",
      "exits": {
        "East": 13180,
        "West": 13178
      }
    },
    {
      "id": 13180,
      "name": "Path to the Elemental Temple",
      "exits": {
        "East": 13181,
        "West": 13179
      }
    },
    {
      "id": 13181,
      "name": "Path to the Elemental Temple",
      "exits": {
        "East": 13182,
        "West": 13180
      }
    },
    {
      "id": 13182,
      "name": "Path to the Elemental Temple",
      "exits": {
        "East": 13183,
        "West": 13181
      }
    },
    {
      "id": 13183,
      "name": "Path to the Elemental Temple",
      "exits": {
        "East": 13184,
        "West": 13182
      }
    },
    {
      "id": 13184,
      "name": "Path to the Elemental Temple",
      "exits": {
        "East": 13185,
        "West": 13183
      }
    },
    {
      "id": 13185,
      "name": "Path to the Elemental Temple",
      "exits": {
        "East": 13186,
        "West": 13184
      }
    },
    {
      "id": 13186,
      "name": "Path to the Elemental Temple",
      "exits": {
        "East": 13187,
        "West": 13185
      }
    },
    {
      "id": 13187,
      "name": "Path to the Elemental Temple",
      "exits": {
        "East": 13188,
        "West": 13186
      }
    },
    {
      "id": 13188,
      "name": "Path to the Elemental Temple",
      "exits": {
        "East": 1300,
        "West": 13187
      }
    },
    {
      "id": 1300,
      "name": "To High Tower",
      "otherAreaExit": true,
      "exits": {
        "North": 1308,
        "South": 51537,
        "West": 13188
      }
    }
  ]
}