{
  "name": "Emerald Forest",
  "buildOptions": {
    "maxSteps": 1000,
    "fixObstacles": true,
    "fixNonStraight": true,
    "fixIntersected": false,
    "compactMap": true,
    "addDebugInfo": false,
    "colorizeConnectionIssues": true
  },
  "rooms": [
    {
      "id": 20601,
      "name": "A Fog-Shrouded Trail",
      "exits": {
        "East": 40511,
        "Up": 20602
      }
    },
    {
      "id": 20602,
      "name": "The Haunted Pine Forest",
      "exits": {
        "Up": 20603,
        "Down": 20601
      }
    },
    {
      "id": 20603,
      "name": "Near the Summit",
      "exits": {
        "South": 20604,
        "Down": 20602
      }
    },
    {
      "id": 20604,
      "name": "A Mountain Pass",
      "exits": {
        "North": 20603,
        "South": 20605,
        "Down": 20697
      }
    },
    {
      "id": 20605,
      "name": "A Mountain Pass",
      "exits": {
        "North": 20604,
        "West": 20606
      }
    },
    {
      "id": 20606,
      "name": "A Thickly-Wooded Dell",
      "exits": {
        "East": 20605,
        "South": 20607,
        "West": 20609
      }
    },
    {
      "id": 20607,
      "name": "A Signpost in the Enchanted Forests",
      "exits": {
        "North": 20606,
        "East": 20633,
        "South": 20631,
        "West": 20608
      }
    },
    {
      "id": 20608,
      "name": "A Fae Crossing",
      "exits": {
        "East": 20607,
        "South": 20630
      }
    },
    {
      "id": 20609,
      "name": "Road to the Vale of Clover",
      "exits": {
        "North": 20610,
        "East": 20606
      }
    },
    {
      "id": 20610,
      "name": "In Clover",
      "exits": {
        "North": 20613,
        "East": 20611,
        "South": 20609
      }
    },
    {
      "id": 20611,
      "name": "A Green Hillock",
      "exits": {
        "North": 20612,
        "West": 20610
      }
    },
    {
      "id": 20612,
      "name": "A Secluded Corner of the Meadow",
      "exits": {
        "South": 20611
      }
    },
    {
      "id": 20613,
      "name": "The Village Square",
      "exits": {
        "North": 20616,
        "South": 20610,
        "West": 20614
      }
    },
    {
      "id": 20614,
      "name": "An Old Dirt Track",
      "exits": {
        "North": 20615,
        "East": 20613
      }
    },
    {
      "id": 20615,
      "name": "An Old Dirt Track",
      "exits": {
        "North": 20688,
        "South": 20614
      }
    },
    {
      "id": 20616,
      "name": "Farmer Griff\u0027 Farm",
      "exits": {
        "South": 20613
      }
    },
    {
      "id": 20617,
      "name": "The Witch Wood",
      "exits": {
        "North": 20618,
        "South": 20629,
        "West": 20627
      }
    },
    {
      "id": 20618,
      "name": "The Witch Wood",
      "exits": {
        "South": 20617,
        "West": 20619
      }
    },
    {
      "id": 20619,
      "name": "The Altar of Sacrifice",
      "exits": {
        "North": 20620,
        "East": 20618,
        "South": 20627,
        "West": 20625
      }
    },
    {
      "id": 20620,
      "name": "The Witch Wood",
      "exits": {
        "East": 20621,
        "South": 20619,
        "West": 20622
      }
    },
    {
      "id": 20621,
      "name": "The Witch Wood",
      "exits": {
        "West": 20620
      }
    },
    {
      "id": 20622,
      "name": "The Witch Wood",
      "exits": {
        "North": 20623,
        "East": 20620,
        "South": 20625,
        "West": 20695
      }
    },
    {
      "id": 20623,
      "name": "The Wall of Shadows",
      "exits": {
        "East": 20624,
        "South": 20622
      }
    },
    {
      "id": 20624,
      "name": "The Cavern of the Witch Sisters",
      "exits": {
        "West": 20623
      }
    },
    {
      "id": 20625,
      "name": "The Witch Wood",
      "exits": {
        "North": 20622,
        "East": 20619,
        "South": 20626
      }
    },
    {
      "id": 20626,
      "name": "The Witch Wood",
      "exits": {
        "North": 20625,
        "East": 20627,
        "South": 20694
      }
    },
    {
      "id": 20627,
      "name": "The Witch Wood",
      "exits": {
        "North": 20619,
        "East": 20617,
        "South": 20628,
        "West": 20626
      }
    },
    {
      "id": 20628,
      "name": "The Witch Wood",
      "exits": {
        "North": 20627,
        "East": 20629,
        "South": 20693,
        "West": 20694
      }
    },
    {
      "id": 20629,
      "name": "The Entrance of the Witch Wood",
      "exits": {
        "North": 20617,
        "East": 20630,
        "West": 20628
      }
    },
    {
      "id": 20630,
      "name": "Under Dark Woods",
      "exits": {
        "North": 20608,
        "South": 20648,
        "West": 20629
      }
    },
    {
      "id": 20631,
      "name": "The Emerald Forest",
      "exits": {
        "North": 20607,
        "East": 20632,
        "South": 20647
      }
    },
    {
      "id": 20632,
      "name": "The Emerald Forest",
      "exits": {
        "North": 20633,
        "South": 20637,
        "West": 20631
      }
    },
    {
      "id": 20633,
      "name": "A Well-Used Trail Through The Forest",
      "exits": {
        "East": 20634,
        "South": 20632,
        "West": 20607
      }
    },
    {
      "id": 20634,
      "name": "The Woodkeepers\u0027 Outpost",
      "exits": {
        "North": 20635,
        "East": 20636,
        "South": 20696,
        "West": 20633
      }
    },
    {
      "id": 20635,
      "name": "The Guildmaster\u0027s Cabin",
      "exits": {
        "South": 20634
      }
    },
    {
      "id": 20636,
      "name": "Smokey\u0027s Supplies",
      "exits": {
        "West": 20634
      }
    },
    {
      "id": 20637,
      "name": "The Emerald Forest",
      "exits": {
        "North": 20632,
        "East": 20638,
        "South": 20645,
        "West": 20647
      }
    },
    {
      "id": 20638,
      "name": "In the Emerald Forest",
      "exits": {
        "East": 20639,
        "West": 20637
      }
    },
    {
      "id": 20639,
      "name": "Before the Great Tree",
      "exits": {
        "South": 20643,
        "West": 20638
      }
    },
    {
      "id": 20640,
      "name": "The Lost Grotto",
      "exits": {
        "South": 20641
      }
    },
    {
      "id": 20641,
      "name": "By a Stream",
      "exits": {
        "North": 20640,
        "South": 20642,
        "West": 20643
      }
    },
    {
      "id": 20642,
      "name": "The Waterfall Glade",
      "exits": {
        "North": 20641
      }
    },
    {
      "id": 20643,
      "name": "In the Emerald Forest",
      "exits": {
        "North": 20639,
        "East": 20641,
        "South": 20661,
        "West": 20644
      }
    },
    {
      "id": 20644,
      "name": "In the Emerald Forest",
      "exits": {
        "East": 20643,
        "South": 20662,
        "West": 20645
      }
    },
    {
      "id": 20645,
      "name": "The Emerald Forest",
      "exits": {
        "North": 20637,
        "East": 20644,
        "West": 20646
      }
    },
    {
      "id": 20646,
      "name": "The Only Stump in the Forest",
      "exits": {
        "North": 20647,
        "East": 20645
      }
    },
    {
      "id": 20647,
      "name": "The Emerald Forest",
      "exits": {
        "North": 20631,
        "East": 20637,
        "South": 20646,
        "West": 20648
      }
    },
    {
      "id": 20648,
      "name": "The Forest Road",
      "exits": {
        "North": 20630,
        "East": 20647,
        "South": 20655
      }
    },
    {
      "id": 20649,
      "name": "The Dead Moors",
      "exits": {
        "South": 20650,
        "West": 20693
      }
    },
    {
      "id": 20650,
      "name": "The Dead Moors",
      "exits": {
        "North": 20649,
        "South": 20653,
        "West": 20651
      }
    },
    {
      "id": 20651,
      "name": "The Dead Moors",
      "exits": {
        "North": 20693,
        "East": 20650,
        "South": 20652,
        "West": 20691
      }
    },
    {
      "id": 20652,
      "name": "The Dead Moors",
      "exits": {
        "North": 20651,
        "East": 20653
      }
    },
    {
      "id": 20653,
      "name": "A Hill in the Marsh",
      "exits": {
        "North": 20650,
        "South": 20671,
        "West": 20652
      }
    },
    {
      "id": 20654,
      "name": "The Forest Road",
      "exits": {
        "North": 20655,
        "South": 20656
      }
    },
    {
      "id": 20655,
      "name": "The Forest Road",
      "exits": {
        "North": 20648,
        "South": 20654
      }
    },
    {
      "id": 20656,
      "name": "A Trail",
      "exits": {
        "North": 20654,
        "East": 20657,
        "South": 20670
      }
    },
    {
      "id": 20657,
      "name": "A Shady Bridge",
      "exits": {
        "East": 20658,
        "West": 20656
      }
    },
    {
      "id": 20658,
      "name": "The Shady bridge",
      "exits": {
        "East": 20659,
        "West": 20657
      }
    },
    {
      "id": 20659,
      "name": "A Woodland Trail",
      "exits": {
        "North": 20662,
        "East": 20660,
        "South": 20667,
        "West": 20658
      }
    },
    {
      "id": 20660,
      "name": "A Dense Path",
      "exits": {
        "North": 20661,
        "South": 20666,
        "West": 20659
      }
    },
    {
      "id": 20661,
      "name": "A Woodland Trail",
      "exits": {
        "North": 20643,
        "South": 20660
      }
    },
    {
      "id": 20662,
      "name": "In the Emerald Forest",
      "exits": {
        "North": 20644,
        "South": 20659,
        "West": 20663
      }
    },
    {
      "id": 20663,
      "name": "The Emerald Forest Choir",
      "exits": {
        "East": 20662,
        "West": 20664
      }
    },
    {
      "id": 20664,
      "name": "A Woody Copse",
      "exits": {
        "East": 20663,
        "Up": 20665
      }
    },
    {
      "id": 20665,
      "name": "The Tree House",
      "exits": {
        "Down": 20664
      }
    },
    {
      "id": 20666,
      "name": "A Small Clearing",
      "exits": {
        "North": 20660,
        "West": 20667
      }
    },
    {
      "id": 20667,
      "name": "The Ragged Trail",
      "exits": {
        "North": 20659,
        "East": 20666,
        "South": 20684,
        "West": 20668
      }
    },
    {
      "id": 20668,
      "name": "The Honey Bun",
      "exits": {
        "East": 20667,
        "South": 20683,
        "West": 20669
      }
    },
    {
      "id": 20669,
      "name": "A fairly large clearing",
      "exits": {
        "East": 20668,
        "South": 20681,
        "West": 20670
      }
    },
    {
      "id": 20670,
      "name": "The three way woodland",
      "exits": {
        "North": 20656,
        "East": 20669,
        "West": 20671
      }
    },
    {
      "id": 20671,
      "name": "A Forest Trail",
      "exits": {
        "North": 20653,
        "East": 20670,
        "South": 20673
      }
    },
    {
      "id": 20672,
      "name": "A Dwindling Forest Path",
      "exits": {
        "East": 20673,
        "South": 20674
      }
    },
    {
      "id": 20673,
      "name": "A Lovely Trail",
      "exits": {
        "North": 20671,
        "South": 20675,
        "West": 20672
      }
    },
    {
      "id": 20674,
      "name": "The Tombstone",
      "exits": {
        "North": 20672,
        "East": 20675
      }
    },
    {
      "id": 20675,
      "name": "The Wood-Path",
      "exits": {
        "North": 20673,
        "South": 20676,
        "West": 20674
      }
    },
    {
      "id": 20676,
      "name": "Woodkeeper\u0027s Clearing",
      "exits": {
        "North": 20675,
        "East": 20677
      }
    },
    {
      "id": 20677,
      "name": "The Green Vines",
      "exits": {
        "North": 20678,
        "East": 20679,
        "West": 20676
      }
    },
    {
      "id": 20678,
      "name": "The Silent Grove",
      "exits": {
        "South": 20677
      }
    },
    {
      "id": 20679,
      "name": "The Southern border",
      "exits": {
        "North": 20680,
        "West": 20677
      }
    },
    {
      "id": 20680,
      "name": "The Wood Area",
      "exits": {
        "North": 20681,
        "East": 20682,
        "South": 20679
      }
    },
    {
      "id": 20681,
      "name": "The Bonanza",
      "exits": {
        "North": 20669,
        "East": 20683,
        "South": 20680
      }
    },
    {
      "id": 20682,
      "name": "In a Myrtle Shade",
      "exits": {
        "North": 20683,
        "West": 20680
      }
    },
    {
      "id": 20683,
      "name": "The Bonanza",
      "exits": {
        "North": 20668,
        "East": 20684,
        "South": 20682,
        "West": 20681
      }
    },
    {
      "id": 20684,
      "name": "South-easterly end of the forest",
      "exits": {
        "North": 20667,
        "East": 20685,
        "West": 20683
      }
    },
    {
      "id": 20685,
      "name": "Within a garden",
      "exits": {
        "East": 20686,
        "South": 20687,
        "West": 20684
      }
    },
    {
      "id": 20686,
      "name": "A peaceful rock pool",
      "exits": {
        "West": 20685
      }
    },
    {
      "id": 20687,
      "name": "Yun Fei Yang\u0027s humble abode",
      "exits": {
        "North": 20685
      }
    },
    {
      "id": 20688,
      "name": "The Ruined Monastery",
      "exits": {
        "South": 20615,
        "West": 20689
      }
    },
    {
      "id": 20689,
      "name": "The Chapel of Saint Sebastian",
      "exits": {
        "East": 20688,
        "West": 20690
      }
    },
    {
      "id": 20690,
      "name": "Outside the Wall of the Monastery",
      "exits": {
        "East": 20689
      }
    },
    {
      "id": 20691,
      "name": "The Dead Moors",
      "exits": {
        "North": 20692,
        "East": 20651
      }
    },
    {
      "id": 20692,
      "name": "The Dead Moors",
      "exits": {
        "North": 20694,
        "East": 20693,
        "South": 20691
      }
    },
    {
      "id": 20693,
      "name": "The Dead Moors",
      "exits": {
        "North": 20628,
        "East": 20649,
        "South": 20651,
        "West": 20692
      }
    },
    {
      "id": 20694,
      "name": "The Witch Wood",
      "exits": {
        "North": 20626,
        "East": 20628,
        "South": 20692
      }
    },
    {
      "id": 20695,
      "name": "A Broken Jetty",
      "exits": {
        "East": 20622
      }
    },
    {
      "id": 20696,
      "name": "A Woodkeeper\u0027s Cabin",
      "exits": {
        "North": 20634
      }
    },
    {
      "id": 20697,
      "name": "Inside the mountain",
      "exits": {
        "West": 20606
      }
    },
    {
      "id": 20698,
      "name": "Inside a Cottage",
      "exits": {
        "East": 20699
      }
    },
    {
      "id": 20699,
      "name": "Iuppiter\u0027s Bedroom",
      "exits": {
        "South": 3054,
        "West": 20698
      }
    },
    {
      "id": 40511,
      "name": "To Miden\u0027nir",
      "otherAreaExit": true,
      "exits": {
        "North": 40508,
        "South": 40515,
        "West": 20601
      }
    },
    {
      "id": 3054,
      "name": "To Midgaard",
      "otherAreaExit": true,
      "exits": {
        "South": 3001
      }
    }
  ]
}