{
  "name": "Evil\u0027s Abode",
  "buildOptions": {
    "maxSteps": 1000,
    "fixObstacles": true,
    "fixNonStraight": true,
    "fixIntersected": true,
    "compactMap": true,
    "addDebugInfo": false,
    "colorizeConnectionIssues": true
  },
  "rooms": [
    {
      "id": 7600,
      "name": "Standing on a beach.",
      "exits": {
        "North": 7601,
        "South": 100472
      }
    },
    {
      "id": 7601,
      "name": "Hills",
      "exits": {
        "North": 7602,
        "South": 7600
      }
    },
    {
      "id": 7602,
      "name": "Standing before an Iron bound door.",
      "exits": {
        "North": 7603,
        "South": 7601
      }
    },
    {
      "id": 7603,
      "name": "Within the Mountain",
      "exits": {
        "North": 7604
      }
    },
    {
      "id": 7604,
      "name": "Corridor Crossing",
      "exits": {
        "North": 7632,
        "East": 7605,
        "South": 7603,
        "West": 7631
      }
    },
    {
      "id": 7605,
      "name": "Black Corridor to the East",
      "exits": {
        "East": 7606,
        "West": 7604
      }
    },
    {
      "id": 7606,
      "name": "Black Corridor to the East",
      "exits": {
        "East": 7607,
        "West": 7605
      }
    },
    {
      "id": 7607,
      "name": "Black Corridor to the East",
      "exits": {
        "East": 7608,
        "West": 7606
      }
    },
    {
      "id": 7608,
      "name": "Turn in the Black Corridor",
      "exits": {
        "North": 7609,
        "West": 7607
      }
    },
    {
      "id": 7609,
      "name": "Two doors in the Black Corridor",
      "exits": {
        "North": 7612,
        "East": 7610,
        "South": 7608,
        "West": 7611
      }
    },
    {
      "id": 7610,
      "name": "The Keepers Room",
      "exits": {
        "West": 7609
      }
    },
    {
      "id": 7611,
      "name": "The Keepers Room",
      "exits": {
        "East": 7609
      }
    },
    {
      "id": 7612,
      "name": "Black Corridor",
      "exits": {
        "North": 7613,
        "South": 7609
      }
    },
    {
      "id": 7613,
      "name": "Two doors in the Black Corridor",
      "exits": {
        "North": 7616,
        "East": 7614,
        "South": 7612,
        "West": 7615
      }
    },
    {
      "id": 7614,
      "name": "Watchers Room",
      "exits": {
        "West": 7613
      }
    },
    {
      "id": 7615,
      "name": "Cleric\u0027s Room",
      "exits": {
        "East": 7613
      }
    },
    {
      "id": 7616,
      "name": "Turn in the Black Corridor",
      "exits": {
        "South": 7613,
        "West": 7617
      }
    },
    {
      "id": 7617,
      "name": "Black Corridor",
      "exits": {
        "East": 7616,
        "West": 7618
      }
    },
    {
      "id": 7618,
      "name": "Black Corridor",
      "exits": {
        "East": 7617,
        "West": 7619
      }
    },
    {
      "id": 7619,
      "name": "Black Corridor",
      "exits": {
        "East": 7618,
        "West": 7620
      }
    },
    {
      "id": 7620,
      "name": "Crossing of the Corridors",
      "exits": {
        "North": 7639,
        "East": 7619,
        "South": 7636,
        "West": 7621
      }
    },
    {
      "id": 7621,
      "name": "Blood Corridor",
      "exits": {
        "East": 7620,
        "West": 7622
      }
    },
    {
      "id": 7622,
      "name": "Blood Corridor",
      "exits": {
        "East": 7621,
        "West": 7623
      }
    },
    {
      "id": 7623,
      "name": "Blood Corridor",
      "exits": {
        "East": 7622,
        "West": 7624
      }
    },
    {
      "id": 7624,
      "name": "Turn In The Blood Corridor",
      "exits": {
        "East": 7623,
        "South": 7625
      }
    },
    {
      "id": 7625,
      "name": "Blood Corridor",
      "exits": {
        "North": 7624,
        "South": 7626
      }
    },
    {
      "id": 7626,
      "name": "Blood Corridor",
      "exits": {
        "North": 7625,
        "South": 7627
      }
    },
    {
      "id": 7627,
      "name": "Blood Corridor",
      "exits": {
        "North": 7626,
        "South": 7628
      }
    },
    {
      "id": 7628,
      "name": "Turn In The Blood Corridor",
      "exits": {
        "North": 7627,
        "East": 7629
      }
    },
    {
      "id": 7629,
      "name": "Blood Corridor",
      "exits": {
        "East": 7630,
        "West": 7628
      }
    },
    {
      "id": 7630,
      "name": "Blood Corridor",
      "exits": {
        "East": 7631,
        "West": 7629
      }
    },
    {
      "id": 7631,
      "name": "Blood Corridor",
      "exits": {
        "East": 7604,
        "West": 7630
      }
    },
    {
      "id": 7632,
      "name": "Blue Corridor",
      "exits": {
        "North": 7635,
        "East": 7634,
        "South": 7604,
        "West": 7633
      }
    },
    {
      "id": 7633,
      "name": "Blue Library",
      "exits": {
        "East": 7632
      }
    },
    {
      "id": 7634,
      "name": "Ringkeeper\u0027s Room",
      "exits": {
        "West": 7632
      }
    },
    {
      "id": 7635,
      "name": "Blue Corridor",
      "exits": {
        "North": 7636,
        "South": 7632
      }
    },
    {
      "id": 7636,
      "name": "Blue Corridor",
      "exits": {
        "North": 7620,
        "East": 7638,
        "South": 7635,
        "West": 7637
      }
    },
    {
      "id": 7637,
      "name": "Master\u0027s Room",
      "exits": {
        "East": 7636
      }
    },
    {
      "id": 7638,
      "name": "Slaves Room",
      "exits": {
        "West": 7636
      }
    },
    {
      "id": 7639,
      "name": "Grey Room",
      "exits": {
        "South": 7620,
        "Down": 7640
      }
    },
    {
      "id": 7640,
      "name": "Dismal room",
      "exits": {
        "West": 7641
      }
    },
    {
      "id": 7641,
      "name": "Dismal room",
      "exits": {
        "East": 7640,
        "West": 7642
      }
    },
    {
      "id": 7642,
      "name": "Dismal Room",
      "exits": {
        "East": 7641,
        "West": 7643
      }
    },
    {
      "id": 7643,
      "name": "Dismal Room",
      "exits": {
        "North": 7644,
        "East": 7642,
        "West": 7646
      }
    },
    {
      "id": 7644,
      "name": "Guard Room",
      "exits": {
        "South": 7643,
        "West": 7645
      }
    },
    {
      "id": 7645,
      "name": "Prisoner\u0027s Room",
      "exits": {
        "East": 7644
      }
    },
    {
      "id": 7646,
      "name": "Dismal Room",
      "exits": {
        "East": 7643,
        "West": 7647
      }
    },
    {
      "id": 7647,
      "name": "Dismal Room",
      "exits": {
        "East": 7646,
        "West": 7648
      }
    },
    {
      "id": 7648,
      "name": "Dismal Room",
      "exits": {
        "East": 7647,
        "West": 7649
      }
    },
    {
      "id": 7649,
      "name": "Dismal Corner",
      "exits": {
        "North": 7650,
        "East": 7648
      }
    },
    {
      "id": 7650,
      "name": "Dismal Room",
      "exits": {
        "North": 7652,
        "East": 7651,
        "South": 7649
      }
    },
    {
      "id": 7651,
      "name": "Demon room",
      "exits": {
        "West": 7650
      }
    },
    {
      "id": 7652,
      "name": "Dismal room",
      "exits": {
        "North": 7653,
        "South": 7650
      }
    },
    {
      "id": 7653,
      "name": "Dismal room",
      "exits": {
        "North": 7655,
        "East": 7654,
        "South": 7652
      }
    },
    {
      "id": 7654,
      "name": "Demon Room",
      "exits": {
        "West": 7653
      }
    },
    {
      "id": 7655,
      "name": "Dismal Room",
      "exits": {
        "North": 7656,
        "South": 7653
      }
    },
    {
      "id": 7656,
      "name": "Dismal Corner",
      "exits": {
        "East": 7657,
        "South": 7655
      }
    },
    {
      "id": 7657,
      "name": "Dismal Room",
      "exits": {
        "East": 7658,
        "West": 7656
      }
    },
    {
      "id": 7658,
      "name": "Dismal Room",
      "exits": {
        "East": 7659,
        "West": 7657
      }
    },
    {
      "id": 7659,
      "name": "Dismal Room",
      "exits": {
        "East": 7660,
        "West": 7658
      }
    },
    {
      "id": 7660,
      "name": "Dismal Room",
      "exits": {
        "East": 7661,
        "West": 7659
      }
    },
    {
      "id": 7661,
      "name": "Dismal Room",
      "exits": {
        "East": 7662,
        "West": 7660
      }
    },
    {
      "id": 7662,
      "name": "Dismal Intersection",
      "exits": {
        "North": 7663,
        "West": 7661
      }
    },
    {
      "id": 7663,
      "name": "Down to the Death Walk",
      "exits": {
        "Down": 7664
      }
    },
    {
      "id": 7664,
      "name": "Death Walk",
      "exits": {
        "Up": 7663,
        "Down": 7665
      }
    },
    {
      "id": 7665,
      "name": "Death Walk",
      "exits": {
        "Up": 7664,
        "Down": 7666
      }
    },
    {
      "id": 7666,
      "name": "Death Walk",
      "exits": {
        "Up": 7665,
        "Down": 7667
      }
    },
    {
      "id": 7667,
      "name": "Death Walk",
      "exits": {
        "Up": 7666,
        "Down": 7668
      }
    },
    {
      "id": 7668,
      "name": "Death walk",
      "exits": {
        "East": 7669,
        "Up": 7667
      }
    },
    {
      "id": 7669,
      "name": "Beyond the Dragon Door",
      "exits": {
        "East": 7670
      }
    },
    {
      "id": 7670,
      "name": "Walk of Tranquility",
      "exits": {
        "East": 7671,
        "West": 7669
      }
    },
    {
      "id": 7671,
      "name": "Turn In The Walk Of Tranqulity",
      "exits": {
        "North": 7672,
        "West": 7670
      }
    },
    {
      "id": 7672,
      "name": "Walk Of Tranquility",
      "exits": {
        "North": 7673,
        "South": 7671
      }
    },
    {
      "id": 7673,
      "name": "Turn In the Walk Of Tranquility",
      "exits": {
        "South": 7672,
        "West": 7674
      }
    },
    {
      "id": 7674,
      "name": "Turn In the Walk Of Tranquilty",
      "exits": {
        "North": 7675,
        "East": 7673
      }
    },
    {
      "id": 7675,
      "name": "Walk Of Tranquility",
      "exits": {
        "North": 7676,
        "South": 7674
      }
    },
    {
      "id": 7676,
      "name": "Tranquil Room",
      "exits": {
        "North": 7679,
        "East": 7678,
        "South": 7675,
        "West": 7677
      }
    },
    {
      "id": 7677,
      "name": "Golden Room",
      "exits": {
        "East": 7676
      }
    },
    {
      "id": 7678,
      "name": "Silver Room",
      "exits": {
        "West": 7676
      }
    },
    {
      "id": 7679,
      "name": "Blessed Walkway",
      "exits": {
        "North": 7680,
        "South": 7676
      }
    },
    {
      "id": 7680,
      "name": "Turn In The Blessed Walkway",
      "exits": {
        "South": 7679,
        "West": 7681
      }
    },
    {
      "id": 7681,
      "name": "Turn In the Blessed Walkway",
      "exits": {
        "North": 7682,
        "East": 7680
      }
    },
    {
      "id": 7682,
      "name": "End Of The Blessed Walkway.",
      "exits": {
        "South": 7681,
        "Up": 7684
      }
    },
    {
      "id": 7684,
      "name": "Top Of The Stairs",
      "exits": {
        "South": 7688
      }
    },
    {
      "id": 7685,
      "name": "Fog",
      "exits": {
        "East": 7686,
        "West": 7688
      }
    },
    {
      "id": 7686,
      "name": "Other Side of the Fog",
      "exits": {
        "East": 7689,
        "West": 7685
      }
    },
    {
      "id": 7687,
      "name": "ThankGiving Turkey\u0027s Room",
      "exits": {
        "East": 7688
      }
    },
    {
      "id": 7688,
      "name": "Easter Bunny\u0027s Secret Lair",
      "exits": {
        "North": 7684,
        "East": 7685,
        "West": 7687
      }
    },
    {
      "id": 7689,
      "name": "Hallway to the End",
      "exits": {
        "East": 7690,
        "West": 7686
      }
    },
    {
      "id": 7690,
      "name": "Turn in Hallway to the End",
      "exits": {
        "South": 7691,
        "West": 7689
      }
    },
    {
      "id": 7691,
      "name": "Hallway to the End.",
      "exits": {
        "North": 7690,
        "South": 7692
      }
    },
    {
      "id": 7692,
      "name": "Door Before the End",
      "exits": {
        "North": 7691,
        "South": 7693
      }
    },
    {
      "id": 7693,
      "name": "Barney\u0027s Room",
      "exits": {
        "North": 7692,
        "Down": 7694
      }
    },
    {
      "id": 7694,
      "name": "Room Beyond Barney",
      "exits": {
        "Up": 7693
      }
    },
    {
      "id": 100472,
      "name": "To The Dragon Sea",
      "otherAreaExit": true,
      "exits": {
        "North": 7600,
        "South": 100471
      }
    }
  ]
}