{
  "name": "Forest of Myth Drannor",
  "buildOptions": {
    "maxSteps": 1000,
    "fixObstacles": true,
    "fixNonStraight": false,
    "fixIntersected": true,
    "compactMap": true,
    "addDebugInfo": false,
    "colorizeConnectionIssues": true
  },
  "rooms": [
    {
      "id": 22500,
      "name": "On a rough dirt path through the forest",
      "exits": {
        "East": 22501,
        "West": 22561
      }
    },
    {
      "id": 22501,
      "name": "On a rough dirt track through the forest",
      "exits": {
        "East": 22502,
        "West": 22500
      }
    },
    {
      "id": 22502,
      "name": "On a rough dirt track through the forest",
      "exits": {
        "South": 22503,
        "West": 22501
      }
    },
    {
      "id": 22503,
      "name": "On a rough dirt track through the forest",
      "exits": {
        "North": 22502,
        "East": 22504,
        "South": 22554,
        "West": 22536
      }
    },
    {
      "id": 22504,
      "name": "On a rough dirt track through the forest",
      "exits": {
        "North": 22536,
        "East": 22505,
        "South": 22554,
        "West": 22503
      }
    },
    {
      "id": 22505,
      "name": "On a rough dirt track through the forest",
      "exits": {
        "East": 22506,
        "South": 22553,
        "West": 22504
      }
    },
    {
      "id": 22506,
      "name": "On a rough dirt track through the forest",
      "exits": {
        "North": 22535,
        "East": 22507,
        "South": 22554,
        "West": 22505
      }
    },
    {
      "id": 22507,
      "name": "On a rough dirt track through the forest",
      "exits": {
        "North": 22534,
        "East": 22508,
        "South": 22552,
        "West": 22506
      }
    },
    {
      "id": 22508,
      "name": "On a rough dirt track through the forest",
      "exits": {
        "North": 22530,
        "East": 22559,
        "South": 22509,
        "West": 22507
      }
    },
    {
      "id": 22509,
      "name": "On a rough dirt track through the forest",
      "exits": {
        "North": 22508,
        "East": 22510,
        "South": 22520,
        "West": 22553
      }
    },
    {
      "id": 22510,
      "name": "On a rough dirt track through the forest",
      "exits": {
        "North": 22536,
        "East": 22511,
        "South": 22554,
        "West": 22509
      }
    },
    {
      "id": 22511,
      "name": "On a rough dirt track through the forest",
      "exits": {
        "North": 22535,
        "East": 22512,
        "South": 22524,
        "West": 22510
      }
    },
    {
      "id": 22512,
      "name": "On a rough dirt track through the forest",
      "exits": {
        "North": 22536,
        "East": 22513,
        "South": 22554,
        "West": 22511
      }
    },
    {
      "id": 22513,
      "name": "On a rough dirt track through the forest",
      "exits": {
        "North": 22536,
        "East": 22553,
        "South": 22514,
        "West": 22512
      }
    },
    {
      "id": 22514,
      "name": "On a rough dirt track through the forest",
      "exits": {
        "North": 22513,
        "East": 22515,
        "South": 22553,
        "West": 22535
      }
    },
    {
      "id": 22515,
      "name": "On a rough dirt track through the forest",
      "exits": {
        "North": 22542,
        "East": 22516,
        "South": 22554,
        "West": 22514
      }
    },
    {
      "id": 22516,
      "name": "On a rough dirt track through the forest",
      "exits": {
        "North": 22536,
        "East": 22552,
        "South": 22517,
        "West": 22515
      }
    },
    {
      "id": 22517,
      "name": "On a rough dirt track through the forest",
      "exits": {
        "North": 22516,
        "East": 22560,
        "South": 22518,
        "West": 22530
      }
    },
    {
      "id": 22518,
      "name": "On a rough dirt track through the forest",
      "exits": {
        "North": 22517,
        "East": 22553,
        "South": 22536,
        "West": 22519
      }
    },
    {
      "id": 22519,
      "name": "Before some stone ruins",
      "exits": {
        "East": 22518,
        "West": 13705
      }
    },
    {
      "id": 22520,
      "name": "On a rough dirt track through the forest",
      "exits": {
        "North": 22509,
        "East": 22553,
        "South": 22521,
        "West": 22536
      }
    },
    {
      "id": 22521,
      "name": "On a rough dirt track through the forest",
      "exits": {
        "North": 22520,
        "East": 22553,
        "South": 22522,
        "West": 22536
      }
    },
    {
      "id": 22522,
      "name": "On a rough dirt track through the forest",
      "exits": {
        "North": 22521,
        "East": 22523,
        "South": 22535,
        "West": 22554
      }
    },
    {
      "id": 22523,
      "name": "Before some stone ruins",
      "exits": {
        "North": 13700,
        "West": 22522
      }
    },
    {
      "id": 22524,
      "name": "Before some stone ruins",
      "exits": {
        "North": 22511,
        "South": 13712
      }
    },
    {
      "id": 22525,
      "name": "Within the Forest of Myth Drannor",
      "exits": {
        "North": 22537,
        "East": 22526,
        "South": 22531,
        "West": 22506
      }
    },
    {
      "id": 22526,
      "name": "Within the Forest of Myth Drannor",
      "exits": {
        "North": 22538,
        "East": 22527,
        "South": 22532,
        "West": 22525
      }
    },
    {
      "id": 22527,
      "name": "Within the Forest of Myth Drannor",
      "exits": {
        "North": 22539,
        "East": 22528,
        "South": 22533,
        "West": 22526
      }
    },
    {
      "id": 22528,
      "name": "Within the Forest of Myth Drannor",
      "exits": {
        "North": 22540,
        "East": 22529,
        "South": 22534,
        "West": 22527
      }
    },
    {
      "id": 22529,
      "name": "Within the Forest of Myth Drannor",
      "exits": {
        "North": 22541,
        "East": 22530,
        "South": 22535,
        "West": 22528
      }
    },
    {
      "id": 22530,
      "name": "Within the Forest of Myth Drannor",
      "exits": {
        "North": 22542,
        "East": 22525,
        "South": 22536,
        "West": 22529
      }
    },
    {
      "id": 22531,
      "name": "Within the Forest of Myth Drannor",
      "exits": {
        "North": 22525,
        "East": 22532,
        "South": 22537,
        "West": 22506
      }
    },
    {
      "id": 22532,
      "name": "Within the Forest of Myth Drannor",
      "exits": {
        "North": 22526,
        "East": 22533,
        "South": 22538,
        "West": 22531
      }
    },
    {
      "id": 22533,
      "name": "Within the Forest of Myth Drannor",
      "exits": {
        "North": 22527,
        "East": 22534,
        "South": 22539,
        "West": 22532
      }
    },
    {
      "id": 22534,
      "name": "Within the Forest of Myth Drannor",
      "exits": {
        "North": 22528,
        "East": 22535,
        "South": 22540,
        "West": 22533
      }
    },
    {
      "id": 22535,
      "name": "Within the Forest of Myth Drannor",
      "exits": {
        "North": 22529,
        "East": 22536,
        "South": 22541,
        "West": 22534
      }
    },
    {
      "id": 22536,
      "name": "Within the Forest of Myth Drannor",
      "exits": {
        "North": 22530,
        "East": 22541,
        "South": 22542,
        "West": 22535
      }
    },
    {
      "id": 22537,
      "name": "Within the Forest of Myth Drannor",
      "exits": {
        "North": 22531,
        "East": 22538,
        "South": 22525,
        "West": 22506
      }
    },
    {
      "id": 22538,
      "name": "Within the Forest of Myth Drannor",
      "exits": {
        "North": 22532,
        "East": 22539,
        "South": 22526,
        "West": 22537
      }
    },
    {
      "id": 22539,
      "name": "Within the Forest of Myth Drannor",
      "exits": {
        "North": 22533,
        "East": 22540,
        "South": 22527,
        "West": 22538
      }
    },
    {
      "id": 22540,
      "name": "Within the Forest of Myth Drannor",
      "exits": {
        "North": 22534,
        "East": 22541,
        "South": 22528,
        "West": 22539
      }
    },
    {
      "id": 22541,
      "name": "Within the Forest of Myth Drannor",
      "exits": {
        "North": 22535,
        "East": 22542,
        "South": 22529,
        "West": 22540
      }
    },
    {
      "id": 22542,
      "name": "Within the Forest of Myth Drannor",
      "exits": {
        "North": 22536,
        "East": 22539,
        "South": 22530,
        "West": 22541
      }
    },
    {
      "id": 22543,
      "name": "Within the Forest of Myth Drannor",
      "exits": {
        "North": 22555,
        "East": 22544,
        "South": 22549,
        "West": 22506
      }
    },
    {
      "id": 22544,
      "name": "Within the Forest of Myth Drannor",
      "exits": {
        "North": 22556,
        "East": 22545,
        "South": 22550,
        "West": 22543
      }
    },
    {
      "id": 22545,
      "name": "Within the Forest of Myth Drannor",
      "exits": {
        "North": 22557,
        "East": 22546,
        "South": 22551,
        "West": 22544
      }
    },
    {
      "id": 22546,
      "name": "Within the Forest of Myth Drannor",
      "exits": {
        "North": 22558,
        "East": 22547,
        "South": 22552,
        "West": 22545
      }
    },
    {
      "id": 22547,
      "name": "Within the Forest of Myth Drannor",
      "exits": {
        "North": 22559,
        "East": 22548,
        "South": 22553,
        "West": 22546
      }
    },
    {
      "id": 22548,
      "name": "Within the Forest of Myth Drannor",
      "exits": {
        "North": 22560,
        "East": 22559,
        "South": 22554,
        "West": 22547
      }
    },
    {
      "id": 22549,
      "name": "Within the Forest of Myth Drannor",
      "exits": {
        "North": 22543,
        "East": 22550,
        "South": 22555,
        "West": 22506
      }
    },
    {
      "id": 22550,
      "name": "Within the Forest of Myth Drannor",
      "exits": {
        "North": 22544,
        "East": 22551,
        "South": 22556,
        "West": 22549
      }
    },
    {
      "id": 22551,
      "name": "Within the Forest of Myth Drannor",
      "exits": {
        "North": 22545,
        "East": 22552,
        "South": 22557,
        "West": 22550
      }
    },
    {
      "id": 22552,
      "name": "Within the Forest of Myth Drannor",
      "exits": {
        "North": 22546,
        "East": 22553,
        "South": 22558,
        "West": 22551
      }
    },
    {
      "id": 22553,
      "name": "Within the Forest of Myth Drannor",
      "exits": {
        "North": 22547,
        "East": 22554,
        "South": 22559,
        "West": 22552
      }
    },
    {
      "id": 22554,
      "name": "Within the Forest of Myth Drannor",
      "exits": {
        "North": 22548,
        "East": 22547,
        "South": 22560,
        "West": 22553
      }
    },
    {
      "id": 22555,
      "name": "Within the Forest of Myth Drannor",
      "exits": {
        "North": 22549,
        "East": 22556,
        "South": 22543,
        "West": 22506
      }
    },
    {
      "id": 22556,
      "name": "Within the Forest of Myth Drannor",
      "exits": {
        "North": 22550,
        "East": 22557,
        "South": 22544,
        "West": 22555
      }
    },
    {
      "id": 22557,
      "name": "Within the Forest of Myth Drannor",
      "exits": {
        "North": 22551,
        "East": 22558,
        "South": 22545,
        "West": 22556
      }
    },
    {
      "id": 22558,
      "name": "Within the Forest of Myth Drannor",
      "exits": {
        "North": 22552,
        "East": 22559,
        "South": 22546,
        "West": 22557
      }
    },
    {
      "id": 22559,
      "name": "Within the Forest of Myth Drannor",
      "exits": {
        "North": 22553,
        "East": 22560,
        "South": 22547,
        "West": 22558
      }
    },
    {
      "id": 22560,
      "name": "Within the Forest of Myth Drannor",
      "exits": {
        "North": 22554,
        "East": 22553,
        "South": 22548,
        "West": 22559
      }
    },
    {
      "id": 22561,
      "name": "On a rough dirt path through the forest",
      "exits": {
        "East": 22500,
        "West": 22562
      }
    },
    {
      "id": 22562,
      "name": "On a rough dirt path through the forest",
      "exits": {
        "East": 22561,
        "West": 22563
      }
    },
    {
      "id": 22563,
      "name": "On a rough dirt path through the forest",
      "exits": {
        "East": 22562,
        "West": 22564
      }
    },
    {
      "id": 22564,
      "name": "On a rough dirt path through the forest",
      "exits": {
        "East": 22563,
        "West": 22565
      }
    },
    {
      "id": 22565,
      "name": "On a rough dirt path through the forest",
      "exits": {
        "East": 22564,
        "West": 22566
      }
    },
    {
      "id": 22566,
      "name": "On a rough dirt path through the forest",
      "exits": {
        "East": 22565,
        "West": 22567
      }
    },
    {
      "id": 22567,
      "name": "On a rough dirt path through the forest",
      "exits": {
        "North": 22568,
        "East": 22566
      }
    },
    {
      "id": 22568,
      "name": "On a rough dirt path through the forest",
      "exits": {
        "South": 22567,
        "West": 22569
      }
    },
    {
      "id": 22569,
      "name": "On a rough dirt path through the forest",
      "exits": {
        "East": 22568,
        "West": 22570
      }
    },
    {
      "id": 22570,
      "name": "On a rough dirt path through the forest",
      "exits": {
        "East": 22569,
        "West": 22571
      }
    },
    {
      "id": 22571,
      "name": "On a rough dirt path through the forest",
      "exits": {
        "East": 22570,
        "West": 22572
      }
    },
    {
      "id": 22572,
      "name": "On a rough dirt path through the forest",
      "exits": {
        "East": 22571,
        "West": 22573
      }
    },
    {
      "id": 22573,
      "name": "On a rough dirt path through the forest",
      "exits": {
        "East": 22572,
        "West": 22574
      }
    },
    {
      "id": 22574,
      "name": "On a rough dirt path through the forest",
      "exits": {
        "East": 22573,
        "West": 22575
      }
    },
    {
      "id": 22575,
      "name": "On a rough dirt path through the forest",
      "exits": {
        "East": 22574,
        "West": 22576
      }
    },
    {
      "id": 22576,
      "name": "On a rough dirt path through the forest",
      "exits": {
        "East": 22575,
        "West": 22577
      }
    },
    {
      "id": 22577,
      "name": "On a rough dirt path through the forest",
      "exits": {
        "North": 22578,
        "East": 22576
      }
    },
    {
      "id": 22578,
      "name": "On a rough dirt path through the forest",
      "exits": {
        "South": 22577,
        "West": 22579
      }
    },
    {
      "id": 22579,
      "name": "On a rough dirt path through the forest",
      "exits": {
        "East": 22578,
        "West": 22580
      }
    },
    {
      "id": 22580,
      "name": "On a rough dirt path through the forest",
      "exits": {
        "East": 22579,
        "West": 22581
      }
    },
    {
      "id": 22581,
      "name": "On a rough dirt path through the forest",
      "exits": {
        "East": 22580,
        "West": 22582
      }
    },
    {
      "id": 22582,
      "name": "On a rough dirt path through the forest",
      "exits": {
        "East": 22581,
        "West": 22583
      }
    },
    {
      "id": 22583,
      "name": "On a rough dirt path through the forest",
      "exits": {
        "East": 22582,
        "West": 22584
      }
    },
    {
      "id": 22584,
      "name": "On a rough dirt path through the forest",
      "exits": {
        "East": 22583,
        "West": 22585
      }
    },
    {
      "id": 22585,
      "name": "On a rough dirt path through the forest",
      "exits": {
        "East": 22584,
        "West": 9869
      }
    },
    {
      "id": 13705,
      "name": "To Ruins of Drannor",
      "otherAreaExit": true,
      "exits": {
        "North": 13706,
        "East": 22519,
        "South": 13704
      }
    },
    {
      "id": 13700,
      "name": "To Ruins of Drannor",
      "otherAreaExit": true,
      "exits": {
        "North": 13736,
        "East": 13701,
        "South": 22523,
        "West": 13723
      }
    },
    {
      "id": 13712,
      "name": "To Ruins of Drannor",
      "otherAreaExit": true,
      "exits": {
        "North": 22524,
        "East": 13711,
        "West": 13713
      }
    },
    {
      "id": 9869,
      "name": "To New Thalos",
      "otherAreaExit": true,
      "exits": {
        "North": 9870,
        "East": 22585,
        "South": 9868
      }
    }
  ]
}