{
  "name": "Galaxy",
  "buildOptions": {
    "maxSteps": 1000,
    "fixObstacles": true,
    "fixNonStraight": true,
    "fixIntersected": false,
    "compactMap": true,
    "addDebugInfo": false,
    "colorizeConnectionIssues": true
  },
  "rooms": [
    {
      "id": 9301,
      "name": "Inside a Tavern",
      "exits": {
        "West": 1306,
        "Down": 9302
      }
    },
    {
      "id": 9302,
      "name": "Inside the Crystal Ball",
      "exits": {
        "North": 9303,
        "Up": 9301
      }
    },
    {
      "id": 9303,
      "name": "Inside the Galaxy",
      "exits": {
        "North": 9304,
        "East": 9308,
        "South": 9302,
        "West": 9321
      }
    },
    {
      "id": 9304,
      "name": "On an InterGalactic Walkway",
      "exits": {
        "North": 9305,
        "South": 9303,
        "West": 9322
      }
    },
    {
      "id": 9305,
      "name": "End of the InterGalactic Walkway",
      "exits": {
        "North": 9306,
        "East": 9309,
        "South": 9304,
        "West": 9323
      }
    },
    {
      "id": 9306,
      "name": "At the Undeveloped Part of the Galaxy",
      "exits": {
        "South": 9305,
        "West": 9324
      }
    },
    {
      "id": 9308,
      "name": "On the Bridge of Stars",
      "exits": {
        "North": 9331,
        "East": 9312,
        "West": 9303
      }
    },
    {
      "id": 9309,
      "name": "On the Bridge of Nebulae",
      "exits": {
        "North": 9310,
        "East": 9314,
        "West": 9305
      }
    },
    {
      "id": 9310,
      "name": "The Throne Room of the Nebula King",
      "exits": {
        "South": 9309
      }
    },
    {
      "id": 9312,
      "name": "At the Start of the Milky Way",
      "exits": {
        "North": 9313,
        "West": 9308
      }
    },
    {
      "id": 9313,
      "name": "Along the Milky Way",
      "exits": {
        "North": 9314,
        "East": 9317,
        "South": 9312
      }
    },
    {
      "id": 9314,
      "name": "At the End of the Milky Way",
      "exits": {
        "East": 9318,
        "South": 9313,
        "West": 9309
      }
    },
    {
      "id": 9317,
      "name": "A Small Clearing",
      "exits": {
        "North": 9318,
        "West": 9313
      }
    },
    {
      "id": 9318,
      "name": "An Edge of the Galaxy",
      "exits": {
        "South": 9317,
        "West": 9314,
        "Down": 9319
      }
    },
    {
      "id": 9319,
      "name": "Very Near to a Gigantic Star",
      "exits": {
        "North": 9320,
        "East": 9320,
        "South": 9320,
        "West": 9320
      }
    },
    {
      "id": 9320,
      "name": "Too Bright to Tell",
      "exits": {}
    },
    {
      "id": 9321,
      "name": "The Star Cluster",
      "exits": {
        "North": 9322,
        "East": 9303
      }
    },
    {
      "id": 9322,
      "name": "Another Edge of the Galaxy",
      "exits": {
        "North": 9323,
        "East": 9304,
        "South": 9321
      }
    },
    {
      "id": 9323,
      "name": "Corner of the Galaxy",
      "exits": {
        "North": 9324,
        "East": 9305,
        "South": 9322
      }
    },
    {
      "id": 9324,
      "name": "Lost in Space",
      "exits": {
        "North": 9325,
        "East": 9306,
        "South": 9323
      }
    },
    {
      "id": 9325,
      "name": "Black Hole",
      "exits": {}
    },
    {
      "id": 9326,
      "name": "The Homes of the Pleiades",
      "exits": {
        "East": 9329,
        "South": 9327
      }
    },
    {
      "id": 9327,
      "name": "Western Side of the Temple",
      "exits": {
        "North": 9326,
        "East": 9330,
        "South": 9328
      }
    },
    {
      "id": 9328,
      "name": "Orion\u0027s Hunting Lodge",
      "exits": {
        "North": 9327,
        "East": 9331
      }
    },
    {
      "id": 9329,
      "name": "Northern Side of the Temple",
      "exits": {
        "East": 9332,
        "South": 9330,
        "West": 9326
      }
    },
    {
      "id": 9330,
      "name": "The Offering Chamber",
      "exits": {
        "North": 9329,
        "East": 9333,
        "South": 9331,
        "West": 9327,
        "Up": 9339
      }
    },
    {
      "id": 9331,
      "name": "The Entrance of the Ancient Temple",
      "exits": {
        "North": 9330,
        "East": 9334,
        "South": 9308,
        "West": 9328
      }
    },
    {
      "id": 9332,
      "name": "Hercules\u0027 Mighty Throne",
      "exits": {
        "South": 9333,
        "West": 9329
      }
    },
    {
      "id": 9333,
      "name": "Eastern Side of the Temple",
      "exits": {
        "North": 9332,
        "South": 9334,
        "West": 9330
      }
    },
    {
      "id": 9334,
      "name": "Perseus\u0027 Chamber",
      "exits": {
        "North": 9333,
        "West": 9331
      }
    },
    {
      "id": 9339,
      "name": "On the Mystic Chains",
      "exits": {
        "North": 9348,
        "East": 9351,
        "South": 9342,
        "West": 9345,
        "Up": 9354,
        "Down": 9330
      }
    },
    {
      "id": 9342,
      "name": "On a Hill",
      "exits": {
        "North": 9339,
        "East": 9353,
        "West": 9343
      }
    },
    {
      "id": 9343,
      "name": "Inside a Spanish Bull-Ring",
      "exits": {
        "East": 9342,
        "West": 9344
      }
    },
    {
      "id": 9344,
      "name": "Inside a study",
      "exits": {
        "East": 9343
      }
    },
    {
      "id": 9345,
      "name": "Along the seashore",
      "exits": {
        "East": 9339,
        "West": 9346
      }
    },
    {
      "id": 9346,
      "name": "Within the Deep Jungle",
      "exits": {
        "East": 9345
      }
    },
    {
      "id": 9347,
      "name": "Inside a Luxurious Bedroom",
      "exits": {
        "West": 9348
      }
    },
    {
      "id": 9348,
      "name": "The Supreme Court",
      "exits": {
        "East": 9347,
        "South": 9339,
        "West": 9349
      }
    },
    {
      "id": 9349,
      "name": "In the Dry Desert",
      "exits": {
        "East": 9348,
        "West": 9350
      }
    },
    {
      "id": 9350,
      "name": "In the Woods",
      "exits": {
        "East": 9349
      }
    },
    {
      "id": 9351,
      "name": "On a Mountain Peak",
      "exits": {
        "East": 9352,
        "West": 9339
      }
    },
    {
      "id": 9352,
      "name": "Inside a Waterfall",
      "exits": {
        "West": 9351
      }
    },
    {
      "id": 9353,
      "name": "Inside a Gigantic Clam",
      "exits": {
        "West": 9342
      }
    },
    {
      "id": 9354,
      "name": "End of the Mystic Chains",
      "exits": {
        "Up": 9355,
        "Down": 9339
      }
    },
    {
      "id": 9355,
      "name": "On the Draco",
      "exits": {
        "North": 9356,
        "Down": 9354
      }
    },
    {
      "id": 9356,
      "name": "Tail of the Draco",
      "exits": {
        "North": 9357,
        "South": 9355
      }
    },
    {
      "id": 9357,
      "name": "Path of the Draco",
      "exits": {
        "North": 9358,
        "South": 9356
      }
    },
    {
      "id": 9358,
      "name": "Near the Legs of Draco",
      "exits": {
        "North": 9359,
        "South": 9357
      }
    },
    {
      "id": 9359,
      "name": "On the Back of Draco",
      "exits": {
        "East": 9360,
        "South": 9358
      }
    },
    {
      "id": 9360,
      "name": "Between the Wings of Draco",
      "exits": {
        "East": 9361,
        "West": 9359
      }
    },
    {
      "id": 9361,
      "name": "Near the Arms of Draco",
      "exits": {
        "South": 9362,
        "West": 9360
      }
    },
    {
      "id": 9362,
      "name": "On the Neck of Draco",
      "exits": {
        "North": 9361,
        "West": 9363
      }
    },
    {
      "id": 9363,
      "name": "Approaching the Head of Draco",
      "exits": {
        "East": 9362,
        "South": 9364
      }
    },
    {
      "id": 9364,
      "name": "At the Entrance of the Great Dipper",
      "exits": {
        "North": 9363,
        "South": 9365,
        "West": 9366
      }
    },
    {
      "id": 9365,
      "name": "Cassiopeia\u0027s Throne",
      "exits": {
        "North": 9364,
        "West": 9367
      }
    },
    {
      "id": 9366,
      "name": "Along the Path of the Dipper",
      "exits": {
        "East": 9364,
        "South": 9367
      }
    },
    {
      "id": 9367,
      "name": "Cepheus\u0027 Throne",
      "exits": {
        "North": 9366,
        "East": 9365,
        "South": 9368
      }
    },
    {
      "id": 9368,
      "name": "Along the path of the Dipper",
      "exits": {
        "North": 9367,
        "West": 9369
      }
    },
    {
      "id": 9369,
      "name": "Along the path of the Dipper",
      "exits": {
        "East": 9368,
        "South": 9370
      }
    },
    {
      "id": 9370,
      "name": "End of the Dipper",
      "exits": {
        "North": 9369,
        "South": 9371
      }
    },
    {
      "id": 9371,
      "name": "The Polar Star",
      "exits": {
        "North": 9370
      }
    },
    {
      "id": 1306,
      "name": "To High Tower",
      "otherAreaExit": true,
      "exits": {
        "North": 1303,
        "East": 9301,
        "South": 1309,
        "West": 1305
      }
    }
  ]
}