{
  "name": "Gangland",
  "buildOptions": {
    "maxSteps": 1000,
    "fixObstacles": true,
    "fixNonStraight": true,
    "fixIntersected": true,
    "compactMap": true,
    "addDebugInfo": false,
    "colorizeConnectionIssues": true
  },
  "rooms": [
    {
      "id": 2101,
      "name": "Entrance to No Man\u0027s Land",
      "exits": {
        "East": 2102,
        "West": 40732
      }
    },
    {
      "id": 2102,
      "name": "No-Man\u0027s-Land Camp",
      "exits": {
        "East": 2103,
        "South": 2109,
        "West": 2101
      }
    },
    {
      "id": 2103,
      "name": "No-Man\u0027s-Land Camp",
      "exits": {
        "East": 2104,
        "South": 2110,
        "West": 2102
      }
    },
    {
      "id": 2104,
      "name": "No-Man\u0027s-Land Camp",
      "exits": {
        "East": 2105,
        "South": 2111,
        "West": 2103
      }
    },
    {
      "id": 2105,
      "name": "No-Man\u0027s-Land Camp",
      "exits": {
        "East": 2106,
        "West": 2104
      }
    },
    {
      "id": 2106,
      "name": "No-Man\u0027s-Land Camp",
      "exits": {
        "East": 2107,
        "South": 2113,
        "West": 2105
      }
    },
    {
      "id": 2107,
      "name": "No-Man\u0027s-Land Camp",
      "exits": {
        "East": 2108,
        "West": 2106
      }
    },
    {
      "id": 2108,
      "name": "No-Man\u0027s-Land Camp",
      "exits": {
        "South": 2115,
        "West": 2107
      }
    },
    {
      "id": 2109,
      "name": "Gangland Camp",
      "exits": {
        "North": 2102,
        "East": 2110
      }
    },
    {
      "id": 2110,
      "name": "Gangland Camp",
      "exits": {
        "North": 2103,
        "South": 2116,
        "West": 2109
      }
    },
    {
      "id": 2111,
      "name": "Gangland Camp",
      "exits": {
        "North": 2104,
        "South": 2117
      }
    },
    {
      "id": 2112,
      "name": "No-Man\u0027s-Land Camp",
      "exits": {
        "East": 2113,
        "South": 2118
      }
    },
    {
      "id": 2113,
      "name": "No-Man\u0027s-Land Camp",
      "exits": {
        "North": 2106,
        "East": 2114,
        "West": 2112
      }
    },
    {
      "id": 2114,
      "name": "No-Man\u0027s-Land Camp",
      "exits": {
        "East": 2115,
        "West": 2113
      }
    },
    {
      "id": 2115,
      "name": "No-Man\u0027s-Land Camp",
      "exits": {
        "North": 2108,
        "South": 2120,
        "West": 2114
      }
    },
    {
      "id": 2116,
      "name": "Gangland Camp",
      "exits": {
        "North": 2110,
        "East": 2117
      }
    },
    {
      "id": 2117,
      "name": "Gangland Camp",
      "exits": {
        "North": 2111,
        "South": 2121,
        "West": 2116
      }
    },
    {
      "id": 2118,
      "name": "No-Man\u0027s-Land Camp",
      "exits": {
        "North": 2112,
        "East": 2119,
        "South": 2122
      }
    },
    {
      "id": 2119,
      "name": "No-Man\u0027s-Land Camp",
      "exits": {
        "South": 2123,
        "West": 2118
      }
    },
    {
      "id": 2120,
      "name": "No-Man\u0027s-Land Camp",
      "exits": {
        "North": 2115,
        "South": 2125
      }
    },
    {
      "id": 2121,
      "name": "Shortcut",
      "exits": {
        "North": 2117,
        "East": 2122
      }
    },
    {
      "id": 2122,
      "name": "No-Man\u0027s-Land Camp",
      "exits": {
        "North": 2118,
        "South": 2127,
        "West": 2121
      }
    },
    {
      "id": 2123,
      "name": "No-Man\u0027s-Land Camp",
      "exits": {
        "North": 2119,
        "South": 2128
      }
    },
    {
      "id": 2124,
      "name": "Old Abandoned Warehouse",
      "exits": {
        "East": 2125
      }
    },
    {
      "id": 2125,
      "name": "No-Man\u0027s-Land Camp",
      "exits": {
        "North": 2120,
        "South": 2130,
        "West": 2124
      }
    },
    {
      "id": 2126,
      "name": "No-Man\u0027s-Land Camp",
      "exits": {
        "East": 2127,
        "South": 2131
      }
    },
    {
      "id": 2127,
      "name": "No-Man\u0027s-Land Camp",
      "exits": {
        "North": 2122,
        "East": 2128,
        "West": 2126
      }
    },
    {
      "id": 2128,
      "name": "No-Man\u0027s-Land Camp",
      "exits": {
        "North": 2123,
        "East": 2129,
        "South": 2133,
        "West": 2127
      }
    },
    {
      "id": 2129,
      "name": "No-Man\u0027s-Land Camp",
      "exits": {
        "East": 2130,
        "South": 2134,
        "West": 2128
      }
    },
    {
      "id": 2130,
      "name": "No-Man\u0027s-Land Camp",
      "exits": {
        "North": 2125,
        "West": 2129
      }
    },
    {
      "id": 2131,
      "name": "No-Man\u0027s-Land Camp",
      "exits": {
        "North": 2126,
        "East": 2132,
        "South": 2136
      }
    },
    {
      "id": 2132,
      "name": "Gangland Camp",
      "exits": {
        "East": 2133,
        "South": 2137,
        "West": 2131
      }
    },
    {
      "id": 2133,
      "name": "No-Man\u0027s-Land Camp",
      "exits": {
        "North": 2128,
        "East": 2134,
        "South": 2138,
        "West": 2132
      }
    },
    {
      "id": 2134,
      "name": "No-Man\u0027s-Land Camp",
      "exits": {
        "North": 2129,
        "East": 2135,
        "South": 2139,
        "West": 2133
      }
    },
    {
      "id": 2135,
      "name": "No-Man\u0027s-Land Camp",
      "exits": {
        "South": 2140,
        "West": 2134
      }
    },
    {
      "id": 2136,
      "name": "No-Man\u0027s-Land Camp",
      "exits": {
        "North": 2131,
        "East": 2137,
        "South": 2141
      }
    },
    {
      "id": 2137,
      "name": "NO MAN\u0027S LAND",
      "exits": {
        "North": 2132,
        "East": 2138,
        "West": 2136
      }
    },
    {
      "id": 2138,
      "name": "No-Man\u0027s-Land Camp",
      "exits": {
        "North": 2133,
        "East": 2139,
        "South": 2143,
        "West": 2137
      }
    },
    {
      "id": 2139,
      "name": "No-Man\u0027s-Land Camp",
      "exits": {
        "North": 2134,
        "East": 2140,
        "West": 2138
      }
    },
    {
      "id": 2140,
      "name": "No-Man\u0027s-Land Camp",
      "exits": {
        "North": 2135,
        "South": 2145,
        "West": 2139
      }
    },
    {
      "id": 2141,
      "name": "No-Man\u0027s-Land Camp",
      "exits": {
        "North": 2136,
        "East": 2142,
        "South": 2146
      }
    },
    {
      "id": 2142,
      "name": "No-Man\u0027s-Land Camp",
      "exits": {
        "East": 2143,
        "West": 2141
      }
    },
    {
      "id": 2143,
      "name": "No-Man\u0027s-Land Camp",
      "exits": {
        "North": 2138,
        "East": 2144,
        "South": 2147,
        "West": 2142
      }
    },
    {
      "id": 2144,
      "name": "No-Man\u0027s-Land Camp",
      "exits": {
        "East": 2145,
        "West": 2143
      }
    },
    {
      "id": 2145,
      "name": "No-Man\u0027s-Land Camp",
      "exits": {
        "North": 2140,
        "South": 2149,
        "West": 2144
      }
    },
    {
      "id": 2146,
      "name": "No-Man\u0027s-Land Camp",
      "exits": {
        "North": 2141,
        "South": 2150
      }
    },
    {
      "id": 2147,
      "name": "No-Man\u0027s-Land Camp",
      "exits": {
        "North": 2143,
        "South": 2152
      }
    },
    {
      "id": 2148,
      "name": "A small ruined chapel",
      "exits": {
        "East": 2149
      }
    },
    {
      "id": 2149,
      "name": "No-Man\u0027s-Land Camp",
      "exits": {
        "North": 2145,
        "South": 2154,
        "West": 2148
      }
    },
    {
      "id": 2150,
      "name": "No-Man\u0027s-Land Camp",
      "exits": {
        "North": 2146,
        "East": 2151,
        "South": 2156
      }
    },
    {
      "id": 2151,
      "name": "Achilles Avenue",
      "exits": {
        "East": 2152,
        "West": 2150
      }
    },
    {
      "id": 2152,
      "name": "No-Man\u0027s-Land Camp",
      "exits": {
        "North": 2147,
        "South": 2157,
        "West": 2151
      }
    },
    {
      "id": 2153,
      "name": "What is left of the weaponshop",
      "exits": {
        "East": 2154
      }
    },
    {
      "id": 2154,
      "name": "No-Man\u0027s-Land Camp",
      "exits": {
        "North": 2149,
        "South": 2159,
        "West": 2153
      }
    },
    {
      "id": 2155,
      "name": "No-Man\u0027s-Land Camp",
      "exits": {
        "East": 2156,
        "South": 2162
      }
    },
    {
      "id": 2156,
      "name": "No-Man\u0027s-Land Camp",
      "exits": {
        "North": 2150,
        "South": 2163,
        "West": 2155
      }
    },
    {
      "id": 2157,
      "name": "No-Man\u0027s-Land Camp",
      "exits": {
        "North": 2152,
        "East": 2158,
        "South": 2164
      }
    },
    {
      "id": 2158,
      "name": "No-Man\u0027s-Land Camp",
      "exits": {
        "East": 2159,
        "South": 2165,
        "West": 2157
      }
    },
    {
      "id": 2159,
      "name": "No-Man\u0027s-Land Camp",
      "exits": {
        "North": 2154,
        "West": 2158
      }
    },
    {
      "id": 2160,
      "name": "Entrance to No-Man\u0027s-Land Camp",
      "exits": {
        "East": 2161,
        "West": 40722
      }
    },
    {
      "id": 2161,
      "name": "No-Man\u0027s-Land Camp",
      "exits": {
        "East": 2162,
        "West": 2160
      }
    },
    {
      "id": 2162,
      "name": "No-Man\u0027s-Land Camp",
      "exits": {
        "North": 2155,
        "South": 2166,
        "West": 2161
      }
    },
    {
      "id": 2163,
      "name": "No-Man\u0027s-Land Camp",
      "exits": {
        "North": 2156,
        "South": 2167
      }
    },
    {
      "id": 2164,
      "name": "No-Man\u0027s-Land Camp",
      "exits": {
        "North": 2157,
        "South": 2169
      }
    },
    {
      "id": 2165,
      "name": "No-Man\u0027s-Land Camp",
      "exits": {
        "North": 2158,
        "South": 2170
      }
    },
    {
      "id": 2166,
      "name": "No-Man\u0027s-Land Camp",
      "exits": {
        "North": 2162,
        "East": 2167
      }
    },
    {
      "id": 2167,
      "name": "No-Man\u0027s-Land Camp",
      "exits": {
        "North": 2163,
        "East": 2168,
        "West": 2166
      }
    },
    {
      "id": 2168,
      "name": "No-Man\u0027s-Land Camp",
      "exits": {
        "East": 2169,
        "West": 2167
      }
    },
    {
      "id": 2169,
      "name": "No-Man\u0027s-Land Camp",
      "exits": {
        "North": 2164,
        "East": 2170,
        "West": 2168
      }
    },
    {
      "id": 2170,
      "name": "No-Man\u0027s-Land Camp",
      "exits": {
        "North": 2165,
        "West": 2169
      }
    },
    {
      "id": 40732,
      "name": "To The North Road",
      "otherAreaExit": true,
      "exits": {
        "North": 40733,
        "East": 2101,
        "South": 40731,
        "West": 51202
      }
    },
    {
      "id": 40722,
      "name": "To The North Road",
      "otherAreaExit": true,
      "exits": {
        "North": 40723,
        "East": 2160,
        "South": 40721,
        "West": 51212
      }
    }
  ]
}