{
  "name": "Giant Village",
  "buildOptions": {
    "maxSteps": 1000,
    "fixObstacles": true,
    "fixNonStraight": true,
    "fixIntersected": true,
    "compactMap": true,
    "addDebugInfo": false,
    "colorizeConnectionIssues": true
  },
  "rooms": [
    {
      "id": 13200,
      "name": "Along the Bald and Sloping Tracks",
      "exits": {
        "East": 13201,
        "West": 13263
      }
    },
    {
      "id": 13201,
      "name": "Along the Bald and Sloping Tracks",
      "exits": {
        "East": 13202,
        "West": 13200
      }
    },
    {
      "id": 13202,
      "name": "Along the Bald and Sloping Tracks",
      "exits": {
        "East": 13203,
        "West": 13201
      }
    },
    {
      "id": 13203,
      "name": "Along the Bald and Sloping Tracks",
      "exits": {
        "North": 13213,
        "West": 13202
      }
    },
    {
      "id": 13204,
      "name": "A Dirt Road",
      "exits": {
        "East": 13205
      }
    },
    {
      "id": 13205,
      "name": "A Second Intersection in the Dirt Road",
      "exits": {
        "East": 13206
      }
    },
    {
      "id": 13206,
      "name": "A Dirt Road",
      "exits": {
        "East": 13207,
        "West": 13205
      }
    },
    {
      "id": 13207,
      "name": "Information Point",
      "exits": {
        "East": 13208,
        "West": 13206
      }
    },
    {
      "id": 13208,
      "name": "A Dark Dirt Road",
      "exits": {
        "East": 13209,
        "West": 13207
      }
    },
    {
      "id": 13209,
      "name": "A Dirt Road",
      "exits": {
        "East": 13210,
        "West": 13208
      }
    },
    {
      "id": 13210,
      "name": "A Dirt Road",
      "exits": {
        "East": 13211,
        "West": 13209
      }
    },
    {
      "id": 13211,
      "name": "A Dirt Road",
      "exits": {
        "East": 13212,
        "West": 13210
      }
    },
    {
      "id": 13212,
      "name": "A Turn in the Dirt Road",
      "exits": {
        "West": 13211
      }
    },
    {
      "id": 13213,
      "name": "Entering the Volcano",
      "exits": {
        "North": 13214,
        "South": 13203
      }
    },
    {
      "id": 13214,
      "name": "Rim of the Volcano",
      "exits": {
        "North": 13215,
        "East": 13219,
        "South": 13213
      }
    },
    {
      "id": 13215,
      "name": "Rim of the Volcano",
      "exits": {
        "North": 13216,
        "East": 13232,
        "South": 13214
      }
    },
    {
      "id": 13216,
      "name": "Rim of the Volcano",
      "exits": {
        "North": 13217,
        "South": 13215
      }
    },
    {
      "id": 13217,
      "name": "Rim of the Volcano",
      "exits": {
        "North": 13218,
        "East": 13242,
        "South": 13216
      }
    },
    {
      "id": 13218,
      "name": "Rim of the Volcano",
      "exits": {
        "North": 1555,
        "East": 13243,
        "South": 13217
      }
    },
    {
      "id": 13219,
      "name": "Rim of the Volcano",
      "exits": {
        "North": 13220,
        "East": 13221,
        "West": 13214
      }
    },
    {
      "id": 13220,
      "name": "A Broken Lava Bed",
      "exits": {
        "South": 13219
      }
    },
    {
      "id": 13221,
      "name": "Rim of the Volcano",
      "exits": {
        "North": 13222,
        "East": 13223,
        "West": 13219
      }
    },
    {
      "id": 13222,
      "name": "A Broken Lava Bed",
      "exits": {
        "South": 13221
      }
    },
    {
      "id": 13223,
      "name": "Rim of the Volcano",
      "exits": {
        "North": 13224,
        "East": 13225,
        "West": 13221
      }
    },
    {
      "id": 13224,
      "name": "A Broken Lava Bed",
      "exits": {
        "South": 13223
      }
    },
    {
      "id": 13225,
      "name": "Rim of the Volcano",
      "exits": {
        "North": 13226,
        "East": 13227,
        "West": 13223
      }
    },
    {
      "id": 13226,
      "name": "A Broken Lava Bed",
      "exits": {
        "South": 13225
      }
    },
    {
      "id": 13227,
      "name": "Rim of the Volcano",
      "exits": {
        "North": 13228,
        "West": 13225
      }
    },
    {
      "id": 13228,
      "name": "Rim of the Volcano",
      "exits": {
        "North": 13237,
        "South": 13227,
        "West": 13229
      }
    },
    {
      "id": 13229,
      "name": "A Broken Lava Bed",
      "exits": {
        "North": 13236,
        "East": 13228,
        "West": 13230
      }
    },
    {
      "id": 13230,
      "name": "A Broken Lava Bed",
      "exits": {
        "North": 13235,
        "East": 13229,
        "West": 13231
      }
    },
    {
      "id": 13231,
      "name": "A Broken Lava Bed",
      "exits": {
        "North": 13234,
        "East": 13230,
        "West": 13232
      }
    },
    {
      "id": 13232,
      "name": "A Broken Lava Bed",
      "exits": {
        "North": 13233,
        "East": 13231,
        "West": 13215
      }
    },
    {
      "id": 13233,
      "name": "A Broken Lava Bed",
      "exits": {
        "North": 13234,
        "South": 13232
      }
    },
    {
      "id": 13234,
      "name": "A Broken Lava Bed",
      "exits": {
        "North": 13241,
        "East": 13235,
        "South": 13231
      }
    },
    {
      "id": 13235,
      "name": "A Broken Lava Bed",
      "exits": {
        "North": 13240,
        "East": 13236,
        "South": 13230,
        "West": 13234
      }
    },
    {
      "id": 13236,
      "name": "A Broken Lava Bed",
      "exits": {
        "North": 13239,
        "East": 13237,
        "South": 13229,
        "West": 13235
      }
    },
    {
      "id": 13237,
      "name": "Rim of the Volcano",
      "exits": {
        "North": 13238,
        "South": 13228,
        "West": 13236
      }
    },
    {
      "id": 13238,
      "name": "Rim of the Volcano",
      "exits": {
        "South": 13237,
        "West": 13239
      }
    },
    {
      "id": 13239,
      "name": "Rim of the Volcano",
      "exits": {
        "East": 13238,
        "South": 13236,
        "West": 13240
      }
    },
    {
      "id": 13240,
      "name": "Rim of the Volcano",
      "exits": {
        "East": 13239,
        "South": 13235,
        "West": 13241
      }
    },
    {
      "id": 13241,
      "name": "Rim of the Volcano",
      "exits": {
        "East": 13240,
        "South": 13234,
        "West": 13242
      }
    },
    {
      "id": 13242,
      "name": "Rim of the Volcano",
      "exits": {
        "East": 13241,
        "West": 13217
      }
    },
    {
      "id": 13243,
      "name": "A worn trail",
      "exits": {
        "East": 13244,
        "West": 13218
      }
    },
    {
      "id": 13244,
      "name": "The Hangman\u0027s Stump",
      "exits": {
        "East": 13245,
        "West": 13243
      }
    },
    {
      "id": 13245,
      "name": "A worn trail",
      "exits": {
        "East": 13246,
        "West": 13244
      }
    },
    {
      "id": 13246,
      "name": "A Muddy Track",
      "exits": {
        "East": 13247,
        "West": 13245
      }
    },
    {
      "id": 13247,
      "name": "An Open Trail",
      "exits": {
        "East": 13248,
        "West": 13246
      }
    },
    {
      "id": 13248,
      "name": "An Open Trail",
      "exits": {
        "East": 13249,
        "West": 13247
      }
    },
    {
      "id": 13249,
      "name": "A Muddy Bend",
      "exits": {
        "South": 13250,
        "West": 13248
      }
    },
    {
      "id": 13250,
      "name": "Entering the Slave Pens",
      "exits": {
        "North": 13249,
        "East": 13256,
        "South": 13251
      }
    },
    {
      "id": 13251,
      "name": "Inside the Slave Pens",
      "exits": {
        "North": 13250,
        "East": 13255,
        "South": 13252
      }
    },
    {
      "id": 13252,
      "name": "A Dark Corner in the Slave Pens",
      "exits": {
        "North": 13251,
        "East": 13253
      }
    },
    {
      "id": 13253,
      "name": "Inside the Slave Pens",
      "exits": {
        "North": 13255,
        "East": 13259,
        "South": 13254,
        "West": 13252
      }
    },
    {
      "id": 13254,
      "name": "Efreeti\u0027s Domain",
      "exits": {
        "North": 13253
      }
    },
    {
      "id": 13255,
      "name": "The Center of the Slave Pens",
      "exits": {
        "North": 13256,
        "East": 13258,
        "South": 13253,
        "West": 13251
      }
    },
    {
      "id": 13256,
      "name": "Inside the Slave Pens",
      "exits": {
        "East": 13257,
        "South": 13255,
        "West": 13250
      }
    },
    {
      "id": 13257,
      "name": "A Dark Corner in the Slave Pens",
      "exits": {
        "South": 13258,
        "West": 13256
      }
    },
    {
      "id": 13258,
      "name": "Inside the Slave Pens",
      "exits": {
        "North": 13257,
        "South": 13259,
        "West": 13255
      }
    },
    {
      "id": 13259,
      "name": "A Dark Corner in the Slave Pens",
      "exits": {
        "North": 13258,
        "East": 13260,
        "West": 13253
      }
    },
    {
      "id": 13260,
      "name": "A Dark Passage",
      "exits": {
        "East": 13261,
        "West": 13259
      }
    },
    {
      "id": 13261,
      "name": "A Dark Passage",
      "exits": {
        "South": 13262,
        "West": 13260
      }
    },
    {
      "id": 13262,
      "name": "The Unholy Magicians Vault",
      "exits": {
        "North": 13261
      }
    },
    {
      "id": 13263,
      "name": "Along the Bald and Sloping Tracks",
      "exits": {
        "East": 13200,
        "West": 13264
      }
    },
    {
      "id": 13264,
      "name": "Along the Bald and Sloping Tracks",
      "exits": {
        "East": 13263,
        "West": 13265
      }
    },
    {
      "id": 13265,
      "name": "Along the Bald and Sloping Tracks",
      "exits": {
        "East": 13264,
        "West": 13266
      }
    },
    {
      "id": 13266,
      "name": "Along the Bald and Sloping Tracks",
      "exits": {
        "East": 13265,
        "West": 13267
      }
    },
    {
      "id": 13267,
      "name": "Along the Bald and Sloping Tracks",
      "exits": {
        "East": 13266,
        "West": 13268
      }
    },
    {
      "id": 13268,
      "name": "Along the Bald and Sloping Tracks",
      "exits": {
        "East": 13267,
        "West": 13269
      }
    },
    {
      "id": 13269,
      "name": "Along the Bald and Sloping Tracks",
      "exits": {
        "East": 13268,
        "West": 13270
      }
    },
    {
      "id": 13270,
      "name": "Along the Bald and Sloping Tracks",
      "exits": {
        "East": 13269,
        "South": 13271
      }
    },
    {
      "id": 13271,
      "name": "Along the Bald and Sloping Tracks",
      "exits": {
        "North": 13270,
        "West": 13272
      }
    },
    {
      "id": 13272,
      "name": "Along the Bald and Sloping Tracks",
      "exits": {
        "East": 13271,
        "West": 13273
      }
    },
    {
      "id": 13273,
      "name": "Along the Bald and Sloping Tracks",
      "exits": {
        "East": 13272,
        "West": 13274
      }
    },
    {
      "id": 13274,
      "name": "A Sandy Beach",
      "exits": {
        "East": 13273,
        "West": 13275
      }
    },
    {
      "id": 13275,
      "name": "A Sandy Beach",
      "exits": {
        "East": 13274,
        "West": 21032
      }
    },
    {
      "id": 1555,
      "name": "To The Southern Swamps",
      "otherAreaExit": true,
      "exits": {
        "South": 13218,
        "West": 1554
      }
    },
    {
      "id": 21032,
      "name": "To Avalon",
      "otherAreaExit": true,
      "exits": {
        "North": 21028,
        "East": 13275,
        "West": 21031
      }
    }
  ]
}