{
  "name": "Goblin Village",
  "buildOptions": {
    "maxSteps": 1000,
    "fixObstacles": true,
    "fixNonStraight": true,
    "fixIntersected": true,
    "compactMap": true,
    "addDebugInfo": false,
    "colorizeConnectionIssues": true
  },
  "rooms": [
    {
      "id": 50400,
      "name": "Outside the Gate of the Goblin Village",
      "exits": {
        "South": 50401,
        "West": 40624
      }
    },
    {
      "id": 50401,
      "name": "Inside the Goblin Village",
      "exits": {
        "North": 50400,
        "East": 50402
      }
    },
    {
      "id": 50402,
      "name": "Inside the Goblin Village",
      "exits": {
        "East": 50403,
        "West": 50401
      }
    },
    {
      "id": 50403,
      "name": "Inside the Goblin Village",
      "exits": {
        "North": 50404,
        "East": 50408,
        "South": 50406,
        "West": 50402
      }
    },
    {
      "id": 50404,
      "name": "Outside a goblin hut",
      "exits": {
        "North": 50405,
        "South": 50403
      }
    },
    {
      "id": 50405,
      "name": "Inside a goblin hut",
      "exits": {
        "South": 50404
      }
    },
    {
      "id": 50406,
      "name": "Outside a goblin hut",
      "exits": {
        "North": 50403,
        "South": 50407
      }
    },
    {
      "id": 50407,
      "name": "Inside a goblin hut",
      "exits": {
        "North": 50406
      }
    },
    {
      "id": 50408,
      "name": "Inside the Goblin Village",
      "exits": {
        "East": 50409,
        "West": 50403
      }
    },
    {
      "id": 50409,
      "name": "Inside the Goblin Village",
      "exits": {
        "North": 50410,
        "East": 50414,
        "South": 50412,
        "West": 50408
      }
    },
    {
      "id": 50410,
      "name": "Outside a goblin hut",
      "exits": {
        "North": 50411,
        "South": 50409
      }
    },
    {
      "id": 50411,
      "name": "Inside a goblin hut",
      "exits": {
        "South": 50410
      }
    },
    {
      "id": 50412,
      "name": "Outside a goblin hut",
      "exits": {
        "North": 50409,
        "South": 50413
      }
    },
    {
      "id": 50413,
      "name": "Inside a goblin hut",
      "exits": {
        "North": 50412
      }
    },
    {
      "id": 50414,
      "name": "Inside the Goblin Village",
      "exits": {
        "East": 50415,
        "West": 50409
      }
    },
    {
      "id": 50415,
      "name": "Inside the Goblin Village",
      "exits": {
        "North": 50416,
        "East": 50420,
        "South": 50418,
        "West": 50414
      }
    },
    {
      "id": 50416,
      "name": "Outside a goblin hut",
      "exits": {
        "North": 50417,
        "South": 50415
      }
    },
    {
      "id": 50417,
      "name": "Inside a goblin hut",
      "exits": {
        "South": 50416
      }
    },
    {
      "id": 50418,
      "name": "Outside a goblin hut",
      "exits": {
        "North": 50415,
        "South": 50419
      }
    },
    {
      "id": 50419,
      "name": "Inside a goblin hut",
      "exits": {
        "North": 50418
      }
    },
    {
      "id": 50420,
      "name": "Inside the Goblin Village",
      "exits": {
        "East": 50421,
        "West": 50415
      }
    },
    {
      "id": 50421,
      "name": "Inside the Goblin Village",
      "exits": {
        "East": 50422,
        "West": 50420
      }
    },
    {
      "id": 50422,
      "name": "A cave entrance in the Goblin Village",
      "exits": {
        "South": 50423,
        "West": 50421
      }
    },
    {
      "id": 50423,
      "name": "Inside of a cave in the Goblin Village",
      "exits": {
        "North": 50422,
        "East": 50424
      }
    },
    {
      "id": 50424,
      "name": "Inside of a cave in the Goblin Village",
      "exits": {
        "East": 50425,
        "West": 50423
      }
    },
    {
      "id": 50425,
      "name": "Inside of a cave in the Goblin Village",
      "exits": {
        "North": 50427,
        "East": 50426,
        "South": 50429,
        "West": 50424
      }
    },
    {
      "id": 50426,
      "name": "The commander\u0027s room",
      "exits": {
        "West": 50425
      }
    },
    {
      "id": 50427,
      "name": "Outside a prison cell",
      "exits": {
        "North": 50428,
        "South": 50425
      }
    },
    {
      "id": 50428,
      "name": "Inside a prison cell",
      "exits": {
        "South": 50427
      }
    },
    {
      "id": 50429,
      "name": "Entrance to the Underdark",
      "exits": {
        "North": 50425,
        "South": 50430
      }
    },
    {
      "id": 50430,
      "name": "The Underdark",
      "exits": {
        "North": 50429,
        "Down": 50431
      }
    },
    {
      "id": 50431,
      "name": "The Underdark",
      "exits": {
        "Up": 50430,
        "Down": 50432
      }
    },
    {
      "id": 50432,
      "name": "The Underdark ",
      "exits": {
        "Up": 50431,
        "Down": 50433
      }
    },
    {
      "id": 50433,
      "name": "The Underdark ",
      "exits": {
        "East": 50434,
        "Up": 50432
      }
    },
    {
      "id": 50434,
      "name": "The Underdark ",
      "exits": {
        "East": 50435,
        "West": 50433
      }
    },
    {
      "id": 50435,
      "name": "The Underdark ",
      "exits": {
        "South": 50436,
        "West": 50434
      }
    },
    {
      "id": 50436,
      "name": "The Underdark ",
      "exits": {
        "North": 50435,
        "South": 50437
      }
    },
    {
      "id": 50437,
      "name": "The Underdark ",
      "exits": {
        "North": 50436,
        "Down": 50438
      }
    },
    {
      "id": 50438,
      "name": "The Underdark ",
      "exits": {
        "East": 50439,
        "Up": 50437
      }
    },
    {
      "id": 50439,
      "name": "The Underdark ",
      "exits": {
        "East": 17219,
        "West": 50438
      }
    },
    {
      "id": 40624,
      "name": "To Miden\u0027nir",
      "otherAreaExit": true,
      "exits": {
        "North": 60386,
        "East": 50400,
        "South": 60387,
        "West": 40623
      }
    },
    {
      "id": 17219,
      "name": "To UnderDark",
      "otherAreaExit": true,
      "exits": {
        "South": 17220,
        "West": 50439
      }
    }
  ]
}