{
  "name": "Graveyard",
  "buildOptions": {
    "maxSteps": 1000,
    "fixObstacles": true,
    "fixNonStraight": true,
    "fixIntersected": true,
    "compactMap": true,
    "addDebugInfo": false,
    "colorizeConnectionIssues": true
  },
  "rooms": [
    {
      "id": 3600,
      "name": "A Gravel Road in the Graveyard",
      "exits": {
        "North": 3124,
        "East": 3650,
        "South": 3601,
        "West": 3606
      }
    },
    {
      "id": 3601,
      "name": "A Gravel Road in the Graveyard",
      "exits": {
        "North": 3600,
        "South": 3602
      }
    },
    {
      "id": 3602,
      "name": "A Gravel Road in the Graveyard",
      "exits": {
        "North": 3601,
        "South": 3603
      }
    },
    {
      "id": 3603,
      "name": "A Gravel Road in the Graveyard",
      "exits": {
        "North": 3602,
        "South": 3604
      }
    },
    {
      "id": 3604,
      "name": "In front of the Chapel",
      "exits": {
        "North": 3603,
        "East": 3638,
        "South": 3405,
        "West": 3618
      }
    },
    {
      "id": 3606,
      "name": "A Gravel Path on the Graveyard",
      "exits": {
        "East": 3600,
        "South": 3608,
        "Down": 3607
      }
    },
    {
      "id": 3607,
      "name": "In a dusty Tomb",
      "exits": {
        "Up": 3606
      }
    },
    {
      "id": 3608,
      "name": "A Gravel Path on the Graveyard",
      "exits": {
        "North": 3606,
        "West": 3610,
        "Down": 3609
      }
    },
    {
      "id": 3609,
      "name": "In a dusty Tomb",
      "exits": {
        "Up": 3608
      }
    },
    {
      "id": 3610,
      "name": "A Gravel Path on the Graveyard",
      "exits": {
        "East": 3608,
        "South": 3612,
        "Down": 3611
      }
    },
    {
      "id": 3611,
      "name": "In a dusty Tomb",
      "exits": {
        "Up": 3610
      }
    },
    {
      "id": 3612,
      "name": "A Gravel Path on the Graveyard",
      "exits": {
        "North": 3610,
        "East": 3614,
        "West": 3613
      }
    },
    {
      "id": 3613,
      "name": "In a shed on the Graveyard",
      "exits": {
        "East": 3612
      }
    },
    {
      "id": 3614,
      "name": "A Gravel Path on the Graveyard",
      "exits": {
        "South": 3616,
        "West": 3612,
        "Down": 3615
      }
    },
    {
      "id": 3615,
      "name": "In a dusty Tomb",
      "exits": {
        "Up": 3614
      }
    },
    {
      "id": 3616,
      "name": "A Gravel Path on the Graveyard",
      "exits": {
        "North": 3614,
        "South": 3618,
        "Down": 3617
      }
    },
    {
      "id": 3617,
      "name": "In a dusty Tomb",
      "exits": {
        "Up": 3616
      }
    },
    {
      "id": 3618,
      "name": "A Gravel Path on the Graveyard",
      "exits": {
        "North": 3616,
        "East": 3604,
        "Down": 3619
      }
    },
    {
      "id": 3619,
      "name": "In a dusty Tomb",
      "exits": {
        "Up": 3618
      }
    },
    {
      "id": 3638,
      "name": "A Gravel Path on the Graveyard",
      "exits": {
        "North": 3640,
        "West": 3604,
        "Down": 3639
      }
    },
    {
      "id": 3639,
      "name": "In a dusty Tomb",
      "exits": {
        "Up": 3638
      }
    },
    {
      "id": 3640,
      "name": "A Gravel Path on the Graveyard",
      "exits": {
        "North": 3642,
        "South": 3638,
        "Down": 3641
      }
    },
    {
      "id": 3641,
      "name": "In a dusty Tomb",
      "exits": {
        "Up": 3640
      }
    },
    {
      "id": 3642,
      "name": "A Gravel Path on the Graveyard",
      "exits": {
        "East": 3644,
        "South": 3640,
        "Down": 3643
      }
    },
    {
      "id": 3643,
      "name": "In a dusty Tomb",
      "exits": {
        "Up": 3642
      }
    },
    {
      "id": 3644,
      "name": "A Gravel Path on the Graveyard",
      "exits": {
        "North": 3646,
        "West": 3642,
        "Down": 3645
      }
    },
    {
      "id": 3645,
      "name": "In a dusty Tomb",
      "exits": {
        "Up": 3644
      }
    },
    {
      "id": 3646,
      "name": "A Gravel Path on the Graveyard",
      "exits": {
        "South": 3644,
        "West": 3648,
        "Down": 3647
      }
    },
    {
      "id": 3647,
      "name": "In a dusty Tomb",
      "exits": {
        "Up": 3646
      }
    },
    {
      "id": 3648,
      "name": "A Gravel Path on the Graveyard",
      "exits": {
        "North": 3650,
        "East": 3646,
        "Down": 3649
      }
    },
    {
      "id": 3649,
      "name": "In a dusty Tomb",
      "exits": {
        "Up": 3648
      }
    },
    {
      "id": 3650,
      "name": "A Gravel Path on the Graveyard",
      "exits": {
        "South": 3648,
        "West": 3600,
        "Down": 3651
      }
    },
    {
      "id": 3651,
      "name": "In a dusty Tomb",
      "exits": {
        "Up": 3650
      }
    },
    {
      "id": 3124,
      "name": "To Midgaard",
      "otherAreaExit": true,
      "exits": {
        "North": 3144,
        "East": 3273,
        "South": 3600,
        "West": 3123
      }
    },
    {
      "id": 3405,
      "name": "To Chapel",
      "otherAreaExit": true,
      "exits": {
        "North": 3604,
        "Down": 3421
      }
    }
  ]
}