{
  "name": "Haon Dor",
  "buildOptions": {
    "maxSteps": 1000,
    "fixObstacles": true,
    "fixNonStraight": true,
    "fixIntersected": true,
    "compactMap": true,
    "addDebugInfo": false,
    "colorizeConnectionIssues": true
  },
  "rooms": [
    {
      "id": 51400,
      "name": "A Light Forest Trailhead",
      "exits": {
        "North": 51565,
        "East": 19537,
        "West": 51401
      }
    },
    {
      "id": 51401,
      "name": "A Trail Through the Light Forest ",
      "exits": {
        "North": 51572,
        "East": 51400,
        "West": 51402
      }
    },
    {
      "id": 51402,
      "name": "A Trail Through the Light Forest ",
      "exits": {
        "North": 51573,
        "East": 51401,
        "South": 51411,
        "West": 51403
      }
    },
    {
      "id": 51403,
      "name": "A Trail Through the Light Forest ",
      "exits": {
        "North": 51580,
        "East": 51402,
        "West": 51404
      }
    },
    {
      "id": 51404,
      "name": "A Junction in the Forest Trail",
      "exits": {
        "North": 51556,
        "East": 51403,
        "South": 51405,
        "West": 51500
      }
    },
    {
      "id": 51405,
      "name": "A small path in the dense forest",
      "exits": {
        "North": 51404,
        "South": 51406
      }
    },
    {
      "id": 51406,
      "name": "A small path in the dense forest",
      "exits": {
        "North": 51405,
        "East": 51407
      }
    },
    {
      "id": 51407,
      "name": "An intersection in the dense forest",
      "exits": {
        "East": 51408,
        "South": 51412,
        "West": 51406
      }
    },
    {
      "id": 51408,
      "name": "The forest clearing",
      "exits": {
        "North": 51411,
        "East": 51409,
        "West": 51407
      }
    },
    {
      "id": 51409,
      "name": "Outside a small cabin in the forest",
      "exits": {
        "North": 51410,
        "South": 51414,
        "West": 51408
      }
    },
    {
      "id": 51410,
      "name": "Inside the cabin",
      "exits": {
        "South": 51409
      }
    },
    {
      "id": 51411,
      "name": "A small path through the light forest",
      "exits": {
        "North": 51402,
        "South": 51408
      }
    },
    {
      "id": 51412,
      "name": "An intersection in the dense forest",
      "exits": {
        "North": 51407,
        "East": 51413,
        "South": 51421
      }
    },
    {
      "id": 51413,
      "name": "A small path in the dense forest",
      "exits": {
        "East": 51414,
        "West": 51412
      }
    },
    {
      "id": 51414,
      "name": "An intersection in the dense forest",
      "exits": {
        "North": 51409,
        "East": 51415,
        "West": 51413
      }
    },
    {
      "id": 51415,
      "name": "A small path in the dense forest",
      "exits": {
        "South": 51416,
        "West": 51414
      }
    },
    {
      "id": 51416,
      "name": "A small path in the dense forest",
      "exits": {
        "North": 51415,
        "South": 51417
      }
    },
    {
      "id": 51417,
      "name": "A small path in the dense forest",
      "exits": {
        "North": 51416,
        "West": 51418
      }
    },
    {
      "id": 51418,
      "name": "An intersection in the light forest",
      "exits": {
        "North": 51423,
        "East": 51417,
        "West": 51419
      }
    },
    {
      "id": 51419,
      "name": "A small path in the dense forest",
      "exits": {
        "North": 51420,
        "East": 51418
      }
    },
    {
      "id": 51420,
      "name": "A small path in the dense forest",
      "exits": {
        "South": 51419,
        "West": 51421
      }
    },
    {
      "id": 51421,
      "name": "A small path in the dense forest",
      "exits": {
        "North": 51412,
        "East": 51420,
        "West": 51422
      }
    },
    {
      "id": 51422,
      "name": "Inside the cave",
      "exits": {
        "East": 51421
      }
    },
    {
      "id": 51423,
      "name": "On a small, grassy field",
      "exits": {
        "South": 51418
      }
    },
    {
      "id": 51500,
      "name": "A narrow trail through the deep, dark forest",
      "exits": {
        "East": 51404,
        "West": 51501
      }
    },
    {
      "id": 51501,
      "name": "A narrow trail through the deep, dark forest",
      "exits": {
        "East": 51500,
        "South": 51504,
        "West": 51502
      }
    },
    {
      "id": 51502,
      "name": "A narrow trail through the deep, dark forest",
      "exits": {
        "East": 51501,
        "West": 51503
      }
    },
    {
      "id": 51503,
      "name": "A narrow trail through the deep, dark forest",
      "exits": {
        "North": 51550,
        "East": 51502,
        "South": 51508
      }
    },
    {
      "id": 51504,
      "name": "A small path in the deep, dark forest",
      "exits": {
        "North": 51501,
        "South": 51505
      }
    },
    {
      "id": 51505,
      "name": "A small path in the deep, dark forest",
      "exits": {
        "North": 51504,
        "West": 51506
      }
    },
    {
      "id": 51506,
      "name": "A junction in the deep, dark forest",
      "exits": {
        "East": 51505,
        "South": 51517,
        "West": 51507
      }
    },
    {
      "id": 51507,
      "name": "A small path in the deep, dark forest",
      "exits": {
        "North": 51508,
        "East": 51506
      }
    },
    {
      "id": 51508,
      "name": "A narrow trail through the deep, dark forest",
      "exits": {
        "North": 51503,
        "South": 51507,
        "West": 51509
      }
    },
    {
      "id": 51509,
      "name": "A narrow trail through the deep, dark forest",
      "exits": {
        "East": 51508,
        "West": 51510
      }
    },
    {
      "id": 51510,
      "name": "A narrow trail through the deep, dark forest",
      "exits": {
        "North": 51544,
        "East": 51509,
        "South": 51511
      }
    },
    {
      "id": 51511,
      "name": "A narrow trail through the deep, dark forest",
      "exits": {
        "North": 51510,
        "South": 51512
      }
    },
    {
      "id": 51512,
      "name": "A narrow trail through the deep, dark forest",
      "exits": {
        "North": 51511,
        "East": 51513,
        "West": 51527
      }
    },
    {
      "id": 51513,
      "name": "A small path in the deep, dark forest",
      "exits": {
        "South": 51514,
        "West": 51512
      }
    },
    {
      "id": 51514,
      "name": "A junction in the deep, dark forest",
      "exits": {
        "North": 51513,
        "East": 51515,
        "West": 51522
      }
    },
    {
      "id": 51515,
      "name": "A small path in the deep, dark forest",
      "exits": {
        "North": 51516,
        "West": 51514
      }
    },
    {
      "id": 51516,
      "name": "A small path in the deep, dark forest",
      "exits": {
        "East": 51517,
        "South": 51515
      }
    },
    {
      "id": 51517,
      "name": "A junction in the deep, dark forest",
      "exits": {
        "North": 51506,
        "East": 51518,
        "West": 51516
      }
    },
    {
      "id": 51518,
      "name": "A small path in the deep, dark forest",
      "exits": {
        "South": 51519,
        "West": 51517
      }
    },
    {
      "id": 51519,
      "name": "A small path in the deep, dark forest",
      "exits": {
        "North": 51518,
        "South": 51520
      }
    },
    {
      "id": 51520,
      "name": "On the river bank in the deep, dark forest",
      "exits": {
        "North": 51519,
        "South": 51591,
        "West": 51521
      }
    },
    {
      "id": 51521,
      "name": "Beginning of a bridge across the dark river",
      "exits": {
        "East": 51520,
        "South": 50900
      }
    },
    {
      "id": 51522,
      "name": "A small path in the deep, dark forest",
      "exits": {
        "East": 51514,
        "South": 51523
      }
    },
    {
      "id": 51523,
      "name": "A junction on the river bank in the deep, dark forest",
      "exits": {
        "North": 51522,
        "East": 51524,
        "West": 51525
      }
    },
    {
      "id": 51524,
      "name": "A dead end path in the deep, dark forest",
      "exits": {
        "West": 51523
      }
    },
    {
      "id": 51525,
      "name": "A small path on the river bank in the deep, dark forest",
      "exits": {
        "North": 51526,
        "East": 51523
      }
    },
    {
      "id": 51526,
      "name": "A narrow trail through the deep, dark forest",
      "exits": {
        "North": 51527,
        "South": 51525,
        "West": 51528
      }
    },
    {
      "id": 51527,
      "name": "A narrow trail through the deep, dark forest",
      "exits": {
        "East": 51512,
        "South": 51526
      }
    },
    {
      "id": 51528,
      "name": "A narrow trail through the deep, dark forest",
      "exits": {
        "East": 51526,
        "West": 51529
      }
    },
    {
      "id": 51529,
      "name": "A narrow trail through the deep, dark forest",
      "exits": {
        "East": 51528,
        "West": 51535
      }
    },
    {
      "id": 51530,
      "name": "A narrow trail through the deep, dark forest",
      "exits": {
        "East": 51544,
        "Up": 51532
      }
    },
    {
      "id": 51531,
      "name": "The spider web",
      "exits": {}
    },
    {
      "id": 51532,
      "name": "Up in the tree",
      "exits": {
        "West": 51533,
        "Down": 51530
      }
    },
    {
      "id": 51533,
      "name": "On the spider web",
      "exits": {
        "North": 6200,
        "East": 51532,
        "West": 51534
      }
    },
    {
      "id": 51534,
      "name": "The Den of the Queen Spider",
      "exits": {
        "East": 51533
      }
    },
    {
      "id": 51535,
      "name": "A dusty trail in the deep, dark forest",
      "exits": {
        "North": 51536,
        "East": 51529
      }
    },
    {
      "id": 51536,
      "name": "A dusty trail in the deep, dark forest",
      "exits": {
        "East": 51542,
        "South": 51535,
        "West": 51537
      }
    },
    {
      "id": 51537,
      "name": "At the end of the trail through the deep, dark forest",
      "exits": {
        "North": 1300,
        "East": 51536
      }
    },
    {
      "id": 51542,
      "name": "Outside a cave in the deep, dark forest",
      "exits": {
        "North": 51543,
        "West": 51536
      }
    },
    {
      "id": 51543,
      "name": "The cave of the Green Dragon",
      "exits": {
        "South": 51542
      }
    },
    {
      "id": 51544,
      "name": "A small path in the deep, dark forest",
      "exits": {
        "South": 51510,
        "West": 51530
      }
    },
    {
      "id": 51550,
      "name": "The narrow trail.",
      "exits": {
        "North": 51551,
        "South": 51503
      }
    },
    {
      "id": 51551,
      "name": "The narrow trail.",
      "exits": {
        "East": 51552,
        "South": 51550
      }
    },
    {
      "id": 51552,
      "name": "The circle of trees.",
      "exits": {
        "East": 51553,
        "West": 51551
      }
    },
    {
      "id": 51553,
      "name": "Inside the great tree.",
      "exits": {
        "West": 51552,
        "Down": 51554
      }
    },
    {
      "id": 51554,
      "name": "The underground hallway.",
      "exits": {
        "South": 51555,
        "Up": 51553
      }
    },
    {
      "id": 51555,
      "name": "The cultist temple.",
      "exits": {
        "North": 51554
      }
    },
    {
      "id": 51556,
      "name": "A trail through the dense forest",
      "exits": {
        "North": 51557,
        "East": 51580,
        "South": 51404
      }
    },
    {
      "id": 51557,
      "name": "A trail through the dense forest",
      "exits": {
        "North": 51558,
        "East": 51579,
        "South": 51556
      }
    },
    {
      "id": 51558,
      "name": "A trail through the dense forest",
      "exits": {
        "North": 51559,
        "East": 51578,
        "South": 51557,
        "West": 51593
      }
    },
    {
      "id": 51559,
      "name": "A trail through the dense forest",
      "exits": {
        "North": 51560,
        "East": 51577,
        "South": 51558
      }
    },
    {
      "id": 51560,
      "name": "A trail through the dense forest",
      "exits": {
        "East": 51561,
        "South": 51559
      }
    },
    {
      "id": 51561,
      "name": "A trail through the dense forest",
      "exits": {
        "East": 51562,
        "South": 51577,
        "West": 51560
      }
    },
    {
      "id": 51562,
      "name": "A trail through the dense forest",
      "exits": {
        "East": 51563,
        "South": 51576,
        "West": 51561
      }
    },
    {
      "id": 51563,
      "name": "A trail through the dense forest",
      "exits": {
        "East": 51564,
        "South": 51569,
        "West": 51562
      }
    },
    {
      "id": 51564,
      "name": "A trail through the dense forest",
      "exits": {
        "East": 19532,
        "South": 51568,
        "West": 51563
      }
    },
    {
      "id": 51565,
      "name": "Edge of a Dense Forest",
      "exits": {
        "North": 51566,
        "East": 19536,
        "South": 51400,
        "West": 51572
      }
    },
    {
      "id": 51566,
      "name": "Edge of a Dense Forest",
      "exits": {
        "North": 51567,
        "East": 19535,
        "South": 51565,
        "West": 51571
      }
    },
    {
      "id": 51569,
      "name": "Within a Dense Forest",
      "exits": {
        "North": 51563,
        "East": 51568,
        "South": 51570,
        "West": 51576
      }
    },
    {
      "id": 51571,
      "name": "Within a Dense Forest",
      "exits": {
        "North": 51570,
        "East": 51566,
        "South": 51572,
        "West": 51574
      }
    },
    {
      "id": 51572,
      "name": "Within a Dense Forest",
      "exits": {
        "North": 51571,
        "East": 51565,
        "South": 51401,
        "West": 51573
      }
    },
    {
      "id": 51573,
      "name": "Within a Dense Forest ",
      "exits": {
        "North": 51574,
        "East": 51572,
        "South": 51402,
        "West": 51580
      }
    },
    {
      "id": 51574,
      "name": "Within a Dense Forest ",
      "exits": {
        "North": 51575,
        "East": 51571,
        "South": 51573,
        "West": 51579
      }
    },
    {
      "id": 51575,
      "name": "Within a Dense Forest ",
      "exits": {
        "North": 51576,
        "East": 51570,
        "South": 51574,
        "West": 51578
      }
    },
    {
      "id": 51576,
      "name": "Within a Dense Forest ",
      "exits": {
        "North": 51562,
        "East": 51569,
        "South": 51575,
        "West": 51577
      }
    },
    {
      "id": 51577,
      "name": "Within a Dense Forest ",
      "exits": {
        "North": 51561,
        "East": 51576,
        "South": 51578,
        "West": 51559
      }
    },
    {
      "id": 51578,
      "name": "Within a Dense Forest ",
      "exits": {
        "North": 51577,
        "East": 51575,
        "South": 51579,
        "West": 51558
      }
    },
    {
      "id": 51579,
      "name": "Within a Dense Forest ",
      "exits": {
        "North": 51578,
        "East": 51574,
        "South": 51580,
        "West": 51557
      }
    },
    {
      "id": 51580,
      "name": "Within a Dense Forest ",
      "exits": {
        "North": 51579,
        "East": 51573,
        "South": 51403,
        "West": 51556
      }
    },
    {
      "id": 51581,
      "name": "Tigris River",
      "exits": {
        "East": 19121,
        "West": 51582
      }
    },
    {
      "id": 51582,
      "name": "Tigris River",
      "exits": {
        "East": 51581,
        "West": 51583
      }
    },
    {
      "id": 51583,
      "name": "River Bend",
      "exits": {
        "North": 51584,
        "East": 51582
      }
    },
    {
      "id": 51584,
      "name": "River Bend",
      "exits": {
        "South": 51583,
        "West": 51585
      }
    },
    {
      "id": 51585,
      "name": "Tigris River",
      "exits": {
        "East": 51584,
        "West": 51586
      }
    },
    {
      "id": 51586,
      "name": "Tigris River",
      "exits": {
        "East": 51585,
        "West": 51587
      }
    },
    {
      "id": 51587,
      "name": "River Bend",
      "exits": {
        "North": 51588,
        "East": 51586
      }
    },
    {
      "id": 51588,
      "name": "Tigris River",
      "exits": {
        "North": 51589,
        "South": 51587
      }
    },
    {
      "id": 51589,
      "name": "River Bend",
      "exits": {
        "South": 51588,
        "West": 51590
      }
    },
    {
      "id": 51590,
      "name": "Tigris River",
      "exits": {
        "East": 51589,
        "West": 51591
      }
    },
    {
      "id": 51591,
      "name": "Tigris River",
      "exits": {
        "North": 51520,
        "East": 51590,
        "West": 51592
      }
    },
    {
      "id": 51592,
      "name": "Tigris River",
      "exits": {
        "East": 51591
      }
    },
    {
      "id": 51567,
      "name": "Edge of a Dense Forest",
      "exits": {
        "North": 51568,
        "East": 19534,
        "South": 51566,
        "West": 51570
      }
    },
    {
      "id": 51568,
      "name": "Edge of a Dense Forest",
      "exits": {
        "North": 51564,
        "East": 19533,
        "South": 51567,
        "West": 51569
      }
    },
    {
      "id": 51570,
      "name": "Within a Dense Forest",
      "exits": {
        "North": 51569,
        "East": 51567,
        "South": 51571,
        "West": 51575
      }
    },
    {
      "id": 51593,
      "name": "Inside A Massive Living Tree",
      "exits": {
        "North": 51594,
        "East": 51558
      }
    },
    {
      "id": 51594,
      "name": "Deep Within the Massive Living Tree",
      "exits": {
        "South": 51593
      }
    },
    {
      "id": 19537,
      "name": "To Outskirts of Astoria",
      "otherAreaExit": true,
      "exits": {
        "North": 19536,
        "East": 19014,
        "South": 19538,
        "West": 51400
      }
    },
    {
      "id": 50900,
      "name": "To Forest Road",
      "otherAreaExit": true,
      "exits": {
        "North": 51521,
        "South": 50901
      }
    },
    {
      "id": 6200,
      "name": "To Arachnos",
      "otherAreaExit": true,
      "exits": {
        "North": 6203,
        "South": 51533
      }
    },
    {
      "id": 1300,
      "name": "To High Tower",
      "otherAreaExit": true,
      "exits": {
        "North": 1308,
        "South": 51537,
        "West": 13188
      }
    },
    {
      "id": 19532,
      "name": "To Outskirts of Astoria",
      "otherAreaExit": true,
      "exits": {
        "North": 19531,
        "South": 19533,
        "West": 51564
      }
    },
    {
      "id": 19536,
      "name": "To Outskirts of Astoria",
      "otherAreaExit": true,
      "exits": {
        "North": 19535,
        "South": 19537,
        "West": 51565
      }
    },
    {
      "id": 19535,
      "name": "To Outskirts of Astoria",
      "otherAreaExit": true,
      "exits": {
        "North": 19534,
        "South": 19536,
        "West": 51566
      }
    },
    {
      "id": 19121,
      "name": "To Astoria",
      "otherAreaExit": true,
      "exits": {
        "East": 19120,
        "West": 51581
      }
    },
    {
      "id": 19534,
      "name": "To Outskirts of Astoria",
      "otherAreaExit": true,
      "exits": {
        "North": 19533,
        "South": 19535,
        "West": 51567
      }
    },
    {
      "id": 19533,
      "name": "To Outskirts of Astoria",
      "otherAreaExit": true,
      "exits": {
        "North": 19532,
        "South": 19534,
        "West": 51568
      }
    }
  ]
}