{
  "name": "Hell",
  "buildOptions": {
    "maxSteps": 1000,
    "fixObstacles": true,
    "fixNonStraight": true,
    "fixIntersected": true,
    "compactMap": true,
    "addDebugInfo": false,
    "colorizeConnectionIssues": true
  },
  "rooms": [
    {
      "id": 27000,
      "name": "Purgatory",
      "exits": {
        "West": 27001,
        "Up": 16136
      }
    },
    {
      "id": 27001,
      "name": "Entrance to the Vice and Sin Casino",
      "exits": {
        "West": 27002
      }
    },
    {
      "id": 27002,
      "name": "Top of the Stairs",
      "exits": {
        "East": 27001,
        "Down": 27003
      }
    },
    {
      "id": 27003,
      "name": "The Stairs",
      "exits": {
        "Up": 27002,
        "Down": 27004
      }
    },
    {
      "id": 27004,
      "name": "The Stairs",
      "exits": {
        "Up": 27003,
        "Down": 27005
      }
    },
    {
      "id": 27005,
      "name": "Bottom of the Stairs",
      "exits": {
        "West": 27035,
        "Up": 27004
      }
    },
    {
      "id": 27006,
      "name": "A Bedroom",
      "exits": {
        "West": 27007
      }
    },
    {
      "id": 27007,
      "name": "A Hallway",
      "exits": {
        "East": 27006,
        "South": 27015
      }
    },
    {
      "id": 27008,
      "name": "The Craps Tables",
      "exits": {
        "South": 27016,
        "West": 27009
      }
    },
    {
      "id": 27009,
      "name": "The Craps Tables",
      "exits": {
        "East": 27008,
        "South": 27017,
        "West": 27010
      }
    },
    {
      "id": 27010,
      "name": "The Poker Tables",
      "exits": {
        "East": 27009,
        "South": 27018,
        "West": 27011
      }
    },
    {
      "id": 27011,
      "name": "The Poker Tables",
      "exits": {
        "East": 27010,
        "South": 27019
      }
    },
    {
      "id": 27012,
      "name": "A Hallway",
      "exits": {
        "South": 27020,
        "West": 27013
      }
    },
    {
      "id": 27013,
      "name": "The Tabacco Shop",
      "exits": {
        "East": 27012
      }
    },
    {
      "id": 27014,
      "name": "A Bedroom",
      "exits": {
        "West": 27015
      }
    },
    {
      "id": 27015,
      "name": "A Hallway",
      "exits": {
        "North": 27007,
        "East": 27014,
        "South": 27023
      }
    },
    {
      "id": 27016,
      "name": "The Craps Tables",
      "exits": {
        "North": 27008,
        "South": 27024,
        "West": 27017
      }
    },
    {
      "id": 27017,
      "name": "The Craps Tables",
      "exits": {
        "North": 27009,
        "East": 27016,
        "South": 27025,
        "West": 27018
      }
    },
    {
      "id": 27018,
      "name": "The Poker Tables",
      "exits": {
        "North": 27010,
        "East": 27017,
        "South": 27026,
        "West": 27019
      }
    },
    {
      "id": 27019,
      "name": "The Poker Tables",
      "exits": {
        "North": 27011,
        "East": 27018,
        "South": 27027
      }
    },
    {
      "id": 27020,
      "name": "A Hallway",
      "exits": {
        "North": 27012,
        "South": 27028,
        "West": 27021
      }
    },
    {
      "id": 27021,
      "name": "The Candy Store",
      "exits": {
        "East": 27020
      }
    },
    {
      "id": 27022,
      "name": "A Bedroom",
      "exits": {
        "West": 27023
      }
    },
    {
      "id": 27023,
      "name": "A Hallway",
      "exits": {
        "North": 27015,
        "East": 27022,
        "South": 27035
      }
    },
    {
      "id": 27024,
      "name": "The Craps Tables",
      "exits": {
        "North": 27016,
        "South": 27036,
        "West": 27025
      }
    },
    {
      "id": 27025,
      "name": "The Craps Tables",
      "exits": {
        "North": 27017,
        "East": 27024,
        "West": 27026
      }
    },
    {
      "id": 27026,
      "name": "The Poker Tables",
      "exits": {
        "North": 27018,
        "East": 27025,
        "West": 27027
      }
    },
    {
      "id": 27027,
      "name": "The Poker Tables",
      "exits": {
        "North": 27019,
        "East": 27026,
        "South": 27037
      }
    },
    {
      "id": 27028,
      "name": "A Hallway",
      "exits": {
        "North": 27020,
        "South": 27038,
        "West": 27029
      }
    },
    {
      "id": 27029,
      "name": "The Weapons Shop",
      "exits": {
        "East": 27028
      }
    },
    {
      "id": 27030,
      "name": "A Bar",
      "exits": {
        "South": 27040,
        "West": 27031
      }
    },
    {
      "id": 27031,
      "name": "A Bar",
      "exits": {
        "East": 27030,
        "South": 27041,
        "West": 27032
      }
    },
    {
      "id": 27032,
      "name": "A Group of Tables Scattered About",
      "exits": {
        "East": 27031,
        "South": 27042,
        "West": 27033
      }
    },
    {
      "id": 27033,
      "name": "The Stage",
      "exits": {
        "East": 27032,
        "South": 27043,
        "West": 27034
      }
    },
    {
      "id": 27034,
      "name": "A Dressing Room",
      "exits": {
        "East": 27033
      }
    },
    {
      "id": 27035,
      "name": "A Hallway",
      "exits": {
        "North": 27023,
        "East": 27005,
        "South": 27046,
        "West": 27036
      }
    },
    {
      "id": 27036,
      "name": "A Hallway",
      "exits": {
        "North": 27024,
        "East": 27035,
        "South": 27047,
        "West": 27074
      }
    },
    {
      "id": 27037,
      "name": "A Hallway",
      "exits": {
        "North": 27027,
        "East": 27075,
        "South": 27050,
        "West": 27038
      }
    },
    {
      "id": 27038,
      "name": "A Hallway",
      "exits": {
        "North": 27028,
        "East": 27037,
        "South": 27051,
        "West": 27039
      }
    },
    {
      "id": 27039,
      "name": "A Hallway",
      "exits": {
        "East": 27038,
        "West": 27040
      }
    },
    {
      "id": 27040,
      "name": "Entrance to the Den of Iniquity",
      "exits": {
        "North": 27030,
        "East": 27039,
        "South": 27053,
        "West": 27041
      }
    },
    {
      "id": 27041,
      "name": "A Group of Tables Scattered About",
      "exits": {
        "North": 27031,
        "East": 27040,
        "South": 27054,
        "West": 27042
      }
    },
    {
      "id": 27042,
      "name": "A Group of Tables Scattered About",
      "exits": {
        "North": 27032,
        "East": 27041,
        "South": 27055,
        "West": 27043
      }
    },
    {
      "id": 27043,
      "name": "The Stage",
      "exits": {
        "North": 27033,
        "East": 27042,
        "South": 27056,
        "West": 27044
      }
    },
    {
      "id": 27044,
      "name": "A Dressing Room",
      "exits": {
        "East": 27043
      }
    },
    {
      "id": 27045,
      "name": "A Bedroom",
      "exits": {
        "West": 27046
      }
    },
    {
      "id": 27046,
      "name": "A Hallway",
      "exits": {
        "North": 27035,
        "East": 27045,
        "South": 27059
      }
    },
    {
      "id": 27047,
      "name": "The Blackjack Tables",
      "exits": {
        "North": 27036,
        "South": 27060,
        "West": 27048
      }
    },
    {
      "id": 27048,
      "name": "The BlackJack Tables",
      "exits": {
        "East": 27047,
        "South": 27061,
        "West": 27049
      }
    },
    {
      "id": 27049,
      "name": "The Roulette Wheels",
      "exits": {
        "East": 27048,
        "South": 27062,
        "West": 27050
      }
    },
    {
      "id": 27050,
      "name": "The Roulette Wheels",
      "exits": {
        "North": 27037,
        "East": 27049,
        "South": 27063
      }
    },
    {
      "id": 27051,
      "name": "A Hallway",
      "exits": {
        "North": 27038,
        "South": 27064,
        "West": 27052
      }
    },
    {
      "id": 27052,
      "name": "The Toy Store",
      "exits": {
        "East": 27051
      }
    },
    {
      "id": 27053,
      "name": "A Bar",
      "exits": {
        "North": 27040,
        "West": 27054
      }
    },
    {
      "id": 27054,
      "name": "A Bar",
      "exits": {
        "North": 27041,
        "East": 27053,
        "West": 27055
      }
    },
    {
      "id": 27055,
      "name": "A Group of Tables Scattered About",
      "exits": {
        "North": 27042,
        "East": 27054,
        "West": 27056
      }
    },
    {
      "id": 27056,
      "name": "The Stage",
      "exits": {
        "North": 27043,
        "East": 27055,
        "West": 27057
      }
    },
    {
      "id": 27057,
      "name": "A Dressing Room",
      "exits": {
        "East": 27056
      }
    },
    {
      "id": 27058,
      "name": "A Bedroom",
      "exits": {
        "West": 27059
      }
    },
    {
      "id": 27059,
      "name": "A Hallway",
      "exits": {
        "North": 27046,
        "East": 27058,
        "South": 27067
      }
    },
    {
      "id": 27060,
      "name": "The Blackjack Tables",
      "exits": {
        "North": 27047,
        "South": 27068,
        "West": 27061
      }
    },
    {
      "id": 27061,
      "name": "The Blackjack Tables",
      "exits": {
        "North": 27048,
        "East": 27060,
        "South": 27069,
        "West": 27062
      }
    },
    {
      "id": 27062,
      "name": "The Roulette Wheels",
      "exits": {
        "North": 27049,
        "East": 27061,
        "South": 27070,
        "West": 27063
      }
    },
    {
      "id": 27063,
      "name": "The Roulette Wheels",
      "exits": {
        "North": 27050,
        "East": 27062,
        "South": 27071
      }
    },
    {
      "id": 27064,
      "name": "A Hallway",
      "exits": {
        "North": 27051,
        "South": 27072,
        "West": 27065
      }
    },
    {
      "id": 27065,
      "name": "The Decadent Deserts Shop",
      "exits": {
        "East": 27064
      }
    },
    {
      "id": 27066,
      "name": "A Bedroom",
      "exits": {
        "West": 27067
      }
    },
    {
      "id": 27067,
      "name": "A Hallway",
      "exits": {
        "North": 27059,
        "East": 27066
      }
    },
    {
      "id": 27068,
      "name": "The Blackjack Tables",
      "exits": {
        "North": 27060,
        "West": 27069
      }
    },
    {
      "id": 27069,
      "name": "The Blackjack Tables",
      "exits": {
        "North": 27061,
        "East": 27068,
        "West": 27070
      }
    },
    {
      "id": 27070,
      "name": "The Roulette Wheels",
      "exits": {
        "North": 27062,
        "East": 27069,
        "West": 27071
      }
    },
    {
      "id": 27071,
      "name": "The Roulette Wheels",
      "exits": {
        "North": 27063,
        "East": 27070
      }
    },
    {
      "id": 27072,
      "name": "A Hallway",
      "exits": {
        "North": 27064,
        "West": 27073
      }
    },
    {
      "id": 27073,
      "name": "The Liquor Store",
      "exits": {
        "East": 27072
      }
    },
    {
      "id": 27074,
      "name": "Top of the Stairs",
      "exits": {
        "East": 27036,
        "Down": 27076
      }
    },
    {
      "id": 27075,
      "name": "Top of the Stairs",
      "exits": {
        "West": 27037,
        "Down": 27077
      }
    },
    {
      "id": 27076,
      "name": "The Stairs",
      "exits": {
        "Up": 27074,
        "Down": 27078
      }
    },
    {
      "id": 27077,
      "name": "The Stairs",
      "exits": {
        "Up": 27075,
        "Down": 27079
      }
    },
    {
      "id": 27078,
      "name": "Bottom of the Stairs",
      "exits": {
        "North": 27085,
        "South": 27093,
        "Up": 27076
      }
    },
    {
      "id": 27079,
      "name": "Bottom of the Stairs",
      "exits": {
        "North": 27086,
        "South": 27094,
        "Up": 27077
      }
    },
    {
      "id": 27080,
      "name": "Labyrinth of the Underworld",
      "exits": {
        "South": 27084,
        "West": 27081
      }
    },
    {
      "id": 27081,
      "name": "Labyrinth of the Underworld",
      "exits": {
        "East": 27080,
        "South": 27085,
        "West": 27082
      }
    },
    {
      "id": 27082,
      "name": "Labyrinth of the Underworld",
      "exits": {
        "East": 27081,
        "South": 27086,
        "West": 27083
      }
    },
    {
      "id": 27083,
      "name": "Labyrinth of the Underworld",
      "exits": {
        "East": 27082,
        "South": 27087
      }
    },
    {
      "id": 27084,
      "name": "Labyrinth of the Underworld",
      "exits": {
        "North": 27080,
        "South": 27089,
        "West": 27085
      }
    },
    {
      "id": 27085,
      "name": "Labyrinth of the Underworld",
      "exits": {
        "North": 27081,
        "East": 27084,
        "South": 27078,
        "West": 27086
      }
    },
    {
      "id": 27086,
      "name": "Labyrinth of the Underworld",
      "exits": {
        "North": 27082,
        "East": 27085,
        "South": 27079,
        "West": 27087
      }
    },
    {
      "id": 27087,
      "name": "Labyrinth of the Underworld",
      "exits": {
        "North": 27083,
        "East": 27086,
        "South": 27090
      }
    },
    {
      "id": 27088,
      "name": "The Underpass",
      "exits": {
        "West": 27089
      }
    },
    {
      "id": 27089,
      "name": "Labyrinth of the Underworld",
      "exits": {
        "North": 27084,
        "East": 27088,
        "South": 27092
      }
    },
    {
      "id": 27090,
      "name": "Labyrinth of the Underworld",
      "exits": {
        "North": 27087,
        "South": 27095,
        "West": 27091
      }
    },
    {
      "id": 27091,
      "name": "The Heart of Hell",
      "exits": {
        "East": 27090
      }
    },
    {
      "id": 27092,
      "name": "Labyrinth of the Underworld",
      "exits": {
        "North": 27089,
        "South": 27096,
        "West": 27093
      }
    },
    {
      "id": 27093,
      "name": "Labyrinth of the Underworld",
      "exits": {
        "North": 27078,
        "East": 27092,
        "South": 27097,
        "West": 27094
      }
    },
    {
      "id": 27094,
      "name": "Labyrinth of the Underworld",
      "exits": {
        "North": 27079,
        "East": 27093,
        "South": 27098,
        "West": 27095
      }
    },
    {
      "id": 27095,
      "name": "Labyrinth of the Underworld",
      "exits": {
        "North": 27090,
        "East": 27094,
        "South": 27099
      }
    },
    {
      "id": 27096,
      "name": "Labyrinth of the Underworld",
      "exits": {
        "North": 27092,
        "West": 27097
      }
    },
    {
      "id": 27097,
      "name": "Labyrinth of the Underworld",
      "exits": {
        "North": 27093,
        "East": 27096,
        "West": 27098
      }
    },
    {
      "id": 27098,
      "name": "Labyrinth of the Underworld",
      "exits": {
        "North": 27094,
        "East": 27097,
        "West": 27099
      }
    },
    {
      "id": 27099,
      "name": "Labyrinth of the Underworld",
      "exits": {
        "North": 27095,
        "East": 27098
      }
    },
    {
      "id": 16136,
      "name": "To Dargaard Keep",
      "otherAreaExit": true,
      "exits": {
        "East": 16182,
        "West": 16112,
        "Down": 27000
      }
    }
  ]
}