{
  "name": "High Tower",
  "buildOptions": {
    "maxSteps": 1000,
    "fixObstacles": true,
    "fixNonStraight": true,
    "fixIntersected": false,
    "compactMap": true,
    "addDebugInfo": false,
    "colorizeConnectionIssues": true
  },
  "rooms": [
    {
      "id": 1300,
      "name": "Entrance to the Shadow Grove",
      "exits": {
        "North": 1308,
        "South": 51537,
        "West": 13188
      }
    },
    {
      "id": 1301,
      "name": "The Shadow Grove",
      "exits": {
        "North": 1307,
        "East": 1302,
        "South": 1304,
        "West": 1303
      }
    },
    {
      "id": 1302,
      "name": "The Shadow Grove",
      "exits": {
        "North": 1311,
        "East": 1303,
        "South": 1305,
        "West": 1301
      }
    },
    {
      "id": 1303,
      "name": "The Shadow Grove",
      "exits": {
        "North": 1309,
        "East": 1301,
        "South": 1306,
        "West": 1302
      }
    },
    {
      "id": 1304,
      "name": "The Shadow Grove",
      "exits": {
        "North": 11400,
        "East": 1305,
        "South": 1307
      }
    },
    {
      "id": 1305,
      "name": "The Shadow Grove",
      "exits": {
        "North": 1302,
        "East": 1306,
        "South": 1308,
        "West": 1304
      }
    },
    {
      "id": 1306,
      "name": "The Shadow Grove",
      "exits": {
        "North": 1303,
        "East": 9301,
        "South": 1309,
        "West": 1305
      }
    },
    {
      "id": 1307,
      "name": "The Shadow Grove",
      "exits": {
        "North": 1304,
        "East": 1308,
        "South": 1301,
        "West": 1309
      }
    },
    {
      "id": 1308,
      "name": "The Shadow Grove",
      "exits": {
        "North": 1305,
        "East": 1309,
        "South": 1300,
        "West": 1307
      }
    },
    {
      "id": 1309,
      "name": "The Shadow Grove",
      "exits": {
        "North": 1306,
        "East": 1307,
        "South": 1303,
        "West": 1308
      }
    },
    {
      "id": 1311,
      "name": "A small clearing",
      "exits": {
        "North": 1312,
        "South": 1302
      }
    },
    {
      "id": 1312,
      "name": "Entrance to the High Tower",
      "exits": {
        "North": 1313,
        "South": 1311
      }
    },
    {
      "id": 1313,
      "name": "Inside the High Tower of Sorcerery",
      "exits": {
        "North": 1314,
        "East": 1315,
        "South": 1312,
        "West": 1316
      }
    },
    {
      "id": 1314,
      "name": "Common Room",
      "exits": {
        "North": 1317,
        "East": 1318,
        "South": 1313,
        "West": 1319
      }
    },
    {
      "id": 1315,
      "name": "The Hallway",
      "exits": {
        "East": 1330,
        "West": 1313
      }
    },
    {
      "id": 1316,
      "name": "Dining Room",
      "exits": {
        "East": 1313,
        "West": 1320
      }
    },
    {
      "id": 1317,
      "name": "Dark Hallway",
      "exits": {
        "South": 1314,
        "Down": 1321
      }
    },
    {
      "id": 1318,
      "name": "Mages Tavern",
      "exits": {
        "West": 1314
      }
    },
    {
      "id": 1319,
      "name": "The Magic Shop",
      "exits": {
        "East": 1314
      }
    },
    {
      "id": 1320,
      "name": "the kitchen",
      "exits": {
        "East": 1316
      }
    },
    {
      "id": 1321,
      "name": "Below the trapdoor",
      "exits": {
        "Up": 1317,
        "Down": 1322
      }
    },
    {
      "id": 1322,
      "name": "A damp intersection",
      "exits": {
        "North": 1323,
        "East": 1324,
        "South": 1325,
        "West": 1326,
        "Up": 1321
      }
    },
    {
      "id": 1323,
      "name": "A dark passage",
      "exits": {
        "North": 1327,
        "South": 1322
      }
    },
    {
      "id": 1324,
      "name": "A dark passage",
      "exits": {
        "East": 1328,
        "West": 1322
      }
    },
    {
      "id": 1325,
      "name": "The stagnant pool",
      "exits": {
        "North": 1322,
        "Down": 1329
      }
    },
    {
      "id": 1326,
      "name": "A dark passage",
      "exits": {
        "East": 1322
      }
    },
    {
      "id": 1327,
      "name": "A dark cell",
      "exits": {
        "South": 1323
      }
    },
    {
      "id": 1328,
      "name": "The Jailor\u0027s office",
      "exits": {
        "West": 1324
      }
    },
    {
      "id": 1329,
      "name": "Below the stagnant pool",
      "exits": {
        "Up": 1325
      }
    },
    {
      "id": 1330,
      "name": "The hallway",
      "exits": {
        "North": 1332,
        "East": 1331,
        "South": 1333,
        "West": 1315
      }
    },
    {
      "id": 1331,
      "name": "A bend in the hallway",
      "exits": {
        "North": 1334,
        "East": 1336,
        "South": 1335,
        "West": 1330
      }
    },
    {
      "id": 1332,
      "name": "A store room",
      "exits": {
        "South": 1330
      }
    },
    {
      "id": 1333,
      "name": "A broom closet",
      "exits": {
        "North": 1330
      }
    },
    {
      "id": 1334,
      "name": "A hallway",
      "exits": {
        "North": 1338,
        "East": 1337,
        "South": 1331
      }
    },
    {
      "id": 1335,
      "name": "Guardians chamber",
      "exits": {
        "North": 1331
      }
    },
    {
      "id": 1336,
      "name": "A guest bedroom",
      "exits": {
        "West": 1331
      }
    },
    {
      "id": 1337,
      "name": "A guest bedroom",
      "exits": {
        "West": 1334
      }
    },
    {
      "id": 1338,
      "name": "A hallway",
      "exits": {
        "East": 1339,
        "South": 1334,
        "Up": 1340
      }
    },
    {
      "id": 1339,
      "name": "The burnt room",
      "exits": {
        "West": 1338
      }
    },
    {
      "id": 1340,
      "name": "A hallway",
      "exits": {
        "North": 1342,
        "East": 1341,
        "West": 1343,
        "Down": 1338
      }
    },
    {
      "id": 1341,
      "name": "A culdesac",
      "exits": {
        "West": 1340
      }
    },
    {
      "id": 1342,
      "name": "The Apprentice\u0027s Barracks",
      "exits": {
        "South": 1340,
        "West": 1344
      }
    },
    {
      "id": 1343,
      "name": "A hallway",
      "exits": {
        "North": 1344,
        "East": 1340,
        "West": 1345
      }
    },
    {
      "id": 1344,
      "name": "The Apprentice\u0027s barracks",
      "exits": {
        "East": 1342,
        "South": 1343
      }
    },
    {
      "id": 1345,
      "name": "A hallway",
      "exits": {
        "North": 1346,
        "East": 1343,
        "West": 1347
      }
    },
    {
      "id": 1346,
      "name": "The apprentice\u0027s workshop",
      "exits": {
        "South": 1345
      }
    },
    {
      "id": 1347,
      "name": "A bend in the hallway",
      "exits": {
        "East": 1345,
        "South": 1348
      }
    },
    {
      "id": 1348,
      "name": "The hallway",
      "exits": {
        "North": 1347,
        "South": 1350,
        "West": 1349
      }
    },
    {
      "id": 1349,
      "name": "A classroom",
      "exits": {
        "East": 1348
      }
    },
    {
      "id": 1350,
      "name": "A hallway",
      "exits": {
        "North": 1348,
        "South": 1351,
        "West": 1352
      }
    },
    {
      "id": 1351,
      "name": "A hallway",
      "exits": {
        "North": 1350,
        "South": 1353,
        "West": 1354
      }
    },
    {
      "id": 1352,
      "name": "An empty classroom",
      "exits": {
        "East": 1350
      }
    },
    {
      "id": 1353,
      "name": "A bend in the hallway",
      "exits": {
        "North": 1351,
        "East": 1355
      }
    },
    {
      "id": 1354,
      "name": "An empty classroom",
      "exits": {
        "East": 1351
      }
    },
    {
      "id": 1355,
      "name": "A hallway",
      "exits": {
        "East": 1356,
        "South": 1357,
        "West": 1353
      }
    },
    {
      "id": 1356,
      "name": "A hallway",
      "exits": {
        "East": 1358,
        "South": 1359,
        "West": 1355
      }
    },
    {
      "id": 1357,
      "name": "The Amphitheater",
      "exits": {
        "North": 1355
      }
    },
    {
      "id": 1358,
      "name": "A hallway",
      "exits": {
        "East": 1360,
        "South": 1361,
        "West": 1356
      }
    },
    {
      "id": 1359,
      "name": "The training room",
      "exits": {
        "North": 1356
      }
    },
    {
      "id": 1360,
      "name": "A bend in the hallway",
      "exits": {
        "North": 1362,
        "West": 1358
      }
    },
    {
      "id": 1361,
      "name": "A dueling room",
      "exits": {
        "North": 1358
      }
    },
    {
      "id": 1362,
      "name": "A hallway",
      "exits": {
        "North": 1363,
        "East": 1364,
        "South": 1360
      }
    },
    {
      "id": 1363,
      "name": "A hallway",
      "exits": {
        "North": 1366,
        "East": 1365,
        "South": 1362
      }
    },
    {
      "id": 1364,
      "name": "The spellmaster\u0027s lounge",
      "exits": {
        "West": 1362
      }
    },
    {
      "id": 1365,
      "name": "A bedroom",
      "exits": {
        "West": 1363
      }
    },
    {
      "id": 1366,
      "name": "A hallway",
      "exits": {
        "North": 1368,
        "East": 1367,
        "South": 1363
      }
    },
    {
      "id": 1367,
      "name": "The study",
      "exits": {
        "West": 1366
      }
    },
    {
      "id": 1368,
      "name": "Below the stairs",
      "exits": {
        "South": 1366,
        "Up": 1369
      }
    },
    {
      "id": 1369,
      "name": "Atop the stairway",
      "exits": {
        "West": 1370,
        "Down": 1368
      }
    },
    {
      "id": 1370,
      "name": "A hallway",
      "exits": {
        "North": 1371,
        "East": 1369,
        "West": 1372
      }
    },
    {
      "id": 1371,
      "name": "A small office",
      "exits": {
        "South": 1370,
        "West": 1373
      }
    },
    {
      "id": 1372,
      "name": "A hallway",
      "exits": {
        "East": 1370,
        "West": 1374
      }
    },
    {
      "id": 1373,
      "name": "The master scribe\u0027s workshop",
      "exits": {
        "East": 1371
      }
    },
    {
      "id": 1374,
      "name": "A hallway",
      "exits": {
        "North": 1375,
        "East": 1372,
        "West": 1376
      }
    },
    {
      "id": 1375,
      "name": "A store room",
      "exits": {
        "South": 1374
      }
    },
    {
      "id": 1376,
      "name": "A bend in the hallway",
      "exits": {
        "East": 1374,
        "South": 1377
      }
    },
    {
      "id": 1377,
      "name": "A hallway",
      "exits": {
        "North": 1376,
        "South": 1378,
        "West": 1379
      }
    },
    {
      "id": 1378,
      "name": "A hallway",
      "exits": {
        "North": 1377,
        "South": 1380,
        "West": 1381
      }
    },
    {
      "id": 1379,
      "name": "A store room",
      "exits": {
        "East": 1377,
        "South": 1381
      }
    },
    {
      "id": 1380,
      "name": "A hallway",
      "exits": {
        "North": 1378,
        "South": 1383
      }
    },
    {
      "id": 1381,
      "name": "A very hot room",
      "exits": {
        "North": 1379,
        "East": 1378,
        "South": 1382,
        "Up": 1412
      }
    },
    {
      "id": 1382,
      "name": "The master Enchanter\u0027s chamber",
      "exits": {
        "North": 1381
      }
    },
    {
      "id": 1383,
      "name": "A bend in the hallway",
      "exits": {
        "North": 1380,
        "East": 1384
      }
    },
    {
      "id": 1384,
      "name": "A hallway",
      "exits": {
        "East": 1385,
        "South": 1386,
        "West": 1383
      }
    },
    {
      "id": 1385,
      "name": "A hallway",
      "exits": {
        "East": 1387,
        "West": 1384
      }
    },
    {
      "id": 1386,
      "name": "A laboratory",
      "exits": {
        "North": 1384,
        "East": 1388
      }
    },
    {
      "id": 1387,
      "name": "A hallway",
      "exits": {
        "East": 1389,
        "South": 1390,
        "West": 1385
      }
    },
    {
      "id": 1388,
      "name": "The Mad Alchemist\u0027s workroom",
      "exits": {
        "West": 1386
      }
    },
    {
      "id": 1389,
      "name": "A bend in the hallway",
      "exits": {
        "North": 1391,
        "West": 1387
      }
    },
    {
      "id": 1390,
      "name": "The pentagram chamber",
      "exits": {
        "North": 1387,
        "South": 1392
      }
    },
    {
      "id": 1391,
      "name": "A hallway",
      "exits": {
        "North": 1393,
        "East": 1394,
        "South": 1389
      }
    },
    {
      "id": 1392,
      "name": "Inside the Energy Field",
      "exits": {
        "North": 1390
      }
    },
    {
      "id": 1393,
      "name": "A hallway",
      "exits": {
        "North": 1396,
        "East": 1395,
        "South": 1391
      }
    },
    {
      "id": 1394,
      "name": "An empty room",
      "exits": {
        "West": 1391
      }
    },
    {
      "id": 1395,
      "name": "The charm master\u0027s chamber",
      "exits": {
        "North": 1397,
        "West": 1393
      }
    },
    {
      "id": 1396,
      "name": "A hallway",
      "exits": {
        "North": 1398,
        "South": 1393
      }
    },
    {
      "id": 1397,
      "name": "The animal pens",
      "exits": {
        "South": 1395
      }
    },
    {
      "id": 1398,
      "name": "The end of the hallway",
      "exits": {
        "South": 1396,
        "Up": 1399
      }
    },
    {
      "id": 1399,
      "name": "Atop the stairway",
      "exits": {
        "West": 1400,
        "Down": 1398
      }
    },
    {
      "id": 1400,
      "name": "A hallway",
      "exits": {
        "North": 1401,
        "East": 1399,
        "West": 1404
      }
    },
    {
      "id": 1401,
      "name": "A store room",
      "exits": {
        "South": 1400,
        "West": 1402
      }
    },
    {
      "id": 1402,
      "name": "The master spellbinder\u0027s chamber",
      "exits": {
        "East": 1401,
        "West": 1403
      }
    },
    {
      "id": 1403,
      "name": "The spellbinder\u0027s cache",
      "exits": {
        "East": 1402,
        "South": 1405
      }
    },
    {
      "id": 1404,
      "name": "A hallway",
      "exits": {
        "East": 1400,
        "West": 1405
      }
    },
    {
      "id": 1405,
      "name": "A hallway",
      "exits": {
        "North": 1403,
        "East": 1404,
        "West": 1406
      }
    },
    {
      "id": 1406,
      "name": "A bend in the hallway",
      "exits": {
        "East": 1405,
        "South": 1407
      }
    },
    {
      "id": 1407,
      "name": "A hallway",
      "exits": {
        "North": 1406,
        "South": 1408
      }
    },
    {
      "id": 1408,
      "name": "A hallway",
      "exits": {
        "North": 1407,
        "South": 1413,
        "West": 1409
      }
    },
    {
      "id": 1409,
      "name": "The golem master\u0027s workshop",
      "exits": {
        "North": 1410,
        "East": 1408,
        "South": 1411,
        "Down": 1412
      }
    },
    {
      "id": 1410,
      "name": "A store room",
      "exits": {
        "South": 1409
      }
    },
    {
      "id": 1411,
      "name": "The golem chamber",
      "exits": {
        "North": 1409
      }
    },
    {
      "id": 1412,
      "name": "It is very dark here...",
      "exits": {
        "Up": 1409,
        "Down": 1381
      }
    },
    {
      "id": 1413,
      "name": "A hallway",
      "exits": {
        "North": 1408,
        "South": 1414
      }
    },
    {
      "id": 1414,
      "name": "A bend in the hallway",
      "exits": {
        "North": 1413,
        "East": 1415
      }
    },
    {
      "id": 1415,
      "name": "A hallway",
      "exits": {
        "East": 1416,
        "West": 1414
      }
    },
    {
      "id": 1416,
      "name": "A hallway",
      "exits": {
        "East": 1419,
        "South": 1417,
        "West": 1415
      }
    },
    {
      "id": 1417,
      "name": "The master of illusion\u0027s chamber",
      "exits": {
        "North": 1416,
        "West": 1418
      }
    },
    {
      "id": 1418,
      "name": "A bedroom",
      "exits": {
        "East": 1417
      }
    },
    {
      "id": 1419,
      "name": "A hallway",
      "exits": {
        "East": 1421,
        "South": 1420,
        "West": 1416
      }
    },
    {
      "id": 1420,
      "name": "The meditation chamber",
      "exits": {
        "North": 1419
      }
    },
    {
      "id": 1421,
      "name": "A bend in the hallway",
      "exits": {
        "North": 1422,
        "West": 1419
      }
    },
    {
      "id": 1422,
      "name": "A hallway",
      "exits": {
        "North": 1426,
        "East": 1423,
        "South": 1421
      }
    },
    {
      "id": 1423,
      "name": "A dark room",
      "exits": {
        "North": 1424,
        "West": 1422
      }
    },
    {
      "id": 1424,
      "name": "A dark room",
      "exits": {
        "North": 1425,
        "South": 1423
      }
    },
    {
      "id": 1425,
      "name": "The Necromancer\u0027s Lair",
      "exits": {
        "South": 1424
      }
    },
    {
      "id": 1426,
      "name": "A hallway",
      "exits": {
        "North": 1427,
        "South": 1422
      }
    },
    {
      "id": 1427,
      "name": "A hallway",
      "exits": {
        "North": 1428,
        "South": 1426
      }
    },
    {
      "id": 1428,
      "name": "The end of the hallway",
      "exits": {
        "South": 1427,
        "Up": 1429
      }
    },
    {
      "id": 1429,
      "name": "A corridor",
      "exits": {
        "West": 1430,
        "Down": 1428
      }
    },
    {
      "id": 1430,
      "name": "A corridor",
      "exits": {
        "East": 1429,
        "West": 1431
      }
    },
    {
      "id": 1431,
      "name": "A bend in the corridor",
      "exits": {
        "East": 1430,
        "South": 1432
      }
    },
    {
      "id": 1432,
      "name": "A corridor",
      "exits": {
        "North": 1431,
        "South": 1433
      }
    },
    {
      "id": 1433,
      "name": "An intersection",
      "exits": {
        "North": 1432,
        "East": 1434,
        "South": 1446,
        "West": 1436
      }
    },
    {
      "id": 1434,
      "name": "A corridor",
      "exits": {
        "East": 1435,
        "West": 1433
      }
    },
    {
      "id": 1435,
      "name": "The scrying chamber",
      "exits": {
        "West": 1434
      }
    },
    {
      "id": 1436,
      "name": "A corridor",
      "exits": {
        "East": 1433,
        "West": 1437
      }
    },
    {
      "id": 1437,
      "name": "The entrance to the library",
      "exits": {
        "North": 1439,
        "East": 1436,
        "South": 1440,
        "West": 1438
      }
    },
    {
      "id": 1438,
      "name": "In the library",
      "exits": {
        "North": 1441,
        "East": 1437,
        "South": 1442,
        "West": 1443
      }
    },
    {
      "id": 1439,
      "name": "In the library",
      "exits": {
        "North": 1440,
        "East": 1442,
        "South": 1437,
        "West": 1441
      }
    },
    {
      "id": 1440,
      "name": "In the library",
      "exits": {
        "North": 1437,
        "East": 1441,
        "South": 1439,
        "West": 1442
      }
    },
    {
      "id": 1441,
      "name": "In the library",
      "exits": {
        "North": 1442,
        "East": 1439,
        "South": 1438,
        "West": 1440
      }
    },
    {
      "id": 1442,
      "name": "In the library",
      "exits": {
        "North": 1438,
        "East": 1440,
        "South": 1441,
        "West": 1439
      }
    },
    {
      "id": 1443,
      "name": "In the library",
      "exits": {
        "East": 1438,
        "West": 1444
      }
    },
    {
      "id": 1444,
      "name": "Between the shelves",
      "exits": {
        "North": 1445,
        "East": 1443
      }
    },
    {
      "id": 1445,
      "name": "The reading room",
      "exits": {
        "South": 1444
      }
    },
    {
      "id": 1446,
      "name": "A corridor",
      "exits": {
        "North": 1433,
        "South": 1447
      }
    },
    {
      "id": 1447,
      "name": "The end of the corridor",
      "exits": {
        "North": 1446,
        "South": 1448
      }
    },
    {
      "id": 1448,
      "name": "The arched entrance",
      "exits": {
        "North": 1447,
        "Up": 1449
      }
    },
    {
      "id": 1449,
      "name": "The landing",
      "exits": {
        "Up": 1450,
        "Down": 1448
      }
    },
    {
      "id": 1450,
      "name": "An intersection",
      "exits": {
        "North": 1473,
        "East": 1458,
        "South": 1451,
        "West": 1465,
        "Down": 1449
      }
    },
    {
      "id": 1451,
      "name": "A grey tiled hallway",
      "exits": {
        "North": 1450,
        "South": 1452
      }
    },
    {
      "id": 1452,
      "name": "A grey tiled hallway",
      "exits": {
        "North": 1451,
        "South": 1453
      }
    },
    {
      "id": 1453,
      "name": "The antechamber",
      "exits": {
        "North": 1452,
        "South": 1454
      }
    },
    {
      "id": 1454,
      "name": "The main chamber",
      "exits": {
        "North": 1453,
        "East": 1456,
        "South": 1457,
        "West": 1455
      }
    },
    {
      "id": 1455,
      "name": "The study",
      "exits": {
        "East": 1454
      }
    },
    {
      "id": 1456,
      "name": "A closet",
      "exits": {
        "West": 1454
      }
    },
    {
      "id": 1457,
      "name": "A bedroom",
      "exits": {
        "North": 1454
      }
    },
    {
      "id": 1458,
      "name": "A dark hallway",
      "exits": {
        "East": 1459,
        "West": 1450
      }
    },
    {
      "id": 1459,
      "name": "A dark hallway",
      "exits": {
        "East": 1460,
        "West": 1458
      }
    },
    {
      "id": 1460,
      "name": "The end of the hallway",
      "exits": {
        "East": 1461,
        "West": 1459
      }
    },
    {
      "id": 1461,
      "name": "The chamber of darkness",
      "exits": {
        "North": 1462,
        "East": 1464,
        "South": 1463,
        "West": 1460
      }
    },
    {
      "id": 1462,
      "name": "It is very dark here...",
      "exits": {
        "South": 1461
      }
    },
    {
      "id": 1463,
      "name": "Torture chamber",
      "exits": {
        "North": 1461
      }
    },
    {
      "id": 1464,
      "name": "The inner chamber",
      "exits": {
        "West": 1461
      }
    },
    {
      "id": 1465,
      "name": "A bright hallway",
      "exits": {
        "East": 1450,
        "West": 1466
      }
    },
    {
      "id": 1466,
      "name": "A bright hallway",
      "exits": {
        "East": 1465,
        "West": 1467
      }
    },
    {
      "id": 1467,
      "name": "An antechamber",
      "exits": {
        "East": 1466,
        "West": 1469
      }
    },
    {
      "id": 1469,
      "name": "The chamber of the white light",
      "exits": {
        "North": 1470,
        "East": 1467,
        "South": 1471,
        "West": 1472
      }
    },
    {
      "id": 1470,
      "name": "The meditation chamber",
      "exits": {
        "South": 1469
      }
    },
    {
      "id": 1471,
      "name": "A study",
      "exits": {
        "North": 1469
      }
    },
    {
      "id": 1472,
      "name": "A closet",
      "exits": {
        "East": 1469
      }
    },
    {
      "id": 1473,
      "name": "A wide hallway",
      "exits": {
        "North": 1474,
        "South": 1450
      }
    },
    {
      "id": 1474,
      "name": "A wide hallway",
      "exits": {
        "North": 1475,
        "South": 1473
      }
    },
    {
      "id": 1475,
      "name": "A wide hallway",
      "exits": {
        "North": 1476,
        "South": 1474
      }
    },
    {
      "id": 1476,
      "name": "The entranceway",
      "exits": {
        "North": 1477,
        "South": 1475
      }
    },
    {
      "id": 1477,
      "name": "The audience chamber",
      "exits": {
        "North": 1480,
        "East": 1478,
        "South": 1476,
        "West": 1479
      }
    },
    {
      "id": 1478,
      "name": "A dressing room",
      "exits": {
        "West": 1477
      }
    },
    {
      "id": 1479,
      "name": "The library",
      "exits": {
        "East": 1477
      }
    },
    {
      "id": 1480,
      "name": "The altar",
      "exits": {
        "East": 1481,
        "South": 1477,
        "West": 1482
      }
    },
    {
      "id": 1481,
      "name": "The treasury",
      "exits": {
        "West": 1480
      }
    },
    {
      "id": 1482,
      "name": "A passage",
      "exits": {
        "West": 1483
      }
    },
    {
      "id": 1483,
      "name": "In the light",
      "exits": {}
    },
    {
      "id": 1499,
      "name": "Skylar\u0027s Hideout",
      "exits": {}
    },
    {
      "id": 51537,
      "name": "To Haon Dor",
      "otherAreaExit": true,
      "exits": {
        "North": 1300,
        "East": 51536
      }
    },
    {
      "id": 13188,
      "name": "To Elemental Temple",
      "otherAreaExit": true,
      "exits": {
        "East": 1300,
        "West": 13187
      }
    },
    {
      "id": 11400,
      "name": "To The Dragon Tower",
      "otherAreaExit": true,
      "exits": {
        "North": 11401,
        "West": 1304
      }
    },
    {
      "id": 9301,
      "name": "To Galaxy",
      "otherAreaExit": true,
      "exits": {
        "West": 1306,
        "Down": 9302
      }
    }
  ]
}