{
  "name": "Lich Tower",
  "buildOptions": {
    "maxSteps": 1000,
    "fixObstacles": true,
    "fixNonStraight": true,
    "fixIntersected": true,
    "compactMap": true,
    "addDebugInfo": false,
    "colorizeConnectionIssues": true
  },
  "rooms": [
    {
      "id": 29350,
      "name": "Before the Tower",
      "exits": {
        "East": 29374,
        "West": 29351
      }
    },
    {
      "id": 29351,
      "name": "Beneath the Archway",
      "exits": {
        "North": 29352,
        "East": 29350,
        "West": 29353
      }
    },
    {
      "id": 29352,
      "name": "The Dracolich\u0027s Lair",
      "exits": {
        "South": 29351
      }
    },
    {
      "id": 29353,
      "name": "The Entrance Hall",
      "exits": {
        "East": 29351,
        "South": 29354,
        "West": 29356
      }
    },
    {
      "id": 29354,
      "name": "The Dining Hall",
      "exits": {
        "North": 29353,
        "West": 29355
      }
    },
    {
      "id": 29355,
      "name": "The Kitchen",
      "exits": {
        "North": 29356,
        "East": 29354,
        "South": 29369
      }
    },
    {
      "id": 29356,
      "name": "The Bottom of the Stairs",
      "exits": {
        "East": 29353,
        "South": 29355,
        "Up": 29357
      }
    },
    {
      "id": 29357,
      "name": "On the Stairs",
      "exits": {
        "East": 29362,
        "Up": 29358,
        "Down": 29356
      }
    },
    {
      "id": 29358,
      "name": "On the Stairs",
      "exits": {
        "East": 29365,
        "South": 29363,
        "Up": 29359,
        "Down": 29357
      }
    },
    {
      "id": 29359,
      "name": "The Top of the Stairs",
      "exits": {
        "East": 29368,
        "South": 29366,
        "Down": 29358
      }
    },
    {
      "id": 29360,
      "name": "Lich\u0027s Study",
      "exits": {
        "East": 29361
      }
    },
    {
      "id": 29361,
      "name": "The Library",
      "exits": {
        "North": 29362,
        "West": 29360
      }
    },
    {
      "id": 29362,
      "name": "The Library",
      "exits": {
        "South": 29361,
        "West": 29357
      }
    },
    {
      "id": 29363,
      "name": "A Summoning Room",
      "exits": {
        "North": 29358,
        "East": 29364
      }
    },
    {
      "id": 29364,
      "name": "The Torture Chamber",
      "exits": {
        "North": 29365,
        "West": 29363
      }
    },
    {
      "id": 29365,
      "name": "A Summoning Room",
      "exits": {
        "South": 29364,
        "West": 29358
      }
    },
    {
      "id": 29366,
      "name": "A Large Hall",
      "exits": {
        "North": 29359,
        "East": 29367
      }
    },
    {
      "id": 29367,
      "name": "The Lich\u0027s Throne Room",
      "exits": {
        "North": 29368,
        "West": 29366
      }
    },
    {
      "id": 29368,
      "name": "A Large Hall",
      "exits": {
        "South": 29367,
        "West": 29359
      }
    },
    {
      "id": 29369,
      "name": "A Storage Room",
      "exits": {
        "North": 29355,
        "South": 29370
      }
    },
    {
      "id": 29370,
      "name": "Above a Pit",
      "exits": {
        "North": 29369,
        "Down": 29371
      }
    },
    {
      "id": 29371,
      "name": "Under a Pit",
      "exits": {
        "South": 29372,
        "Up": 29370
      }
    },
    {
      "id": 29372,
      "name": "A Darkened Tunnel",
      "exits": {
        "North": 29371,
        "South": 29373
      }
    },
    {
      "id": 29373,
      "name": "Before the Caverns",
      "exits": {
        "North": 29372
      }
    },
    {
      "id": 29374,
      "name": "Approaching a Dark Tower",
      "exits": {
        "East": 29375,
        "West": 29350
      }
    },
    {
      "id": 29375,
      "name": "Approaching a Dark Tower",
      "exits": {
        "East": 29376,
        "West": 29374
      }
    },
    {
      "id": 29376,
      "name": "Approaching a Dark Tower",
      "exits": {
        "East": 29377,
        "West": 29375
      }
    },
    {
      "id": 29377,
      "name": "Approaching a Dark Tower",
      "exits": {
        "East": 29378,
        "West": 29376
      }
    },
    {
      "id": 29378,
      "name": "Approaching a Dark Tower",
      "exits": {
        "East": 9845,
        "West": 29377
      }
    },
    {
      "id": 9845,
      "name": "To New Thalos",
      "otherAreaExit": true,
      "exits": {
        "North": 9846,
        "South": 9844,
        "West": 29378
      }
    }
  ]
}