{
  "name": "Machine Dreams",
  "buildOptions": {
    "maxSteps": 1000,
    "fixObstacles": true,
    "fixNonStraight": false,
    "fixIntersected": false,
    "compactMap": true,
    "addDebugInfo": false,
    "colorizeConnectionIssues": true
  },
  "rooms": [
    {
      "id": 8600,
      "name": "The Void",
      "exits": {
        "North": 8606,
        "East": 8601,
        "South": 8603,
        "West": 8602,
        "Up": 8610,
        "Down": 8620
      }
    },
    {
      "id": 8601,
      "name": "The Void",
      "exits": {
        "North": 8607,
        "East": 8602,
        "South": 8604,
        "West": 8600,
        "Up": 8611,
        "Down": 8621
      }
    },
    {
      "id": 8602,
      "name": "The Void",
      "exits": {
        "North": 8608,
        "East": 8600,
        "South": 8605,
        "West": 8601,
        "Up": 8612,
        "Down": 8622
      }
    },
    {
      "id": 8603,
      "name": "The Void",
      "exits": {
        "North": 8600,
        "East": 8604,
        "South": 8606,
        "West": 8605,
        "Up": 8613,
        "Down": 8623
      }
    },
    {
      "id": 8604,
      "name": "The Void",
      "exits": {
        "North": 8601,
        "East": 8605,
        "South": 8607,
        "West": 8603,
        "Up": 8614,
        "Down": 3050
      }
    },
    {
      "id": 8605,
      "name": "The Void",
      "exits": {
        "North": 8602,
        "East": 8603,
        "South": 8608,
        "West": 8604,
        "Up": 8615,
        "Down": 8625
      }
    },
    {
      "id": 8606,
      "name": "The Void",
      "exits": {
        "North": 8603,
        "East": 8607,
        "South": 8600,
        "West": 8608,
        "Up": 8616,
        "Down": 8626
      }
    },
    {
      "id": 8607,
      "name": "The Void",
      "exits": {
        "North": 8604,
        "East": 8608,
        "South": 8601,
        "West": 8606,
        "Up": 8617,
        "Down": 8627
      }
    },
    {
      "id": 8608,
      "name": "The Void",
      "exits": {
        "North": 8605,
        "East": 8606,
        "South": 8602,
        "West": 8607,
        "Up": 8618,
        "Down": 8628
      }
    },
    {
      "id": 8610,
      "name": "The Void",
      "exits": {
        "North": 8616,
        "East": 8611,
        "South": 8613,
        "West": 8612,
        "Up": 8620,
        "Down": 8600
      }
    },
    {
      "id": 8611,
      "name": "The Void",
      "exits": {
        "North": 8630,
        "East": 8612,
        "South": 8614,
        "West": 8610,
        "Up": 8621,
        "Down": 8601
      }
    },
    {
      "id": 8612,
      "name": "The Void",
      "exits": {
        "North": 8618,
        "East": 8610,
        "South": 8615,
        "West": 8611,
        "Up": 8622,
        "Down": 8602
      }
    },
    {
      "id": 8613,
      "name": "The Void",
      "exits": {
        "North": 8610,
        "East": 8614,
        "South": 8616,
        "West": 8636,
        "Up": 8623,
        "Down": 8603
      }
    },
    {
      "id": 8614,
      "name": "The Void",
      "exits": {
        "North": 8611,
        "East": 8615,
        "South": 8617,
        "West": 8613,
        "Up": 8624,
        "Down": 8604
      }
    },
    {
      "id": 8615,
      "name": "The Void",
      "exits": {
        "North": 8612,
        "East": 8632,
        "South": 8618,
        "West": 8614,
        "Up": 8625,
        "Down": 8605
      }
    },
    {
      "id": 8616,
      "name": "The Void",
      "exits": {
        "North": 8613,
        "East": 8617,
        "South": 8610,
        "West": 8618,
        "Up": 8626,
        "Down": 8606
      }
    },
    {
      "id": 8617,
      "name": "The Void",
      "exits": {
        "North": 8614,
        "East": 8618,
        "South": 8634,
        "West": 8616,
        "Up": 8627,
        "Down": 8607
      }
    },
    {
      "id": 8618,
      "name": "The Void",
      "exits": {
        "North": 8615,
        "East": 8616,
        "South": 8612,
        "West": 8617,
        "Up": 8628,
        "Down": 8608
      }
    },
    {
      "id": 8620,
      "name": "The Void",
      "exits": {
        "North": 8626,
        "East": 8621,
        "South": 8623,
        "West": 8622,
        "Up": 8600,
        "Down": 8610
      }
    },
    {
      "id": 8621,
      "name": "The Void",
      "exits": {
        "North": 8627,
        "East": 8622,
        "South": 8624,
        "West": 8620,
        "Up": 8601,
        "Down": 8611
      }
    },
    {
      "id": 8622,
      "name": "The Void",
      "exits": {
        "North": 8628,
        "East": 8620,
        "South": 8625,
        "West": 8621,
        "Up": 8602,
        "Down": 8612
      }
    },
    {
      "id": 8623,
      "name": "The Void",
      "exits": {
        "North": 8620,
        "East": 8624,
        "South": 8626,
        "West": 8625,
        "Up": 8603,
        "Down": 8613
      }
    },
    {
      "id": 8624,
      "name": "The Void",
      "exits": {
        "North": 8621,
        "East": 8625,
        "South": 8627,
        "West": 8623,
        "Up": 8638,
        "Down": 8614
      }
    },
    {
      "id": 8625,
      "name": "The Void",
      "exits": {
        "North": 8622,
        "East": 8623,
        "South": 8628,
        "West": 8624,
        "Up": 8605,
        "Down": 8615
      }
    },
    {
      "id": 8626,
      "name": "The Void",
      "exits": {
        "North": 8623,
        "East": 8627,
        "South": 8620,
        "West": 8628,
        "Up": 8606,
        "Down": 8616
      }
    },
    {
      "id": 8627,
      "name": "The Void",
      "exits": {
        "North": 8624,
        "East": 8628,
        "South": 8621,
        "West": 8626,
        "Up": 8607,
        "Down": 8617
      }
    },
    {
      "id": 8628,
      "name": "The Void",
      "exits": {
        "North": 8625,
        "East": 8626,
        "South": 8622,
        "West": 8627,
        "Up": 8608,
        "Down": 8618
      }
    },
    {
      "id": 8630,
      "name": "Road to Newfane",
      "exits": {
        "North": 8631,
        "South": 8611
      }
    },
    {
      "id": 8631,
      "name": "Newfane Village Square",
      "exits": {
        "South": 8630
      }
    },
    {
      "id": 8632,
      "name": "A Large Dance Hall",
      "exits": {
        "West": 8615
      }
    },
    {
      "id": 8634,
      "name": "A Small Hall",
      "exits": {
        "North": 8617
      }
    },
    {
      "id": 8636,
      "name": "Road by a Pond",
      "exits": {
        "East": 8613,
        "West": 8637
      }
    },
    {
      "id": 8637,
      "name": "An Old Wooden Church",
      "exits": {
        "East": 8636
      }
    },
    {
      "id": 8638,
      "name": "Mountain Road",
      "exits": {
        "Up": 8639,
        "Down": 8624
      }
    },
    {
      "id": 8639,
      "name": "Yule Tree Farm",
      "exits": {
        "Down": 8638
      }
    },
    {
      "id": 8699,
      "name": "The Void",
      "exits": {}
    },
    {
      "id": 3050,
      "name": "To Midgaard",
      "otherAreaExit": true,
      "exits": {
        "North": 3046,
        "Up": 8604
      }
    }
  ]
}