{
  "name": "Mad Man",
  "buildOptions": {
    "maxSteps": 1000,
    "fixObstacles": true,
    "fixNonStraight": true,
    "fixIntersected": true,
    "compactMap": true,
    "addDebugInfo": false,
    "colorizeConnectionIssues": true
  },
  "rooms": [
    {
      "id": 11100,
      "name": "Path Through the Mountains of Dhoom",
      "exits": {
        "North": 11101,
        "South": 9877
      }
    },
    {
      "id": 11101,
      "name": "Path Through the Mountains of Dhoom",
      "exits": {
        "North": 11102,
        "South": 11100
      }
    },
    {
      "id": 11102,
      "name": "Path Through the Mountains of Dhoom",
      "exits": {
        "East": 11103,
        "South": 11101
      }
    },
    {
      "id": 11103,
      "name": "Path Through the Mountains of Dhoom",
      "exits": {
        "North": 11104,
        "West": 11102
      }
    },
    {
      "id": 11104,
      "name": "A Screaming Cave",
      "exits": {
        "North": 11105,
        "South": 11103
      }
    },
    {
      "id": 11105,
      "name": "Inside the mouth",
      "exits": {
        "North": 11106,
        "South": 11104
      }
    },
    {
      "id": 11106,
      "name": "Casual thoughts",
      "exits": {
        "East": 11107,
        "South": 11105
      }
    },
    {
      "id": 11107,
      "name": "Casual thoughts",
      "exits": {
        "East": 11108,
        "West": 11106
      }
    },
    {
      "id": 11108,
      "name": "Casual thoughts",
      "exits": {
        "East": 11109,
        "West": 11107
      }
    },
    {
      "id": 11109,
      "name": "Casual thoughts",
      "exits": {
        "North": 11110,
        "West": 11108
      }
    },
    {
      "id": 11110,
      "name": "Casual thoughts",
      "exits": {
        "North": 11111,
        "South": 11109
      }
    },
    {
      "id": 11111,
      "name": "Casual thoughts",
      "exits": {
        "East": 11112,
        "South": 11110
      }
    },
    {
      "id": 11112,
      "name": "Casual thoughts",
      "exits": {
        "East": 11113,
        "West": 11111
      }
    },
    {
      "id": 11113,
      "name": "Casual thoughts",
      "exits": {
        "East": 11114,
        "West": 11112
      }
    },
    {
      "id": 11114,
      "name": "Casual thoughts",
      "exits": {
        "North": 11115,
        "West": 11113
      }
    },
    {
      "id": 11115,
      "name": "Casual thoughts",
      "exits": {
        "North": 11116,
        "South": 11114
      }
    },
    {
      "id": 11116,
      "name": "Casual thoughts",
      "exits": {
        "North": 11117,
        "South": 11115
      }
    },
    {
      "id": 11117,
      "name": "A bridge in consciousness",
      "exits": {
        "North": 11152,
        "East": 11118,
        "South": 11116
      }
    },
    {
      "id": 11118,
      "name": "The beginning of the Id",
      "exits": {
        "East": 11119,
        "West": 11117
      }
    },
    {
      "id": 11119,
      "name": "The Id",
      "exits": {
        "North": 11120,
        "South": 11136,
        "West": 11118
      }
    },
    {
      "id": 11120,
      "name": "Inside the Id",
      "exits": {
        "North": 11121,
        "South": 11119
      }
    },
    {
      "id": 11121,
      "name": "Inside the Id",
      "exits": {
        "North": 11122,
        "South": 11120
      }
    },
    {
      "id": 11122,
      "name": "Inside the Id",
      "exits": {
        "East": 11123,
        "South": 11121
      }
    },
    {
      "id": 11123,
      "name": "Inside the Id",
      "exits": {
        "North": 11137,
        "East": 11124,
        "West": 11122
      }
    },
    {
      "id": 11124,
      "name": "Inside the Id",
      "exits": {
        "East": 11125,
        "West": 11123
      }
    },
    {
      "id": 11125,
      "name": "Inside the Id",
      "exits": {
        "South": 11126,
        "West": 11124
      }
    },
    {
      "id": 11126,
      "name": "Inside the Id",
      "exits": {
        "North": 11125,
        "South": 11127
      }
    },
    {
      "id": 11127,
      "name": "Inside the Id",
      "exits": {
        "North": 11126,
        "East": 11141,
        "South": 11128
      }
    },
    {
      "id": 11128,
      "name": "Inside the Id",
      "exits": {
        "North": 11127,
        "South": 11129
      }
    },
    {
      "id": 11129,
      "name": "Inside the Id",
      "exits": {
        "North": 11128,
        "South": 11130
      }
    },
    {
      "id": 11130,
      "name": "Inside the Id",
      "exits": {
        "North": 11129,
        "East": 11144,
        "South": 11131
      }
    },
    {
      "id": 11131,
      "name": "Inside the Id",
      "exits": {
        "North": 11130,
        "West": 11132
      }
    },
    {
      "id": 11132,
      "name": "Inside the Id",
      "exits": {
        "East": 11131,
        "West": 11133
      }
    },
    {
      "id": 11133,
      "name": "Inside the Id",
      "exits": {
        "East": 11132,
        "South": 11147,
        "West": 11134
      }
    },
    {
      "id": 11134,
      "name": "Inside the Id",
      "exits": {
        "North": 11135,
        "East": 11133
      }
    },
    {
      "id": 11135,
      "name": "Inside the Id",
      "exits": {
        "North": 11136,
        "South": 11134
      }
    },
    {
      "id": 11136,
      "name": "Inside the Id",
      "exits": {
        "North": 11119,
        "South": 11135
      }
    },
    {
      "id": 11137,
      "name": "Inside the Id",
      "exits": {
        "North": 11138,
        "South": 11123
      }
    },
    {
      "id": 11138,
      "name": "Inside the Id",
      "exits": {
        "North": 11139,
        "South": 11137
      }
    },
    {
      "id": 11139,
      "name": "Inside the Id",
      "exits": {
        "East": 11140,
        "South": 11138
      }
    },
    {
      "id": 11140,
      "name": "A cornerstone in the Id",
      "exits": {
        "West": 11139
      }
    },
    {
      "id": 11141,
      "name": "Inside the Id",
      "exits": {
        "East": 11142,
        "West": 11127
      }
    },
    {
      "id": 11142,
      "name": "Inside the Id",
      "exits": {
        "North": 11143,
        "West": 11141
      }
    },
    {
      "id": 11143,
      "name": "A cornerstone in the Id",
      "exits": {
        "South": 11142,
        "Down": 11292
      }
    },
    {
      "id": 11144,
      "name": "Inside the Id",
      "exits": {
        "East": 11145,
        "West": 11130
      }
    },
    {
      "id": 11145,
      "name": "Inside the Id",
      "exits": {
        "South": 11146,
        "West": 11144
      }
    },
    {
      "id": 11146,
      "name": "A cornerstone in the Id",
      "exits": {
        "North": 11145
      }
    },
    {
      "id": 11147,
      "name": "Inside the Id",
      "exits": {
        "North": 11133,
        "South": 11148
      }
    },
    {
      "id": 11148,
      "name": "Inside the Id",
      "exits": {
        "North": 11147,
        "South": 11149
      }
    },
    {
      "id": 11149,
      "name": "Inside the Id",
      "exits": {
        "North": 11148,
        "East": 11150
      }
    },
    {
      "id": 11150,
      "name": "Inside the Id",
      "exits": {
        "East": 11151,
        "West": 11149
      }
    },
    {
      "id": 11151,
      "name": "A cornerstone in the Id",
      "exits": {
        "West": 11150
      }
    },
    {
      "id": 11152,
      "name": "The train of thought",
      "exits": {
        "North": 11153,
        "South": 11117
      }
    },
    {
      "id": 11153,
      "name": "The train of thought",
      "exits": {
        "North": 11154,
        "South": 11152
      }
    },
    {
      "id": 11154,
      "name": "The train of thought",
      "exits": {
        "South": 11153,
        "West": 11155
      }
    },
    {
      "id": 11155,
      "name": "The train of thought",
      "exits": {
        "East": 11154,
        "West": 11156
      }
    },
    {
      "id": 11156,
      "name": "The train of thought",
      "exits": {
        "East": 11155,
        "West": 11157
      }
    },
    {
      "id": 11157,
      "name": "The train of thought",
      "exits": {
        "North": 11158,
        "East": 11156
      }
    },
    {
      "id": 11158,
      "name": "The train of thought",
      "exits": {
        "North": 11159,
        "South": 11157
      }
    },
    {
      "id": 11159,
      "name": "The train of thought",
      "exits": {
        "North": 11160,
        "South": 11158
      }
    },
    {
      "id": 11160,
      "name": "The train of thought",
      "exits": {
        "North": 11161,
        "South": 11159
      }
    },
    {
      "id": 11161,
      "name": "The train of thought",
      "exits": {
        "North": 11162,
        "South": 11160
      }
    },
    {
      "id": 11162,
      "name": "The train of thought",
      "exits": {
        "South": 11161,
        "West": 11163
      }
    },
    {
      "id": 11163,
      "name": "The train of thought",
      "exits": {
        "East": 11162,
        "West": 11164
      }
    },
    {
      "id": 11164,
      "name": "The train of thought",
      "exits": {
        "North": 11165,
        "East": 11163
      }
    },
    {
      "id": 11165,
      "name": "The train of thought",
      "exits": {
        "North": 11166,
        "South": 11164
      }
    },
    {
      "id": 11166,
      "name": "The train of thought",
      "exits": {
        "North": 11167,
        "South": 11165
      }
    },
    {
      "id": 11167,
      "name": "A misty vortex",
      "exits": {
        "East": 11168,
        "South": 11166,
        "West": 11187
      }
    },
    {
      "id": 11168,
      "name": "Towards the back corner of the mind",
      "exits": {
        "East": 11169,
        "West": 11167
      }
    },
    {
      "id": 11169,
      "name": "Towards the back corner of the mind",
      "exits": {
        "North": 11170,
        "West": 11168
      }
    },
    {
      "id": 11170,
      "name": "Towards the back corner of the mind",
      "exits": {
        "North": 11171,
        "South": 11169
      }
    },
    {
      "id": 11171,
      "name": "Towards the back corner of the mind",
      "exits": {
        "East": 11172,
        "South": 11170
      }
    },
    {
      "id": 11172,
      "name": "Towards the back corner of the mind",
      "exits": {
        "East": 11173,
        "West": 11171
      }
    },
    {
      "id": 11173,
      "name": "Back corner of the mind",
      "exits": {
        "North": 11174,
        "South": 11186,
        "West": 11172
      }
    },
    {
      "id": 11174,
      "name": "Back corner of the mind",
      "exits": {
        "North": 11175,
        "South": 11173
      }
    },
    {
      "id": 11175,
      "name": "Back corner of the mind",
      "exits": {
        "North": 11176,
        "South": 11174
      }
    },
    {
      "id": 11176,
      "name": "Back corner of the mind",
      "exits": {
        "East": 11177,
        "South": 11175
      }
    },
    {
      "id": 11177,
      "name": "Back corner of the mind",
      "exits": {
        "East": 11178,
        "West": 11176
      }
    },
    {
      "id": 11178,
      "name": "Back corner of the mind",
      "exits": {
        "South": 11179,
        "West": 11177
      }
    },
    {
      "id": 11179,
      "name": "Back corner of the mind",
      "exits": {
        "North": 11178,
        "South": 11180
      }
    },
    {
      "id": 11180,
      "name": "Back corner of the mind",
      "exits": {
        "North": 11179,
        "South": 11181
      }
    },
    {
      "id": 11181,
      "name": "Back corner of the mind",
      "exits": {
        "North": 11180,
        "South": 11182
      }
    },
    {
      "id": 11182,
      "name": "Back corner of the mind",
      "exits": {
        "North": 11181,
        "South": 11183
      }
    },
    {
      "id": 11183,
      "name": "Back corner of the mind",
      "exits": {
        "North": 11182,
        "West": 11184
      }
    },
    {
      "id": 11184,
      "name": "Back corner of the mind",
      "exits": {
        "East": 11183,
        "West": 11185
      }
    },
    {
      "id": 11185,
      "name": "Back corner of the mind",
      "exits": {
        "North": 11186,
        "East": 11184
      }
    },
    {
      "id": 11186,
      "name": "Back corner of the mind",
      "exits": {
        "North": 11173,
        "South": 11185
      }
    },
    {
      "id": 11187,
      "name": "The train of thought",
      "exits": {
        "East": 11167,
        "West": 11188
      }
    },
    {
      "id": 11188,
      "name": "The train of thought",
      "exits": {
        "East": 11187,
        "West": 11189
      }
    },
    {
      "id": 11189,
      "name": "The train of thought",
      "exits": {
        "East": 11188,
        "West": 11190
      }
    },
    {
      "id": 11190,
      "name": "The train of thought",
      "exits": {
        "East": 11189,
        "South": 11191
      }
    },
    {
      "id": 11191,
      "name": "The train of thought",
      "exits": {
        "North": 11190,
        "South": 11192
      }
    },
    {
      "id": 11192,
      "name": "The train of thought",
      "exits": {
        "North": 11191,
        "West": 11193
      }
    },
    {
      "id": 11193,
      "name": "The train of thought",
      "exits": {
        "East": 11192,
        "West": 11194
      }
    },
    {
      "id": 11194,
      "name": "The train of thought",
      "exits": {
        "East": 11193,
        "South": 11195
      }
    },
    {
      "id": 11195,
      "name": "Deeper in the psyche",
      "exits": {
        "North": 11194,
        "South": 11196
      }
    },
    {
      "id": 11196,
      "name": "Deeper in the psyche",
      "exits": {
        "North": 11195,
        "West": 11197
      }
    },
    {
      "id": 11197,
      "name": "Deeper in the psyche",
      "exits": {
        "East": 11196,
        "South": 11198
      }
    },
    {
      "id": 11198,
      "name": "Deeper in the psyche",
      "exits": {
        "North": 11197,
        "South": 11199
      }
    },
    {
      "id": 11199,
      "name": "Deeper in the psyche",
      "exits": {
        "North": 11198,
        "South": 11200
      }
    },
    {
      "id": 11200,
      "name": "Deeper in the psyche",
      "exits": {
        "North": 11199,
        "South": 11201
      }
    },
    {
      "id": 11201,
      "name": "Deeper in the psyche",
      "exits": {
        "North": 11200,
        "South": 11202
      }
    },
    {
      "id": 11202,
      "name": "Deeper in the psyche",
      "exits": {
        "North": 11201,
        "South": 11203
      }
    },
    {
      "id": 11203,
      "name": "Deeper in the psyche",
      "exits": {
        "North": 11202,
        "West": 11204
      }
    },
    {
      "id": 11204,
      "name": "Deeper in the psyche",
      "exits": {
        "East": 11203,
        "West": 11205
      }
    },
    {
      "id": 11205,
      "name": "Deeper in the psyche",
      "exits": {
        "North": 11206,
        "East": 11204
      }
    },
    {
      "id": 11206,
      "name": "Deeper in the psyche",
      "exits": {
        "North": 11207,
        "South": 11205
      }
    },
    {
      "id": 11207,
      "name": "Deeper in the psyche",
      "exits": {
        "North": 11208,
        "South": 11206
      }
    },
    {
      "id": 11208,
      "name": "Deeper in the psyche",
      "exits": {
        "North": 11209,
        "South": 11207
      }
    },
    {
      "id": 11209,
      "name": "Deeper in the psyche",
      "exits": {
        "North": 11210,
        "South": 11208
      }
    },
    {
      "id": 11210,
      "name": "Deeper in the psyche",
      "exits": {
        "North": 11211,
        "South": 11209
      }
    },
    {
      "id": 11211,
      "name": "Deeper in the psyche",
      "exits": {
        "North": 11212,
        "South": 11210
      }
    },
    {
      "id": 11212,
      "name": "Deeper in the psyche",
      "exits": {
        "South": 11211,
        "West": 11213
      }
    },
    {
      "id": 11213,
      "name": "Entering the consciousness",
      "exits": {
        "East": 11212,
        "West": 11214
      }
    },
    {
      "id": 11214,
      "name": "A stream of consciousness",
      "exits": {
        "North": 11215,
        "East": 11213,
        "South": 11226
      }
    },
    {
      "id": 11215,
      "name": "A stream of consciousness",
      "exits": {
        "North": 11216,
        "South": 11214
      }
    },
    {
      "id": 11216,
      "name": "A stream of consciousness",
      "exits": {
        "North": 11217,
        "South": 11215,
        "West": 11224
      }
    },
    {
      "id": 11217,
      "name": "A stream of consciousness",
      "exits": {
        "North": 11218,
        "South": 11216
      }
    },
    {
      "id": 11218,
      "name": "A stream of consciousness",
      "exits": {
        "North": 11219,
        "South": 11217,
        "West": 11222
      }
    },
    {
      "id": 11219,
      "name": "A stream of consciousness",
      "exits": {
        "North": 11220,
        "South": 11218
      }
    },
    {
      "id": 11220,
      "name": "A stream of consciousness",
      "exits": {
        "South": 11219,
        "West": 11221
      }
    },
    {
      "id": 11221,
      "name": "A shadowy room",
      "exits": {
        "East": 11220
      }
    },
    {
      "id": 11222,
      "name": "A stream of consciousness",
      "exits": {
        "East": 11218,
        "West": 11223
      }
    },
    {
      "id": 11223,
      "name": "A shadowy room",
      "exits": {
        "East": 11222
      }
    },
    {
      "id": 11224,
      "name": "A stream of consciousness",
      "exits": {
        "East": 11216,
        "West": 11225
      }
    },
    {
      "id": 11225,
      "name": "A shadowy room",
      "exits": {
        "East": 11224
      }
    },
    {
      "id": 11226,
      "name": "A stream of consciousness",
      "exits": {
        "North": 11214,
        "South": 11227,
        "West": 11252
      }
    },
    {
      "id": 11227,
      "name": "A stream of consciousness",
      "exits": {
        "North": 11226,
        "South": 11228
      }
    },
    {
      "id": 11228,
      "name": "A stream of consciousness",
      "exits": {
        "North": 11227,
        "South": 11229
      }
    },
    {
      "id": 11229,
      "name": "A stream of consciousness",
      "exits": {
        "North": 11228,
        "South": 11230
      }
    },
    {
      "id": 11230,
      "name": "A stream of consciousness",
      "exits": {
        "North": 11229,
        "South": 11231,
        "West": 11254
      }
    },
    {
      "id": 11231,
      "name": "A stream of consciousness",
      "exits": {
        "North": 11230,
        "South": 11232
      }
    },
    {
      "id": 11232,
      "name": "A stream of consciousness",
      "exits": {
        "North": 11231,
        "South": 11233
      }
    },
    {
      "id": 11233,
      "name": "A stream of consciousness",
      "exits": {
        "North": 11232,
        "South": 11234
      }
    },
    {
      "id": 11234,
      "name": "A stream of consciousness",
      "exits": {
        "North": 11233,
        "South": 11235
      }
    },
    {
      "id": 11235,
      "name": "A stream of consciousness",
      "exits": {
        "North": 11234,
        "East": 11259,
        "South": 11236
      }
    },
    {
      "id": 11236,
      "name": "A stream of consciousness",
      "exits": {
        "North": 11235,
        "South": 11237
      }
    },
    {
      "id": 11237,
      "name": "A stream of consciousness",
      "exits": {
        "North": 11236,
        "East": 11238,
        "West": 11260
      }
    },
    {
      "id": 11238,
      "name": "A stream of consciousness",
      "exits": {
        "East": 11239,
        "West": 11237
      }
    },
    {
      "id": 11239,
      "name": "A stream of consciousness",
      "exits": {
        "South": 11240,
        "West": 11238
      }
    },
    {
      "id": 11240,
      "name": "Outer reaches of the mind",
      "exits": {
        "North": 11239,
        "South": 11241
      }
    },
    {
      "id": 11241,
      "name": "Outer reaches of the mind",
      "exits": {
        "North": 11240,
        "South": 11242
      }
    },
    {
      "id": 11242,
      "name": "Outer reaches of the mind",
      "exits": {
        "North": 11241,
        "East": 11261,
        "South": 11243
      }
    },
    {
      "id": 11243,
      "name": "Outer reaches of the mind",
      "exits": {
        "North": 11242,
        "South": 11244
      }
    },
    {
      "id": 11244,
      "name": "Outer reaches of the mind",
      "exits": {
        "North": 11243,
        "South": 11245
      }
    },
    {
      "id": 11245,
      "name": "Outer reaches of the mind",
      "exits": {
        "North": 11244,
        "West": 11246
      }
    },
    {
      "id": 11246,
      "name": "Outer reaches of the mind",
      "exits": {
        "East": 11245,
        "West": 11247
      }
    },
    {
      "id": 11247,
      "name": "Outer reaches of the mind",
      "exits": {
        "East": 11246,
        "South": 11248
      }
    },
    {
      "id": 11248,
      "name": "Outer reaches of the mind",
      "exits": {
        "North": 11247,
        "South": 11249
      }
    },
    {
      "id": 11249,
      "name": "Outer reaches of the mind",
      "exits": {
        "North": 11248,
        "East": 11250,
        "West": 11251
      }
    },
    {
      "id": 11250,
      "name": "A shadowy room",
      "exits": {
        "West": 11249
      }
    },
    {
      "id": 11251,
      "name": "A shadowy room",
      "exits": {
        "East": 11249
      }
    },
    {
      "id": 11252,
      "name": "A stream of consciousness",
      "exits": {
        "East": 11226,
        "West": 11253
      }
    },
    {
      "id": 11253,
      "name": "A shadowy room",
      "exits": {
        "East": 11252
      }
    },
    {
      "id": 11254,
      "name": "A stream of consciousness",
      "exits": {
        "East": 11230,
        "West": 11255
      }
    },
    {
      "id": 11255,
      "name": "A stream of consciousness",
      "exits": {
        "East": 11254,
        "South": 11256
      }
    },
    {
      "id": 11256,
      "name": "A stream of consciousness",
      "exits": {
        "North": 11255,
        "South": 11257
      }
    },
    {
      "id": 11257,
      "name": "A stream of consciousness",
      "exits": {
        "North": 11256,
        "South": 11258
      }
    },
    {
      "id": 11258,
      "name": "A shadowy room",
      "exits": {
        "North": 11257
      }
    },
    {
      "id": 11259,
      "name": "A shadowy room",
      "exits": {
        "West": 11235
      }
    },
    {
      "id": 11260,
      "name": "A shadowy room",
      "exits": {
        "East": 11237
      }
    },
    {
      "id": 11261,
      "name": "Entering the subconscious",
      "exits": {
        "East": 11262,
        "West": 11242
      }
    },
    {
      "id": 11262,
      "name": "The subconscious",
      "exits": {
        "North": 11263,
        "West": 11261
      }
    },
    {
      "id": 11263,
      "name": "The subconscious",
      "exits": {
        "North": 11264,
        "South": 11262
      }
    },
    {
      "id": 11264,
      "name": "The subconscious",
      "exits": {
        "North": 11265,
        "South": 11263
      }
    },
    {
      "id": 11265,
      "name": "The subconscious",
      "exits": {
        "East": 11266,
        "South": 11264
      }
    },
    {
      "id": 11266,
      "name": "The subconscious",
      "exits": {
        "East": 11267,
        "West": 11265
      }
    },
    {
      "id": 11267,
      "name": "The subconscious",
      "exits": {
        "North": 11268,
        "West": 11266
      }
    },
    {
      "id": 11268,
      "name": "The subconscious",
      "exits": {
        "North": 11269,
        "South": 11267
      }
    },
    {
      "id": 11269,
      "name": "The subconscious",
      "exits": {
        "North": 11270,
        "South": 11268
      }
    },
    {
      "id": 11270,
      "name": "The grand entrance",
      "exits": {
        "North": 11271,
        "South": 11269
      }
    },
    {
      "id": 11271,
      "name": "Just inside the park",
      "exits": {
        "North": 11272,
        "East": 11288,
        "South": 11270
      }
    },
    {
      "id": 11272,
      "name": "The park of the absurd",
      "exits": {
        "North": 11273,
        "East": 11287,
        "South": 11271
      }
    },
    {
      "id": 11273,
      "name": "The park of the absurd",
      "exits": {
        "North": 11274,
        "East": 11282,
        "South": 11272
      }
    },
    {
      "id": 11274,
      "name": "The park of the absurd",
      "exits": {
        "North": 11275,
        "East": 11281,
        "South": 11273
      }
    },
    {
      "id": 11275,
      "name": "A small carousel",
      "exits": {
        "East": 11276,
        "South": 11274
      }
    },
    {
      "id": 11276,
      "name": "The park of the absurd",
      "exits": {
        "East": 11277,
        "South": 11281,
        "West": 11275
      }
    },
    {
      "id": 11277,
      "name": "The park of the absurd",
      "exits": {
        "East": 11278,
        "South": 11280,
        "West": 11276
      }
    },
    {
      "id": 11278,
      "name": "The park of the absurd",
      "exits": {
        "South": 11279,
        "West": 11277
      }
    },
    {
      "id": 11279,
      "name": "The park of the absurd",
      "exits": {
        "North": 11278,
        "South": 11284,
        "West": 11280
      }
    },
    {
      "id": 11280,
      "name": "A refuse pit",
      "exits": {
        "North": 11277,
        "East": 11279,
        "South": 11283,
        "West": 11281
      }
    },
    {
      "id": 11281,
      "name": "The park of the absurd",
      "exits": {
        "North": 11276,
        "East": 11280,
        "South": 11282,
        "West": 11274
      }
    },
    {
      "id": 11282,
      "name": "An empty sandbox",
      "exits": {
        "North": 11281,
        "East": 11283,
        "South": 11287,
        "West": 11273
      }
    },
    {
      "id": 11283,
      "name": "The park of the absurd",
      "exits": {
        "North": 11280,
        "East": 11284,
        "South": 11286,
        "West": 11282
      }
    },
    {
      "id": 11284,
      "name": "The park of the absurd",
      "exits": {
        "North": 11279,
        "East": 11291,
        "South": 11285,
        "West": 11283
      }
    },
    {
      "id": 11285,
      "name": "A set of park benches",
      "exits": {
        "North": 11284,
        "South": 11290,
        "West": 11286
      }
    },
    {
      "id": 11286,
      "name": "The park of the absurd",
      "exits": {
        "North": 11283,
        "East": 11285,
        "South": 11289,
        "West": 11287
      }
    },
    {
      "id": 11287,
      "name": "The park of the absurd",
      "exits": {
        "North": 11282,
        "East": 11286,
        "South": 11288,
        "West": 11272
      }
    },
    {
      "id": 11288,
      "name": "The park of the absurd",
      "exits": {
        "North": 11287,
        "East": 11289,
        "West": 11271
      }
    },
    {
      "id": 11289,
      "name": "The park of the absurd",
      "exits": {
        "North": 11286,
        "East": 11290,
        "West": 11288
      }
    },
    {
      "id": 11290,
      "name": "The park of the absurd",
      "exits": {
        "North": 11285,
        "West": 11289
      }
    },
    {
      "id": 11291,
      "name": "The throne of a madman",
      "exits": {}
    },
    {
      "id": 11292,
      "name": "Into the Abyss of the Mind",
      "exits": {
        "Up": 11143,
        "Down": 11293
      }
    },
    {
      "id": 11293,
      "name": "Into the Abyss of the Mind",
      "exits": {
        "Up": 11292,
        "Down": 11294
      }
    },
    {
      "id": 11294,
      "name": "Into the Abyss of the Mind",
      "exits": {
        "Up": 11293
      }
    },
    {
      "id": 9877,
      "name": "To New Thalos",
      "otherAreaExit": true,
      "exits": {
        "North": 11100,
        "South": 9876
      }
    }
  ]
}