{
  "name": "Mahn-Tor",
  "buildOptions": {
    "maxSteps": 1000,
    "fixObstacles": true,
    "fixNonStraight": true,
    "fixIntersected": false,
    "compactMap": true,
    "addDebugInfo": false,
    "colorizeConnectionIssues": true
  },
  "rooms": [
    {
      "id": 2300,
      "name": "The dark woods",
      "exits": {
        "North": 60798,
        "South": 2301
      }
    },
    {
      "id": 2301,
      "name": "The dark woods",
      "exits": {
        "North": 2300,
        "South": 2302
      }
    },
    {
      "id": 2302,
      "name": "The small intersection in the forest",
      "exits": {
        "North": 2301,
        "East": 2304,
        "South": 2303
      }
    },
    {
      "id": 2303,
      "name": "The edge of the forest and hills",
      "exits": {
        "North": 2302,
        "West": 2309
      }
    },
    {
      "id": 2304,
      "name": "In the dense forest",
      "exits": {
        "South": 2305,
        "West": 2302
      }
    },
    {
      "id": 2305,
      "name": "The dark forest path",
      "exits": {
        "North": 2304,
        "East": 2327,
        "South": 2306
      }
    },
    {
      "id": 2306,
      "name": "A turn in the path",
      "exits": {
        "North": 2305,
        "West": 2307
      }
    },
    {
      "id": 2307,
      "name": "The bloody intersection",
      "exits": {
        "East": 2306,
        "South": 2310,
        "West": 2308
      }
    },
    {
      "id": 2308,
      "name": "The rocky path",
      "exits": {
        "North": 2309,
        "East": 2307
      }
    },
    {
      "id": 2309,
      "name": "The rocky path",
      "exits": {
        "East": 2303,
        "South": 2308
      }
    },
    {
      "id": 2310,
      "name": "Up the rocky hillside",
      "exits": {
        "North": 2307,
        "East": 2312,
        "South": 2314,
        "West": 2311
      }
    },
    {
      "id": 2311,
      "name": "The sparse foothills",
      "exits": {
        "East": 2310,
        "South": 2313
      }
    },
    {
      "id": 2312,
      "name": "Standing on level ground",
      "exits": {
        "South": 2315,
        "West": 2310
      }
    },
    {
      "id": 2313,
      "name": "In the foothills",
      "exits": {
        "North": 2311,
        "East": 2314,
        "South": 2317
      }
    },
    {
      "id": 2314,
      "name": "Before the huge tree",
      "exits": {
        "North": 2310,
        "East": 2315,
        "South": 2318,
        "West": 2313
      }
    },
    {
      "id": 2315,
      "name": "Before the dark cave",
      "exits": {
        "North": 2312,
        "East": 2316,
        "South": 2319,
        "West": 2314
      }
    },
    {
      "id": 2316,
      "name": "Inside the horrid cave",
      "exits": {
        "West": 2315
      }
    },
    {
      "id": 2317,
      "name": "The hills overlooking the shore",
      "exits": {
        "North": 2313,
        "East": 2318,
        "Down": 2320
      }
    },
    {
      "id": 2318,
      "name": "The hills overlooking the shoreline",
      "exits": {
        "North": 2314,
        "East": 2319,
        "West": 2317,
        "Down": 2321
      }
    },
    {
      "id": 2319,
      "name": "The hills above the shoreline",
      "exits": {
        "North": 2315,
        "West": 2318,
        "Down": 2322
      }
    },
    {
      "id": 2320,
      "name": "The rocky shore",
      "exits": {
        "East": 2321,
        "South": 2323,
        "Up": 2317
      }
    },
    {
      "id": 2321,
      "name": "The rocky shoreline",
      "exits": {
        "East": 2322,
        "South": 2324,
        "West": 2320,
        "Up": 2318
      }
    },
    {
      "id": 2322,
      "name": "The rocky shore",
      "exits": {
        "South": 2325,
        "West": 2321,
        "Up": 2319
      }
    },
    {
      "id": 2323,
      "name": "The edge of the sea",
      "exits": {
        "North": 2320,
        "East": 2324
      }
    },
    {
      "id": 2324,
      "name": "The Blood Sea Portal",
      "exits": {
        "North": 2321,
        "East": 2325,
        "South": 2326,
        "West": 2323
      }
    },
    {
      "id": 2325,
      "name": "The edge of the sea",
      "exits": {
        "North": 2322,
        "West": 2324
      }
    },
    {
      "id": 2326,
      "name": "Floating in blue light",
      "exits": {
        "North": 2324,
        "South": 2353
      }
    },
    {
      "id": 2327,
      "name": "The swampy path",
      "exits": {
        "East": 2328,
        "West": 2305
      }
    },
    {
      "id": 2328,
      "name": "The swampy path",
      "exits": {
        "East": 2329,
        "West": 2327
      }
    },
    {
      "id": 2329,
      "name": "The swampy path",
      "exits": {
        "East": 2330,
        "West": 2328
      }
    },
    {
      "id": 2330,
      "name": "The turn in the swampy path",
      "exits": {
        "South": 2331,
        "West": 2329
      }
    },
    {
      "id": 2331,
      "name": "The swampy path",
      "exits": {
        "North": 2330,
        "East": 2335
      }
    },
    {
      "id": 2332,
      "name": "Lost in the Mist",
      "exits": {
        "North": 2337,
        "East": 2334,
        "South": 2335,
        "West": 2334
      }
    },
    {
      "id": 2333,
      "name": "Lost in the Mist",
      "exits": {
        "North": 2333,
        "East": 2336,
        "South": 2333,
        "West": 2335
      }
    },
    {
      "id": 2334,
      "name": "Lost in the Mist",
      "exits": {
        "North": 2338,
        "East": 2332,
        "South": 2336,
        "West": 2332
      }
    },
    {
      "id": 2335,
      "name": "Lost in the Mist",
      "exits": {
        "North": 2332,
        "East": 2333,
        "South": 2337,
        "West": 2331
      }
    },
    {
      "id": 2336,
      "name": "Lost in the Mist",
      "exits": {
        "North": 2334,
        "East": 2339,
        "South": 2338,
        "West": 2333
      }
    },
    {
      "id": 2337,
      "name": "Lost in the Mist",
      "exits": {
        "North": 2335,
        "East": 2338,
        "South": 2332,
        "West": 2338
      }
    },
    {
      "id": 2338,
      "name": "Lost in the Mist",
      "exits": {
        "North": 2336,
        "East": 2337,
        "South": 2334,
        "West": 2337
      }
    },
    {
      "id": 2339,
      "name": "The solid path",
      "exits": {
        "North": 2340,
        "West": 2336
      }
    },
    {
      "id": 2340,
      "name": "A forested path",
      "exits": {
        "North": 2341,
        "South": 2339
      }
    },
    {
      "id": 2341,
      "name": "The gate before the Ogre Village",
      "exits": {
        "North": 2343,
        "South": 2340
      }
    },
    {
      "id": 2342,
      "name": "Among the crude huts",
      "exits": {
        "North": 2345,
        "East": 2343
      }
    },
    {
      "id": 2343,
      "name": "Inside the gates",
      "exits": {
        "North": 2346,
        "East": 2344,
        "South": 2341,
        "West": 2342
      }
    },
    {
      "id": 2344,
      "name": "Among the crude huts",
      "exits": {
        "North": 2347,
        "West": 2343
      }
    },
    {
      "id": 2345,
      "name": "The gathering place",
      "exits": {
        "East": 2346,
        "South": 2342
      }
    },
    {
      "id": 2346,
      "name": "The firepit before the lodge",
      "exits": {
        "North": 2348,
        "East": 2347,
        "South": 2343,
        "West": 2345
      }
    },
    {
      "id": 2347,
      "name": "The village dump",
      "exits": {
        "South": 2344,
        "West": 2346
      }
    },
    {
      "id": 2348,
      "name": "The entryway to the lodge",
      "exits": {
        "North": 2349,
        "South": 2346
      }
    },
    {
      "id": 2349,
      "name": "The throne room",
      "exits": {
        "North": 2350,
        "South": 2348
      }
    },
    {
      "id": 2350,
      "name": "The chieftain\u0027s room",
      "exits": {
        "South": 2349
      }
    },
    {
      "id": 2351,
      "name": "The frigid wastelands",
      "exits": {
        "North": 2353,
        "East": 2352,
        "South": 2355,
        "West": 2354
      }
    },
    {
      "id": 2352,
      "name": "The frigid wastelands",
      "exits": {
        "North": 2357,
        "East": 2354,
        "South": 2358,
        "West": 2351
      }
    },
    {
      "id": 2353,
      "name": "The Glacier Temple",
      "exits": {
        "North": 2326,
        "South": 2351
      }
    },
    {
      "id": 2354,
      "name": "The frigid wastelands",
      "exits": {
        "North": 2359,
        "East": 2351,
        "South": 2356,
        "West": 2352
      }
    },
    {
      "id": 2355,
      "name": "The frigid wastelands",
      "exits": {
        "North": 2351,
        "East": 2356,
        "South": 2357,
        "West": 2356
      }
    },
    {
      "id": 2356,
      "name": "The frigid wastelands",
      "exits": {
        "North": 2354,
        "East": 2355,
        "South": 2359,
        "West": 2355
      }
    },
    {
      "id": 2357,
      "name": "The frigid wastelands",
      "exits": {
        "North": 2355,
        "East": 2358,
        "South": 2352,
        "West": 2359
      }
    },
    {
      "id": 2358,
      "name": "The frigid wastelands",
      "exits": {
        "North": 2352,
        "East": 2359,
        "South": 2360,
        "West": 2357
      }
    },
    {
      "id": 2359,
      "name": "The frigid wastelands",
      "exits": {
        "North": 2356,
        "East": 2357,
        "South": 2354,
        "West": 2358
      }
    },
    {
      "id": 2360,
      "name": "The edge of the frigid wastes",
      "exits": {
        "North": 2358,
        "Up": 2361
      }
    },
    {
      "id": 2361,
      "name": "On the cliffside",
      "exits": {
        "Up": 2362,
        "Down": 2360
      }
    },
    {
      "id": 2362,
      "name": "Before the gates of Mahn-Tor",
      "exits": {
        "South": 2364,
        "Down": 2361
      }
    },
    {
      "id": 2363,
      "name": "The city streets of Mahn-Tor",
      "exits": {
        "East": 2364,
        "South": 2366
      }
    },
    {
      "id": 2364,
      "name": "Inside the gates of Mahn-Tor",
      "exits": {
        "North": 2362,
        "East": 2365,
        "South": 2367,
        "West": 2363
      }
    },
    {
      "id": 2365,
      "name": "The city streets of Mahn-Tor",
      "exits": {
        "South": 2368,
        "West": 2364
      }
    },
    {
      "id": 2366,
      "name": "The city streets of Mahn-Tor",
      "exits": {
        "North": 2363,
        "East": 2367,
        "South": 2369
      }
    },
    {
      "id": 2367,
      "name": "The Square of Mahn-Tor",
      "exits": {
        "North": 2364,
        "East": 2368,
        "South": 2370,
        "West": 2366
      }
    },
    {
      "id": 2368,
      "name": "The streets of Mahn-Tor",
      "exits": {
        "North": 2365,
        "East": 2375,
        "South": 2371,
        "West": 2367
      }
    },
    {
      "id": 2369,
      "name": "The Inn of the Broken Horn",
      "exits": {
        "North": 2366
      }
    },
    {
      "id": 2370,
      "name": "The Mahn-Tor Equipment Shop",
      "exits": {
        "North": 2367
      }
    },
    {
      "id": 2371,
      "name": "The Mahn-Tor General Store",
      "exits": {
        "North": 2368
      }
    },
    {
      "id": 2372,
      "name": "Gorak\u0027s Training Room",
      "exits": {
        "East": 2388
      }
    },
    {
      "id": 2373,
      "name": "Darkoth\u0027s Dark Study",
      "exits": {
        "East": 2389
      }
    },
    {
      "id": 2374,
      "name": "Tyrgoth\u0027s Inner Sanctum",
      "exits": {
        "East": 2392
      }
    },
    {
      "id": 2375,
      "name": "The road to the Keep of Mahn-Tor",
      "exits": {
        "East": 2377,
        "West": 2368
      }
    },
    {
      "id": 2376,
      "name": "A small guard house",
      "exits": {
        "South": 2377
      }
    },
    {
      "id": 2377,
      "name": "Before the Keep of Mahn-Tor",
      "exits": {
        "North": 2376,
        "East": 2379,
        "South": 2378,
        "West": 2375
      }
    },
    {
      "id": 2378,
      "name": "A small guard house",
      "exits": {
        "North": 2377
      }
    },
    {
      "id": 2379,
      "name": "The entryway to the Keep of Mahn-Tor",
      "exits": {
        "East": 2380,
        "West": 2377
      }
    },
    {
      "id": 2380,
      "name": "The Hall",
      "exits": {
        "East": 2381,
        "West": 2379
      }
    },
    {
      "id": 2381,
      "name": "The Grand Hall",
      "exits": {
        "East": 2383,
        "South": 2382,
        "West": 2380
      }
    },
    {
      "id": 2382,
      "name": "The Great Hall",
      "exits": {
        "North": 2381,
        "East": 2384,
        "South": 2387
      }
    },
    {
      "id": 2383,
      "name": "Standing before the throne",
      "exits": {
        "East": 2385,
        "South": 2384,
        "West": 2381
      }
    },
    {
      "id": 2384,
      "name": "The Great Hall",
      "exits": {
        "North": 2383,
        "West": 2382
      }
    },
    {
      "id": 2385,
      "name": "The secret hallway",
      "exits": {
        "East": 2386,
        "West": 2383
      }
    },
    {
      "id": 2386,
      "name": "Entry to the Royal Chambers",
      "exits": {
        "East": 2395,
        "South": 2393,
        "West": 2385
      }
    },
    {
      "id": 2387,
      "name": "The Guard Post",
      "exits": {
        "North": 2382,
        "South": 2388
      }
    },
    {
      "id": 2388,
      "name": "The guarded hall",
      "exits": {
        "North": 2387,
        "East": 2390,
        "South": 2389,
        "West": 2372
      }
    },
    {
      "id": 2389,
      "name": "The guarded hall",
      "exits": {
        "North": 2388,
        "East": 2391,
        "South": 2392,
        "West": 2373
      }
    },
    {
      "id": 2390,
      "name": "Sumaron\u0027s Sanctum",
      "exits": {
        "West": 2388
      }
    },
    {
      "id": 2391,
      "name": "Amyrok\u0027s Arcane Study",
      "exits": {
        "West": 2389
      }
    },
    {
      "id": 2392,
      "name": "The guarded hall",
      "exits": {
        "North": 2389,
        "East": 2394,
        "South": 2397,
        "West": 2374
      }
    },
    {
      "id": 2393,
      "name": "The Harem Room",
      "exits": {
        "North": 2386,
        "East": 2396
      }
    },
    {
      "id": 2394,
      "name": "Nasturn\u0027s Humble Abode",
      "exits": {
        "West": 2392
      }
    },
    {
      "id": 2395,
      "name": "The main living room",
      "exits": {
        "South": 2396,
        "West": 2386
      }
    },
    {
      "id": 2396,
      "name": "The Master Bedroom",
      "exits": {
        "North": 2395,
        "West": 2393
      }
    },
    {
      "id": 2397,
      "name": "The end of the guarded hall",
      "exits": {
        "North": 2392,
        "East": 2398,
        "West": 2399
      }
    },
    {
      "id": 2398,
      "name": "Dorgar\u0027s Dismal Domicile",
      "exits": {
        "West": 2397
      }
    },
    {
      "id": 2399,
      "name": "Belrak\u0027s Green Room",
      "exits": {
        "East": 2397
      }
    },
    {
      "id": 60798,
      "name": "To Thalos",
      "otherAreaExit": true,
      "exits": {
        "North": 60797,
        "South": 2300
      }
    }
  ]
}