{
  "name": "Marsh",
  "buildOptions": {
    "maxSteps": 1000,
    "fixObstacles": true,
    "fixNonStraight": true,
    "fixIntersected": true,
    "compactMap": true,
    "addDebugInfo": false,
    "colorizeConnectionIssues": true
  },
  "rooms": [
    {
      "id": 8301,
      "name": "Muddy Path",
      "exits": {
        "North": 50110,
        "South": 8302
      }
    },
    {
      "id": 8302,
      "name": "Swamp\u0027s Edge",
      "exits": {
        "North": 8301,
        "East": 8303,
        "South": 8304
      }
    },
    {
      "id": 8303,
      "name": "Marshy Forest",
      "exits": {
        "East": 8305,
        "West": 8302
      }
    },
    {
      "id": 8304,
      "name": "On a hill.",
      "exits": {
        "North": 8302,
        "East": 8309,
        "South": 8310
      }
    },
    {
      "id": 8305,
      "name": "An Oozing Bog",
      "exits": {
        "East": 8306,
        "West": 8303
      }
    },
    {
      "id": 8306,
      "name": "An Oozing Bog",
      "exits": {
        "West": 8305
      }
    },
    {
      "id": 8307,
      "name": "Swamp Thing\u0027s Lair",
      "exits": {
        "West": 8308
      }
    },
    {
      "id": 8308,
      "name": "Pool of Quick Sand",
      "exits": {
        "East": 8307,
        "South": 8314,
        "West": 8309
      }
    },
    {
      "id": 8309,
      "name": "A Dark Pool.",
      "exits": {
        "East": 8308,
        "South": 8311,
        "West": 8304
      }
    },
    {
      "id": 8310,
      "name": "Gloomy Path Through the Marsh.",
      "exits": {
        "North": 8304,
        "South": 8312
      }
    },
    {
      "id": 8311,
      "name": "Cloud of Darkness.",
      "exits": {
        "North": 8309,
        "South": 8313
      }
    },
    {
      "id": 8312,
      "name": "Near Vegetation from Hell.",
      "exits": {
        "North": 8310,
        "East": 8313
      }
    },
    {
      "id": 8313,
      "name": "By the Monolith.",
      "exits": {
        "North": 8311,
        "East": 8314,
        "West": 8312
      }
    },
    {
      "id": 8314,
      "name": "Murky Bog.",
      "exits": {
        "North": 8308,
        "East": 8315,
        "West": 8313
      }
    },
    {
      "id": 8315,
      "name": "Northern Lake Side.",
      "exits": {
        "South": 8316,
        "West": 8314
      }
    },
    {
      "id": 8316,
      "name": "Southern Lake Side.",
      "exits": {
        "North": 8315,
        "West": 8317
      }
    },
    {
      "id": 8317,
      "name": "Beach",
      "exits": {
        "East": 8316,
        "West": 8318
      }
    },
    {
      "id": 8318,
      "name": "Before the Great Gates.",
      "exits": {
        "East": 8317
      }
    },
    {
      "id": 50110,
      "name": "To Western Shatar Road",
      "otherAreaExit": true,
      "exits": {
        "East": 50109,
        "South": 8301,
        "West": 50111
      }
    }
  ]
}