{
  "name": "Mausoleum",
  "buildOptions": {
    "maxSteps": 1000,
    "fixObstacles": true,
    "fixNonStraight": true,
    "fixIntersected": true,
    "compactMap": true,
    "addDebugInfo": false,
    "colorizeConnectionIssues": true
  },
  "rooms": [
    {
      "id": 4600,
      "name": "Outside of the mausoleum",
      "exits": {
        "North": 4638,
        "South": 4602
      }
    },
    {
      "id": 4601,
      "name": "A grisly scene, NW corner of Mausoleum.",
      "exits": {
        "South": 4605
      }
    },
    {
      "id": 4602,
      "name": "Foyer of the mausoleum.",
      "exits": {
        "North": 4600,
        "South": 4606
      }
    },
    {
      "id": 4603,
      "name": "A grisly scene, NE corner of Mausoleum.",
      "exits": {
        "South": 4607
      }
    },
    {
      "id": 4604,
      "name": "A small room.",
      "exits": {
        "East": 4605,
        "South": 4610
      }
    },
    {
      "id": 4605,
      "name": "Northwest main area of the Mausoleum.",
      "exits": {
        "North": 4601,
        "East": 4606,
        "South": 4611,
        "West": 4604
      }
    },
    {
      "id": 4606,
      "name": "Northern main area of the Mausoleum.",
      "exits": {
        "North": 4602,
        "East": 4607,
        "South": 4612,
        "West": 4605
      }
    },
    {
      "id": 4607,
      "name": "Northeastern main area of the Mausoleum.",
      "exits": {
        "North": 4603,
        "East": 4608,
        "South": 4613,
        "West": 4606
      }
    },
    {
      "id": 4608,
      "name": "A small room.",
      "exits": {
        "South": 4614,
        "West": 4607
      }
    },
    {
      "id": 4609,
      "name": "The Kharzandra\u0027s coffin room",
      "exits": {
        "East": 4610
      }
    },
    {
      "id": 4610,
      "name": "The workroom of Kharzandra.",
      "exits": {
        "North": 4604,
        "West": 4609
      }
    },
    {
      "id": 4611,
      "name": "Western main area of the Mausoleum.",
      "exits": {
        "North": 4605,
        "East": 4612,
        "South": 4617
      }
    },
    {
      "id": 4612,
      "name": "Central main area of the Mausoleum.",
      "exits": {
        "North": 4606,
        "East": 4613,
        "South": 4618,
        "West": 4611
      }
    },
    {
      "id": 4613,
      "name": "Eastern main area of the Mausoleum.",
      "exits": {
        "North": 4607,
        "South": 4619,
        "West": 4612
      }
    },
    {
      "id": 4614,
      "name": "The workroom of Shadar Lunn",
      "exits": {
        "North": 4608,
        "East": 4634
      }
    },
    {
      "id": 4615,
      "name": "The dark priest\u0027s coffin room.",
      "exits": {
        "East": 4616
      }
    },
    {
      "id": 4616,
      "name": "The dark priest\u0027s workroom.",
      "exits": {
        "East": 4617,
        "West": 4615
      }
    },
    {
      "id": 4617,
      "name": "Western check point.",
      "exits": {
        "North": 4611,
        "East": 4618,
        "South": 4622,
        "West": 4616
      }
    },
    {
      "id": 4618,
      "name": "Central main area of the Mausoleum.",
      "exits": {
        "North": 4612,
        "East": 4619,
        "South": 4623,
        "West": 4617
      }
    },
    {
      "id": 4619,
      "name": "Eastern check point.",
      "exits": {
        "North": 4613,
        "East": 4620,
        "South": 4624,
        "West": 4618
      }
    },
    {
      "id": 4620,
      "name": "A vacant workroom.",
      "exits": {
        "West": 4619
      }
    },
    {
      "id": 4621,
      "name": "The Rakshaka\u0027s workspace.",
      "exits": {
        "South": 4626,
        "West": 4636
      }
    },
    {
      "id": 4622,
      "name": "Western main area of the Mausoleum.",
      "exits": {
        "North": 4617,
        "East": 4623,
        "South": 4627
      }
    },
    {
      "id": 4623,
      "name": "Central main area of the Mausoleum.",
      "exits": {
        "North": 4618,
        "East": 4624,
        "South": 4628,
        "West": 4622
      }
    },
    {
      "id": 4624,
      "name": "Eastern main area of the Mausoleum.",
      "exits": {
        "North": 4619,
        "South": 4629,
        "West": 4623
      }
    },
    {
      "id": 4625,
      "name": "Roaming ground for the Demon.",
      "exits": {
        "East": 4637,
        "South": 4630
      }
    },
    {
      "id": 4626,
      "name": "A small room.",
      "exits": {
        "North": 4621,
        "East": 4627
      }
    },
    {
      "id": 4627,
      "name": "Southwest main area of the Mausoleum.",
      "exits": {
        "North": 4622,
        "East": 4628,
        "South": 4631,
        "West": 4626
      }
    },
    {
      "id": 4628,
      "name": "Central main area of the Mausoleum.",
      "exits": {
        "North": 4623,
        "East": 4629,
        "South": 4632,
        "West": 4627
      }
    },
    {
      "id": 4629,
      "name": "Southeast main area of the Mausoleum.",
      "exits": {
        "North": 4624,
        "East": 4630,
        "South": 4633,
        "West": 4628
      }
    },
    {
      "id": 4630,
      "name": "A small room.",
      "exits": {
        "North": 4625,
        "West": 4629
      }
    },
    {
      "id": 4631,
      "name": "A grisly scene, SW corner of Mausoleum.",
      "exits": {
        "North": 4627
      }
    },
    {
      "id": 4632,
      "name": "A hole in the southern wall.",
      "exits": {
        "North": 4628
      }
    },
    {
      "id": 4633,
      "name": "A grisly scene, SE corner of Mausoleum.",
      "exits": {
        "North": 4629
      }
    },
    {
      "id": 4634,
      "name": "Shadar Lunn\u0027s coffin room",
      "exits": {
        "West": 4614
      }
    },
    {
      "id": 4635,
      "name": "Lost in the graveyard fog.",
      "exits": {
        "North": 4632
      }
    },
    {
      "id": 4636,
      "name": "A Rakshaka\u0027s lair.",
      "exits": {
        "East": 4621
      }
    },
    {
      "id": 4637,
      "name": "A burnt room.",
      "exits": {
        "West": 4625
      }
    },
    {
      "id": 4638,
      "name": "Approaching a Palatial Mausoleum",
      "exits": {
        "North": 4639,
        "South": 4600
      }
    },
    {
      "id": 4639,
      "name": "The Path of Immortal Kings",
      "exits": {
        "North": 4640,
        "South": 4638
      }
    },
    {
      "id": 4640,
      "name": "The Path of Immortal Kings",
      "exits": {
        "North": 4641,
        "South": 4639
      }
    },
    {
      "id": 4641,
      "name": "The Path of Immortal Kings",
      "exits": {
        "South": 4640,
        "West": 4642
      }
    },
    {
      "id": 4642,
      "name": "The Path of Immortal Kings",
      "exits": {
        "North": 4643,
        "East": 4641
      }
    },
    {
      "id": 4643,
      "name": "The Path of Immortal Kings",
      "exits": {
        "North": 4644,
        "South": 4642
      }
    },
    {
      "id": 4644,
      "name": "The Path of Immortal Kings",
      "exits": {
        "North": 4645,
        "South": 4643
      }
    },
    {
      "id": 4645,
      "name": "On a Beach",
      "exits": {
        "North": 100325,
        "South": 4644
      }
    },
    {
      "id": 100325,
      "name": "To The Dragon Sea",
      "otherAreaExit": true,
      "exits": {
        "North": 100311,
        "East": 100324,
        "South": 4645,
        "West": 100326
      }
    }
  ]
}