{
  "name": "Miden\u0027nir",
  "buildOptions": {
    "maxSteps": 1000,
    "fixObstacles": true,
    "fixNonStraight": true,
    "fixIntersected": false,
    "compactMap": true,
    "addDebugInfo": false,
    "colorizeConnectionIssues": true
  },
  "rooms": [
    {
      "id": 40505,
      "name": "The Trail to Miden\u0027nir",
      "exits": {
        "North": 19550,
        "East": 40506,
        "South": 40586,
        "West": 40570
      }
    },
    {
      "id": 40506,
      "name": "The Miden\u0027nir",
      "exits": {
        "East": 40550,
        "South": 40509,
        "West": 40505
      }
    },
    {
      "id": 40507,
      "name": "The Miden\u0027nir",
      "exits": {
        "North": 40595,
        "South": 40510
      }
    },
    {
      "id": 40508,
      "name": "On a Small Path",
      "exits": {
        "East": 40614,
        "South": 40511
      }
    },
    {
      "id": 40509,
      "name": "The Miden\u0027nir",
      "exits": {
        "North": 40506,
        "East": 40512,
        "South": 40514,
        "West": 40586
      }
    },
    {
      "id": 40510,
      "name": "A Crossroads",
      "exits": {
        "North": 40507,
        "East": 40514,
        "South": 40516
      }
    },
    {
      "id": 40511,
      "name": "The Trail",
      "exits": {
        "North": 40508,
        "South": 40515,
        "West": 20601
      }
    },
    {
      "id": 40512,
      "name": "The Miden\u0027nir",
      "exits": {
        "North": 40550,
        "South": 40513,
        "West": 40509
      }
    },
    {
      "id": 40513,
      "name": "The Miden\u0027nir",
      "exits": {
        "North": 40512,
        "West": 40514
      }
    },
    {
      "id": 40514,
      "name": "Deep Forest",
      "exits": {
        "North": 40509,
        "East": 40513,
        "South": 40517,
        "West": 40587
      }
    },
    {
      "id": 40515,
      "name": "Light Forest",
      "exits": {
        "North": 40511,
        "East": 40516,
        "South": 40518
      }
    },
    {
      "id": 40516,
      "name": "Muddy Ground",
      "exits": {
        "North": 40510,
        "East": 40517,
        "South": 40519,
        "West": 40515
      }
    },
    {
      "id": 40517,
      "name": "Near the Mountains",
      "exits": {
        "North": 40514,
        "East": 40615,
        "West": 40516
      }
    },
    {
      "id": 40518,
      "name": "The Fading Trail",
      "exits": {
        "North": 40515,
        "South": 40522
      }
    },
    {
      "id": 40519,
      "name": "The Dark Path",
      "exits": {
        "North": 40516,
        "East": 40520,
        "South": 40521
      }
    },
    {
      "id": 40520,
      "name": "The Dark Forest",
      "exits": {
        "South": 40523,
        "West": 40519
      }
    },
    {
      "id": 40521,
      "name": "Carnage",
      "exits": {
        "North": 40519,
        "East": 40523,
        "West": 40522
      }
    },
    {
      "id": 40522,
      "name": "Deep in the Forest of Miden\u0027nir",
      "exits": {
        "North": 40518,
        "East": 40521
      }
    },
    {
      "id": 40523,
      "name": "The Dark Forest",
      "exits": {
        "North": 40520,
        "East": 40551,
        "West": 40521
      }
    },
    {
      "id": 40525,
      "name": "Along the Eastern Road",
      "exits": {
        "East": 40526
      }
    },
    {
      "id": 40526,
      "name": "Along the Eastern Road",
      "exits": {
        "East": 40527,
        "West": 40525
      }
    },
    {
      "id": 40527,
      "name": "The Checkpoint",
      "exits": {
        "East": 40528,
        "West": 40526
      }
    },
    {
      "id": 40528,
      "name": "Along the Eastern Road",
      "exits": {
        "East": 40529,
        "West": 40527
      }
    },
    {
      "id": 40529,
      "name": "Along the Eastern Road",
      "exits": {
        "East": 40530,
        "West": 40528
      }
    },
    {
      "id": 40530,
      "name": "Near the Sands of Sorrow",
      "exits": {
        "East": 40531,
        "West": 40529
      }
    },
    {
      "id": 40531,
      "name": "Near the Sands of Sorrow",
      "exits": {
        "East": 40532,
        "West": 40530
      }
    },
    {
      "id": 40532,
      "name": "On the Outskirts of New Thalos",
      "exits": {
        "West": 40531
      }
    },
    {
      "id": 40550,
      "name": "At The Foot of The Mountains",
      "exits": {
        "South": 40512,
        "West": 40506
      }
    },
    {
      "id": 40551,
      "name": "The Deep in the Forest of Miden\u0027nir",
      "exits": {
        "South": 40552,
        "West": 40523
      }
    },
    {
      "id": 40552,
      "name": "A Tunnel in the Mountains",
      "exits": {
        "North": 40551,
        "South": 40553
      }
    },
    {
      "id": 40553,
      "name": "A Tunnel in the Mountains",
      "exits": {
        "North": 40552,
        "East": 40554,
        "South": 40555
      }
    },
    {
      "id": 40554,
      "name": "A Small Alcove",
      "exits": {
        "West": 40553
      }
    },
    {
      "id": 40555,
      "name": "A Tunnel in the Mountains",
      "exits": {
        "North": 40553,
        "South": 40556
      }
    },
    {
      "id": 40556,
      "name": "The Goblin Headquarters",
      "exits": {
        "North": 40555
      }
    },
    {
      "id": 40570,
      "name": "The Front of the Inn",
      "exits": {
        "East": 40505,
        "South": 40572,
        "West": 40574
      }
    },
    {
      "id": 40571,
      "name": "North of the Inn",
      "exits": {
        "South": 40570
      }
    },
    {
      "id": 40572,
      "name": "South of the Inn",
      "exits": {
        "North": 40570,
        "East": 40586,
        "South": 40575,
        "West": 40573
      }
    },
    {
      "id": 40573,
      "name": "Behind the Inn",
      "exits": {
        "East": 40572,
        "West": 40578
      }
    },
    {
      "id": 40574,
      "name": "The Woodsman Inn",
      "exits": {
        "North": 40576,
        "East": 40570,
        "South": 40579,
        "West": 40577
      }
    },
    {
      "id": 40575,
      "name": "The Ambush Point",
      "exits": {
        "North": 40572,
        "East": 40587,
        "South": 40596,
        "West": 40581
      }
    },
    {
      "id": 40576,
      "name": "The Bar",
      "exits": {
        "South": 40574
      }
    },
    {
      "id": 40577,
      "name": "The Bard\u0027s Table",
      "exits": {
        "East": 40574
      }
    },
    {
      "id": 40578,
      "name": "Garbage dump",
      "exits": {
        "East": 40573
      }
    },
    {
      "id": 40579,
      "name": "A Quieter Section of the Inn",
      "exits": {
        "North": 40574
      }
    },
    {
      "id": 40581,
      "name": "On the Trail of the Horsemen",
      "exits": {
        "East": 40575,
        "West": 40582
      }
    },
    {
      "id": 40582,
      "name": "On the Trail of the Horsemen",
      "exits": {
        "East": 40581,
        "South": 40583
      }
    },
    {
      "id": 40583,
      "name": "On the Trail of the Horsemen",
      "exits": {
        "North": 40582,
        "West": 40584
      }
    },
    {
      "id": 40584,
      "name": "A Dead End Trail",
      "exits": {
        "East": 40583
      }
    },
    {
      "id": 40586,
      "name": "The Miden\u0027nir",
      "exits": {
        "North": 40505,
        "East": 40509,
        "South": 40587,
        "West": 40572
      }
    },
    {
      "id": 40587,
      "name": "The Miden\u0027nir",
      "exits": {
        "North": 40586,
        "East": 40514,
        "South": 40588,
        "West": 40575
      }
    },
    {
      "id": 40588,
      "name": "The Miden\u0027nir",
      "exits": {
        "North": 40587,
        "South": 40589,
        "West": 40596
      }
    },
    {
      "id": 40589,
      "name": "The Miden\u0027nir",
      "exits": {
        "North": 40588,
        "South": 40590,
        "West": 40597
      }
    },
    {
      "id": 40590,
      "name": "The Miden\u0027nir",
      "exits": {
        "North": 40589,
        "South": 40591,
        "West": 40598
      }
    },
    {
      "id": 40591,
      "name": "The Miden\u0027nir",
      "exits": {
        "North": 40590,
        "South": 40592,
        "West": 40599
      }
    },
    {
      "id": 40592,
      "name": "The Miden\u0027nir",
      "exits": {
        "North": 40591,
        "South": 40593,
        "West": 40600
      }
    },
    {
      "id": 40593,
      "name": "The Miden\u0027nir",
      "exits": {
        "North": 40592,
        "South": 40594,
        "West": 40601
      }
    },
    {
      "id": 40594,
      "name": "The Miden\u0027nir",
      "exits": {
        "North": 40593,
        "South": 40595,
        "West": 40602
      }
    },
    {
      "id": 40595,
      "name": "The Miden\u0027nir",
      "exits": {
        "North": 40594,
        "South": 40507,
        "West": 40603
      }
    },
    {
      "id": 40596,
      "name": "The Miden\u0027nir",
      "exits": {
        "North": 40575,
        "East": 40588,
        "South": 40597,
        "West": 40604
      }
    },
    {
      "id": 40597,
      "name": "The Miden\u0027nir",
      "exits": {
        "North": 40596,
        "East": 40589,
        "South": 40598,
        "West": 40605
      }
    },
    {
      "id": 40598,
      "name": "The Miden\u0027nir",
      "exits": {
        "North": 40597,
        "East": 40590,
        "South": 40599,
        "West": 40606
      }
    },
    {
      "id": 40599,
      "name": "The Miden\u0027nir",
      "exits": {
        "North": 40598,
        "East": 40591,
        "South": 40600,
        "West": 40607
      }
    },
    {
      "id": 40600,
      "name": "The Miden\u0027nir",
      "exits": {
        "North": 40599,
        "East": 40592,
        "South": 40601,
        "West": 40608
      }
    },
    {
      "id": 40601,
      "name": "The Miden\u0027nir",
      "exits": {
        "North": 40600,
        "East": 40593,
        "South": 40602,
        "West": 40609
      }
    },
    {
      "id": 40602,
      "name": "The Miden\u0027nir",
      "exits": {
        "North": 40601,
        "East": 40594,
        "South": 40603,
        "West": 40610
      }
    },
    {
      "id": 40603,
      "name": "The Miden\u0027nir",
      "exits": {
        "North": 40602,
        "East": 40595,
        "South": 40604,
        "West": 40611
      }
    },
    {
      "id": 40604,
      "name": "The Miden\u0027nir",
      "exits": {
        "North": 40603,
        "East": 40596
      }
    },
    {
      "id": 40605,
      "name": "The Miden\u0027nir",
      "exits": {
        "East": 40597,
        "South": 40606
      }
    },
    {
      "id": 40606,
      "name": "The Miden\u0027nir",
      "exits": {
        "North": 40605,
        "East": 40598,
        "South": 40607
      }
    },
    {
      "id": 40607,
      "name": "The Miden\u0027nir",
      "exits": {
        "North": 40606,
        "East": 40599,
        "South": 40608
      }
    },
    {
      "id": 40608,
      "name": "The Miden\u0027nir",
      "exits": {
        "North": 40607,
        "East": 40600,
        "South": 40609
      }
    },
    {
      "id": 40609,
      "name": "The Miden\u0027nir",
      "exits": {
        "North": 40608,
        "East": 40601,
        "South": 40610
      }
    },
    {
      "id": 40610,
      "name": "The Miden\u0027nir",
      "exits": {
        "North": 40609,
        "East": 40602,
        "South": 40611
      }
    },
    {
      "id": 40611,
      "name": "The Miden\u0027nir",
      "exits": {
        "North": 40610,
        "East": 40603,
        "South": 40612
      }
    },
    {
      "id": 40612,
      "name": "The Miden\u0027nir",
      "exits": {
        "North": 40611,
        "East": 40604,
        "South": 40613
      }
    },
    {
      "id": 40613,
      "name": "The Miden\u0027nir",
      "exits": {
        "North": 40612,
        "East": 40605,
        "South": 40614
      }
    },
    {
      "id": 40614,
      "name": "The Miden\u0027nir",
      "exits": {
        "North": 40613,
        "East": 40606,
        "West": 40508
      }
    },
    {
      "id": 40615,
      "name": "Deep Forest",
      "exits": {
        "East": 40616,
        "West": 40517
      }
    },
    {
      "id": 40616,
      "name": "Deep Forest",
      "exits": {
        "South": 40617,
        "West": 40615
      }
    },
    {
      "id": 40617,
      "name": "Deep Forest",
      "exits": {
        "North": 40616,
        "South": 40618
      }
    },
    {
      "id": 40618,
      "name": "Deep Forest",
      "exits": {
        "North": 40617,
        "East": 40619
      }
    },
    {
      "id": 40619,
      "name": "Deep Forest",
      "exits": {
        "East": 40620,
        "West": 40618
      }
    },
    {
      "id": 40620,
      "name": "Deep Forest",
      "exits": {
        "East": 40621,
        "West": 40619
      }
    },
    {
      "id": 40621,
      "name": "Deep Forest",
      "exits": {
        "East": 40622,
        "South": 2809,
        "West": 40620
      }
    },
    {
      "id": 40622,
      "name": "Deep Forest",
      "exits": {
        "East": 40623,
        "West": 40621
      }
    },
    {
      "id": 40623,
      "name": "A Small Wooden Bridge",
      "exits": {
        "East": 40624,
        "West": 40622
      }
    },
    {
      "id": 40624,
      "name": "Deep Forest Junction",
      "exits": {
        "North": 60386,
        "East": 50400,
        "South": 60387,
        "West": 40623
      }
    },
    {
      "id": 19550,
      "name": "To Outskirts of Astoria",
      "otherAreaExit": true,
      "exits": {
        "North": 19064,
        "East": 19551,
        "South": 40505,
        "West": 19549
      }
    },
    {
      "id": 20601,
      "name": "To Emerald Forest",
      "otherAreaExit": true,
      "exits": {
        "East": 40511,
        "Up": 20602
      }
    },
    {
      "id": 2809,
      "name": "To Troll Den",
      "otherAreaExit": true,
      "exits": {
        "North": 40621,
        "South": 2808
      }
    },
    {
      "id": 60386,
      "name": "To Tigris River",
      "otherAreaExit": true,
      "exits": {
        "South": 40624,
        "West": 60380
      }
    },
    {
      "id": 50400,
      "name": "To Goblin Village",
      "otherAreaExit": true,
      "exits": {
        "South": 50401,
        "West": 40624
      }
    },
    {
      "id": 60387,
      "name": "To Tigris River",
      "otherAreaExit": true,
      "exits": {
        "North": 40624,
        "West": 60382
      }
    }
  ]
}