{
  "name": "Midgaard",
  "buildOptions": {
    "maxSteps": 1000,
    "fixObstacles": true,
    "fixNonStraight": true,
    "fixIntersected": true,
    "compactMap": true,
    "addDebugInfo": false,
    "colorizeConnectionIssues": true
  },
  "rooms": [
    {
      "id": 3001,
      "name": "The Temple Of Mota",
      "exits": {
        "North": 3054,
        "South": 3005
      }
    },
    {
      "id": 3002,
      "name": "Priest\u0027s Inner Sanctum",
      "exits": {
        "East": 3003
      }
    },
    {
      "id": 3003,
      "name": "Priest\u0027s Bar",
      "exits": {
        "South": 3004,
        "West": 3002
      }
    },
    {
      "id": 3004,
      "name": "Entrance to Priest\u0027s Guild",
      "exits": {
        "North": 3003,
        "East": 3005
      }
    },
    {
      "id": 3005,
      "name": "The Temple Square",
      "exits": {
        "North": 3001,
        "East": 3006,
        "South": 3014,
        "West": 3004,
        "Up": 3057
      }
    },
    {
      "id": 3006,
      "name": "Entrance to the Grunting Boar Inn",
      "exits": {
        "East": 3007,
        "West": 3005,
        "Up": 3008
      }
    },
    {
      "id": 3007,
      "name": "The Grunting Boar",
      "exits": {
        "West": 3006
      }
    },
    {
      "id": 3008,
      "name": "The Defunct Reception",
      "exits": {
        "Down": 3006
      }
    },
    {
      "id": 3009,
      "name": "The Bakery",
      "exits": {
        "South": 3013
      }
    },
    {
      "id": 3010,
      "name": "The General Store",
      "exits": {
        "South": 3015
      }
    },
    {
      "id": 3011,
      "name": "The Weapon Shop",
      "exits": {
        "South": 3016
      }
    },
    {
      "id": 3012,
      "name": "Main Street",
      "exits": {
        "North": 3033,
        "East": 3013,
        "South": 3017,
        "West": 3040
      }
    },
    {
      "id": 3013,
      "name": "Main Street",
      "exits": {
        "North": 3009,
        "East": 3014,
        "South": 3020,
        "West": 3012
      }
    },
    {
      "id": 3014,
      "name": "Market Square",
      "exits": {
        "North": 3005,
        "East": 3015,
        "South": 3025,
        "West": 3013
      }
    },
    {
      "id": 3015,
      "name": "The Main Street",
      "exits": {
        "North": 3010,
        "East": 3016,
        "South": 3034,
        "West": 3014
      }
    },
    {
      "id": 3016,
      "name": "The Main Street",
      "exits": {
        "North": 3011,
        "East": 3041,
        "South": 3021,
        "West": 3015
      }
    },
    {
      "id": 3017,
      "name": "Entrance to Mage\u0027s Guild",
      "exits": {
        "North": 3012,
        "South": 3018
      }
    },
    {
      "id": 3018,
      "name": "Mage\u0027s Bar",
      "exits": {
        "North": 3017,
        "East": 3019
      }
    },
    {
      "id": 3019,
      "name": "Mage\u0027s Laboratory",
      "exits": {
        "West": 3018
      }
    },
    {
      "id": 3020,
      "name": "The Armoury",
      "exits": {
        "North": 3013
      }
    },
    {
      "id": 3021,
      "name": "Entrance Hall to the Guild of Swordsmen",
      "exits": {
        "North": 3016,
        "East": 3022
      }
    },
    {
      "id": 3022,
      "name": "The Bar of Swordsmen",
      "exits": {
        "South": 3023,
        "West": 3021
      }
    },
    {
      "id": 3023,
      "name": "The Tournament and Practice Yard",
      "exits": {
        "North": 3022
      }
    },
    {
      "id": 3024,
      "name": "Eastern End of Poor Alley",
      "exits": {
        "North": 3160,
        "East": 3025,
        "South": 3048,
        "West": 3044
      }
    },
    {
      "id": 3025,
      "name": "The Common Square",
      "exits": {
        "North": 3014,
        "East": 3026,
        "South": 3030,
        "West": 3024
      }
    },
    {
      "id": 3026,
      "name": "The Dark Alley",
      "exits": {
        "North": 3352,
        "East": 3045,
        "South": 3027,
        "West": 3025
      }
    },
    {
      "id": 3027,
      "name": "Entrance Hall to the Guild of Thieves",
      "exits": {
        "North": 3026,
        "East": 3028
      }
    },
    {
      "id": 3028,
      "name": "The Thieves Bar",
      "exits": {
        "South": 3029,
        "West": 3027
      }
    },
    {
      "id": 3029,
      "name": "The Secret Yard",
      "exits": {
        "North": 3028
      }
    },
    {
      "id": 3030,
      "name": "The Dump",
      "exits": {
        "North": 3025,
        "South": 3254
      }
    },
    {
      "id": 3031,
      "name": "The Pet Shop",
      "exits": {
        "South": 3045
      }
    },
    {
      "id": 3032,
      "name": "Pet Shop Store",
      "exits": {}
    },
    {
      "id": 3033,
      "name": "The Magic Shop",
      "exits": {
        "South": 3012
      }
    },
    {
      "id": 3034,
      "name": "The Jeweller\u0027s Shop",
      "exits": {
        "North": 3015
      }
    },
    {
      "id": 3035,
      "name": "The Leather Shop",
      "exits": {
        "South": 3044
      }
    },
    {
      "id": 3040,
      "name": "Inside the West Gate of Midgaard",
      "exits": {
        "North": 3257,
        "East": 3012,
        "South": 3042,
        "West": 3052
      }
    },
    {
      "id": 3041,
      "name": "Inside the East Gate of Midgaard",
      "exits": {
        "North": 3267,
        "East": 3053,
        "South": 3250,
        "West": 3016
      }
    },
    {
      "id": 3042,
      "name": "Wall Road",
      "exits": {
        "North": 3040,
        "South": 3043
      }
    },
    {
      "id": 3043,
      "name": "Wall Road",
      "exits": {
        "North": 3042,
        "East": 3044,
        "South": 3047
      }
    },
    {
      "id": 3044,
      "name": "Poor Alley",
      "exits": {
        "North": 3035,
        "East": 3024,
        "South": 3170,
        "West": 3043
      }
    },
    {
      "id": 3045,
      "name": "Alley at Levee",
      "exits": {
        "North": 3031,
        "East": 3046,
        "South": 3049,
        "West": 3026
      }
    },
    {
      "id": 3046,
      "name": "Eastern end of Alley",
      "exits": {
        "North": 3056,
        "East": 3251,
        "South": 3050,
        "West": 3045
      }
    },
    {
      "id": 3047,
      "name": "Wall Road",
      "exits": {
        "North": 3043,
        "South": 3051
      }
    },
    {
      "id": 3048,
      "name": "Grubby Inn",
      "exits": {
        "North": 3024
      }
    },
    {
      "id": 3049,
      "name": "Levee",
      "exits": {
        "North": 3045,
        "South": 3203
      }
    },
    {
      "id": 3050,
      "name": "Abandoned Warehouse",
      "exits": {
        "North": 3046,
        "Up": 8604
      }
    },
    {
      "id": 3051,
      "name": "On the Bridge",
      "exits": {
        "North": 3047,
        "South": 3100
      }
    },
    {
      "id": 3052,
      "name": "Outside the West Gate of Midgaard",
      "exits": {
        "East": 3040,
        "West": 3908
      }
    },
    {
      "id": 3053,
      "name": "Outside the East Gate of Midgaard",
      "exits": {
        "West": 3041
      }
    },
    {
      "id": 3054,
      "name": "By the Temple Altar",
      "exits": {
        "South": 3001
      }
    },
    {
      "id": 3055,
      "name": "Newbie Creators Room",
      "exits": {
        "South": 3054
      }
    },
    {
      "id": 3056,
      "name": "The Fountain of Youth Apothecary",
      "exits": {
        "South": 3046
      }
    },
    {
      "id": 3057,
      "name": "In the air...",
      "exits": {
        "Down": 3005
      }
    },
    {
      "id": 3058,
      "name": "First Room To The Begining Of Your New Life",
      "exits": {
        "South": 3062
      }
    },
    {
      "id": 3059,
      "name": "Training Room",
      "exits": {
        "East": 3062
      }
    },
    {
      "id": 3060,
      "name": "Practice Room",
      "exits": {
        "West": 3062
      }
    },
    {
      "id": 3062,
      "name": "The Room Of Passage",
      "exits": {
        "North": 3058,
        "East": 3060,
        "South": 3055,
        "West": 3059
      }
    },
    {
      "id": 3100,
      "name": "Northwest end of Concourse",
      "exits": {
        "North": 3051,
        "East": 3101,
        "South": 3270
      }
    },
    {
      "id": 3101,
      "name": "Promenade",
      "exits": {
        "East": 3102,
        "South": 3131,
        "West": 3100
      }
    },
    {
      "id": 3102,
      "name": "Promenade",
      "exits": {
        "North": 3254,
        "East": 3103,
        "South": 3105,
        "West": 3101
      }
    },
    {
      "id": 3103,
      "name": "Austral Square",
      "exits": {
        "North": 3150,
        "East": 3104,
        "South": 3132,
        "West": 3102
      }
    },
    {
      "id": 3104,
      "name": "Northeast end of Concourse",
      "exits": {
        "North": 3253,
        "South": 3272,
        "West": 3103
      }
    },
    {
      "id": 3105,
      "name": "Park Entrance",
      "exits": {
        "North": 3102,
        "East": 3106,
        "South": 3108
      }
    },
    {
      "id": 3106,
      "name": "Park Cafe",
      "exits": {
        "West": 3105
      }
    },
    {
      "id": 3107,
      "name": "Small path through the park",
      "exits": {
        "East": 3108,
        "South": 3113
      }
    },
    {
      "id": 3108,
      "name": "Small path in the park",
      "exits": {
        "North": 3105,
        "East": 3109,
        "West": 3107
      }
    },
    {
      "id": 3109,
      "name": "Small path in the park",
      "exits": {
        "South": 3115,
        "West": 3108
      }
    },
    {
      "id": 3110,
      "name": "Cityguard Head Quarters",
      "exits": {
        "East": 3111,
        "West": 3142
      }
    },
    {
      "id": 3111,
      "name": "Park Road",
      "exits": {
        "North": 3131,
        "East": 3112,
        "South": 3118,
        "West": 3110
      }
    },
    {
      "id": 3112,
      "name": "Western Park Entrance",
      "exits": {
        "East": 3113,
        "West": 3111
      }
    },
    {
      "id": 3113,
      "name": "A path in the park",
      "exits": {
        "North": 3107,
        "East": 3114,
        "West": 3112
      }
    },
    {
      "id": 3114,
      "name": "The Pond",
      "exits": {
        "East": 3115,
        "West": 3113
      }
    },
    {
      "id": 3115,
      "name": "A path in the park",
      "exits": {
        "North": 3109,
        "East": 3116,
        "West": 3114
      }
    },
    {
      "id": 3116,
      "name": "Eastern Park Entrance",
      "exits": {
        "East": 3117,
        "West": 3115
      }
    },
    {
      "id": 3117,
      "name": "Emerald Avenue",
      "exits": {
        "North": 3132,
        "East": 3137,
        "South": 3119,
        "West": 3116
      }
    },
    {
      "id": 3118,
      "name": "Park Road",
      "exits": {
        "North": 3111,
        "South": 3135
      }
    },
    {
      "id": 3119,
      "name": "Emerald Avenue",
      "exits": {
        "North": 3117,
        "West": 3133
      }
    },
    {
      "id": 3120,
      "name": "Road Crossing",
      "exits": {
        "North": 3133,
        "East": 3136,
        "South": 3134,
        "West": 3135
      }
    },
    {
      "id": 3121,
      "name": "Emerald Avenue",
      "exits": {
        "East": 3134,
        "South": 3125
      }
    },
    {
      "id": 3122,
      "name": "Park Road",
      "exits": {
        "North": 3136,
        "East": 3123,
        "South": 3126
      }
    },
    {
      "id": 3123,
      "name": "Elm Street",
      "exits": {
        "East": 3124,
        "West": 3122
      }
    },
    {
      "id": 3124,
      "name": "Elm Street",
      "exits": {
        "North": 3144,
        "East": 3273,
        "South": 3600,
        "West": 3123
      }
    },
    {
      "id": 3125,
      "name": "Emerald Avenue",
      "exits": {
        "North": 3121,
        "South": 3128
      }
    },
    {
      "id": 3126,
      "name": "Park Road",
      "exits": {
        "North": 3122,
        "South": 3129
      }
    },
    {
      "id": 3127,
      "name": "On the Concourse",
      "exits": {
        "North": 3271,
        "East": 3128
      }
    },
    {
      "id": 3128,
      "name": "On the Concourse",
      "exits": {
        "North": 3125,
        "East": 3255,
        "West": 3127
      }
    },
    {
      "id": 3129,
      "name": "On the Concourse",
      "exits": {
        "North": 3126,
        "East": 3130,
        "West": 3255
      }
    },
    {
      "id": 3130,
      "name": "On the Concourse",
      "exits": {
        "North": 3273,
        "West": 3129
      }
    },
    {
      "id": 3131,
      "name": "Park Road",
      "exits": {
        "North": 3101,
        "South": 3111
      }
    },
    {
      "id": 3132,
      "name": "Emerald Avenue",
      "exits": {
        "North": 3103,
        "East": 3139,
        "South": 3117
      }
    },
    {
      "id": 3133,
      "name": "Emerald Avenue",
      "exits": {
        "East": 3119,
        "South": 3120
      }
    },
    {
      "id": 3134,
      "name": "Emerald Avenue",
      "exits": {
        "North": 3120,
        "West": 3121
      }
    },
    {
      "id": 3135,
      "name": "Park Road",
      "exits": {
        "North": 3118,
        "East": 3120
      }
    },
    {
      "id": 3136,
      "name": "Park Road",
      "exits": {
        "South": 3122,
        "West": 3120
      }
    },
    {
      "id": 3137,
      "name": "The Waiting Room",
      "exits": {
        "East": 3138,
        "West": 3117
      }
    },
    {
      "id": 3138,
      "name": "The Mayor\u0027s Office",
      "exits": {
        "West": 3137
      }
    },
    {
      "id": 3139,
      "name": "Penny Lane",
      "exits": {
        "East": 3140,
        "West": 3132
      }
    },
    {
      "id": 3140,
      "name": "Penny Lane",
      "exits": {
        "North": 3141,
        "East": 3272,
        "West": 3139
      }
    },
    {
      "id": 3141,
      "name": "The end of Penny Lane",
      "exits": {
        "South": 3140
      }
    },
    {
      "id": 3142,
      "name": "Captain\u0027s Office",
      "exits": {
        "East": 3110,
        "South": 3143
      }
    },
    {
      "id": 3143,
      "name": "The Jail",
      "exits": {
        "North": 3142
      }
    },
    {
      "id": 3144,
      "name": "The end of Elm Street",
      "exits": {
        "South": 3124
      }
    },
    {
      "id": 3150,
      "name": "Kate\u0027s Diner",
      "exits": {
        "North": 3203,
        "South": 3103
      }
    },
    {
      "id": 3160,
      "name": "Melancholy\u0027s Maps",
      "exits": {
        "North": 3161,
        "South": 3024
      }
    },
    {
      "id": 3161,
      "name": "Melancholy\u0027s Room",
      "exits": {
        "South": 3160
      }
    },
    {
      "id": 3170,
      "name": "Temple Of Stupid",
      "exits": {
        "North": 3044
      }
    },
    {
      "id": 3200,
      "name": "Under the Bridge",
      "exits": {
        "East": 3201
      }
    },
    {
      "id": 3201,
      "name": "On the River",
      "exits": {
        "East": 3202,
        "West": 3200
      }
    },
    {
      "id": 3202,
      "name": "On the River",
      "exits": {
        "East": 3203,
        "West": 3201
      }
    },
    {
      "id": 3203,
      "name": "On the River",
      "exits": {
        "North": 3049,
        "East": 3204,
        "South": 3150,
        "West": 3202
      }
    },
    {
      "id": 3204,
      "name": "On the River",
      "exits": {
        "East": 3205,
        "West": 3203
      }
    },
    {
      "id": 3205,
      "name": "On the River",
      "exits": {
        "West": 3204
      }
    },
    {
      "id": 3250,
      "name": "Wall Road",
      "exits": {
        "North": 3041,
        "South": 3251
      }
    },
    {
      "id": 3251,
      "name": "Wall Road",
      "exits": {
        "North": 3250,
        "South": 3252,
        "West": 3046
      }
    },
    {
      "id": 3252,
      "name": "Wall Road",
      "exits": {
        "North": 3251,
        "South": 3253
      }
    },
    {
      "id": 3253,
      "name": "On the Bridge",
      "exits": {
        "North": 3252,
        "South": 3104
      }
    },
    {
      "id": 3254,
      "name": "The South Bridge",
      "exits": {
        "North": 3030,
        "South": 3102
      }
    },
    {
      "id": 3255,
      "name": "Inside the South Gate of Midgaard",
      "exits": {
        "East": 3129,
        "South": 3256,
        "West": 3128
      }
    },
    {
      "id": 3256,
      "name": "Outside the South Gate of Midgaard",
      "exits": {
        "North": 3255,
        "South": 9160
      }
    },
    {
      "id": 3257,
      "name": "Wall Road",
      "exits": {
        "North": 3258,
        "South": 3040
      }
    },
    {
      "id": 3258,
      "name": "Wall Road",
      "exits": {
        "North": 3259,
        "East": 3301,
        "South": 3257
      }
    },
    {
      "id": 3259,
      "name": "Wall Road",
      "exits": {
        "North": 3260,
        "South": 3258
      }
    },
    {
      "id": 3260,
      "name": "The Northwest Corner",
      "exits": {
        "East": 3261,
        "South": 3259
      }
    },
    {
      "id": 3261,
      "name": "Wall Road",
      "exits": {
        "East": 3262,
        "West": 3260
      }
    },
    {
      "id": 3262,
      "name": "Inside the North Gate of Midgaard",
      "exits": {
        "North": 3268,
        "East": 3263,
        "West": 3261
      }
    },
    {
      "id": 3263,
      "name": "Wall Road",
      "exits": {
        "East": 3264,
        "West": 3262
      }
    },
    {
      "id": 3264,
      "name": "The Northeast Corner",
      "exits": {
        "South": 3265,
        "West": 3263
      }
    },
    {
      "id": 3265,
      "name": "Wall Road",
      "exits": {
        "North": 3264,
        "South": 3266
      }
    },
    {
      "id": 3266,
      "name": "Wall Road",
      "exits": {
        "North": 3265,
        "South": 3267,
        "West": 3316
      }
    },
    {
      "id": 3267,
      "name": "Wall Road",
      "exits": {
        "North": 3266,
        "South": 3041
      }
    },
    {
      "id": 3268,
      "name": "Outside the North Gate of Midgaard",
      "exits": {
        "North": 21047,
        "South": 3262
      }
    },
    {
      "id": 3270,
      "name": "On the Concourse",
      "exits": {
        "North": 3100,
        "South": 3271
      }
    },
    {
      "id": 3271,
      "name": "On the Concourse near the park",
      "exits": {
        "North": 3270,
        "South": 3127
      }
    },
    {
      "id": 3272,
      "name": "On the Concourse at Penny Lane",
      "exits": {
        "North": 3104,
        "South": 3273,
        "West": 3140
      }
    },
    {
      "id": 3273,
      "name": "On the Concourse at Elm Street",
      "exits": {
        "North": 3272,
        "South": 3130,
        "West": 3124
      }
    },
    {
      "id": 3301,
      "name": "Clan Road",
      "exits": {
        "North": 3369,
        "East": 3302,
        "South": 3367,
        "West": 3258
      }
    },
    {
      "id": 3302,
      "name": "Clan Road",
      "exits": {
        "North": 3360,
        "East": 3303,
        "South": 3334,
        "West": 3301
      }
    },
    {
      "id": 3303,
      "name": "Clan Road",
      "exits": {
        "North": 3362,
        "East": 3314,
        "South": 3365,
        "West": 3302
      }
    },
    {
      "id": 3314,
      "name": "Clan Road",
      "exits": {
        "East": 3315,
        "West": 3303
      }
    },
    {
      "id": 3315,
      "name": "Clan Road",
      "exits": {
        "East": 3316,
        "South": 3356,
        "West": 3314
      }
    },
    {
      "id": 3316,
      "name": "Clan Road",
      "exits": {
        "East": 3266,
        "West": 3315
      }
    },
    {
      "id": 3333,
      "name": "Within the Rift",
      "exits": {}
    },
    {
      "id": 3334,
      "name": "A Money Changer\u0027s Room",
      "exits": {
        "North": 3302
      }
    },
    {
      "id": 3352,
      "name": "Grebe\u0027s Tavern",
      "exits": {
        "South": 3026
      }
    },
    {
      "id": 3355,
      "name": "Andy\u0027s Pub",
      "exits": {
        "East": 3356,
        "South": 3357
      }
    },
    {
      "id": 3356,
      "name": "A Room in the Pub",
      "exits": {
        "North": 3315,
        "South": 3358,
        "West": 3355,
        "Up": 3359
      }
    },
    {
      "id": 3357,
      "name": "The Bar",
      "exits": {
        "North": 3355
      }
    },
    {
      "id": 3358,
      "name": "The Bar",
      "exits": {
        "North": 3356
      }
    },
    {
      "id": 3359,
      "name": "The Inn",
      "exits": {
        "Down": 3356
      }
    },
    {
      "id": 3360,
      "name": "A Dark room",
      "exits": {
        "East": 3361,
        "South": 3302
      }
    },
    {
      "id": 3361,
      "name": "An Assassins Study",
      "exits": {
        "West": 3360
      }
    },
    {
      "id": 3362,
      "name": "Entrance to the Necromancer Guild",
      "exits": {
        "North": 3363,
        "South": 3303
      }
    },
    {
      "id": 3363,
      "name": "Necromancer Bar",
      "exits": {
        "South": 3362,
        "West": 3364
      }
    },
    {
      "id": 3364,
      "name": "Necromancer Sanctum",
      "exits": {
        "East": 3363
      }
    },
    {
      "id": 3365,
      "name": "Druids Sanctrum",
      "exits": {
        "North": 3303,
        "East": 3366
      }
    },
    {
      "id": 3366,
      "name": "Druids Sanctrum",
      "exits": {
        "West": 3365
      }
    },
    {
      "id": 3367,
      "name": "Entrance to the Anti-Paladin",
      "exits": {
        "North": 3301,
        "East": 3368
      }
    },
    {
      "id": 3368,
      "name": "Torture Chamber",
      "exits": {
        "West": 3367
      }
    },
    {
      "id": 3369,
      "name": "Paladin Guild",
      "exits": {
        "East": 3370,
        "South": 3301
      }
    },
    {
      "id": 3370,
      "name": "Paladin Guild",
      "exits": {
        "West": 3369
      }
    },
    {
      "id": 8604,
      "name": "To Machine Dreams",
      "otherAreaExit": true,
      "exits": {
        "North": 8601,
        "East": 8605,
        "South": 8607,
        "West": 8603,
        "Up": 8614,
        "Down": 3050
      }
    },
    {
      "id": 3908,
      "name": "To Moria",
      "otherAreaExit": true,
      "exits": {
        "North": 3907,
        "East": 3052
      }
    },
    {
      "id": 3600,
      "name": "To Graveyard",
      "otherAreaExit": true,
      "exits": {
        "North": 3124,
        "East": 3650,
        "South": 3601,
        "West": 3606
      }
    },
    {
      "id": 9160,
      "name": "To Dylan\u0027s Area",
      "otherAreaExit": true,
      "exits": {
        "North": 3256,
        "South": 9161,
        "Down": 9159
      }
    },
    {
      "id": 21047,
      "name": "To Avalon",
      "otherAreaExit": true,
      "exits": {
        "North": 21046,
        "South": 3268,
        "West": 21051
      }
    }
  ]
}