{
  "name": "Moria",
  "buildOptions": {
    "maxSteps": 1000,
    "fixObstacles": true,
    "fixNonStraight": true,
    "fixIntersected": false,
    "compactMap": true,
    "addDebugInfo": false,
    "colorizeConnectionIssues": true
  },
  "rooms": [
    {
      "id": 3900,
      "name": "On the trail to moria",
      "exits": {
        "North": 3901,
        "West": 4000
      }
    },
    {
      "id": 3901,
      "name": "On the trail to moria",
      "exits": {
        "North": 3902,
        "South": 3900
      }
    },
    {
      "id": 3902,
      "name": "On the trail to moria",
      "exits": {
        "East": 3903,
        "South": 3901
      }
    },
    {
      "id": 3903,
      "name": "On the trail to moria",
      "exits": {
        "East": 3904,
        "West": 3902
      }
    },
    {
      "id": 3904,
      "name": "The long dusty trail following the north wall.",
      "exits": {
        "East": 3905,
        "West": 3903
      }
    },
    {
      "id": 3905,
      "name": "Dusty trail along north wall.",
      "exits": {
        "East": 3906,
        "West": 3904
      }
    },
    {
      "id": 3906,
      "name": "Northeast corner of dusty trail.",
      "exits": {
        "South": 3907,
        "West": 3905
      }
    },
    {
      "id": 3907,
      "name": "Western Trail Around Midgaard",
      "exits": {
        "North": 3906,
        "South": 3908
      }
    },
    {
      "id": 3908,
      "name": "Western Trail Around Midgaard",
      "exits": {
        "North": 3907,
        "East": 3052
      }
    },
    {
      "id": 4000,
      "name": "The hills",
      "exits": {
        "North": 4001,
        "East": 3900
      }
    },
    {
      "id": 4001,
      "name": "The hills",
      "exits": {
        "North": 4002,
        "South": 4000
      }
    },
    {
      "id": 4002,
      "name": "End of the path",
      "exits": {
        "North": 4010,
        "South": 4001
      }
    },
    {
      "id": 4010,
      "name": "The cave",
      "exits": {
        "North": 4011,
        "South": 4002
      }
    },
    {
      "id": 4011,
      "name": "The tunnel",
      "exits": {
        "North": 4014,
        "South": 4010
      }
    },
    {
      "id": 4012,
      "name": "The tunnel",
      "exits": {
        "North": 4016,
        "East": 4013
      }
    },
    {
      "id": 4013,
      "name": "The tunnel",
      "exits": {
        "East": 4014,
        "West": 4012
      }
    },
    {
      "id": 4014,
      "name": "The tunnel",
      "exits": {
        "North": 4018,
        "East": 4015,
        "South": 4011,
        "West": 4013
      }
    },
    {
      "id": 4015,
      "name": "The tunnel",
      "exits": {
        "North": 4019,
        "West": 4014
      }
    },
    {
      "id": 4016,
      "name": "The large cave",
      "exits": {
        "East": 4017,
        "South": 4012,
        "West": 4023
      }
    },
    {
      "id": 4017,
      "name": "The large cave",
      "exits": {
        "West": 4016
      }
    },
    {
      "id": 4018,
      "name": "The cave",
      "exits": {
        "North": 4025,
        "South": 4014
      }
    },
    {
      "id": 4019,
      "name": "The tunnel",
      "exits": {
        "North": 4026,
        "South": 4015
      }
    },
    {
      "id": 4020,
      "name": "The hole",
      "exits": {
        "North": 4027,
        "Down": 4064
      }
    },
    {
      "id": 4021,
      "name": "The hole",
      "exits": {
        "East": 4022,
        "Down": 4115
      }
    },
    {
      "id": 4022,
      "name": "The damp tunnel",
      "exits": {
        "North": 4023,
        "East": 4024,
        "West": 4021
      }
    },
    {
      "id": 4023,
      "name": "The large cave",
      "exits": {
        "East": 4016,
        "South": 4022
      }
    },
    {
      "id": 4024,
      "name": "The damp tunnel",
      "exits": {
        "South": 4059,
        "West": 4022
      }
    },
    {
      "id": 4025,
      "name": "The cave",
      "exits": {
        "East": 4026,
        "South": 4018
      }
    },
    {
      "id": 4026,
      "name": "The many tunnels",
      "exits": {
        "North": 4028,
        "East": 4027,
        "South": 4019,
        "West": 4025
      }
    },
    {
      "id": 4027,
      "name": "The tunnel",
      "exits": {
        "North": 4029,
        "South": 4020,
        "West": 4026
      }
    },
    {
      "id": 4028,
      "name": "The smelly tunnel",
      "exits": {
        "North": 4030,
        "South": 4026
      }
    },
    {
      "id": 4029,
      "name": "The cave",
      "exits": {
        "North": 4031,
        "South": 4027
      }
    },
    {
      "id": 4030,
      "name": "The light cave",
      "exits": {
        "South": 4028
      }
    },
    {
      "id": 4031,
      "name": "The valley",
      "exits": {
        "North": 4032,
        "South": 4029
      }
    },
    {
      "id": 4032,
      "name": "The foothills",
      "exits": {
        "North": 4033,
        "South": 4031
      }
    },
    {
      "id": 4033,
      "name": "The intersection in the foothills",
      "exits": {
        "North": 4034,
        "East": 4037,
        "South": 4032
      }
    },
    {
      "id": 4034,
      "name": "The grassy area of the foothills",
      "exits": {
        "North": 4035,
        "South": 4033,
        "West": 4042
      }
    },
    {
      "id": 4035,
      "name": "The foothills end",
      "exits": {
        "North": 4036,
        "South": 4034
      }
    },
    {
      "id": 4036,
      "name": "The plains",
      "exits": {
        "South": 4035
      }
    },
    {
      "id": 4037,
      "name": "The foothills path",
      "exits": {
        "East": 4038,
        "West": 4033
      }
    },
    {
      "id": 4038,
      "name": "Base of the mountain",
      "exits": {
        "East": 4039,
        "West": 4037
      }
    },
    {
      "id": 4039,
      "name": "A trail up the mountain",
      "exits": {
        "East": 4040,
        "South": 21058,
        "West": 4038
      }
    },
    {
      "id": 4040,
      "name": "The mountain top.",
      "exits": {
        "North": 4041,
        "West": 4039
      }
    },
    {
      "id": 4041,
      "name": "The lion\u0027s den",
      "exits": {
        "South": 4040
      }
    },
    {
      "id": 4042,
      "name": "The level foothills",
      "exits": {
        "East": 4034,
        "West": 4043
      }
    },
    {
      "id": 4043,
      "name": "The cave entrance",
      "exits": {
        "East": 4042,
        "West": 4044
      }
    },
    {
      "id": 4044,
      "name": "The hill giant cave",
      "exits": {
        "East": 4043
      }
    },
    {
      "id": 4050,
      "name": "The tunnel",
      "exits": {
        "East": 4051,
        "South": 4053
      }
    },
    {
      "id": 4051,
      "name": "The tunnel",
      "exits": {
        "East": 4052,
        "West": 4050
      }
    },
    {
      "id": 4052,
      "name": "The tunnel",
      "exits": {
        "South": 4100,
        "West": 4051
      }
    },
    {
      "id": 4053,
      "name": "The tunnel",
      "exits": {
        "North": 4050,
        "East": 4054
      }
    },
    {
      "id": 4054,
      "name": "The light cave",
      "exits": {
        "East": 4055,
        "South": 4056,
        "West": 4053
      }
    },
    {
      "id": 4055,
      "name": "The maze",
      "exits": {
        "West": 4054
      }
    },
    {
      "id": 4056,
      "name": "The light cave",
      "exits": {
        "North": 4054,
        "South": 4061
      }
    },
    {
      "id": 4057,
      "name": "The maze",
      "exits": {
        "East": 4058,
        "South": 4062
      }
    },
    {
      "id": 4058,
      "name": "The maze",
      "exits": {
        "South": 4063,
        "West": 4057
      }
    },
    {
      "id": 4059,
      "name": "The tunnel",
      "exits": {
        "North": 4024,
        "East": 4060
      }
    },
    {
      "id": 4060,
      "name": "The tunnel",
      "exits": {
        "East": 4061,
        "West": 4059
      }
    },
    {
      "id": 4061,
      "name": "The light cave",
      "exits": {
        "North": 4056,
        "West": 4060
      }
    },
    {
      "id": 4062,
      "name": "The maze",
      "exits": {
        "North": 4057,
        "East": 4065
      }
    },
    {
      "id": 4063,
      "name": "The maze",
      "exits": {
        "North": 4058,
        "East": 4064
      }
    },
    {
      "id": 4064,
      "name": "The tunnel",
      "exits": {
        "West": 4063,
        "Up": 4020
      }
    },
    {
      "id": 4065,
      "name": "The maze",
      "exits": {
        "East": 4066,
        "West": 4062
      }
    },
    {
      "id": 4066,
      "name": "The maze",
      "exits": {
        "East": 4067,
        "South": 4069,
        "West": 4065
      }
    },
    {
      "id": 4067,
      "name": "The maze",
      "exits": {
        "West": 4066
      }
    },
    {
      "id": 4068,
      "name": "The large cave",
      "exits": {
        "East": 4069,
        "South": 4070
      }
    },
    {
      "id": 4069,
      "name": "The large cave",
      "exits": {
        "North": 4066,
        "South": 4071,
        "West": 4068
      }
    },
    {
      "id": 4070,
      "name": "The large cave",
      "exits": {
        "North": 4068,
        "East": 4071
      }
    },
    {
      "id": 4071,
      "name": "The large cave",
      "exits": {
        "North": 4069,
        "East": 4072,
        "West": 4070
      }
    },
    {
      "id": 4072,
      "name": "The tunnel",
      "exits": {
        "East": 4073,
        "South": 4074,
        "West": 4071
      }
    },
    {
      "id": 4073,
      "name": "End of tunnel",
      "exits": {
        "West": 4072
      }
    },
    {
      "id": 4074,
      "name": "The hole",
      "exits": {
        "North": 4072,
        "Down": 4171
      }
    },
    {
      "id": 4100,
      "name": "The tunnel",
      "exits": {
        "North": 4052,
        "West": 4101
      }
    },
    {
      "id": 4101,
      "name": "The long tunnel",
      "exits": {
        "East": 4100,
        "West": 4102
      }
    },
    {
      "id": 4102,
      "name": "The long tunnel",
      "exits": {
        "East": 4101,
        "West": 4103
      }
    },
    {
      "id": 4103,
      "name": "The long tunnel",
      "exits": {
        "East": 4102,
        "South": 4106,
        "West": 4104
      }
    },
    {
      "id": 4104,
      "name": "The long tunnel",
      "exits": {
        "East": 4103,
        "West": 4152
      }
    },
    {
      "id": 4105,
      "name": "The golden cave",
      "exits": {
        "South": 4108,
        "West": 4106
      }
    },
    {
      "id": 4106,
      "name": "The golden cave",
      "exits": {
        "North": 4103,
        "East": 4105,
        "South": 4109
      }
    },
    {
      "id": 4107,
      "name": "The passage",
      "exits": {
        "South": 4113,
        "West": 4108
      }
    },
    {
      "id": 4108,
      "name": "The golden cave",
      "exits": {
        "North": 4105,
        "East": 4107,
        "West": 4109
      }
    },
    {
      "id": 4109,
      "name": "The golden cave",
      "exits": {
        "North": 4106,
        "East": 4108,
        "South": 4114
      }
    },
    {
      "id": 4110,
      "name": "The tunnel",
      "exits": {
        "West": 4111
      }
    },
    {
      "id": 4111,
      "name": "The tunnel",
      "exits": {
        "East": 4110,
        "West": 4112
      }
    },
    {
      "id": 4112,
      "name": "The tunnel",
      "exits": {
        "East": 4111,
        "West": 4113
      }
    },
    {
      "id": 4113,
      "name": "The passage",
      "exits": {
        "North": 4107,
        "East": 4112,
        "South": 4116
      }
    },
    {
      "id": 4114,
      "name": "The golden cave",
      "exits": {
        "North": 4109,
        "West": 4115
      }
    },
    {
      "id": 4115,
      "name": "The dark passage.",
      "exits": {
        "East": 4114,
        "Up": 4021
      }
    },
    {
      "id": 4116,
      "name": "The passage",
      "exits": {
        "North": 4113,
        "South": 4120
      }
    },
    {
      "id": 4117,
      "name": "The secret chamber",
      "exits": {
        "South": 4122
      }
    },
    {
      "id": 4118,
      "name": "The cave",
      "exits": {
        "South": 4123,
        "West": 4119
      }
    },
    {
      "id": 4119,
      "name": "The cave",
      "exits": {
        "East": 4118,
        "South": 4124,
        "West": 4121
      }
    },
    {
      "id": 4120,
      "name": "The passage",
      "exits": {
        "North": 4116,
        "South": 4125
      }
    },
    {
      "id": 4121,
      "name": "The secret tunnel",
      "exits": {
        "East": 4119,
        "West": 4122
      }
    },
    {
      "id": 4122,
      "name": "The secret chamber",
      "exits": {
        "North": 4117,
        "East": 4121
      }
    },
    {
      "id": 4123,
      "name": "The cave",
      "exits": {
        "North": 4118,
        "West": 4124
      }
    },
    {
      "id": 4124,
      "name": "The cave",
      "exits": {
        "North": 4119,
        "East": 4123,
        "West": 4125
      }
    },
    {
      "id": 4125,
      "name": "The passage",
      "exits": {
        "North": 4120,
        "East": 4124
      }
    },
    {
      "id": 4150,
      "name": "The dark hole",
      "exits": {
        "South": 4151
      }
    },
    {
      "id": 4151,
      "name": "The small passage",
      "exits": {
        "North": 4150,
        "South": 4156,
        "West": 4155
      }
    },
    {
      "id": 4152,
      "name": "The tunnel",
      "exits": {
        "East": 4104,
        "South": 4153
      }
    },
    {
      "id": 4153,
      "name": "The large tunnel",
      "exits": {
        "North": 4152,
        "East": 4154,
        "South": 4157
      }
    },
    {
      "id": 4154,
      "name": "The large tunnel",
      "exits": {
        "East": 4155,
        "West": 4153
      }
    },
    {
      "id": 4155,
      "name": "The large tunnel",
      "exits": {
        "East": 4151,
        "West": 4154
      }
    },
    {
      "id": 4156,
      "name": "The long tunnel",
      "exits": {
        "North": 4151,
        "South": 4160
      }
    },
    {
      "id": 4157,
      "name": "The wet tunnel",
      "exits": {
        "North": 4153,
        "East": 4158,
        "South": 4161
      }
    },
    {
      "id": 4158,
      "name": "The small maze",
      "exits": {
        "East": 4159,
        "South": 4162,
        "West": 4157
      }
    },
    {
      "id": 4159,
      "name": "The small maze",
      "exits": {
        "South": 4163,
        "West": 4158
      }
    },
    {
      "id": 4160,
      "name": "In the tunnel at the inscription",
      "exits": {
        "North": 4156,
        "South": 4164
      }
    },
    {
      "id": 4161,
      "name": "The wet tunnel",
      "exits": {
        "North": 4157,
        "South": 4165
      }
    },
    {
      "id": 4162,
      "name": "The small maze",
      "exits": {
        "North": 4158,
        "East": 4163,
        "South": 4166
      }
    },
    {
      "id": 4163,
      "name": "The small maze",
      "exits": {
        "North": 4159,
        "East": 4164,
        "West": 4162
      }
    },
    {
      "id": 4164,
      "name": "The entrance to the small maze",
      "exits": {
        "North": 4160,
        "South": 4168,
        "West": 4163
      }
    },
    {
      "id": 4165,
      "name": "In the water",
      "exits": {
        "North": 4161,
        "South": 4169
      }
    },
    {
      "id": 4166,
      "name": "The wet maze",
      "exits": {
        "North": 4162,
        "East": 4167,
        "South": 4170
      }
    },
    {
      "id": 4167,
      "name": "The wet maze",
      "exits": {
        "East": 4168,
        "South": 4171,
        "West": 4166
      }
    },
    {
      "id": 4168,
      "name": "The end of the tunnel",
      "exits": {
        "North": 4164,
        "West": 4167
      }
    },
    {
      "id": 4169,
      "name": "In the water",
      "exits": {
        "North": 4165,
        "East": 4170
      }
    },
    {
      "id": 4170,
      "name": "In the water",
      "exits": {
        "North": 4166,
        "East": 4172,
        "West": 4169
      }
    },
    {
      "id": 4171,
      "name": "End of maze",
      "exits": {
        "North": 4167,
        "Up": 4074
      }
    },
    {
      "id": 4172,
      "name": "At the sand bar",
      "exits": {
        "West": 4170
      }
    },
    {
      "id": 3052,
      "name": "To Midgaard",
      "otherAreaExit": true,
      "exits": {
        "East": 3040,
        "West": 3908
      }
    },
    {
      "id": 21058,
      "name": "To Avalon",
      "otherAreaExit": true,
      "exits": {
        "North": 4039,
        "East": 21059,
        "South": 21057
      }
    }
  ]
}