{
  "name": "mud school",
  "buildOptions": {
    "maxSteps": 1000,
    "fixObstacles": true,
    "fixNonStraight": true,
    "fixIntersected": true,
    "compactMap": true,
    "addDebugInfo": false,
    "colorizeConnectionIssues": true
  },
  "rooms": [
    {
      "id": 3700,
      "name": "Entrance to Mud School",
      "exits": {
        "North": 3757,
        "South": 3774,
        "Down": 19087
      }
    },
    {
      "id": 3701,
      "name": "A Room in Mud School",
      "exits": {
        "South": 3757,
        "West": 3702
      }
    },
    {
      "id": 3702,
      "name": "The Center Room",
      "exits": {
        "North": 3703,
        "East": 3701,
        "South": 3705,
        "West": 3704,
        "Up": 3708,
        "Down": 3707
      }
    },
    {
      "id": 3703,
      "name": "A Room in Mud School",
      "exits": {
        "North": 3709,
        "South": 3702
      }
    },
    {
      "id": 3704,
      "name": "A Room in Mud School",
      "exits": {
        "East": 3702
      }
    },
    {
      "id": 3705,
      "name": "A Room in Mud School",
      "exits": {
        "North": 3702
      }
    },
    {
      "id": 3707,
      "name": "A Room in Mud School",
      "exits": {
        "Up": 3702
      }
    },
    {
      "id": 3708,
      "name": "A Room in Mud School",
      "exits": {
        "Down": 3702
      }
    },
    {
      "id": 3709,
      "name": "A Room in Mud School",
      "exits": {
        "West": 3711,
        "Down": 3710
      }
    },
    {
      "id": 3710,
      "name": "The Blob Cage",
      "exits": {
        "Up": 3709
      }
    },
    {
      "id": 3711,
      "name": "A Room in Mud School",
      "exits": {
        "East": 3709,
        "Down": 3712
      }
    },
    {
      "id": 3712,
      "name": "The Cage Room",
      "exits": {
        "North": 3713,
        "East": 3716,
        "South": 3715,
        "West": 3714,
        "Down": 3717
      }
    },
    {
      "id": 3713,
      "name": "A Cage",
      "exits": {
        "South": 3712
      }
    },
    {
      "id": 3714,
      "name": "A Cage",
      "exits": {
        "East": 3712
      }
    },
    {
      "id": 3715,
      "name": "A Cage",
      "exits": {
        "North": 3712
      }
    },
    {
      "id": 3716,
      "name": "A Cage",
      "exits": {
        "West": 3712
      }
    },
    {
      "id": 3717,
      "name": "A Room in Mud School",
      "exits": {
        "East": 3719,
        "South": 3718,
        "Up": 3712
      }
    },
    {
      "id": 3718,
      "name": "The Store in Mud School",
      "exits": {
        "North": 3717
      }
    },
    {
      "id": 3719,
      "name": "A Room in Mud School",
      "exits": {
        "North": 3720,
        "East": 3721,
        "West": 3717
      }
    },
    {
      "id": 3720,
      "name": "The Darkened Room",
      "exits": {
        "South": 3719
      }
    },
    {
      "id": 3721,
      "name": "The End of Mud School!",
      "exits": {
        "North": 3722
      }
    },
    {
      "id": 3722,
      "name": "Southern Wall of the Arena",
      "exits": {
        "North": 3729,
        "East": 3725,
        "West": 3723
      }
    },
    {
      "id": 3723,
      "name": "Southern Wall of the Arena",
      "exits": {
        "North": 3728,
        "East": 3722,
        "West": 3724
      }
    },
    {
      "id": 3724,
      "name": "Southern Wall of the Arena",
      "exits": {
        "North": 3727,
        "East": 3723,
        "West": 3765
      }
    },
    {
      "id": 3725,
      "name": "Southern Wall of the Arena",
      "exits": {
        "North": 3730,
        "East": 3726,
        "West": 3722
      }
    },
    {
      "id": 3726,
      "name": "Southern Wall of the Arena",
      "exits": {
        "North": 3731,
        "East": 3770,
        "West": 3725
      }
    },
    {
      "id": 3727,
      "name": "Within The Arena",
      "exits": {
        "North": 3732,
        "East": 3728,
        "South": 3724,
        "West": 3764
      }
    },
    {
      "id": 3728,
      "name": "Within The Arena",
      "exits": {
        "North": 3733,
        "East": 3729,
        "South": 3723,
        "West": 3727
      }
    },
    {
      "id": 3729,
      "name": "Within The Arena",
      "exits": {
        "North": 3734,
        "East": 3730,
        "South": 3722,
        "West": 3728
      }
    },
    {
      "id": 3730,
      "name": "Within The Arena",
      "exits": {
        "North": 3735,
        "East": 3731,
        "South": 3725,
        "West": 3729
      }
    },
    {
      "id": 3731,
      "name": "Within The Arena",
      "exits": {
        "North": 3736,
        "East": 3769,
        "South": 3726,
        "West": 3730
      }
    },
    {
      "id": 3732,
      "name": "Within The Arena",
      "exits": {
        "North": 3737,
        "East": 3733,
        "South": 3727,
        "West": 3763
      }
    },
    {
      "id": 3733,
      "name": "Arena",
      "exits": {
        "North": 3738,
        "East": 3734,
        "South": 3728,
        "West": 3732
      }
    },
    {
      "id": 3734,
      "name": "Center of the Arena",
      "exits": {
        "North": 3739,
        "East": 3735,
        "South": 3729,
        "West": 3733,
        "Down": 3748
      }
    },
    {
      "id": 3735,
      "name": "Arena",
      "exits": {
        "North": 3740,
        "East": 3736,
        "South": 3730,
        "West": 3734
      }
    },
    {
      "id": 3736,
      "name": "Within The Arena",
      "exits": {
        "North": 3741,
        "East": 3768,
        "South": 3731,
        "West": 3735
      }
    },
    {
      "id": 3737,
      "name": "Within The Arena",
      "exits": {
        "North": 3742,
        "East": 3738,
        "South": 3732,
        "West": 3762
      }
    },
    {
      "id": 3738,
      "name": "Within The Arena",
      "exits": {
        "North": 3743,
        "East": 3739,
        "South": 3733,
        "West": 3737
      }
    },
    {
      "id": 3739,
      "name": "Within The Arena",
      "exits": {
        "North": 3744,
        "East": 3740,
        "South": 3734,
        "West": 3738
      }
    },
    {
      "id": 3740,
      "name": "Within The Arena",
      "exits": {
        "North": 3745,
        "East": 3741,
        "South": 3735,
        "West": 3739
      }
    },
    {
      "id": 3741,
      "name": "Within The Arena",
      "exits": {
        "North": 3746,
        "East": 3767,
        "South": 3736,
        "West": 3740
      }
    },
    {
      "id": 3742,
      "name": "Within The Arena",
      "exits": {
        "North": 3772,
        "East": 3743,
        "South": 3737,
        "West": 3761
      }
    },
    {
      "id": 3743,
      "name": "Within The Arena",
      "exits": {
        "North": 3773,
        "East": 3744,
        "South": 3738,
        "West": 3742
      }
    },
    {
      "id": 3744,
      "name": "Within The Arena",
      "exits": {
        "North": 3774,
        "East": 3745,
        "South": 3739,
        "West": 3743
      }
    },
    {
      "id": 3745,
      "name": "Within The Arena",
      "exits": {
        "North": 3775,
        "East": 3746,
        "South": 3740,
        "West": 3744
      }
    },
    {
      "id": 3746,
      "name": "Within The Arena",
      "exits": {
        "North": 3776,
        "East": 3766,
        "South": 3741,
        "West": 3745
      }
    },
    {
      "id": 3748,
      "name": "The Center of the Dungeon",
      "exits": {
        "North": 3750,
        "East": 3753,
        "South": 3755,
        "West": 3752,
        "Up": 3734
      }
    },
    {
      "id": 3749,
      "name": "The North West Corner of the Dungeon",
      "exits": {
        "East": 3750,
        "South": 3752
      }
    },
    {
      "id": 3750,
      "name": "The North Wall of the Dungeon",
      "exits": {
        "East": 3751,
        "South": 3748,
        "West": 3749
      }
    },
    {
      "id": 3751,
      "name": "The North East Corner of the Dungeon",
      "exits": {
        "South": 3753,
        "West": 3750
      }
    },
    {
      "id": 3752,
      "name": "The West Wall of the Dungeon",
      "exits": {
        "North": 3749,
        "East": 3748,
        "South": 3754
      }
    },
    {
      "id": 3753,
      "name": "The East Wall of the Dungeon",
      "exits": {
        "North": 3751,
        "South": 3756,
        "West": 3748
      }
    },
    {
      "id": 3754,
      "name": "The South West Corner of the Dungeon",
      "exits": {
        "North": 3752,
        "East": 3755
      }
    },
    {
      "id": 3755,
      "name": "The South Wall of the Dungeon",
      "exits": {
        "North": 3748,
        "East": 3756,
        "West": 3754
      }
    },
    {
      "id": 3756,
      "name": "The South East Corner of the Dungeon",
      "exits": {
        "North": 3753,
        "West": 3755
      }
    },
    {
      "id": 3757,
      "name": "A Room in Mud School",
      "exits": {
        "North": 3701,
        "East": 3759,
        "South": 3700,
        "West": 3758
      }
    },
    {
      "id": 3758,
      "name": "Furey\u0027s Training Room",
      "exits": {
        "East": 3757
      }
    },
    {
      "id": 3759,
      "name": "Zump\u0027s Guild Room",
      "exits": {
        "West": 3757
      }
    },
    {
      "id": 3760,
      "name": "The Air Above the Mud School",
      "exits": {
        "Down": 3700
      }
    },
    {
      "id": 3761,
      "name": "Western Wall of the Arena",
      "exits": {
        "North": 3771,
        "East": 3742,
        "South": 3762
      }
    },
    {
      "id": 3762,
      "name": "Western Wall of the Arena",
      "exits": {
        "North": 3761,
        "East": 3737,
        "South": 3763,
        "West": 3779
      }
    },
    {
      "id": 3763,
      "name": "Western Wall of the Arena",
      "exits": {
        "North": 3762,
        "East": 3732,
        "South": 3764
      }
    },
    {
      "id": 3764,
      "name": "Western Wall of the Arena",
      "exits": {
        "North": 3763,
        "East": 3727,
        "South": 3765,
        "West": 3780
      }
    },
    {
      "id": 3765,
      "name": "South West Corner of the Arena",
      "exits": {
        "North": 3764,
        "East": 3724
      }
    },
    {
      "id": 3766,
      "name": "Eastern Wall of the Arena",
      "exits": {
        "North": 3777,
        "South": 3767,
        "West": 3746
      }
    },
    {
      "id": 3767,
      "name": "Eastern Wall of the Arena",
      "exits": {
        "North": 3766,
        "East": 3784,
        "South": 3768,
        "West": 3741
      }
    },
    {
      "id": 3768,
      "name": "Eastern Wall of the Arena",
      "exits": {
        "North": 3767,
        "South": 3769,
        "West": 3736
      }
    },
    {
      "id": 3769,
      "name": "Eastern Wall of the Arena",
      "exits": {
        "North": 3768,
        "South": 3770,
        "West": 3731
      }
    },
    {
      "id": 3770,
      "name": "South East Corner of the Arena",
      "exits": {
        "North": 3769,
        "West": 3726
      }
    },
    {
      "id": 3771,
      "name": "North West Corner of the Arena",
      "exits": {
        "East": 3772,
        "South": 3761,
        "West": 3778
      }
    },
    {
      "id": 3772,
      "name": "Northern Wall of the Arena",
      "exits": {
        "North": 3783,
        "East": 3773,
        "South": 3742,
        "West": 3771
      }
    },
    {
      "id": 3773,
      "name": "Northern Wall of the Arena",
      "exits": {
        "East": 3774,
        "South": 3743,
        "West": 3772
      }
    },
    {
      "id": 3774,
      "name": "Northern Wall of the Arena",
      "exits": {
        "North": 3700,
        "East": 3775,
        "South": 3744,
        "West": 3773
      }
    },
    {
      "id": 3775,
      "name": "Northern Wall of the Arena",
      "exits": {
        "East": 3776,
        "South": 3745,
        "West": 3774
      }
    },
    {
      "id": 3776,
      "name": "Northern Wall of the Arena",
      "exits": {
        "North": 3782,
        "East": 3777,
        "South": 3746,
        "West": 3775
      }
    },
    {
      "id": 3777,
      "name": "North East Corner of the Arena",
      "exits": {
        "East": 3781,
        "South": 3766,
        "West": 3776
      }
    },
    {
      "id": 3778,
      "name": "An Alcove in the North West Corner of the Arena",
      "exits": {
        "East": 3771
      }
    },
    {
      "id": 3779,
      "name": "An Alcove in the Western Wall of the Arena",
      "exits": {
        "East": 3762
      }
    },
    {
      "id": 3780,
      "name": "An Alcove in the Western Wall of the Arena",
      "exits": {
        "East": 3764
      }
    },
    {
      "id": 3781,
      "name": "An Hidden Space in the North East Corner of the Arena",
      "exits": {
        "West": 3777
      }
    },
    {
      "id": 3782,
      "name": "An Alcove in the Northern Wall of the Arena",
      "exits": {
        "South": 3776
      }
    },
    {
      "id": 3783,
      "name": "An Alcove in the Northern Wall of the Arena",
      "exits": {
        "South": 3772
      }
    },
    {
      "id": 3784,
      "name": "An Alcove in the Eastern Wall of the Arena",
      "exits": {
        "West": 3767
      }
    },
    {
      "id": 19087,
      "name": "To Astoria",
      "otherAreaExit": true,
      "exits": {
        "North": 19088,
        "East": 19089,
        "South": 19007,
        "West": 19090,
        "Up": 3700
      }
    }
  ]
}