{
  "name": "Naiadia",
  "buildOptions": {
    "maxSteps": 1000,
    "fixObstacles": true,
    "fixNonStraight": true,
    "fixIntersected": true,
    "compactMap": true,
    "addDebugInfo": false,
    "colorizeConnectionIssues": true
  },
  "rooms": [
    {
      "id": 20400,
      "name": "The Respite",
      "exits": {
        "Down": 20532
      }
    },
    {
      "id": 20401,
      "name": "The Channeler\u0027s \u0026 Elementalist\u0027s Guild",
      "exits": {
        "South": 20405
      }
    },
    {
      "id": 20402,
      "name": "The Ranger\u0027s Guild",
      "exits": {
        "South": 20410
      }
    },
    {
      "id": 20405,
      "name": "Entrance to the Channeler\u0027s \u0026 Elementalist\u0027s Guild",
      "exits": {
        "North": 20401,
        "South": 20416
      }
    },
    {
      "id": 20406,
      "name": "Entrance to the Necromancer\u0027s Guild",
      "exits": {
        "East": 20407,
        "South": 20417
      }
    },
    {
      "id": 20407,
      "name": "The Necromancer\u0027s Guild",
      "exits": {
        "West": 20406
      }
    },
    {
      "id": 20408,
      "name": "The Warrior\u0027s Guild",
      "exits": {
        "East": 20409
      }
    },
    {
      "id": 20409,
      "name": "Entrance to the Warrior\u0027s Guild",
      "exits": {
        "South": 20420,
        "West": 20408
      }
    },
    {
      "id": 20410,
      "name": "Entrance to the Ranger\u0027s Guild",
      "exits": {
        "North": 20402,
        "South": 20421
      }
    },
    {
      "id": 20414,
      "name": "Road in the NorthWest Quadrant",
      "exits": {
        "East": 20415,
        "South": 20426
      }
    },
    {
      "id": 20415,
      "name": "Road in the NorthWest Quadrant",
      "exits": {
        "East": 20416,
        "West": 20414
      }
    },
    {
      "id": 20416,
      "name": "Road in the NorthWest Quadrant",
      "exits": {
        "North": 20405,
        "East": 20417,
        "South": 20428,
        "West": 20415
      }
    },
    {
      "id": 20417,
      "name": "Road in the NorthWest Quadrant",
      "exits": {
        "North": 20406,
        "East": 20418,
        "West": 20416
      }
    },
    {
      "id": 20418,
      "name": "Road in the NorthWest Quadrant",
      "exits": {
        "South": 20430,
        "West": 20417
      }
    },
    {
      "id": 20419,
      "name": "Road in the NorthEast Quadrant",
      "exits": {
        "East": 20420,
        "South": 20432
      }
    },
    {
      "id": 20420,
      "name": "Road in the NorthEast Quadrant",
      "exits": {
        "North": 20409,
        "East": 20421,
        "West": 20419
      }
    },
    {
      "id": 20421,
      "name": "Road in the NorthEast Quadrant",
      "exits": {
        "North": 20410,
        "East": 20422,
        "South": 20434,
        "West": 20420
      }
    },
    {
      "id": 20422,
      "name": "Road in the NorthEast Quadrant",
      "exits": {
        "East": 20423,
        "West": 20421
      }
    },
    {
      "id": 20423,
      "name": "Road in the NorthEast Quadrant",
      "exits": {
        "South": 20436,
        "West": 20422
      }
    },
    {
      "id": 20426,
      "name": "Road in the NorthWest Quadrant",
      "exits": {
        "North": 20414,
        "East": 20427,
        "South": 20438
      }
    },
    {
      "id": 20427,
      "name": "The Naiadian Guardsmen\u0027s Headquarters",
      "exits": {
        "West": 20426
      }
    },
    {
      "id": 20428,
      "name": "The Mayor\u0027s Office",
      "exits": {
        "North": 20416
      }
    },
    {
      "id": 20429,
      "name": "The Naiadian Townhall",
      "exits": {
        "East": 20430
      }
    },
    {
      "id": 20430,
      "name": "Road in the NorthWest Quadrant",
      "exits": {
        "North": 20418,
        "South": 20442,
        "West": 20429
      }
    },
    {
      "id": 20431,
      "name": "A Sandy Path",
      "exits": {
        "North": 17874,
        "South": 20443
      }
    },
    {
      "id": 20432,
      "name": "Road in the NorthEast Quadrant",
      "exits": {
        "North": 20419,
        "East": 20433,
        "South": 20444
      }
    },
    {
      "id": 20433,
      "name": "The Lobster Pot",
      "exits": {
        "West": 20432
      }
    },
    {
      "id": 20434,
      "name": "The Memorial",
      "exits": {
        "North": 20421
      }
    },
    {
      "id": 20435,
      "name": "The Armory",
      "exits": {
        "East": 20436
      }
    },
    {
      "id": 20436,
      "name": "Road in the NorthEast Quadrant",
      "exits": {
        "North": 20423,
        "South": 20448,
        "West": 20435
      }
    },
    {
      "id": 20438,
      "name": "Road in the NorthWest Quadrant",
      "exits": {
        "North": 20426,
        "East": 20439,
        "South": 20449
      }
    },
    {
      "id": 20439,
      "name": "The Naiadian Jail",
      "exits": {
        "West": 20438
      }
    },
    {
      "id": 20440,
      "name": "First Bank of Naiadia",
      "exits": {
        "South": 20451
      }
    },
    {
      "id": 20441,
      "name": "Road in the NorthWest Quadrant",
      "exits": {
        "East": 20442,
        "South": 20452
      }
    },
    {
      "id": 20442,
      "name": "Road in the NorthWest Quadrant",
      "exits": {
        "North": 20430,
        "East": 20443,
        "West": 20441
      }
    },
    {
      "id": 20443,
      "name": "North Gate",
      "exits": {
        "North": 20431,
        "East": 20444,
        "South": 20454,
        "West": 20442
      }
    },
    {
      "id": 20444,
      "name": "Road in the NorthEast Quadrant",
      "exits": {
        "North": 20432,
        "East": 20445,
        "West": 20443
      }
    },
    {
      "id": 20445,
      "name": "Road in the NorthEast Quadrant",
      "exits": {
        "South": 20456,
        "West": 20444
      }
    },
    {
      "id": 20446,
      "name": "The Training Yard",
      "exits": {
        "South": 20457
      }
    },
    {
      "id": 20447,
      "name": "The Weapon\u0027s Emporium",
      "exits": {
        "East": 20448
      }
    },
    {
      "id": 20448,
      "name": "Road in the NorthEast Quadrant",
      "exits": {
        "North": 20436,
        "South": 20459,
        "West": 20447
      }
    },
    {
      "id": 20449,
      "name": "Road in the NorthWest Quadrant",
      "exits": {
        "North": 20438,
        "East": 20450
      }
    },
    {
      "id": 20450,
      "name": "Road in the NorthWest Quadrant",
      "exits": {
        "East": 20451,
        "West": 20449
      }
    },
    {
      "id": 20451,
      "name": "Road in the NorthWest Quadrant",
      "exits": {
        "North": 20440,
        "East": 20452,
        "West": 20450
      }
    },
    {
      "id": 20452,
      "name": "Road in the NorthWest Quadrant",
      "exits": {
        "North": 20441,
        "South": 20461,
        "West": 20451
      }
    },
    {
      "id": 20453,
      "name": "The Central Walkway",
      "exits": {
        "East": 20454,
        "South": 20462
      }
    },
    {
      "id": 20454,
      "name": "The Central Walkway",
      "exits": {
        "North": 20443,
        "East": 20455,
        "South": 20463,
        "West": 20453
      }
    },
    {
      "id": 20455,
      "name": "The Central Walkway",
      "exits": {
        "South": 20464,
        "West": 20454
      }
    },
    {
      "id": 20456,
      "name": "Road in the NorthEast Quadrant",
      "exits": {
        "North": 20445,
        "East": 20457,
        "South": 20465
      }
    },
    {
      "id": 20457,
      "name": "Road in the NorthEast Quadrant",
      "exits": {
        "North": 20446,
        "East": 20458,
        "West": 20456
      }
    },
    {
      "id": 20458,
      "name": "Road in the NorthEast Quadrant",
      "exits": {
        "East": 20459,
        "West": 20457
      }
    },
    {
      "id": 20459,
      "name": "Road in the NorthEast Quadrant",
      "exits": {
        "North": 20448,
        "West": 20458
      }
    },
    {
      "id": 20460,
      "name": "A Sandy Path",
      "exits": {
        "East": 20461,
        "West": 17840
      }
    },
    {
      "id": 20461,
      "name": "West Gate",
      "exits": {
        "North": 20452,
        "East": 20462,
        "South": 20470,
        "West": 20460
      }
    },
    {
      "id": 20462,
      "name": "The Central Walkway",
      "exits": {
        "North": 20453,
        "East": 20463,
        "South": 20471,
        "West": 20461
      }
    },
    {
      "id": 20463,
      "name": "Center Square",
      "exits": {
        "North": 20454,
        "East": 20464,
        "South": 20472,
        "West": 20462
      }
    },
    {
      "id": 20464,
      "name": "The Central Walkway",
      "exits": {
        "North": 20455,
        "East": 20465,
        "South": 20473,
        "West": 20463
      }
    },
    {
      "id": 20465,
      "name": "East Gate",
      "exits": {
        "North": 20456,
        "East": 20466,
        "South": 20474,
        "West": 20464
      }
    },
    {
      "id": 20466,
      "name": "A Sandy Path",
      "exits": {
        "East": 17849,
        "West": 20465
      }
    },
    {
      "id": 20467,
      "name": "Road in the SouthWest Quadrant",
      "exits": {
        "East": 20468,
        "South": 20478
      }
    },
    {
      "id": 20468,
      "name": "Road in the SouthWest Quadrant",
      "exits": {
        "East": 20469,
        "West": 20467
      }
    },
    {
      "id": 20469,
      "name": "Road in the SouthWest Quadrant",
      "exits": {
        "East": 20470,
        "South": 20480,
        "West": 20468
      }
    },
    {
      "id": 20470,
      "name": "Road in the SouthWest Quadrant",
      "exits": {
        "North": 20461,
        "South": 20481,
        "West": 20469
      }
    },
    {
      "id": 20471,
      "name": "The Central Walkway",
      "exits": {
        "North": 20462,
        "East": 20472
      }
    },
    {
      "id": 20472,
      "name": "The Central Walkway",
      "exits": {
        "North": 20463,
        "East": 20473,
        "South": 20483,
        "West": 20471
      }
    },
    {
      "id": 20473,
      "name": "The Central Walkway",
      "exits": {
        "North": 20464,
        "West": 20472
      }
    },
    {
      "id": 20474,
      "name": "Road in the SouthEast Quadrant",
      "exits": {
        "North": 20465,
        "East": 20475,
        "South": 20485
      }
    },
    {
      "id": 20475,
      "name": "Road in the SouthEast Quadrant",
      "exits": {
        "East": 20476,
        "South": 20486,
        "West": 20474
      }
    },
    {
      "id": 20476,
      "name": "Road in the SouthEast Quadrant",
      "exits": {
        "East": 20477,
        "West": 20475
      }
    },
    {
      "id": 20477,
      "name": "Road in the SouthEast Quadrant",
      "exits": {
        "South": 20488,
        "West": 20476
      }
    },
    {
      "id": 20478,
      "name": "Road in the SouthWest Quadrant",
      "exits": {
        "North": 20467,
        "East": 20479,
        "South": 20490
      }
    },
    {
      "id": 20479,
      "name": "The Land Lubber\u0027s Boat Shop",
      "exits": {
        "West": 20478
      }
    },
    {
      "id": 20480,
      "name": "The Source of Magic",
      "exits": {
        "North": 20469
      }
    },
    {
      "id": 20481,
      "name": "Road in the SouthWest Quadrant",
      "exits": {
        "North": 20470,
        "East": 20482
      }
    },
    {
      "id": 20482,
      "name": "Road in the SouthWest Quadrant",
      "exits": {
        "East": 20483,
        "South": 20494,
        "West": 20481
      }
    },
    {
      "id": 20483,
      "name": "South Gate",
      "exits": {
        "North": 20472,
        "East": 20484,
        "South": 20495,
        "West": 20482
      }
    },
    {
      "id": 20484,
      "name": "Road in the SouthEast Quadrant",
      "exits": {
        "East": 20485,
        "South": 20496,
        "West": 20483
      }
    },
    {
      "id": 20485,
      "name": "Road in the SouthEast Quadrant",
      "exits": {
        "North": 20474,
        "West": 20484
      }
    },
    {
      "id": 20486,
      "name": "The General Store",
      "exits": {
        "North": 20475
      }
    },
    {
      "id": 20487,
      "name": "Antiques and Collectibles",
      "exits": {
        "East": 20488
      }
    },
    {
      "id": 20488,
      "name": "Road in the SouthEast Quadrant",
      "exits": {
        "North": 20477,
        "South": 20500,
        "West": 20487
      }
    },
    {
      "id": 20490,
      "name": "Road in the SouthWest Quadrant",
      "exits": {
        "North": 20478,
        "East": 20491,
        "South": 20503
      }
    },
    {
      "id": 20491,
      "name": "Aquatic Pets",
      "exits": {
        "West": 20490
      }
    },
    {
      "id": 20492,
      "name": "The Storeroom",
      "exits": {}
    },
    {
      "id": 20493,
      "name": "The Vegetarian\u0027s Delight",
      "exits": {
        "East": 20494
      }
    },
    {
      "id": 20494,
      "name": "Road in the SouthWest Quadrant",
      "exits": {
        "North": 20482,
        "South": 20507,
        "West": 20493
      }
    },
    {
      "id": 20495,
      "name": "Path to the Gardens",
      "exits": {
        "North": 20483,
        "South": 20508
      }
    },
    {
      "id": 20496,
      "name": "Road in the SouthEast Quadrant",
      "exits": {
        "North": 20484,
        "East": 20497,
        "South": 20509
      }
    },
    {
      "id": 20497,
      "name": "The Sushi Bar",
      "exits": {
        "West": 20496
      }
    },
    {
      "id": 20498,
      "name": "Ye Olde Salt Saloon",
      "exits": {
        "South": 20511
      }
    },
    {
      "id": 20499,
      "name": "Gemstones",
      "exits": {
        "East": 20500
      }
    },
    {
      "id": 20500,
      "name": "Road in the SouthEast Quadrant",
      "exits": {
        "North": 20488,
        "South": 20513,
        "West": 20499
      }
    },
    {
      "id": 20503,
      "name": "Road in the SouthWest Quadrant",
      "exits": {
        "North": 20490,
        "East": 20504
      }
    },
    {
      "id": 20504,
      "name": "Road in the SouthWest Quadrant",
      "exits": {
        "East": 20505,
        "South": 20516,
        "West": 20503
      }
    },
    {
      "id": 20505,
      "name": "Road in the SouthWest Quadrant",
      "exits": {
        "North": 20540,
        "East": 20506,
        "South": 20517,
        "West": 20504
      }
    },
    {
      "id": 20506,
      "name": "Road in the SouthWest Quadrant",
      "exits": {
        "East": 20507,
        "South": 20518,
        "West": 20505
      }
    },
    {
      "id": 20507,
      "name": "Road in the SouthWest Quadrant",
      "exits": {
        "North": 20494,
        "West": 20506
      }
    },
    {
      "id": 20508,
      "name": "Path to the Gardens",
      "exits": {
        "North": 20495,
        "South": 20520
      }
    },
    {
      "id": 20509,
      "name": "Road in the SouthEast Quadrant",
      "exits": {
        "North": 20496,
        "East": 20510
      }
    },
    {
      "id": 20510,
      "name": "Road in the SouthEast Quadrant",
      "exits": {
        "East": 20511,
        "West": 20509
      }
    },
    {
      "id": 20511,
      "name": "Road in the SouthEast Quadrant",
      "exits": {
        "North": 20498,
        "East": 20512,
        "South": 20523,
        "West": 20510
      }
    },
    {
      "id": 20512,
      "name": "Road in the SouthEast Quadrant",
      "exits": {
        "East": 20513,
        "South": 20524,
        "West": 20511
      }
    },
    {
      "id": 20513,
      "name": "Road in the SouthEast Quadrant",
      "exits": {
        "North": 20500,
        "West": 20512
      }
    },
    {
      "id": 20515,
      "name": "The Anti-Paladin\u0027s Guild",
      "exits": {
        "East": 20516
      }
    },
    {
      "id": 20516,
      "name": "Entrance to the Anti-Paladin\u0027s",
      "exits": {
        "North": 20504,
        "West": 20515
      }
    },
    {
      "id": 20517,
      "name": "Entrance to the Paladin\u0027s Guild",
      "exits": {
        "North": 20505,
        "South": 20526
      }
    },
    {
      "id": 20518,
      "name": "Entrance to the Cleric\u0027s \u0026 Monk\u0027s Guild",
      "exits": {
        "North": 20506,
        "East": 20519
      }
    },
    {
      "id": 20519,
      "name": "The Cleric\u0027s \u0026 Monk\u0027s Guild",
      "exits": {
        "West": 20518
      }
    },
    {
      "id": 20520,
      "name": "Path to the Gardens",
      "exits": {
        "North": 20508,
        "South": 20528
      }
    },
    {
      "id": 20523,
      "name": "Entrance to the Assassin\u0027s Guild",
      "exits": {
        "North": 20511,
        "South": 20530
      }
    },
    {
      "id": 20524,
      "name": "Entrance to the Thieves\u0027 Guild",
      "exits": {
        "North": 20512,
        "East": 20525
      }
    },
    {
      "id": 20525,
      "name": "The Thieves\u0027 Guild",
      "exits": {
        "West": 20524
      }
    },
    {
      "id": 20526,
      "name": "The Paladin\u0027s Guild",
      "exits": {
        "North": 20517
      }
    },
    {
      "id": 20527,
      "name": "The Orchid Garden",
      "exits": {
        "East": 20528,
        "South": 20531
      }
    },
    {
      "id": 20528,
      "name": "A Path in the Garden",
      "exits": {
        "North": 20520,
        "East": 20529,
        "South": 20532,
        "West": 20527
      }
    },
    {
      "id": 20529,
      "name": "The Sunflower Garden",
      "exits": {
        "South": 20533,
        "West": 20528
      }
    },
    {
      "id": 20530,
      "name": "The Assassin\u0027s Guild",
      "exits": {
        "North": 20523
      }
    },
    {
      "id": 20531,
      "name": "A Path in the Garden",
      "exits": {
        "North": 20527,
        "East": 20532,
        "South": 20534
      }
    },
    {
      "id": 20532,
      "name": "The Fountain",
      "exits": {
        "North": 20528,
        "East": 20533,
        "South": 20535,
        "West": 20531,
        "Up": 20400
      }
    },
    {
      "id": 20533,
      "name": "A Path in the Garden",
      "exits": {
        "North": 20529,
        "South": 20536,
        "West": 20532
      }
    },
    {
      "id": 20534,
      "name": "The Lily Garden",
      "exits": {
        "North": 20531,
        "East": 20535
      }
    },
    {
      "id": 20535,
      "name": "A Path in the Garden",
      "exits": {
        "North": 20532,
        "East": 20536,
        "South": 20538,
        "West": 20534
      }
    },
    {
      "id": 20536,
      "name": "The Rose Garden",
      "exits": {
        "North": 20533,
        "West": 20535
      }
    },
    {
      "id": 20537,
      "name": "The Lover\u0027s Nest",
      "exits": {
        "East": 20538
      }
    },
    {
      "id": 20538,
      "name": "A Path in the Garden",
      "exits": {
        "North": 20535,
        "East": 20539,
        "West": 20537
      }
    },
    {
      "id": 20539,
      "name": "A Cozy Nook",
      "exits": {
        "East": 21968,
        "West": 20538
      }
    },
    {
      "id": 20540,
      "name": "Skins \u0027R\u0027 Us",
      "exits": {
        "South": 20505
      }
    },
    {
      "id": 17874,
      "name": "To The Naiadian Sea",
      "otherAreaExit": true,
      "exits": {
        "East": 17875,
        "South": 20431
      }
    },
    {
      "id": 17840,
      "name": "To The Naiadian Sea",
      "otherAreaExit": true,
      "exits": {
        "East": 20460,
        "West": 17839
      }
    },
    {
      "id": 17849,
      "name": "To The Naiadian Sea",
      "otherAreaExit": true,
      "exits": {
        "East": 17850,
        "West": 20466
      }
    },
    {
      "id": 21968,
      "name": "To Neraka",
      "otherAreaExit": true,
      "exits": {
        "East": 21927,
        "West": 20539
      }
    }
  ]
}