{
  "name": "Neraka",
  "buildOptions": {
    "maxSteps": 1000,
    "fixObstacles": true,
    "fixNonStraight": true,
    "fixIntersected": false,
    "compactMap": true,
    "addDebugInfo": false,
    "colorizeConnectionIssues": true
  },
  "rooms": [
    {
      "id": 21600,
      "name": "Road to Neraka",
      "exits": {
        "North": 21800,
        "South": 21601
      }
    },
    {
      "id": 21601,
      "name": "Before a guard\u0027s tent",
      "exits": {
        "North": 21600,
        "East": 21602,
        "South": 21603
      }
    },
    {
      "id": 21602,
      "name": "A guard\u0027s tent",
      "exits": {
        "West": 21601
      }
    },
    {
      "id": 21603,
      "name": "Road to Neraka",
      "exits": {
        "North": 21601,
        "South": 21604
      }
    },
    {
      "id": 21604,
      "name": "Northern city gates",
      "exits": {
        "North": 21603,
        "East": 21921,
        "South": 21605,
        "West": 21923
      }
    },
    {
      "id": 21605,
      "name": "Inside the village of Neraka",
      "exits": {
        "North": 21604,
        "East": 21607,
        "South": 21606
      }
    },
    {
      "id": 21606,
      "name": "The village of Neraka",
      "exits": {
        "North": 21605,
        "East": 21750,
        "South": 21609,
        "West": 21608
      }
    },
    {
      "id": 21607,
      "name": "A small trash dump",
      "exits": {
        "West": 21605
      }
    },
    {
      "id": 21608,
      "name": "Inside a tent",
      "exits": {
        "East": 21606
      }
    },
    {
      "id": 21609,
      "name": "The village of Neraka",
      "exits": {
        "North": 21606,
        "East": 21751,
        "South": 21610
      }
    },
    {
      "id": 21610,
      "name": "Before the Temple",
      "exits": {
        "North": 21609,
        "East": 21749,
        "South": 21611
      }
    },
    {
      "id": 21611,
      "name": "Northern entrance to the Temple",
      "exits": {
        "North": 21610,
        "East": 21612,
        "South": 21639,
        "West": 21615
      }
    },
    {
      "id": 21612,
      "name": "Outer corridor the the Temple",
      "exits": {
        "East": 21613,
        "West": 21611
      }
    },
    {
      "id": 21613,
      "name": "Outer corridor the the Temple",
      "exits": {
        "East": 21614,
        "West": 21612
      }
    },
    {
      "id": 21614,
      "name": "Outer corridor the the Temple",
      "exits": {
        "South": 21623,
        "West": 21613
      }
    },
    {
      "id": 21615,
      "name": "Outer corridor the the Temple",
      "exits": {
        "East": 21611,
        "West": 21616
      }
    },
    {
      "id": 21616,
      "name": "Outer corridor the the Temple",
      "exits": {
        "East": 21615,
        "West": 21617
      }
    },
    {
      "id": 21617,
      "name": "Outer corridor the the Temple",
      "exits": {
        "East": 21616,
        "South": 21618
      }
    },
    {
      "id": 21618,
      "name": "Outer corridor the the Temple",
      "exits": {
        "North": 21617,
        "South": 21619
      }
    },
    {
      "id": 21619,
      "name": "Western Entrance to the Temple",
      "exits": {
        "North": 21618,
        "East": 21647,
        "South": 21620,
        "West": 21782
      }
    },
    {
      "id": 21620,
      "name": "Outer corridor the the Temple",
      "exits": {
        "North": 21619,
        "South": 21621
      }
    },
    {
      "id": 21621,
      "name": "Outer corridor the the Temple",
      "exits": {
        "North": 21620,
        "South": 21622
      }
    },
    {
      "id": 21622,
      "name": "Outer corridor the the Temple",
      "exits": {
        "North": 21621,
        "East": 21632,
        "West": 21816
      }
    },
    {
      "id": 21623,
      "name": "Outer corridor the the Temple",
      "exits": {
        "North": 21614,
        "South": 21624
      }
    },
    {
      "id": 21624,
      "name": "Eastern Entrance to the Temple",
      "exits": {
        "North": 21623,
        "East": 21752,
        "South": 21625,
        "West": 21643
      }
    },
    {
      "id": 21625,
      "name": "Outer corridor the the Temple",
      "exits": {
        "North": 21624,
        "South": 21626
      }
    },
    {
      "id": 21626,
      "name": "Outer corridor the the Temple",
      "exits": {
        "North": 21625,
        "South": 21627
      }
    },
    {
      "id": 21627,
      "name": "Outer corridor the the Temple",
      "exits": {
        "North": 21626,
        "East": 21966,
        "South": 21822,
        "West": 21628
      }
    },
    {
      "id": 21628,
      "name": "Outer corridor the the Temple",
      "exits": {
        "East": 21627,
        "West": 21629
      }
    },
    {
      "id": 21629,
      "name": "Outer corridor the the Temple",
      "exits": {
        "East": 21628,
        "West": 21630
      }
    },
    {
      "id": 21630,
      "name": "Outer corridor the the Temple",
      "exits": {
        "East": 21629,
        "West": 21631
      }
    },
    {
      "id": 21631,
      "name": "Southern entrance to the Temple",
      "exits": {
        "North": 21635,
        "East": 21630,
        "South": 21821,
        "West": 21634
      }
    },
    {
      "id": 21632,
      "name": "Outer corridor the the Temple",
      "exits": {
        "East": 21633,
        "West": 21622
      }
    },
    {
      "id": 21633,
      "name": "Outer corridor the the Temple",
      "exits": {
        "East": 21634,
        "West": 21632
      }
    },
    {
      "id": 21634,
      "name": "Outer corridor the the Temple",
      "exits": {
        "East": 21631,
        "West": 21633
      }
    },
    {
      "id": 21635,
      "name": "Inside the Southern Entrance",
      "exits": {
        "North": 21636,
        "South": 21631
      }
    },
    {
      "id": 21636,
      "name": "Inside the Temple",
      "exits": {
        "North": 21637,
        "South": 21635
      }
    },
    {
      "id": 21637,
      "name": "Main room of the Temple",
      "exits": {
        "North": 21638,
        "East": 21640,
        "South": 21636,
        "West": 21644,
        "Up": 21652,
        "Down": 21653
      }
    },
    {
      "id": 21638,
      "name": "Inside the Temple",
      "exits": {
        "North": 21639,
        "South": 21637
      }
    },
    {
      "id": 21639,
      "name": "Inside the Northern Entrance",
      "exits": {
        "North": 21611,
        "South": 21638
      }
    },
    {
      "id": 21640,
      "name": "Inside the Temple",
      "exits": {
        "East": 21641,
        "West": 21637
      }
    },
    {
      "id": 21641,
      "name": "Inside the Temple",
      "exits": {
        "North": 21962,
        "East": 21642,
        "South": 21963,
        "West": 21640
      }
    },
    {
      "id": 21642,
      "name": "Inside the Temple",
      "exits": {
        "East": 21643,
        "West": 21641
      }
    },
    {
      "id": 21643,
      "name": "Inside the Eastern Entrance",
      "exits": {
        "North": 21650,
        "East": 21624,
        "South": 21651,
        "West": 21642
      }
    },
    {
      "id": 21644,
      "name": "Inside the Temple",
      "exits": {
        "East": 21637,
        "West": 21645
      }
    },
    {
      "id": 21645,
      "name": "Inside the Temple",
      "exits": {
        "North": 21960,
        "East": 21644,
        "South": 21961,
        "West": 21646
      }
    },
    {
      "id": 21646,
      "name": "Inside the Temple",
      "exits": {
        "East": 21645,
        "West": 21647
      }
    },
    {
      "id": 21647,
      "name": "Inside the Western Entrance",
      "exits": {
        "North": 21648,
        "East": 21646,
        "South": 21649,
        "West": 21619
      }
    },
    {
      "id": 21648,
      "name": "A small alcove",
      "exits": {
        "South": 21647
      }
    },
    {
      "id": 21649,
      "name": "A small alcove",
      "exits": {
        "North": 21647
      }
    },
    {
      "id": 21650,
      "name": "A small alcove",
      "exits": {
        "South": 21643
      }
    },
    {
      "id": 21651,
      "name": "A small alcove",
      "exits": {
        "North": 21643
      }
    },
    {
      "id": 21652,
      "name": "A black landing",
      "exits": {
        "North": 21654,
        "East": 21662,
        "South": 21658,
        "West": 21666,
        "Up": 21669,
        "Down": 21637
      }
    },
    {
      "id": 21653,
      "name": "A twisted black stairwell",
      "exits": {
        "Up": 21637,
        "Down": 21670
      }
    },
    {
      "id": 21654,
      "name": "Corridor of Birth",
      "exits": {
        "North": 21655,
        "South": 21652
      }
    },
    {
      "id": 21655,
      "name": "Corridor of Birth",
      "exits": {
        "North": 21656,
        "South": 21654
      }
    },
    {
      "id": 21656,
      "name": "Corridor of Birth",
      "exits": {
        "North": 21657,
        "South": 21655
      }
    },
    {
      "id": 21657,
      "name": "Before the Black Altar",
      "exits": {
        "East": 21684,
        "South": 21656,
        "West": 21685
      }
    },
    {
      "id": 21658,
      "name": "Corridor of Death",
      "exits": {
        "North": 21652,
        "South": 21659
      }
    },
    {
      "id": 21659,
      "name": "Corridor of Death",
      "exits": {
        "North": 21658,
        "South": 21660
      }
    },
    {
      "id": 21660,
      "name": "Corridor of Death",
      "exits": {
        "North": 21659,
        "South": 21661
      }
    },
    {
      "id": 21661,
      "name": "Before a black altar",
      "exits": {
        "North": 21660,
        "East": 21686,
        "West": 21687
      }
    },
    {
      "id": 21662,
      "name": "Corridor of Magic",
      "exits": {
        "East": 21663,
        "West": 21652
      }
    },
    {
      "id": 21663,
      "name": "Corridor of Magic",
      "exits": {
        "East": 21664,
        "West": 21662
      }
    },
    {
      "id": 21664,
      "name": "Corridor of Magic",
      "exits": {
        "East": 21665,
        "West": 21663
      }
    },
    {
      "id": 21665,
      "name": "Before a glowing altar",
      "exits": {
        "North": 21680,
        "South": 21681,
        "West": 21664
      }
    },
    {
      "id": 21666,
      "name": "Corridor of Might",
      "exits": {
        "East": 21652,
        "West": 21667
      }
    },
    {
      "id": 21667,
      "name": "Corridor of Might",
      "exits": {
        "East": 21666,
        "West": 21668
      }
    },
    {
      "id": 21668,
      "name": "Before a broken altar",
      "exits": {
        "North": 21682,
        "East": 21667,
        "South": 21683
      }
    },
    {
      "id": 21669,
      "name": "A twisted black staircase",
      "exits": {
        "Up": 21671,
        "Down": 21652
      }
    },
    {
      "id": 21670,
      "name": "Entrance to the Dungeon",
      "exits": {
        "North": 21728,
        "East": 21729,
        "South": 21730,
        "West": 21731,
        "Up": 21653,
        "Down": 21748
      }
    },
    {
      "id": 21671,
      "name": "A large entryway",
      "exits": {
        "North": 21672,
        "East": 21673,
        "South": 21674,
        "West": 21675,
        "Down": 21669
      }
    },
    {
      "id": 21672,
      "name": "Meeting Hall Antechamber",
      "exits": {
        "North": 21679,
        "East": 21676,
        "South": 21671,
        "West": 21678
      }
    },
    {
      "id": 21673,
      "name": "Meeting Hall Antechamber",
      "exits": {
        "North": 21676,
        "South": 21677,
        "West": 21671
      }
    },
    {
      "id": 21674,
      "name": "Meeting Hall Antechamber",
      "exits": {
        "North": 21671,
        "East": 21677
      }
    },
    {
      "id": 21675,
      "name": "Meeting Hall Antechamber",
      "exits": {
        "North": 21678,
        "East": 21671
      }
    },
    {
      "id": 21676,
      "name": "Meeting Hall Antechamber",
      "exits": {
        "South": 21673,
        "West": 21672
      }
    },
    {
      "id": 21677,
      "name": "Meeting Hall Antechamber",
      "exits": {
        "North": 21673,
        "West": 21674
      }
    },
    {
      "id": 21678,
      "name": "Meeting Hall Antechamber",
      "exits": {
        "East": 21672,
        "South": 21675
      }
    },
    {
      "id": 21679,
      "name": "A corridor before the Hall",
      "exits": {
        "North": 21688,
        "South": 21672
      }
    },
    {
      "id": 21680,
      "name": "Storeroom",
      "exits": {
        "South": 21665
      }
    },
    {
      "id": 21681,
      "name": "A necromancer\u0027s learning room",
      "exits": {
        "North": 21665
      }
    },
    {
      "id": 21682,
      "name": "The Armory",
      "exits": {
        "South": 21668
      }
    },
    {
      "id": 21683,
      "name": "Practice room",
      "exits": {
        "North": 21668
      }
    },
    {
      "id": 21684,
      "name": "Dragon egg storage room",
      "exits": {
        "West": 21657
      }
    },
    {
      "id": 21685,
      "name": "Draconian hatchling keep",
      "exits": {
        "East": 21657
      }
    },
    {
      "id": 21686,
      "name": "Room of Unlife",
      "exits": {
        "West": 21661
      }
    },
    {
      "id": 21687,
      "name": "Chamber of Bone",
      "exits": {
        "East": 21661
      }
    },
    {
      "id": 21688,
      "name": "A corridor before the Hall",
      "exits": {
        "North": 21689,
        "South": 21679
      }
    },
    {
      "id": 21689,
      "name": "Entrance to the Hall",
      "exits": {
        "North": 21713,
        "East": 21690,
        "South": 21688,
        "West": 21692
      }
    },
    {
      "id": 21690,
      "name": "Hall of the Dragon Highlords",
      "exits": {
        "North": 21721,
        "East": 21691,
        "West": 21689
      }
    },
    {
      "id": 21691,
      "name": "Hall of the Dragon Highlords",
      "exits": {
        "North": 21694,
        "West": 21690
      }
    },
    {
      "id": 21692,
      "name": "Hall of the Dragon Highlords",
      "exits": {
        "North": 21720,
        "East": 21689,
        "West": 21693
      }
    },
    {
      "id": 21693,
      "name": "Hall of the Dragon Highlords",
      "exits": {
        "North": 21699,
        "East": 21692
      }
    },
    {
      "id": 21694,
      "name": "Hall of the Dragon Highlords",
      "exits": {
        "North": 21695,
        "East": 21723,
        "South": 21691,
        "West": 21721
      }
    },
    {
      "id": 21695,
      "name": "Hall of the Dragon Highlords",
      "exits": {
        "North": 21696,
        "East": 21727,
        "South": 21694
      }
    },
    {
      "id": 21696,
      "name": "Hall of the Dragon Highlords",
      "exits": {
        "North": 21697,
        "South": 21695
      }
    },
    {
      "id": 21697,
      "name": "Hall of the Dragon Highlords",
      "exits": {
        "North": 21698,
        "East": 21722,
        "South": 21696,
        "West": 21714
      }
    },
    {
      "id": 21698,
      "name": "Hall of the Dragon Highlords",
      "exits": {
        "South": 21697,
        "West": 21704
      }
    },
    {
      "id": 21699,
      "name": "Hall of the Dragon Highlords",
      "exits": {
        "North": 21700,
        "East": 21720,
        "South": 21693,
        "West": 21724
      }
    },
    {
      "id": 21700,
      "name": "Hall of the Dragon Highlords",
      "exits": {
        "North": 21701,
        "South": 21699,
        "West": 21725
      }
    },
    {
      "id": 21701,
      "name": "Hall of the Dragon Highlords",
      "exits": {
        "North": 21702,
        "South": 21700,
        "West": 21726
      }
    },
    {
      "id": 21702,
      "name": "Hall of the Dragon Highlords",
      "exits": {
        "North": 21703,
        "East": 21709,
        "South": 21701
      }
    },
    {
      "id": 21703,
      "name": "Hall of the Dragon Highlords",
      "exits": {
        "East": 21708,
        "South": 21702
      }
    },
    {
      "id": 21704,
      "name": "Hall of the Dragon Highlords",
      "exits": {
        "East": 21698,
        "South": 21714,
        "West": 21705
      }
    },
    {
      "id": 21705,
      "name": "Hall of the Dragon Highlords",
      "exits": {
        "East": 21704,
        "West": 21706
      }
    },
    {
      "id": 21706,
      "name": "Hall of the Dragon Highlords",
      "exits": {
        "East": 21705,
        "West": 21707
      }
    },
    {
      "id": 21707,
      "name": "Hall of the Dragon Highlords",
      "exits": {
        "East": 21706,
        "South": 21719,
        "West": 21708
      }
    },
    {
      "id": 21708,
      "name": "Hall of the Dragon Highlords",
      "exits": {
        "East": 21707,
        "South": 21709,
        "West": 21703,
        "Up": 21964
      }
    },
    {
      "id": 21709,
      "name": "In front of Lord Ariakas\u0027 Throne",
      "exits": {
        "North": 21708,
        "East": 21719,
        "South": 21710,
        "West": 21702
      }
    },
    {
      "id": 21710,
      "name": "Hall of the Dragon Highlords",
      "exits": {
        "North": 21709,
        "South": 21711
      }
    },
    {
      "id": 21711,
      "name": "Kitiara\u0027s Seat",
      "exits": {
        "North": 21710,
        "East": 21717,
        "South": 21712
      }
    },
    {
      "id": 21712,
      "name": "Hall of the Dragon Highlords",
      "exits": {
        "North": 21711,
        "East": 21716,
        "South": 21713,
        "West": 21715
      }
    },
    {
      "id": 21713,
      "name": "Hall of the Dragon Highlords",
      "exits": {
        "North": 21712,
        "South": 21689
      }
    },
    {
      "id": 21714,
      "name": "In front of the White Highlord\u0027s throne",
      "exits": {
        "North": 21704,
        "East": 21697
      }
    },
    {
      "id": 21715,
      "name": "Hall of the Dragon Highlords",
      "exits": {
        "East": 21712
      }
    },
    {
      "id": 21716,
      "name": "Hall of the Dragon Highlords",
      "exits": {
        "North": 21717,
        "West": 21712
      }
    },
    {
      "id": 21717,
      "name": "Hall of the Dragon Highlords",
      "exits": {
        "North": 21718,
        "South": 21716,
        "West": 21711
      }
    },
    {
      "id": 21718,
      "name": "Hall of the Dragon Highlords",
      "exits": {
        "South": 21717
      }
    },
    {
      "id": 21719,
      "name": "Hall of the Dragon Highlords",
      "exits": {
        "North": 21707,
        "West": 21709
      }
    },
    {
      "id": 21720,
      "name": "In front of a Highlord\u0027s Throne",
      "exits": {
        "South": 21692,
        "West": 21699
      }
    },
    {
      "id": 21721,
      "name": "In front of the Green Highlord\u0027s throne",
      "exits": {
        "East": 21694,
        "South": 21690
      }
    },
    {
      "id": 21722,
      "name": "A Dragon\u0027s cage",
      "exits": {
        "West": 21697
      }
    },
    {
      "id": 21723,
      "name": "A Dragon\u0027s cage",
      "exits": {
        "West": 21694
      }
    },
    {
      "id": 21724,
      "name": "A Dragon\u0027s cage",
      "exits": {
        "East": 21699
      }
    },
    {
      "id": 21725,
      "name": "A Dragon\u0027s cage",
      "exits": {
        "East": 21700
      }
    },
    {
      "id": 21726,
      "name": "Skie\u0027s cage",
      "exits": {
        "East": 21701
      }
    },
    {
      "id": 21727,
      "name": "A Dragon\u0027s cage",
      "exits": {
        "West": 21695
      }
    },
    {
      "id": 21728,
      "name": "The Dungeon",
      "exits": {
        "East": 21733,
        "South": 21670,
        "West": 21732
      }
    },
    {
      "id": 21729,
      "name": "The Dungeon",
      "exits": {
        "North": 21733,
        "South": 21734,
        "West": 21670
      }
    },
    {
      "id": 21730,
      "name": "The Dungeon",
      "exits": {
        "North": 21670,
        "East": 21734,
        "West": 21735
      }
    },
    {
      "id": 21731,
      "name": "The Dungeon",
      "exits": {
        "North": 21732,
        "East": 21670,
        "South": 21735
      }
    },
    {
      "id": 21732,
      "name": "The Dungeon",
      "exits": {
        "North": 21739,
        "East": 21728,
        "South": 21731,
        "West": 21740
      }
    },
    {
      "id": 21733,
      "name": "The Dungeon",
      "exits": {
        "North": 21742,
        "East": 21744,
        "South": 21729,
        "West": 21728
      }
    },
    {
      "id": 21734,
      "name": "The Dungeon",
      "exits": {
        "North": 21729,
        "East": 21747,
        "South": 21745,
        "West": 21730
      }
    },
    {
      "id": 21735,
      "name": "The Dungeon",
      "exits": {
        "North": 21731,
        "East": 21730,
        "South": 21737,
        "West": 21736
      }
    },
    {
      "id": 21736,
      "name": "The Dungeon",
      "exits": {
        "East": 21735,
        "South": 21738
      }
    },
    {
      "id": 21737,
      "name": "The Dungeon",
      "exits": {
        "North": 21735,
        "West": 21738
      }
    },
    {
      "id": 21738,
      "name": "Southwest corner of dungeon",
      "exits": {
        "North": 21736,
        "East": 21737
      }
    },
    {
      "id": 21739,
      "name": "The Dungeon",
      "exits": {
        "South": 21732,
        "West": 21741
      }
    },
    {
      "id": 21740,
      "name": "The Dungeon",
      "exits": {
        "North": 21741,
        "East": 21732
      }
    },
    {
      "id": 21741,
      "name": "Northwest area of dungeon",
      "exits": {
        "East": 21739,
        "South": 21740,
        "Down": 21898
      }
    },
    {
      "id": 21742,
      "name": "The Dungeon",
      "exits": {
        "East": 21743,
        "South": 21733
      }
    },
    {
      "id": 21743,
      "name": "Northeast area of dungeon",
      "exits": {
        "South": 21744,
        "West": 21742
      }
    },
    {
      "id": 21744,
      "name": "The Dungeon",
      "exits": {
        "North": 21743,
        "West": 21733
      }
    },
    {
      "id": 21745,
      "name": "The Dungeon",
      "exits": {
        "North": 21734,
        "East": 21746
      }
    },
    {
      "id": 21746,
      "name": "Southeast corner of dungeon",
      "exits": {
        "North": 21747,
        "West": 21745
      }
    },
    {
      "id": 21747,
      "name": "The Dungeon",
      "exits": {
        "South": 21746,
        "West": 21734
      }
    },
    {
      "id": 21748,
      "name": "In the hidden room",
      "exits": {
        "Up": 21670
      }
    },
    {
      "id": 21749,
      "name": "Inside a tent",
      "exits": {
        "West": 21610
      }
    },
    {
      "id": 21750,
      "name": "Inside a tent",
      "exits": {
        "West": 21606
      }
    },
    {
      "id": 21751,
      "name": "Inside a tent",
      "exits": {
        "East": 21775,
        "West": 21609
      }
    },
    {
      "id": 21752,
      "name": "Before the Temple",
      "exits": {
        "North": 21770,
        "East": 21753,
        "South": 21953,
        "West": 21624
      }
    },
    {
      "id": 21753,
      "name": "Streets of Neraka",
      "exits": {
        "North": 21754,
        "East": 21879,
        "South": 21755,
        "West": 21752
      }
    },
    {
      "id": 21754,
      "name": "Streets of Neraka",
      "exits": {
        "North": 21894,
        "South": 21753
      }
    },
    {
      "id": 21755,
      "name": "Streets of Neraka",
      "exits": {
        "North": 21753,
        "East": 21756,
        "South": 21757
      }
    },
    {
      "id": 21756,
      "name": "A smoke-filled bar",
      "exits": {
        "West": 21755
      }
    },
    {
      "id": 21757,
      "name": "Streets of Neraka",
      "exits": {
        "North": 21755,
        "East": 21759,
        "South": 21758,
        "West": 21760
      }
    },
    {
      "id": 21758,
      "name": "Streets of Neraka",
      "exits": {
        "North": 21757,
        "East": 21761
      }
    },
    {
      "id": 21759,
      "name": "Inside a tent",
      "exits": {
        "West": 21757
      }
    },
    {
      "id": 21760,
      "name": "Inside a small house",
      "exits": {
        "East": 21757
      }
    },
    {
      "id": 21761,
      "name": "Streets of Neraka",
      "exits": {
        "East": 21762,
        "West": 21758
      }
    },
    {
      "id": 21762,
      "name": "Beneath an arch",
      "exits": {
        "North": 21766,
        "East": 21763,
        "South": 21767,
        "West": 21761
      }
    },
    {
      "id": 21763,
      "name": "Streets of Neraka",
      "exits": {
        "East": 21764,
        "West": 21762
      }
    },
    {
      "id": 21764,
      "name": "Streets of Neraka",
      "exits": {
        "North": 21946,
        "East": 21765,
        "West": 21763
      }
    },
    {
      "id": 21765,
      "name": "Streets of Neraka",
      "exits": {
        "West": 21764
      }
    },
    {
      "id": 21766,
      "name": "At the base of an arch",
      "exits": {
        "South": 21762,
        "Up": 21768
      }
    },
    {
      "id": 21767,
      "name": "At the base of an arch",
      "exits": {
        "North": 21762,
        "Up": 21769
      }
    },
    {
      "id": 21768,
      "name": "At the top of the arch",
      "exits": {
        "South": 21967,
        "Down": 21766
      }
    },
    {
      "id": 21769,
      "name": "At the top of the arch",
      "exits": {
        "North": 21967,
        "Down": 21767
      }
    },
    {
      "id": 21770,
      "name": "Streets of Neraka",
      "exits": {
        "North": 21771,
        "South": 21752
      }
    },
    {
      "id": 21771,
      "name": "Streets of Neraka",
      "exits": {
        "North": 21772,
        "South": 21770,
        "West": 21920
      }
    },
    {
      "id": 21772,
      "name": "Streets of Neraka",
      "exits": {
        "North": 21812,
        "East": 21813,
        "South": 21771,
        "West": 21773
      }
    },
    {
      "id": 21773,
      "name": "Streets of Neraka",
      "exits": {
        "East": 21772,
        "South": 21919,
        "West": 21774
      }
    },
    {
      "id": 21774,
      "name": "Streets of Neraka",
      "exits": {
        "North": 21781,
        "East": 21773
      }
    },
    {
      "id": 21775,
      "name": "Behind a tent",
      "exits": {
        "East": 21778,
        "South": 21776,
        "West": 21751
      }
    },
    {
      "id": 21776,
      "name": "Streets of Neraka",
      "exits": {
        "North": 21775,
        "East": 21777
      }
    },
    {
      "id": 21777,
      "name": "Streets of Neraka",
      "exits": {
        "North": 21778,
        "South": 21779,
        "West": 21776
      }
    },
    {
      "id": 21778,
      "name": "Streets of Neraka",
      "exits": {
        "North": 21802,
        "South": 21777,
        "West": 21775
      }
    },
    {
      "id": 21779,
      "name": "Streets of Neraka",
      "exits": {
        "North": 21777,
        "South": 21780,
        "West": 21918
      }
    },
    {
      "id": 21780,
      "name": "Streets of Neraka",
      "exits": {
        "North": 21779,
        "East": 21781
      }
    },
    {
      "id": 21781,
      "name": "Streets of Neraka",
      "exits": {
        "South": 21774,
        "West": 21780
      }
    },
    {
      "id": 21782,
      "name": "Before the Temple",
      "exits": {
        "North": 21944,
        "East": 21619,
        "South": 21814,
        "West": 21783
      }
    },
    {
      "id": 21783,
      "name": "Village road",
      "exits": {
        "North": 21785,
        "East": 21782,
        "West": 21784
      }
    },
    {
      "id": 21784,
      "name": "Village road",
      "exits": {
        "East": 21783,
        "West": 21786
      }
    },
    {
      "id": 21785,
      "name": "Burning trash dump",
      "exits": {
        "South": 21783
      }
    },
    {
      "id": 21786,
      "name": "The western city gates",
      "exits": {
        "North": 21788,
        "East": 21784,
        "South": 21790,
        "West": 21787
      }
    },
    {
      "id": 21787,
      "name": "Western outskirts",
      "exits": {
        "East": 21786,
        "West": 21792
      }
    },
    {
      "id": 21788,
      "name": "At the base of a watchtower",
      "exits": {
        "South": 21786,
        "Up": 21789
      }
    },
    {
      "id": 21789,
      "name": "At the top of a watchtower",
      "exits": {
        "Down": 21788
      }
    },
    {
      "id": 21790,
      "name": "At the bottom of a watchtower",
      "exits": {
        "North": 21786,
        "Up": 21791
      }
    },
    {
      "id": 21791,
      "name": "At the top of a watchtower",
      "exits": {
        "Down": 21790
      }
    },
    {
      "id": 21792,
      "name": "Western outskirts",
      "exits": {
        "East": 21787,
        "South": 21795,
        "West": 21793
      }
    },
    {
      "id": 21793,
      "name": "Western outskirts",
      "exits": {
        "North": 21794,
        "East": 21792,
        "South": 21796,
        "West": 21798
      }
    },
    {
      "id": 21794,
      "name": "Western outskirts",
      "exits": {
        "South": 21793
      }
    },
    {
      "id": 21795,
      "name": "Western outskirts",
      "exits": {
        "North": 21792
      }
    },
    {
      "id": 21796,
      "name": "Western outskirts",
      "exits": {
        "North": 21793,
        "West": 21797
      }
    },
    {
      "id": 21797,
      "name": "Western outskirts",
      "exits": {
        "North": 21798,
        "East": 21796,
        "South": 21958
      }
    },
    {
      "id": 21798,
      "name": "Before the mess tent",
      "exits": {
        "East": 21793,
        "South": 21797,
        "West": 21799
      }
    },
    {
      "id": 21799,
      "name": "The mess tent",
      "exits": {
        "East": 21798,
        "West": 21951
      }
    },
    {
      "id": 21800,
      "name": "Road to Neraka",
      "exits": {
        "North": 21801,
        "South": 21600
      }
    },
    {
      "id": 21801,
      "name": "A dusty trail",
      "exits": {
        "South": 21800,
        "West": 21927
      }
    },
    {
      "id": 21802,
      "name": "Streets of Neraka",
      "exits": {
        "North": 21803,
        "East": 21804,
        "South": 21778
      }
    },
    {
      "id": 21803,
      "name": "Streets of Neraka",
      "exits": {
        "South": 21802
      }
    },
    {
      "id": 21804,
      "name": "Streets of Neraka",
      "exits": {
        "East": 21805,
        "West": 21802
      }
    },
    {
      "id": 21805,
      "name": "Streets of Neraka",
      "exits": {
        "North": 21806,
        "East": 21811,
        "West": 21804
      }
    },
    {
      "id": 21806,
      "name": "Streets of Neraka",
      "exits": {
        "North": 21807,
        "South": 21805,
        "West": 21916
      }
    },
    {
      "id": 21807,
      "name": "Streets of Neraka",
      "exits": {
        "North": 21810,
        "East": 21808,
        "South": 21806
      }
    },
    {
      "id": 21808,
      "name": "Streets of Neraka",
      "exits": {
        "East": 21917,
        "South": 21809,
        "West": 21807
      }
    },
    {
      "id": 21809,
      "name": "Ruined smithy",
      "exits": {
        "North": 21808,
        "East": 21969
      }
    },
    {
      "id": 21810,
      "name": "Inside a tent",
      "exits": {
        "South": 21807
      }
    },
    {
      "id": 21811,
      "name": "Inside a tent",
      "exits": {
        "West": 21805
      }
    },
    {
      "id": 21812,
      "name": "The Neraka Armory",
      "exits": {
        "South": 21772
      }
    },
    {
      "id": 21813,
      "name": "The meat market",
      "exits": {
        "West": 21772
      }
    },
    {
      "id": 21814,
      "name": "Streets of Neraka",
      "exits": {
        "North": 21782,
        "South": 21815
      }
    },
    {
      "id": 21815,
      "name": "Streets of Neraka",
      "exits": {
        "North": 21814,
        "South": 21816
      }
    },
    {
      "id": 21816,
      "name": "Streets of Neraka",
      "exits": {
        "North": 21815,
        "East": 21622,
        "South": 21817
      }
    },
    {
      "id": 21817,
      "name": "Streets of Neraka",
      "exits": {
        "North": 21816,
        "East": 21818
      }
    },
    {
      "id": 21818,
      "name": "Streets of Neraka",
      "exits": {
        "East": 21819,
        "West": 21817
      }
    },
    {
      "id": 21819,
      "name": "Streets of Neraka",
      "exits": {
        "East": 21820,
        "West": 21818
      }
    },
    {
      "id": 21820,
      "name": "Streets of Neraka",
      "exits": {
        "East": 21821,
        "West": 21819
      }
    },
    {
      "id": 21821,
      "name": "Before the Temple",
      "exits": {
        "North": 21631,
        "East": 21826,
        "South": 21827,
        "West": 21820
      }
    },
    {
      "id": 21822,
      "name": "Streets of Neraka",
      "exits": {
        "North": 21627,
        "East": 21965,
        "West": 21823
      }
    },
    {
      "id": 21823,
      "name": "Streets of Neraka",
      "exits": {
        "East": 21822,
        "West": 21824
      }
    },
    {
      "id": 21824,
      "name": "Streets of Neraka",
      "exits": {
        "East": 21823,
        "West": 21825
      }
    },
    {
      "id": 21825,
      "name": "Streets of Neraka",
      "exits": {
        "East": 21824,
        "West": 21826
      }
    },
    {
      "id": 21826,
      "name": "Streets of Neraka",
      "exits": {
        "East": 21825,
        "West": 21821
      }
    },
    {
      "id": 21827,
      "name": "Streets of Neraka",
      "exits": {
        "North": 21821,
        "South": 21828
      }
    },
    {
      "id": 21828,
      "name": "Streets of Neraka",
      "exits": {
        "North": 21827,
        "East": 21832,
        "South": 21829
      }
    },
    {
      "id": 21829,
      "name": "Southern city gates",
      "exits": {
        "North": 21828,
        "East": 21847,
        "South": 21830,
        "West": 21849
      }
    },
    {
      "id": 21830,
      "name": "Southern Road to Neraka",
      "exits": {
        "North": 21829,
        "South": 21831,
        "West": 21838
      }
    },
    {
      "id": 21831,
      "name": "Southern Road to Neraka",
      "exits": {
        "North": 21830,
        "East": 21862,
        "South": 21845
      }
    },
    {
      "id": 21832,
      "name": "Streets of Neraka",
      "exits": {
        "East": 21833,
        "South": 21837,
        "West": 21828
      }
    },
    {
      "id": 21833,
      "name": "Streets of Neraka",
      "exits": {
        "North": 21834,
        "East": 21836,
        "South": 21835,
        "West": 21832
      }
    },
    {
      "id": 21834,
      "name": "An empty building",
      "exits": {
        "South": 21833
      }
    },
    {
      "id": 21835,
      "name": "A pile of rubble",
      "exits": {
        "North": 21833
      }
    },
    {
      "id": 21836,
      "name": "A villager\u0027s house",
      "exits": {
        "West": 21833
      }
    },
    {
      "id": 21837,
      "name": "A villager\u0027s house",
      "exits": {
        "North": 21832
      }
    },
    {
      "id": 21838,
      "name": "Southern path outside the village",
      "exits": {
        "North": 21844,
        "East": 21830,
        "West": 21839
      }
    },
    {
      "id": 21839,
      "name": "Southern path outside the village",
      "exits": {
        "East": 21838,
        "West": 21840
      }
    },
    {
      "id": 21840,
      "name": "Southern path outside the village",
      "exits": {
        "North": 21841,
        "East": 21839,
        "South": 21842,
        "West": 21843
      }
    },
    {
      "id": 21841,
      "name": "Inside a tent",
      "exits": {
        "South": 21840
      }
    },
    {
      "id": 21842,
      "name": "A pile of rubble",
      "exits": {
        "North": 21840
      }
    },
    {
      "id": 21843,
      "name": "A villager\u0027s house",
      "exits": {
        "East": 21840
      }
    },
    {
      "id": 21844,
      "name": "A villager\u0027s home",
      "exits": {
        "South": 21838
      }
    },
    {
      "id": 21845,
      "name": "Southern Road to Neraka",
      "exits": {
        "North": 21831,
        "East": 21868,
        "South": 21846,
        "West": 21863
      }
    },
    {
      "id": 21846,
      "name": "Southern Road to Neraka",
      "exits": {
        "North": 21845,
        "East": 21851,
        "South": 21853,
        "West": 21854
      }
    },
    {
      "id": 21847,
      "name": "Inside the base of a guard tower",
      "exits": {
        "West": 21829,
        "Up": 21848
      }
    },
    {
      "id": 21848,
      "name": "At the top of the tower",
      "exits": {
        "Down": 21847
      }
    },
    {
      "id": 21849,
      "name": "Inside the bottom of a guard tower",
      "exits": {
        "East": 21829,
        "Up": 21850
      }
    },
    {
      "id": 21850,
      "name": "At the top of the tower",
      "exits": {
        "Down": 21849
      }
    },
    {
      "id": 21851,
      "name": "Southern path outside the village",
      "exits": {
        "North": 21859,
        "East": 21852,
        "West": 21846
      }
    },
    {
      "id": 21852,
      "name": "Southern path outside the village",
      "exits": {
        "North": 21861,
        "East": 21860,
        "West": 21851
      }
    },
    {
      "id": 21853,
      "name": "Southern Road to Neraka",
      "exits": {
        "North": 21846,
        "East": 21857,
        "South": 21928,
        "West": 21858
      }
    },
    {
      "id": 21854,
      "name": "Southern path outside the village",
      "exits": {
        "North": 21855,
        "East": 21846,
        "West": 21856
      }
    },
    {
      "id": 21855,
      "name": "An empty building",
      "exits": {
        "South": 21854
      }
    },
    {
      "id": 21856,
      "name": "Inside a tent",
      "exits": {
        "East": 21854
      }
    },
    {
      "id": 21857,
      "name": "Inside a villager\u0027s home",
      "exits": {
        "West": 21853
      }
    },
    {
      "id": 21858,
      "name": "Inside a villager\u0027s house",
      "exits": {
        "East": 21853
      }
    },
    {
      "id": 21859,
      "name": "Inside a tent",
      "exits": {
        "South": 21851
      }
    },
    {
      "id": 21860,
      "name": "A pile of rubble",
      "exits": {
        "West": 21852
      }
    },
    {
      "id": 21861,
      "name": "Inside a tent",
      "exits": {
        "South": 21852
      }
    },
    {
      "id": 21862,
      "name": "Inside a tent",
      "exits": {
        "West": 21831
      }
    },
    {
      "id": 21863,
      "name": "Southern path outside the village",
      "exits": {
        "East": 21845,
        "South": 21867,
        "West": 21864
      }
    },
    {
      "id": 21864,
      "name": "Southern path outside the village",
      "exits": {
        "North": 21865,
        "East": 21863,
        "South": 21866
      }
    },
    {
      "id": 21865,
      "name": "A destroyed building",
      "exits": {
        "South": 21864
      }
    },
    {
      "id": 21866,
      "name": "Inside a tent",
      "exits": {
        "North": 21864
      }
    },
    {
      "id": 21867,
      "name": "Inside a tent",
      "exits": {
        "North": 21863
      }
    },
    {
      "id": 21868,
      "name": "Southern path outside the village",
      "exits": {
        "North": 21878,
        "East": 21869,
        "South": 21877,
        "West": 21845
      }
    },
    {
      "id": 21869,
      "name": "Southern path outside the village",
      "exits": {
        "North": 21876,
        "East": 21870,
        "West": 21868
      }
    },
    {
      "id": 21870,
      "name": "Southern path outside the village",
      "exits": {
        "North": 21872,
        "East": 21871,
        "South": 21873,
        "West": 21869
      }
    },
    {
      "id": 21871,
      "name": "Inside a tent",
      "exits": {
        "West": 21870
      }
    },
    {
      "id": 21872,
      "name": "Southern path outside the village",
      "exits": {
        "North": 21875,
        "East": 21874,
        "South": 21870
      }
    },
    {
      "id": 21873,
      "name": "Inside a tent",
      "exits": {
        "North": 21870
      }
    },
    {
      "id": 21874,
      "name": "Inside a tent",
      "exits": {
        "West": 21872
      }
    },
    {
      "id": 21875,
      "name": "Inside a tent",
      "exits": {
        "South": 21872
      }
    },
    {
      "id": 21876,
      "name": "Inside a tent",
      "exits": {
        "South": 21869
      }
    },
    {
      "id": 21877,
      "name": "Inside a tent",
      "exits": {
        "North": 21868
      }
    },
    {
      "id": 21878,
      "name": "Inside a tent",
      "exits": {
        "South": 21868
      }
    },
    {
      "id": 21879,
      "name": "Inside the eastern city gates",
      "exits": {
        "North": 21890,
        "East": 21880,
        "South": 21892,
        "West": 21753
      }
    },
    {
      "id": 21880,
      "name": "Eastern path outside the village",
      "exits": {
        "East": 21881,
        "West": 21879
      }
    },
    {
      "id": 21881,
      "name": "Eastern path outside the village",
      "exits": {
        "North": 21925,
        "East": 21882,
        "West": 21880
      }
    },
    {
      "id": 21882,
      "name": "Eastern path outside the village",
      "exits": {
        "North": 21883,
        "East": 21926,
        "South": 21887,
        "West": 21881
      }
    },
    {
      "id": 21883,
      "name": "Eastern path outside the village",
      "exits": {
        "North": 21885,
        "East": 21884,
        "South": 21882,
        "West": 21886
      }
    },
    {
      "id": 21884,
      "name": "A dirty pub",
      "exits": {
        "West": 21883
      }
    },
    {
      "id": 21885,
      "name": "Inside a tent",
      "exits": {
        "South": 21883
      }
    },
    {
      "id": 21886,
      "name": "A smelly trash dump",
      "exits": {
        "East": 21883
      }
    },
    {
      "id": 21887,
      "name": "Eastern path outside the village",
      "exits": {
        "North": 21882,
        "East": 21888,
        "South": 21889
      }
    },
    {
      "id": 21888,
      "name": "An empty, ruined building",
      "exits": {
        "West": 21887
      }
    },
    {
      "id": 21889,
      "name": "Inside a tent",
      "exits": {
        "North": 21887
      }
    },
    {
      "id": 21890,
      "name": "At the base of a guard tower",
      "exits": {
        "South": 21879,
        "Up": 21891
      }
    },
    {
      "id": 21891,
      "name": "At the top of a guard tower",
      "exits": {
        "Down": 21890
      }
    },
    {
      "id": 21892,
      "name": "At the base of a guard tower",
      "exits": {
        "North": 21879,
        "Up": 21893
      }
    },
    {
      "id": 21893,
      "name": "At the top of a guard tower",
      "exits": {
        "Down": 21892
      }
    },
    {
      "id": 21894,
      "name": "Streets of Neraka",
      "exits": {
        "North": 21895,
        "East": 21896,
        "South": 21754
      }
    },
    {
      "id": 21895,
      "name": "Streets of Neraka",
      "exits": {
        "South": 21894
      }
    },
    {
      "id": 21896,
      "name": "A filthy tavern",
      "exits": {
        "East": 21897,
        "West": 21894
      }
    },
    {
      "id": 21897,
      "name": "In the back room",
      "exits": {
        "West": 21896
      }
    },
    {
      "id": 21898,
      "name": "The Underhalls",
      "exits": {
        "North": 21899,
        "East": 21905,
        "South": 21903,
        "West": 21901,
        "Up": 21741,
        "Down": 21915
      }
    },
    {
      "id": 21899,
      "name": "The Underhalls",
      "exits": {
        "North": 21900,
        "South": 21898
      }
    },
    {
      "id": 21900,
      "name": "The Underhalls",
      "exits": {
        "East": 21909,
        "South": 21899,
        "West": 21910
      }
    },
    {
      "id": 21901,
      "name": "The Underhalls",
      "exits": {
        "East": 21898,
        "West": 21902
      }
    },
    {
      "id": 21902,
      "name": "The Underhalls",
      "exits": {
        "North": 21907,
        "East": 21901,
        "South": 21908
      }
    },
    {
      "id": 21903,
      "name": "The Underhalls",
      "exits": {
        "North": 21898,
        "South": 21904
      }
    },
    {
      "id": 21904,
      "name": "The Underhalls",
      "exits": {
        "North": 21903,
        "East": 21913,
        "West": 21914
      }
    },
    {
      "id": 21905,
      "name": "The Underhalls",
      "exits": {
        "East": 21906,
        "West": 21898
      }
    },
    {
      "id": 21906,
      "name": "The Underhalls",
      "exits": {
        "North": 21911,
        "South": 21912,
        "West": 21905
      }
    },
    {
      "id": 21907,
      "name": "A cell",
      "exits": {
        "South": 21902
      }
    },
    {
      "id": 21908,
      "name": "A cell",
      "exits": {
        "North": 21902
      }
    },
    {
      "id": 21909,
      "name": "A cell",
      "exits": {
        "West": 21900
      }
    },
    {
      "id": 21910,
      "name": "A cell",
      "exits": {
        "East": 21900
      }
    },
    {
      "id": 21911,
      "name": "A cell",
      "exits": {
        "South": 21906
      }
    },
    {
      "id": 21912,
      "name": "A cell",
      "exits": {
        "North": 21906
      }
    },
    {
      "id": 21913,
      "name": "A cell",
      "exits": {
        "West": 21904
      }
    },
    {
      "id": 21914,
      "name": "A cell",
      "exits": {
        "East": 21904
      }
    },
    {
      "id": 21915,
      "name": "In the Darkness",
      "exits": {
        "Up": 21898
      }
    },
    {
      "id": 21916,
      "name": "A run-down supply store",
      "exits": {
        "East": 21806
      }
    },
    {
      "id": 21917,
      "name": "Inside a tent",
      "exits": {
        "West": 21808
      }
    },
    {
      "id": 21918,
      "name": "Inside a tent",
      "exits": {
        "East": 21779
      }
    },
    {
      "id": 21919,
      "name": "Inside a tent",
      "exits": {
        "North": 21773
      }
    },
    {
      "id": 21920,
      "name": "Inside a tent",
      "exits": {
        "East": 21771
      }
    },
    {
      "id": 21921,
      "name": "At the base of a guard tower",
      "exits": {
        "West": 21604,
        "Up": 21922
      }
    },
    {
      "id": 21922,
      "name": "At the top of a guard tower",
      "exits": {
        "Down": 21921
      }
    },
    {
      "id": 21923,
      "name": "At the base of a guard tower",
      "exits": {
        "East": 21604,
        "Up": 21924
      }
    },
    {
      "id": 21924,
      "name": "At the top of a guard tower",
      "exits": {
        "Down": 21923
      }
    },
    {
      "id": 21925,
      "name": "Inside a tent",
      "exits": {
        "South": 21881
      }
    },
    {
      "id": 21926,
      "name": "House of Ill Repute",
      "exits": {
        "West": 21882
      }
    },
    {
      "id": 21927,
      "name": "A dusty trail",
      "exits": {
        "East": 21801,
        "West": 21968
      }
    },
    {
      "id": 21928,
      "name": "Southern Road to Neraka",
      "exits": {
        "North": 21853,
        "East": 21931,
        "South": 21929,
        "West": 21933
      }
    },
    {
      "id": 21929,
      "name": "Southern Road to Neraka",
      "exits": {
        "North": 21928,
        "South": 21930
      }
    },
    {
      "id": 21930,
      "name": "Southern Road to Neraka",
      "exits": {
        "North": 21929
      }
    },
    {
      "id": 21931,
      "name": "Southern path outside the village",
      "exits": {
        "East": 21932,
        "South": 21934,
        "West": 21928
      }
    },
    {
      "id": 21932,
      "name": "Southern path outside the village",
      "exits": {
        "North": 21935,
        "East": 21936,
        "South": 21937,
        "West": 21931
      }
    },
    {
      "id": 21933,
      "name": "Southern path outside the village",
      "exits": {
        "North": 21938,
        "East": 21928,
        "South": 21939,
        "West": 21943
      }
    },
    {
      "id": 21934,
      "name": "Inside a tent",
      "exits": {
        "North": 21931
      }
    },
    {
      "id": 21935,
      "name": "Inside a tent",
      "exits": {
        "South": 21932
      }
    },
    {
      "id": 21936,
      "name": "Inside a tent",
      "exits": {
        "West": 21932
      }
    },
    {
      "id": 21937,
      "name": "Inside a tent",
      "exits": {
        "North": 21932
      }
    },
    {
      "id": 21938,
      "name": "A villager\u0027s home",
      "exits": {
        "South": 21933
      }
    },
    {
      "id": 21939,
      "name": "Southern path outside the village",
      "exits": {
        "North": 21933,
        "East": 21942,
        "West": 21940
      }
    },
    {
      "id": 21940,
      "name": "Southern path outside the village",
      "exits": {
        "East": 21939,
        "South": 21941
      }
    },
    {
      "id": 21941,
      "name": "Herb Store",
      "exits": {
        "North": 21940
      }
    },
    {
      "id": 21942,
      "name": "A half-levelled house",
      "exits": {
        "West": 21939
      }
    },
    {
      "id": 21943,
      "name": "A half-levelled house",
      "exits": {
        "East": 21933
      }
    },
    {
      "id": 21944,
      "name": "Streets of Neraka",
      "exits": {
        "South": 21782,
        "West": 21945
      }
    },
    {
      "id": 21945,
      "name": "Streets of Neraka",
      "exits": {
        "East": 21944
      }
    },
    {
      "id": 21946,
      "name": "Streets of Neraka",
      "exits": {
        "North": 21947,
        "South": 21764
      }
    },
    {
      "id": 21947,
      "name": "Streets of Neraka",
      "exits": {
        "North": 21948,
        "South": 21946,
        "West": 21950
      }
    },
    {
      "id": 21948,
      "name": "The Black Market",
      "exits": {
        "South": 21947
      }
    },
    {
      "id": 21949,
      "name": "Load slaves here!",
      "exits": {}
    },
    {
      "id": 21950,
      "name": "Empty Storeroom",
      "exits": {
        "East": 21947
      }
    },
    {
      "id": 21951,
      "name": "The mess tent",
      "exits": {
        "East": 21799,
        "West": 21952
      }
    },
    {
      "id": 21952,
      "name": "Mess kitchen",
      "exits": {
        "East": 21951
      }
    },
    {
      "id": 21953,
      "name": "Streets of Neraka",
      "exits": {
        "North": 21752,
        "East": 21956,
        "South": 21954,
        "West": 21957
      }
    },
    {
      "id": 21954,
      "name": "Streets of Neraka",
      "exits": {
        "North": 21953,
        "East": 21955
      }
    },
    {
      "id": 21955,
      "name": "A half-levelled house",
      "exits": {
        "West": 21954
      }
    },
    {
      "id": 21956,
      "name": "A ruined home",
      "exits": {
        "West": 21953
      }
    },
    {
      "id": 21957,
      "name": "A ruined home",
      "exits": {
        "East": 21953
      }
    },
    {
      "id": 21958,
      "name": "Inside a tent",
      "exits": {
        "North": 21797
      }
    },
    {
      "id": 21959,
      "name": "Inside a tent",
      "exits": {}
    },
    {
      "id": 21960,
      "name": "A necromancer\u0027s room",
      "exits": {
        "South": 21645
      }
    },
    {
      "id": 21961,
      "name": "A mage\u0027s room",
      "exits": {
        "North": 21645
      }
    },
    {
      "id": 21962,
      "name": "A cleric\u0027s room",
      "exits": {
        "South": 21641
      }
    },
    {
      "id": 21963,
      "name": "A cleric\u0027s room",
      "exits": {
        "North": 21641
      }
    },
    {
      "id": 21964,
      "name": "Before a massive throne",
      "exits": {
        "Down": 21708
      }
    },
    {
      "id": 21965,
      "name": "Streets of Neraka",
      "exits": {
        "North": 21966,
        "West": 21822
      }
    },
    {
      "id": 21966,
      "name": "Streets of Neraka",
      "exits": {
        "South": 21965,
        "West": 21627
      }
    },
    {
      "id": 21967,
      "name": "Atop the arch",
      "exits": {
        "North": 21768,
        "South": 21769
      }
    },
    {
      "id": 21968,
      "name": "The Dusty Trail to Neraka",
      "exits": {
        "East": 21927,
        "West": 20539
      }
    },
    {
      "id": 21969,
      "name": "The Forge",
      "exits": {
        "West": 21809
      }
    },
    {
      "id": 20539,
      "name": "To Naiadia",
      "otherAreaExit": true,
      "exits": {
        "East": 21968,
        "West": 20538
      }
    }
  ]
}