{
  "name": "New area",
  "buildOptions": {
    "maxSteps": 1000,
    "fixObstacles": true,
    "fixNonStraight": true,
    "fixIntersected": true,
    "compactMap": true,
    "addDebugInfo": false,
    "colorizeConnectionIssues": true
  },
  "rooms": [
    {
      "id": 400,
      "name": "Fion Valley Entrance",
      "exits": {
        "North": 401,
        "East": 407,
        "South": 402,
        "Down": 402
      }
    },
    {
      "id": 401,
      "name": "Fion Valley Maze",
      "exits": {
        "North": 402,
        "East": 408,
        "South": 400,
        "West": 404,
        "Up": 407
      }
    },
    {
      "id": 402,
      "name": "Fion Valley Maze",
      "exits": {
        "North": 400,
        "East": 406,
        "South": 401,
        "West": 403,
        "Up": 400,
        "Down": 406
      }
    },
    {
      "id": 403,
      "name": "Fion Valley Maze",
      "exits": {
        "North": 405,
        "East": 402,
        "South": 407,
        "West": 406,
        "Up": 405,
        "Down": 407
      }
    },
    {
      "id": 404,
      "name": "The Beginnings of a Trail",
      "exits": {
        "North": 410,
        "East": 401
      }
    },
    {
      "id": 405,
      "name": "Fion Valley Maze",
      "exits": {
        "North": 406,
        "East": 409,
        "South": 403,
        "West": 407,
        "Up": 406,
        "Down": 403
      }
    },
    {
      "id": 406,
      "name": "Fion Valley Maze",
      "exits": {
        "North": 407,
        "East": 403,
        "South": 405,
        "West": 402,
        "Up": 402,
        "Down": 405
      }
    },
    {
      "id": 407,
      "name": "Fion Valley Maze",
      "exits": {
        "North": 403,
        "East": 405,
        "South": 406,
        "West": 400,
        "Up": 403,
        "Down": 401
      }
    },
    {
      "id": 408,
      "name": "Trap Room",
      "exits": {
        "West": 401
      }
    },
    {
      "id": 409,
      "name": "Trap Room",
      "exits": {
        "West": 405
      }
    },
    {
      "id": 410,
      "name": "A Turn in the Trail",
      "exits": {
        "North": 411,
        "East": 412,
        "South": 404
      }
    },
    {
      "id": 411,
      "name": "The Edges of Fionic Forest",
      "exits": {
        "North": 414,
        "East": 413,
        "South": 410
      }
    },
    {
      "id": 412,
      "name": "A Trail Through the Forest",
      "exits": {
        "North": 413,
        "East": 416,
        "West": 410
      }
    },
    {
      "id": 413,
      "name": "The Edges of Fionic Forest",
      "exits": {
        "North": 415,
        "South": 412,
        "West": 411
      }
    },
    {
      "id": 414,
      "name": "Deeper Into the Forest",
      "exits": {
        "East": 415,
        "South": 411
      }
    },
    {
      "id": 415,
      "name": "Deeper Into the Forest",
      "exits": {
        "South": 413,
        "West": 414
      }
    },
    {
      "id": 416,
      "name": "A Junction in the Trail",
      "exits": {
        "North": 417,
        "South": 418,
        "West": 412
      }
    },
    {
      "id": 417,
      "name": "A Trail Through the Forest",
      "exits": {
        "South": 416
      }
    },
    {
      "id": 418,
      "name": "A Trail Through the Forest",
      "exits": {
        "North": 416,
        "South": 419
      }
    },
    {
      "id": 419,
      "name": "A Bend in the Trail",
      "exits": {
        "North": 418,
        "East": 423,
        "South": 420
      }
    },
    {
      "id": 420,
      "name": "",
      "exits": {
        "North": 419,
        "East": 422,
        "West": 421
      }
    },
    {
      "id": 421,
      "name": "",
      "exits": {
        "East": 420
      }
    },
    {
      "id": 422,
      "name": "",
      "exits": {
        "North": 423,
        "West": 420
      }
    },
    {
      "id": 423,
      "name": "A Sandy Shore",
      "exits": {
        "North": 424,
        "East": 425,
        "South": 422,
        "West": 419
      }
    },
    {
      "id": 424,
      "name": "A Sparkling Clear Lake",
      "exits": {
        "East": 429,
        "South": 423
      }
    },
    {
      "id": 425,
      "name": "A Sparkling Clear Lake",
      "exits": {
        "North": 429,
        "East": 426,
        "West": 423
      }
    },
    {
      "id": 426,
      "name": "A Beautiful Waterfall",
      "exits": {
        "North": 428,
        "East": 427,
        "West": 425
      }
    },
    {
      "id": 427,
      "name": "A Small Cave Behind a Waterfall",
      "exits": {
        "West": 426,
        "Down": 434
      }
    },
    {
      "id": 428,
      "name": "Lake",
      "exits": {
        "North": 430,
        "South": 426,
        "West": 429
      }
    },
    {
      "id": 429,
      "name": "The Shallows of the Lake",
      "exits": {
        "East": 428,
        "South": 425,
        "West": 424
      }
    },
    {
      "id": 430,
      "name": "A Sandy Trail",
      "exits": {
        "North": 431,
        "East": 432,
        "South": 428
      }
    },
    {
      "id": 431,
      "name": "Forest",
      "exits": {
        "South": 430
      }
    },
    {
      "id": 432,
      "name": "Beginning Shrine",
      "exits": {
        "West": 430,
        "Up": 433
      }
    },
    {
      "id": 433,
      "name": "",
      "exits": {
        "Down": 432
      }
    },
    {
      "id": 434,
      "name": "",
      "exits": {
        "Up": 427
      }
    }
  ]
}