{
  "name": "New Ofcol",
  "buildOptions": {
    "maxSteps": 1000,
    "fixObstacles": true,
    "fixNonStraight": true,
    "fixIntersected": true,
    "compactMap": true,
    "addDebugInfo": false,
    "colorizeConnectionIssues": true
  },
  "rooms": [
    {
      "id": 600,
      "name": "Granny\u0027s Still Room",
      "exits": {
        "East": 616
      }
    },
    {
      "id": 601,
      "name": "The Big Intersection",
      "exits": {
        "North": 625,
        "East": 666,
        "South": 602,
        "West": 5553,
        "Down": 17223
      }
    },
    {
      "id": 602,
      "name": "Impy Way",
      "exits": {
        "North": 601,
        "East": 604,
        "South": 605,
        "West": 603
      }
    },
    {
      "id": 603,
      "name": "The Blacksmith",
      "exits": {
        "East": 602
      }
    },
    {
      "id": 604,
      "name": "The Leather Shop",
      "exits": {
        "West": 602
      }
    },
    {
      "id": 605,
      "name": "Impy Way",
      "exits": {
        "North": 602,
        "East": 607,
        "South": 608,
        "West": 606
      }
    },
    {
      "id": 606,
      "name": "The Pawn Shop.",
      "exits": {
        "East": 605
      }
    },
    {
      "id": 607,
      "name": "The Meat Store",
      "exits": {
        "West": 605
      }
    },
    {
      "id": 608,
      "name": "Impy Way",
      "exits": {
        "North": 605,
        "East": 610,
        "South": 611,
        "West": 609
      }
    },
    {
      "id": 609,
      "name": "Nyles\u0027 House of Ale",
      "exits": {
        "East": 608
      }
    },
    {
      "id": 610,
      "name": "Farmer\u0027s Market",
      "exits": {
        "West": 608
      }
    },
    {
      "id": 611,
      "name": "The End of Impy Way",
      "exits": {
        "North": 608,
        "East": 668,
        "West": 612
      }
    },
    {
      "id": 612,
      "name": "Fields",
      "exits": {
        "North": 616,
        "East": 611,
        "South": 613,
        "West": 615
      }
    },
    {
      "id": 613,
      "name": "Fields",
      "exits": {
        "North": 612,
        "West": 614
      }
    },
    {
      "id": 614,
      "name": "Fields",
      "exits": {
        "North": 615,
        "East": 613
      }
    },
    {
      "id": 615,
      "name": "Fields",
      "exits": {
        "East": 612,
        "South": 614
      }
    },
    {
      "id": 616,
      "name": "The Shed",
      "exits": {
        "South": 612,
        "West": 600
      }
    },
    {
      "id": 617,
      "name": "Slaughterhouse",
      "exits": {
        "West": 668
      }
    },
    {
      "id": 618,
      "name": "Dirt Road",
      "exits": {
        "North": 668,
        "East": 620,
        "South": 619,
        "West": 621
      }
    },
    {
      "id": 619,
      "name": "Chicken Coop",
      "exits": {
        "North": 618
      }
    },
    {
      "id": 620,
      "name": "Barn",
      "exits": {
        "West": 618
      }
    },
    {
      "id": 621,
      "name": "Dirt Road",
      "exits": {
        "North": 622,
        "East": 618,
        "South": 623,
        "West": 624
      }
    },
    {
      "id": 622,
      "name": "Grass Field",
      "exits": {
        "South": 621
      }
    },
    {
      "id": 623,
      "name": "Grass Field",
      "exits": {
        "North": 621
      }
    },
    {
      "id": 624,
      "name": "Pig Sty",
      "exits": {
        "East": 621
      }
    },
    {
      "id": 625,
      "name": "Impy Way",
      "exits": {
        "North": 632,
        "East": 626,
        "South": 601,
        "West": 629
      }
    },
    {
      "id": 626,
      "name": "Big House",
      "exits": {
        "East": 628,
        "West": 625,
        "Up": 627
      }
    },
    {
      "id": 627,
      "name": "Bedroom",
      "exits": {
        "Down": 626
      }
    },
    {
      "id": 628,
      "name": "Kitchen",
      "exits": {
        "West": 626
      }
    },
    {
      "id": 629,
      "name": "Big House",
      "exits": {
        "East": 625,
        "West": 631,
        "Up": 630
      }
    },
    {
      "id": 630,
      "name": "Bedroom",
      "exits": {
        "Down": 629
      }
    },
    {
      "id": 631,
      "name": "Kitchen",
      "exits": {
        "East": 629
      }
    },
    {
      "id": 632,
      "name": "Impy Way",
      "exits": {
        "North": 637,
        "East": 633,
        "South": 625,
        "West": 635
      }
    },
    {
      "id": 633,
      "name": "House",
      "exits": {
        "South": 634,
        "West": 632
      }
    },
    {
      "id": 634,
      "name": "Bedroom",
      "exits": {
        "North": 633
      }
    },
    {
      "id": 635,
      "name": "House",
      "exits": {
        "East": 632,
        "South": 636
      }
    },
    {
      "id": 636,
      "name": "Bedroom",
      "exits": {
        "North": 635
      }
    },
    {
      "id": 637,
      "name": "Impy Way",
      "exits": {
        "North": 642,
        "East": 638,
        "South": 632,
        "West": 640
      }
    },
    {
      "id": 638,
      "name": "House",
      "exits": {
        "South": 639,
        "West": 637
      }
    },
    {
      "id": 639,
      "name": "Bedroom",
      "exits": {
        "North": 638
      }
    },
    {
      "id": 640,
      "name": "House",
      "exits": {
        "East": 637,
        "South": 641
      }
    },
    {
      "id": 641,
      "name": "Bedroom",
      "exits": {
        "North": 640
      }
    },
    {
      "id": 642,
      "name": "The Big Intersection",
      "exits": {
        "North": 643,
        "East": 646,
        "South": 637,
        "West": 649
      }
    },
    {
      "id": 643,
      "name": "Big House",
      "exits": {
        "North": 645,
        "South": 642,
        "Up": 644
      }
    },
    {
      "id": 644,
      "name": "Bedroom",
      "exits": {
        "Down": 643
      }
    },
    {
      "id": 645,
      "name": "Kitchen",
      "exits": {
        "South": 643
      }
    },
    {
      "id": 646,
      "name": "Swiftest Way",
      "exits": {
        "North": 652,
        "East": 647,
        "South": 653,
        "West": 642
      }
    },
    {
      "id": 647,
      "name": "Swiftest Way",
      "exits": {
        "North": 654,
        "East": 648,
        "South": 655,
        "West": 646
      }
    },
    {
      "id": 648,
      "name": "End of Swiftest Way",
      "exits": {
        "North": 656,
        "East": 657,
        "South": 658,
        "West": 647
      }
    },
    {
      "id": 649,
      "name": "Swiftest Way",
      "exits": {
        "North": 659,
        "East": 642,
        "South": 660,
        "West": 650
      }
    },
    {
      "id": 650,
      "name": "Swiftest Way",
      "exits": {
        "North": 661,
        "East": 649,
        "South": 662,
        "West": 651
      }
    },
    {
      "id": 651,
      "name": "The end of Swiftest Way",
      "exits": {
        "North": 663,
        "East": 650,
        "South": 664,
        "West": 665
      }
    },
    {
      "id": 652,
      "name": "Small House",
      "exits": {
        "South": 646
      }
    },
    {
      "id": 653,
      "name": "Small House",
      "exits": {
        "North": 646
      }
    },
    {
      "id": 654,
      "name": "Small House",
      "exits": {
        "South": 647
      }
    },
    {
      "id": 655,
      "name": "Small House",
      "exits": {
        "North": 647
      }
    },
    {
      "id": 656,
      "name": "Small House",
      "exits": {
        "South": 648
      }
    },
    {
      "id": 657,
      "name": "Small House",
      "exits": {
        "West": 648
      }
    },
    {
      "id": 658,
      "name": "Small House",
      "exits": {
        "North": 648
      }
    },
    {
      "id": 659,
      "name": "Small House",
      "exits": {
        "South": 649
      }
    },
    {
      "id": 660,
      "name": "Small House",
      "exits": {
        "North": 649
      }
    },
    {
      "id": 661,
      "name": "Small House",
      "exits": {
        "South": 650
      }
    },
    {
      "id": 662,
      "name": "Small House",
      "exits": {
        "North": 650
      }
    },
    {
      "id": 663,
      "name": "Small House",
      "exits": {
        "South": 651
      }
    },
    {
      "id": 664,
      "name": "Small House",
      "exits": {
        "North": 651
      }
    },
    {
      "id": 665,
      "name": "Small House",
      "exits": {
        "East": 651
      }
    },
    {
      "id": 666,
      "name": "Raff Way",
      "exits": {
        "East": 667,
        "West": 601
      }
    },
    {
      "id": 667,
      "name": "Raff Way",
      "exits": {
        "East": 699,
        "West": 666
      }
    },
    {
      "id": 668,
      "name": "Dirt Road",
      "exits": {
        "East": 617,
        "South": 618,
        "West": 611
      }
    },
    {
      "id": 669,
      "name": "The Temple of Ofcol",
      "exits": {
        "North": 670,
        "East": 672,
        "South": 673,
        "West": 671
      }
    },
    {
      "id": 670,
      "name": "The Anteroom to the Temple of Ofcol",
      "exits": {
        "North": 675,
        "South": 669,
        "Up": 686
      }
    },
    {
      "id": 671,
      "name": "The Anteroom to the Temple of Ofcol",
      "exits": {
        "East": 669,
        "West": 679,
        "Up": 687
      }
    },
    {
      "id": 672,
      "name": "The Anteroom to the Temple of Ofcol",
      "exits": {
        "East": 680,
        "West": 669,
        "Up": 689
      }
    },
    {
      "id": 673,
      "name": "The Anteroom to the Temple of Ofcol",
      "exits": {
        "North": 669,
        "South": 684,
        "Up": 690
      }
    },
    {
      "id": 674,
      "name": "A Hallway of the Golden Citadel",
      "exits": {
        "East": 675,
        "South": 677
      }
    },
    {
      "id": 675,
      "name": "A Hallway of the Golden Citadel",
      "exits": {
        "East": 676,
        "South": 670,
        "West": 674
      }
    },
    {
      "id": 676,
      "name": "A Hallway of the Golden Citadel",
      "exits": {
        "South": 678,
        "West": 675
      }
    },
    {
      "id": 677,
      "name": "A Hallway of the Golden Citadel",
      "exits": {
        "North": 674,
        "South": 679
      }
    },
    {
      "id": 678,
      "name": "A Hallway of the Golden Citadel",
      "exits": {
        "North": 676,
        "South": 680
      }
    },
    {
      "id": 679,
      "name": "A Hallway of the Golden Citadel",
      "exits": {
        "North": 677,
        "East": 671,
        "South": 681,
        "West": 698
      }
    },
    {
      "id": 680,
      "name": "A Hallway of the Golden Citadel",
      "exits": {
        "North": 678,
        "South": 682,
        "West": 672
      }
    },
    {
      "id": 681,
      "name": "A Hallway of the Golden Citadel",
      "exits": {
        "North": 679,
        "South": 683
      }
    },
    {
      "id": 682,
      "name": "A Hallway of the Golden Citadel",
      "exits": {
        "North": 680,
        "South": 685
      }
    },
    {
      "id": 683,
      "name": "A Hallway of the Golden Citadel",
      "exits": {
        "North": 681,
        "East": 684
      }
    },
    {
      "id": 684,
      "name": "A Hallway of the Golden Citadel",
      "exits": {
        "North": 673,
        "East": 685,
        "West": 683
      }
    },
    {
      "id": 685,
      "name": "A Hallway of the Golden Citadel",
      "exits": {
        "North": 682,
        "West": 684
      }
    },
    {
      "id": 686,
      "name": "An Upper Chamber of the Golden Citadel",
      "exits": {
        "South": 688,
        "Up": 691,
        "Down": 670
      }
    },
    {
      "id": 687,
      "name": "An Upper Chamber of the Golden Citadel",
      "exits": {
        "East": 688,
        "Up": 692,
        "Down": 671
      }
    },
    {
      "id": 688,
      "name": "The Hall of the DragonLords",
      "exits": {
        "North": 686,
        "East": 689,
        "South": 690,
        "West": 687
      }
    },
    {
      "id": 689,
      "name": "An Upper Chamber of the Golden Citadel",
      "exits": {
        "West": 688,
        "Up": 694,
        "Down": 672
      }
    },
    {
      "id": 690,
      "name": "An Upper Chamber of the Golden Citadel",
      "exits": {
        "North": 688,
        "Up": 695,
        "Down": 673
      }
    },
    {
      "id": 691,
      "name": "A Top Chamber of the Golden Citadel",
      "exits": {
        "South": 693,
        "Down": 686
      }
    },
    {
      "id": 692,
      "name": "A Top Chamber of the Golden Citadel",
      "exits": {
        "East": 693,
        "Down": 687
      }
    },
    {
      "id": 693,
      "name": "The Dragon Chamber",
      "exits": {
        "North": 691,
        "East": 694,
        "South": 695,
        "West": 692,
        "Up": 696
      }
    },
    {
      "id": 694,
      "name": "A Top Chamber of the Golden Citadel",
      "exits": {
        "West": 693,
        "Down": 689
      }
    },
    {
      "id": 695,
      "name": "A Top Chamber of the Golden Citadel",
      "exits": {
        "North": 693,
        "Down": 690
      }
    },
    {
      "id": 696,
      "name": "Above the Dragon Chamber",
      "exits": {
        "Up": 697,
        "Down": 693
      }
    },
    {
      "id": 697,
      "name": "In the Shaft from the Dragon Chamber",
      "exits": {
        "North": 4500,
        "Up": 18016,
        "Down": 696
      }
    },
    {
      "id": 698,
      "name": "Inside the Entrance to the Golden Citadel",
      "exits": {
        "East": 679,
        "West": 699
      }
    },
    {
      "id": 699,
      "name": "Outside the Entrance to the Golden Citadel",
      "exits": {
        "East": 698,
        "West": 667
      }
    },
    {
      "id": 5553,
      "name": "To Ofcol",
      "otherAreaExit": true,
      "exits": {
        "East": 601,
        "South": 5554,
        "West": 5551
      }
    },
    {
      "id": 17223,
      "name": "To UnderDark",
      "otherAreaExit": true,
      "exits": {
        "East": 60716,
        "Down": 17224
      }
    },
    {
      "id": 4500,
      "name": "To Knight Cabal",
      "otherAreaExit": true,
      "exits": {
        "North": 4501,
        "South": 697
      }
    },
    {
      "id": 18016,
      "name": "To The Obsidian Order",
      "otherAreaExit": true,
      "exits": {
        "East": 18009
      }
    }
  ]
}