{
  "name": "New Thalos",
  "buildOptions": {
    "maxSteps": 1000,
    "fixObstacles": true,
    "fixNonStraight": true,
    "fixIntersected": false,
    "compactMap": true,
    "addDebugInfo": false,
    "colorizeConnectionIssues": true
  },
  "rooms": [
    {
      "id": 9500,
      "name": "The Entrance to the Dancing Daemon Inn",
      "exits": {
        "South": 9502,
        "West": 9520,
        "Up": 9501
      }
    },
    {
      "id": 9501,
      "name": "The Reception Area",
      "exits": {
        "Down": 9500
      }
    },
    {
      "id": 9502,
      "name": "The Dancing Daemon Inn",
      "exits": {
        "North": 9500
      }
    },
    {
      "id": 9503,
      "name": "The Medina",
      "exits": {
        "North": 9504,
        "South": 9510
      }
    },
    {
      "id": 9504,
      "name": "The Medina",
      "exits": {
        "North": 9505,
        "South": 9503
      }
    },
    {
      "id": 9505,
      "name": "The Southern Market Square",
      "exits": {
        "North": 9506,
        "East": 9507,
        "South": 9504,
        "West": 9508
      }
    },
    {
      "id": 9506,
      "name": "The Center of Market Square",
      "exits": {
        "North": 9515,
        "East": 9517,
        "South": 9505,
        "West": 9509
      }
    },
    {
      "id": 9507,
      "name": "The Southeastern Market Square",
      "exits": {
        "North": 9517,
        "East": 9629,
        "South": 9636,
        "West": 9505
      }
    },
    {
      "id": 9508,
      "name": "The Southwestern Market Square",
      "exits": {
        "North": 9509,
        "East": 9505,
        "South": 9635,
        "West": 9628
      }
    },
    {
      "id": 9509,
      "name": "The Western Market Square",
      "exits": {
        "North": 9514,
        "East": 9506,
        "South": 9508,
        "West": 9526
      }
    },
    {
      "id": 9510,
      "name": "The Common Square",
      "exits": {
        "North": 9503,
        "East": 9537,
        "South": 9512,
        "West": 9536
      }
    },
    {
      "id": 9511,
      "name": "Outside the Southern Gate of New Thalos",
      "exits": {
        "North": 9513
      }
    },
    {
      "id": 9512,
      "name": "Southern Bridge Above River Ishtar",
      "exits": {
        "North": 9510,
        "South": 9513,
        "Down": 9585
      }
    },
    {
      "id": 9513,
      "name": "Inside the South Gate of New Thalos",
      "exits": {
        "North": 9512,
        "South": 9511
      }
    },
    {
      "id": 9514,
      "name": "The Northwestern Market Square",
      "exits": {
        "North": 9614,
        "East": 9515,
        "South": 9509,
        "West": 9621
      }
    },
    {
      "id": 9515,
      "name": "The Northern Market Square",
      "exits": {
        "North": 9518,
        "East": 9516,
        "South": 9506,
        "West": 9514
      }
    },
    {
      "id": 9516,
      "name": "The Northeastern Market Square",
      "exits": {
        "North": 9615,
        "East": 9622,
        "South": 9517,
        "West": 9515
      }
    },
    {
      "id": 9517,
      "name": "The Eastern Market Square",
      "exits": {
        "North": 9516,
        "East": 9527,
        "South": 9507,
        "West": 9506
      }
    },
    {
      "id": 9518,
      "name": "Sultan\u0027s Walk",
      "exits": {
        "North": 9519,
        "South": 9515
      }
    },
    {
      "id": 9519,
      "name": "Sultan\u0027s Walk",
      "exits": {
        "North": 9520,
        "South": 9518
      }
    },
    {
      "id": 9520,
      "name": "Sultan\u0027s Walk",
      "exits": {
        "North": 9521,
        "East": 9500,
        "South": 9519,
        "West": 9658
      }
    },
    {
      "id": 9521,
      "name": "Sultan\u0027s Walk",
      "exits": {
        "North": 9522,
        "South": 9520
      }
    },
    {
      "id": 9522,
      "name": "Inside the Northern Gate of New Thalos",
      "exits": {
        "North": 9667,
        "East": 9549,
        "South": 9521,
        "West": 9548
      }
    },
    {
      "id": 9523,
      "name": "Inside the West Gate of New Thalos",
      "exits": {
        "East": 9524,
        "South": 9626,
        "West": 9669
      }
    },
    {
      "id": 9524,
      "name": "West Main Street",
      "exits": {
        "North": 9620,
        "East": 9525,
        "South": 9627,
        "West": 9523
      }
    },
    {
      "id": 9525,
      "name": "West Main Street",
      "exits": {
        "North": 9571,
        "East": 9526,
        "South": 9572,
        "West": 9524
      }
    },
    {
      "id": 9526,
      "name": "West Main Street",
      "exits": {
        "East": 9509,
        "West": 9525
      }
    },
    {
      "id": 9527,
      "name": "East Main Street",
      "exits": {
        "East": 9528,
        "West": 9517
      }
    },
    {
      "id": 9528,
      "name": "East Main Street",
      "exits": {
        "North": 9564,
        "East": 9529,
        "South": 9565,
        "West": 9527
      }
    },
    {
      "id": 9529,
      "name": "East Main Street",
      "exits": {
        "North": 9623,
        "East": 9530,
        "South": 9630,
        "West": 9528
      }
    },
    {
      "id": 9530,
      "name": "East Main Street",
      "exits": {
        "North": 9624,
        "East": 9531,
        "West": 9529
      }
    },
    {
      "id": 9531,
      "name": "Inside the Eastern Gate of New Thalos",
      "exits": {
        "North": 9625,
        "East": 9668,
        "West": 9530
      }
    },
    {
      "id": 9532,
      "name": "Cassandra\u0027s Catch of the Day",
      "exits": {
        "South": 9541
      }
    },
    {
      "id": 9533,
      "name": "West Ishtar Drive",
      "exits": {
        "North": 9640,
        "East": 9534
      }
    },
    {
      "id": 9534,
      "name": "West Ishtar Drive",
      "exits": {
        "North": 9641,
        "East": 9535,
        "West": 9533
      }
    },
    {
      "id": 9535,
      "name": "West Ishtar Drive",
      "exits": {
        "North": 9642,
        "East": 9536,
        "South": 9543,
        "West": 9534
      }
    },
    {
      "id": 9536,
      "name": "West Ishtar Drive",
      "exits": {
        "East": 9510,
        "West": 9535
      }
    },
    {
      "id": 9537,
      "name": "East Ishtar Drive",
      "exits": {
        "North": 9644,
        "East": 9539,
        "West": 9510
      }
    },
    {
      "id": 9538,
      "name": "East Ishtar Drive",
      "exits": {
        "East": 9540,
        "West": 9539
      }
    },
    {
      "id": 9539,
      "name": "East Ishtar Drive",
      "exits": {
        "North": 9645,
        "East": 9538,
        "West": 9537
      }
    },
    {
      "id": 9540,
      "name": "East Ishtar Drive",
      "exits": {
        "North": 9568,
        "East": 9541,
        "West": 9538
      }
    },
    {
      "id": 9541,
      "name": "East Ishtar Drive",
      "exits": {
        "North": 9532,
        "East": 9542,
        "West": 9540
      }
    },
    {
      "id": 9542,
      "name": "East Ishtar Drive",
      "exits": {
        "North": 9647,
        "West": 9541
      }
    },
    {
      "id": 9543,
      "name": "Boat Ramp",
      "exits": {
        "North": 9535,
        "South": 9586
      }
    },
    {
      "id": 9544,
      "name": "West Casbah",
      "exits": {
        "East": 9545,
        "South": 9653,
        "Up": 9659
      }
    },
    {
      "id": 9545,
      "name": "West Casbah",
      "exits": {
        "East": 9546,
        "South": 9654,
        "West": 9544
      }
    },
    {
      "id": 9546,
      "name": "The Casbah",
      "exits": {
        "East": 9547,
        "South": 9558,
        "West": 9545
      }
    },
    {
      "id": 9547,
      "name": "The Casbah",
      "exits": {
        "East": 9548,
        "West": 9546
      }
    },
    {
      "id": 9548,
      "name": "The Casbah",
      "exits": {
        "East": 9522,
        "West": 9547
      }
    },
    {
      "id": 9549,
      "name": "The Casbah",
      "exits": {
        "East": 9550,
        "West": 9522
      }
    },
    {
      "id": 9550,
      "name": "The Casbah",
      "exits": {
        "East": 9551,
        "West": 9549
      }
    },
    {
      "id": 9551,
      "name": "The Casbah",
      "exits": {
        "East": 9552,
        "South": 9560,
        "West": 9550
      }
    },
    {
      "id": 9552,
      "name": "The Casbah",
      "exits": {
        "East": 9553,
        "West": 9551
      }
    },
    {
      "id": 9553,
      "name": "The Casbah",
      "exits": {
        "East": 9554,
        "West": 9552
      }
    },
    {
      "id": 9554,
      "name": "The Casbah",
      "exits": {
        "South": 9555,
        "West": 9553,
        "Up": 9662
      }
    },
    {
      "id": 9555,
      "name": "Kali Row",
      "exits": {
        "North": 9554,
        "South": 9556,
        "West": 9651
      }
    },
    {
      "id": 9556,
      "name": "Kali Row",
      "exits": {
        "North": 9555,
        "West": 9652
      }
    },
    {
      "id": 9557,
      "name": "Underground",
      "exits": {
        "North": 9578,
        "South": 9580
      }
    },
    {
      "id": 9558,
      "name": "Alley",
      "exits": {
        "North": 9546,
        "South": 9559
      }
    },
    {
      "id": 9559,
      "name": "Alley",
      "exits": {
        "North": 9558,
        "Down": 9575
      }
    },
    {
      "id": 9560,
      "name": "Guildsman\u0027s Row",
      "exits": {
        "North": 9551,
        "East": 9656,
        "South": 9561,
        "West": 9655
      }
    },
    {
      "id": 9561,
      "name": "Guildsman\u0027s Row",
      "exits": {
        "North": 9560,
        "East": 9607,
        "South": 9562,
        "West": 9606
      }
    },
    {
      "id": 9562,
      "name": "Guildsman\u0027s Row",
      "exits": {
        "North": 9561,
        "East": 9611,
        "South": 9563,
        "West": 9664
      }
    },
    {
      "id": 9563,
      "name": "Guildsman\u0027s Row",
      "exits": {
        "North": 9562,
        "East": 9616,
        "South": 9564
      }
    },
    {
      "id": 9564,
      "name": "Guildsman\u0027s Row",
      "exits": {
        "North": 9563,
        "South": 9528
      }
    },
    {
      "id": 9565,
      "name": "Alley",
      "exits": {
        "North": 9528,
        "South": 9566
      }
    },
    {
      "id": 9566,
      "name": "Alley",
      "exits": {
        "North": 9565,
        "East": 9567,
        "West": 9637
      }
    },
    {
      "id": 9567,
      "name": "Alley",
      "exits": {
        "East": 9638,
        "South": 9568,
        "West": 9566
      }
    },
    {
      "id": 9568,
      "name": "Alley",
      "exits": {
        "North": 9567,
        "South": 9540
      }
    },
    {
      "id": 9569,
      "name": "Alley",
      "exits": {
        "East": 9570,
        "South": 9571
      }
    },
    {
      "id": 9570,
      "name": "Alley",
      "exits": {
        "West": 9569,
        "Down": 9578
      }
    },
    {
      "id": 9571,
      "name": "Alley",
      "exits": {
        "North": 9569,
        "South": 9525
      }
    },
    {
      "id": 9572,
      "name": "Alley",
      "exits": {
        "North": 9525,
        "South": 9573
      }
    },
    {
      "id": 9573,
      "name": "Alley",
      "exits": {
        "North": 9572,
        "East": 9574
      }
    },
    {
      "id": 9574,
      "name": "Alley",
      "exits": {
        "West": 9573,
        "Down": 9581
      }
    },
    {
      "id": 9575,
      "name": "Underground",
      "exits": {
        "South": 9576,
        "Up": 9559
      }
    },
    {
      "id": 9576,
      "name": "Underground",
      "exits": {
        "North": 9575,
        "South": 9577
      }
    },
    {
      "id": 9577,
      "name": "Underground",
      "exits": {
        "North": 9576,
        "East": 9578,
        "West": 9579
      }
    },
    {
      "id": 9578,
      "name": "Underground",
      "exits": {
        "South": 9557,
        "West": 9577,
        "Up": 9570
      }
    },
    {
      "id": 9579,
      "name": "Underground",
      "exits": {
        "East": 9577
      }
    },
    {
      "id": 9580,
      "name": "Underground",
      "exits": {
        "North": 9557,
        "South": 9581
      }
    },
    {
      "id": 9581,
      "name": "Underground",
      "exits": {
        "North": 9580,
        "East": 9582,
        "Up": 9574
      }
    },
    {
      "id": 9582,
      "name": "Underground",
      "exits": {
        "East": 9592,
        "West": 9581
      }
    },
    {
      "id": 9583,
      "name": "Ishtar River Canal",
      "exits": {
        "East": 9724,
        "West": 9584
      }
    },
    {
      "id": 9584,
      "name": "Ishtar River Canal",
      "exits": {
        "East": 9583,
        "West": 9585
      }
    },
    {
      "id": 9585,
      "name": "Ishtar River Canal",
      "exits": {
        "East": 9584,
        "West": 9586,
        "Up": 9512
      }
    },
    {
      "id": 9586,
      "name": "Ishtar River Canal",
      "exits": {
        "North": 9543,
        "East": 9585,
        "West": 9587
      }
    },
    {
      "id": 9587,
      "name": "Ishtar River Canal",
      "exits": {
        "East": 9586,
        "West": 9723
      }
    },
    {
      "id": 9588,
      "name": "Dark Passage",
      "exits": {
        "East": 9589
      }
    },
    {
      "id": 9589,
      "name": "Dark Passage",
      "exits": {
        "East": 9590,
        "West": 9588
      }
    },
    {
      "id": 9590,
      "name": "Dark Passage",
      "exits": {
        "East": 9591,
        "West": 9589
      }
    },
    {
      "id": 9591,
      "name": "Dark Passage",
      "exits": {
        "West": 9590,
        "Up": 9670
      }
    },
    {
      "id": 9592,
      "name": "Underground",
      "exits": {
        "East": 9593,
        "West": 9582
      }
    },
    {
      "id": 9593,
      "name": "Underground",
      "exits": {
        "East": 9600,
        "West": 9592
      }
    },
    {
      "id": 9600,
      "name": "Underground",
      "exits": {
        "East": 9601,
        "West": 9593
      }
    },
    {
      "id": 9601,
      "name": "Underground",
      "exits": {
        "East": 9602,
        "West": 9600
      }
    },
    {
      "id": 9602,
      "name": "Underground",
      "exits": {
        "East": 9588,
        "West": 9601
      }
    },
    {
      "id": 9603,
      "name": "Priest\u0027s Sanctum",
      "exits": {
        "East": 9579,
        "Up": 9619
      }
    },
    {
      "id": 9604,
      "name": "Chamber of the High Priest",
      "exits": {
        "South": 9608
      }
    },
    {
      "id": 9605,
      "name": "By the Altar",
      "exits": {
        "South": 9609
      }
    },
    {
      "id": 9606,
      "name": "The Weaver\u0027s Guild",
      "exits": {
        "East": 9561
      }
    },
    {
      "id": 9607,
      "name": "The Craftsman\u0027s Guild",
      "exits": {
        "East": 9800,
        "West": 9561
      }
    },
    {
      "id": 9608,
      "name": "Inside the Temple",
      "exits": {
        "North": 9604,
        "East": 9609,
        "South": 9612
      }
    },
    {
      "id": 9609,
      "name": "Inside the Temple",
      "exits": {
        "North": 9605,
        "East": 9610,
        "South": 9613,
        "West": 9608
      }
    },
    {
      "id": 9610,
      "name": "Donation Room",
      "exits": {
        "West": 9609
      }
    },
    {
      "id": 9611,
      "name": "The Museum of the Greater Gods",
      "exits": {
        "South": 9616,
        "West": 9562
      }
    },
    {
      "id": 9612,
      "name": "Entrance to the Guild of Priests",
      "exits": {
        "North": 9608,
        "South": 9619
      }
    },
    {
      "id": 9613,
      "name": "The Temple Gates",
      "exits": {
        "North": 9609,
        "South": 9620,
        "Down": 9620
      }
    },
    {
      "id": 9614,
      "name": "Ahkeem\u0027s Stuff",
      "exits": {
        "South": 9514
      }
    },
    {
      "id": 9615,
      "name": "Vera\u0027s Veggies",
      "exits": {
        "South": 9516
      }
    },
    {
      "id": 9616,
      "name": "The Museum of the Greater Gods",
      "exits": {
        "North": 9611,
        "West": 9563
      }
    },
    {
      "id": 9617,
      "name": "Base of the Tower",
      "exits": {
        "East": 9618,
        "South": 9624,
        "Up": 9648
      }
    },
    {
      "id": 9618,
      "name": "The Mage\u0027s Courtyard",
      "exits": {
        "South": 9625,
        "West": 9617
      }
    },
    {
      "id": 9619,
      "name": "Nectar of the Gods",
      "exits": {
        "North": 9612,
        "Down": 9603
      }
    },
    {
      "id": 9620,
      "name": "The Temple Square",
      "exits": {
        "North": 9613,
        "South": 9524,
        "Up": 9613
      }
    },
    {
      "id": 9621,
      "name": "Nabil\u0027s Exotic Animals",
      "exits": {
        "East": 9514
      }
    },
    {
      "id": 9622,
      "name": "The Butchary",
      "exits": {
        "West": 9516
      }
    },
    {
      "id": 9623,
      "name": "The Witch\u0027s Brew",
      "exits": {
        "South": 9529
      }
    },
    {
      "id": 9624,
      "name": "Braheem\u0027s Magic Shop",
      "exits": {
        "South": 9530
      }
    },
    {
      "id": 9625,
      "name": "Entrance to the Mage\u0027s Tower",
      "exits": {
        "North": 9618,
        "South": 9531
      }
    },
    {
      "id": 9626,
      "name": "Entrance to the Guild of Warriors\u0027",
      "exits": {
        "North": 9523,
        "South": 9633
      }
    },
    {
      "id": 9627,
      "name": "The Repair Shop",
      "exits": {
        "North": 9524
      }
    },
    {
      "id": 9628,
      "name": "The General Store",
      "exits": {
        "East": 9508
      }
    },
    {
      "id": 9629,
      "name": "Abdul\u0027s Armor",
      "exits": {
        "West": 9507
      }
    },
    {
      "id": 9630,
      "name": "The Mercenary\u0027s Guild",
      "exits": {
        "North": 9529,
        "East": 9632
      }
    },
    {
      "id": 9631,
      "name": "The Mercenary\u0027s Guild",
      "exits": {}
    },
    {
      "id": 9632,
      "name": "Entrance to the Thieves\u0027 Guild",
      "exits": {
        "South": 9639,
        "West": 9630
      }
    },
    {
      "id": 9633,
      "name": "The Whet Stone",
      "exits": {
        "North": 9626,
        "East": 9634
      }
    },
    {
      "id": 9634,
      "name": "Tournament and Practice Yard",
      "exits": {
        "East": 9573,
        "West": 9633
      }
    },
    {
      "id": 9635,
      "name": "The Bread Stand",
      "exits": {
        "North": 9508
      }
    },
    {
      "id": 9636,
      "name": "Igor\u0027s Implements of Destruction",
      "exits": {
        "North": 9507,
        "Down": 9750
      }
    },
    {
      "id": 9637,
      "name": "Ye Old Leather Shoppe",
      "exits": {
        "East": 9566
      }
    },
    {
      "id": 9638,
      "name": "Smuggler\u0027s Inn",
      "exits": {
        "West": 9567
      }
    },
    {
      "id": 9639,
      "name": "The Filthy Unicorn",
      "exits": {
        "North": 9632,
        "Down": 9646
      }
    },
    {
      "id": 9640,
      "name": "Warehouse",
      "exits": {
        "East": 9641,
        "South": 9533
      }
    },
    {
      "id": 9641,
      "name": "Warehouse",
      "exits": {
        "South": 9534,
        "West": 9640
      }
    },
    {
      "id": 9642,
      "name": "Shipwright",
      "exits": {
        "East": 9643,
        "South": 9535
      }
    },
    {
      "id": 9643,
      "name": "Drafting Room",
      "exits": {
        "West": 9642
      }
    },
    {
      "id": 9644,
      "name": "The Forge",
      "exits": {
        "South": 9537
      }
    },
    {
      "id": 9645,
      "name": "The Royal Stables",
      "exits": {
        "East": 9649,
        "South": 9539
      }
    },
    {
      "id": 9646,
      "name": "The Secret Yard",
      "exits": {
        "South": 9589,
        "Up": 9639
      }
    },
    {
      "id": 9647,
      "name": "The Dump",
      "exits": {
        "South": 9542
      }
    },
    {
      "id": 9648,
      "name": "The Invokers Laboratory",
      "exits": {
        "Down": 9617
      }
    },
    {
      "id": 9649,
      "name": "The Hay Loft",
      "exits": {
        "West": 9645
      }
    },
    {
      "id": 9650,
      "name": "The Grand Entrance",
      "exits": {
        "North": 9660,
        "East": 9658,
        "South": 9657,
        "West": 9705
      }
    },
    {
      "id": 9651,
      "name": "The Library",
      "exits": {
        "East": 9555
      }
    },
    {
      "id": 9652,
      "name": "The Dance Hall",
      "exits": {
        "East": 9556
      }
    },
    {
      "id": 9653,
      "name": "Jail",
      "exits": {
        "North": 9544
      }
    },
    {
      "id": 9654,
      "name": "City Hall",
      "exits": {
        "North": 9545
      }
    },
    {
      "id": 9655,
      "name": "The Boyer/Fletcher\u0027s",
      "exits": {
        "East": 9560
      }
    },
    {
      "id": 9656,
      "name": "The Mason\u0027s",
      "exits": {
        "West": 9560
      }
    },
    {
      "id": 9657,
      "name": "Guard House",
      "exits": {
        "North": 9650
      }
    },
    {
      "id": 9658,
      "name": "The Palace Gate",
      "exits": {
        "East": 9520,
        "West": 9650
      }
    },
    {
      "id": 9659,
      "name": "North-West Tower",
      "exits": {
        "Down": 9544
      }
    },
    {
      "id": 9660,
      "name": "Guard House",
      "exits": {
        "South": 9650
      }
    },
    {
      "id": 9661,
      "name": "Kitchen",
      "exits": {
        "North": 9663,
        "West": 9671
      }
    },
    {
      "id": 9662,
      "name": "North-East Tower",
      "exits": {
        "Down": 9554
      }
    },
    {
      "id": 9663,
      "name": "Hall",
      "exits": {
        "South": 9661,
        "West": 9672
      }
    },
    {
      "id": 9664,
      "name": "The Tanner\u0027s Guild",
      "exits": {
        "East": 9562
      }
    },
    {
      "id": 9665,
      "name": "Hall",
      "exits": {
        "North": 9666,
        "West": 9674
      }
    },
    {
      "id": 9666,
      "name": "Shrine of Allah",
      "exits": {
        "South": 9665
      }
    },
    {
      "id": 9667,
      "name": "Outside the Northern Gate of New Thalos",
      "exits": {
        "North": 9781,
        "South": 9522
      }
    },
    {
      "id": 9668,
      "name": "Outside the Eastern Gate of New Thalos",
      "exits": {
        "East": 9790,
        "South": 9670,
        "West": 9531
      }
    },
    {
      "id": 9669,
      "name": "Outside the West Gate of New Thalos",
      "exits": {
        "East": 9523,
        "West": 19705
      }
    },
    {
      "id": 9670,
      "name": "Outside the wall",
      "exits": {
        "North": 9668
      }
    },
    {
      "id": 9671,
      "name": "Grand Dining Hall",
      "exits": {
        "North": 9672,
        "East": 9661
      }
    },
    {
      "id": 9672,
      "name": "Hall",
      "exits": {
        "North": 9673,
        "East": 9663,
        "South": 9671,
        "West": 9677
      }
    },
    {
      "id": 9673,
      "name": "Hall",
      "exits": {
        "North": 9674,
        "East": 9705,
        "South": 9672,
        "West": 9678
      }
    },
    {
      "id": 9674,
      "name": "Hall",
      "exits": {
        "North": 9675,
        "East": 9665,
        "South": 9673,
        "West": 9679
      }
    },
    {
      "id": 9675,
      "name": "Entrance to the Dungeon",
      "exits": {
        "South": 9674,
        "Down": 9691
      }
    },
    {
      "id": 9676,
      "name": "Guest Room",
      "exits": {
        "North": 9677
      }
    },
    {
      "id": 9677,
      "name": "Hall",
      "exits": {
        "East": 9672,
        "South": 9676,
        "West": 9682
      }
    },
    {
      "id": 9678,
      "name": "Garden",
      "exits": {
        "East": 9673,
        "West": 9683
      }
    },
    {
      "id": 9679,
      "name": "Hall",
      "exits": {
        "North": 9680,
        "East": 9674,
        "West": 9684
      }
    },
    {
      "id": 9680,
      "name": "Art Exhibit",
      "exits": {
        "South": 9679
      }
    },
    {
      "id": 9681,
      "name": "Guest Room",
      "exits": {
        "North": 9682
      }
    },
    {
      "id": 9682,
      "name": "Hall",
      "exits": {
        "East": 9677,
        "South": 9681,
        "West": 9687
      }
    },
    {
      "id": 9683,
      "name": "Garden Gazebo",
      "exits": {
        "East": 9678
      }
    },
    {
      "id": 9684,
      "name": "Hall",
      "exits": {
        "North": 9685,
        "East": 9679,
        "West": 9689
      }
    },
    {
      "id": 9685,
      "name": "Guard Room",
      "exits": {
        "South": 9684
      }
    },
    {
      "id": 9686,
      "name": "Guard Room",
      "exits": {
        "North": 9687
      }
    },
    {
      "id": 9687,
      "name": "Harem",
      "exits": {
        "North": 9688,
        "East": 9682,
        "South": 9686
      }
    },
    {
      "id": 9688,
      "name": "Small room",
      "exits": {
        "North": 9689,
        "South": 9687
      }
    },
    {
      "id": 9689,
      "name": "Throne Room",
      "exits": {
        "North": 9690,
        "East": 9684,
        "South": 9688
      }
    },
    {
      "id": 9690,
      "name": "Treasure Room",
      "exits": {
        "East": 9685,
        "South": 9689
      }
    },
    {
      "id": 9691,
      "name": "Jailer\u0027s Room",
      "exits": {
        "East": 9692,
        "Up": 9675
      }
    },
    {
      "id": 9692,
      "name": "Tunnel in the Dungeon",
      "exits": {
        "North": 9697,
        "East": 9693,
        "South": 9701,
        "West": 9691
      }
    },
    {
      "id": 9693,
      "name": "Tunnel in the Dungeon",
      "exits": {
        "North": 9698,
        "East": 9694,
        "South": 9702,
        "West": 9692
      }
    },
    {
      "id": 9694,
      "name": "Tunnel in the Dungeon",
      "exits": {
        "North": 9699,
        "East": 9695,
        "South": 9703,
        "West": 9693
      }
    },
    {
      "id": 9695,
      "name": "Tunnel in the Dungeon",
      "exits": {
        "North": 9700,
        "East": 9696,
        "South": 9704,
        "West": 9694
      }
    },
    {
      "id": 9696,
      "name": "Secret Cell",
      "exits": {
        "West": 9695
      }
    },
    {
      "id": 9697,
      "name": "Cell",
      "exits": {
        "South": 9692
      }
    },
    {
      "id": 9698,
      "name": "Cell",
      "exits": {
        "South": 9693
      }
    },
    {
      "id": 9699,
      "name": "Cell",
      "exits": {
        "South": 9694
      }
    },
    {
      "id": 9700,
      "name": "Cell",
      "exits": {
        "South": 9695
      }
    },
    {
      "id": 9701,
      "name": "Cell",
      "exits": {
        "North": 9692
      }
    },
    {
      "id": 9702,
      "name": "Cell",
      "exits": {
        "North": 9693
      }
    },
    {
      "id": 9703,
      "name": "Cell",
      "exits": {
        "North": 9694
      }
    },
    {
      "id": 9704,
      "name": "Cell",
      "exits": {
        "North": 9695
      }
    },
    {
      "id": 9705,
      "name": "Hall",
      "exits": {
        "East": 9650,
        "West": 9673
      }
    },
    {
      "id": 9706,
      "name": "Nabil\u0027s Back Room",
      "exits": {}
    },
    {
      "id": 9710,
      "name": "Saska\u0027s Library",
      "exits": {}
    },
    {
      "id": 9719,
      "name": "Headwaters of the River of Lost Souls",
      "exits": {
        "South": 9734
      }
    },
    {
      "id": 9720,
      "name": "Ishtar River Canal",
      "exits": {
        "East": 9721,
        "West": 9739
      }
    },
    {
      "id": 9721,
      "name": "Ishtar River Canal",
      "exits": {
        "East": 9722,
        "West": 9720
      }
    },
    {
      "id": 9722,
      "name": "Ishtar River Canal",
      "exits": {
        "East": 9744,
        "West": 9721
      }
    },
    {
      "id": 9723,
      "name": "Ishtar River Canal",
      "exits": {
        "East": 9587,
        "West": 9749
      }
    },
    {
      "id": 9724,
      "name": "Ishtar River Canal",
      "exits": {
        "East": 9725,
        "West": 9583
      }
    },
    {
      "id": 9725,
      "name": "Ishtar River Canal",
      "exits": {
        "East": 9726,
        "West": 9724
      }
    },
    {
      "id": 9726,
      "name": "Ishtar River Canal",
      "exits": {
        "East": 9784,
        "West": 9725
      }
    },
    {
      "id": 9734,
      "name": "The River of Lost Souls",
      "exits": {
        "North": 9719,
        "South": 9735
      }
    },
    {
      "id": 9735,
      "name": "The River of Lost Souls",
      "exits": {
        "North": 9734,
        "South": 9736
      }
    },
    {
      "id": 9736,
      "name": "The River of Lost Souls",
      "exits": {
        "South": 9737
      }
    },
    {
      "id": 9737,
      "name": "The River of Lost Souls",
      "exits": {
        "North": 9736,
        "South": 9738
      }
    },
    {
      "id": 9738,
      "name": "The River of Lost Souls",
      "exits": {
        "North": 9737,
        "South": 9739
      }
    },
    {
      "id": 9739,
      "name": "A Split in the River",
      "exits": {
        "North": 9738,
        "East": 9720,
        "South": 9740
      }
    },
    {
      "id": 9740,
      "name": "The River of Lost Souls",
      "exits": {
        "North": 9739,
        "South": 9741
      }
    },
    {
      "id": 9741,
      "name": "The River of Lost Souls",
      "exits": {
        "North": 9740,
        "South": 9742
      }
    },
    {
      "id": 9742,
      "name": "The River of Lost Souls",
      "exits": {
        "North": 9741,
        "South": 9743
      }
    },
    {
      "id": 9743,
      "name": "The River of Lost Souls",
      "exits": {
        "North": 9742,
        "South": 14099,
        "West": 9878
      }
    },
    {
      "id": 9744,
      "name": "Ishtar River Canal",
      "exits": {
        "East": 9745,
        "West": 9722
      }
    },
    {
      "id": 9745,
      "name": "Ishtar River Canal",
      "exits": {
        "East": 9746,
        "West": 9744
      }
    },
    {
      "id": 9746,
      "name": "Ishtar River Canal",
      "exits": {
        "East": 9747,
        "West": 9745
      }
    },
    {
      "id": 9747,
      "name": "Ishtar River Canal",
      "exits": {
        "East": 9748,
        "West": 9746
      }
    },
    {
      "id": 9748,
      "name": "Ishtar River Canal",
      "exits": {
        "East": 9749,
        "West": 9747
      }
    },
    {
      "id": 9749,
      "name": "Ishtar River Canal",
      "exits": {
        "East": 9723,
        "West": 9748
      }
    },
    {
      "id": 9750,
      "name": "Igor\u0027s Secret Chamber",
      "exits": {
        "Up": 9636
      }
    },
    {
      "id": 9772,
      "name": "On the Dark River",
      "exits": {
        "West": 9773
      }
    },
    {
      "id": 9773,
      "name": "On the Dark River",
      "exits": {
        "East": 9772,
        "West": 9774
      }
    },
    {
      "id": 9774,
      "name": "On the Dark River",
      "exits": {
        "East": 9773,
        "West": 9775
      }
    },
    {
      "id": 9775,
      "name": "On the Dark River",
      "exits": {
        "East": 9774
      }
    },
    {
      "id": 9778,
      "name": "Freefall",
      "exits": {}
    },
    {
      "id": 9781,
      "name": "The Sultan\u0027s Highway",
      "exits": {
        "North": 9782,
        "East": 9781,
        "South": 9667
      }
    },
    {
      "id": 9782,
      "name": "The Sultan\u0027s Highway",
      "exits": {
        "North": 9783,
        "East": 9782,
        "South": 9781,
        "West": 9782
      }
    },
    {
      "id": 9783,
      "name": "The Sultan\u0027s Highway",
      "exits": {
        "North": 9802,
        "East": 9783,
        "South": 9782,
        "West": 9783
      }
    },
    {
      "id": 9784,
      "name": "Ishtar River Canal",
      "exits": {
        "East": 9785,
        "West": 9726
      }
    },
    {
      "id": 9785,
      "name": "Ishtar River Canal",
      "exits": {
        "East": 9889,
        "West": 9784
      }
    },
    {
      "id": 9790,
      "name": "On a road",
      "exits": {
        "East": 9791,
        "West": 9668
      }
    },
    {
      "id": 9791,
      "name": "On the Docks",
      "exits": {
        "East": 9792,
        "West": 9790
      }
    },
    {
      "id": 9792,
      "name": "On the Docks",
      "exits": {
        "East": 9793,
        "West": 9791
      }
    },
    {
      "id": 9793,
      "name": "On the Docks",
      "exits": {
        "East": 9794,
        "West": 9792
      }
    },
    {
      "id": 9794,
      "name": "On the Pier",
      "exits": {
        "East": 9795,
        "West": 9793
      }
    },
    {
      "id": 9795,
      "name": "On the Pier",
      "exits": {
        "East": 100011,
        "West": 9794
      }
    },
    {
      "id": 9798,
      "name": "Under the dock",
      "exits": {
        "West": 9799,
        "Up": 100011
      }
    },
    {
      "id": 9799,
      "name": "Lair of the Ixitxachitl",
      "exits": {
        "East": 9798
      }
    },
    {
      "id": 9800,
      "name": "Entrance to the Secret place",
      "exits": {
        "West": 9607,
        "Down": 9801
      }
    },
    {
      "id": 9801,
      "name": "The Secret place",
      "exits": {
        "Up": 9800
      }
    },
    {
      "id": 9802,
      "name": "The Sultan\u0027s Highway",
      "exits": {
        "North": 9803,
        "South": 9783
      }
    },
    {
      "id": 9803,
      "name": "The Sultan\u0027s Highway",
      "exits": {
        "North": 9804,
        "South": 9802
      }
    },
    {
      "id": 9804,
      "name": "The Sultan\u0027s Highway",
      "exits": {
        "North": 9805,
        "South": 9803
      }
    },
    {
      "id": 9805,
      "name": "The Sultan\u0027s Highway",
      "exits": {
        "North": 9806,
        "South": 9804
      }
    },
    {
      "id": 9806,
      "name": "The Sultan\u0027s Highway",
      "exits": {
        "North": 9807,
        "South": 9805
      }
    },
    {
      "id": 9807,
      "name": "The Sultan\u0027s Highway",
      "exits": {
        "North": 9808,
        "South": 9806
      }
    },
    {
      "id": 9808,
      "name": "The Sultan\u0027s Highway",
      "exits": {
        "East": 9809,
        "South": 9807
      }
    },
    {
      "id": 9809,
      "name": "The Sultan\u0027s Highway",
      "exits": {
        "East": 9810,
        "West": 9808
      }
    },
    {
      "id": 9810,
      "name": "The Sultan\u0027s Highway",
      "exits": {
        "North": 9811,
        "West": 9809
      }
    },
    {
      "id": 9811,
      "name": "The Sultan\u0027s Highway",
      "exits": {
        "North": 9812,
        "South": 9810
      }
    },
    {
      "id": 9812,
      "name": "The Sultan\u0027s Highway",
      "exits": {
        "North": 9813,
        "South": 9811
      }
    },
    {
      "id": 9813,
      "name": "The Sultan\u0027s Highway",
      "exits": {
        "North": 9814,
        "South": 9812
      }
    },
    {
      "id": 9814,
      "name": "The Sultan\u0027s Highway",
      "exits": {
        "North": 9815,
        "South": 9813
      }
    },
    {
      "id": 9815,
      "name": "The Sultan\u0027s Highway",
      "exits": {
        "North": 9816,
        "South": 9814
      }
    },
    {
      "id": 9816,
      "name": "The Sultan\u0027s Highway",
      "exits": {
        "North": 9817,
        "South": 9815
      }
    },
    {
      "id": 9817,
      "name": "The Sultan\u0027s Highway",
      "exits": {
        "North": 9818,
        "South": 9816
      }
    },
    {
      "id": 9818,
      "name": "The Sultan\u0027s Highway",
      "exits": {
        "North": 9819,
        "South": 9817
      }
    },
    {
      "id": 9819,
      "name": "The Sultan\u0027s Highway",
      "exits": {
        "North": 9820,
        "South": 9818
      }
    },
    {
      "id": 9820,
      "name": "The Sultan\u0027s Highway",
      "exits": {
        "North": 9821,
        "South": 9819
      }
    },
    {
      "id": 9821,
      "name": "The Sultan\u0027s Highway",
      "exits": {
        "North": 9822,
        "South": 9820
      }
    },
    {
      "id": 9822,
      "name": "The Sultan\u0027s Highway",
      "exits": {
        "North": 9823,
        "East": 24490,
        "South": 9821
      }
    },
    {
      "id": 9823,
      "name": "The Sultan\u0027s Highway",
      "exits": {
        "North": 9824,
        "South": 9822
      }
    },
    {
      "id": 9824,
      "name": "The Sultan\u0027s Highway",
      "exits": {
        "North": 9825,
        "South": 9823
      }
    },
    {
      "id": 9825,
      "name": "The Sultan\u0027s Highway",
      "exits": {
        "South": 9824,
        "West": 9826
      }
    },
    {
      "id": 9826,
      "name": "The Sultan\u0027s Highway",
      "exits": {
        "East": 9825,
        "West": 9827
      }
    },
    {
      "id": 9827,
      "name": "The Sultan\u0027s Highway",
      "exits": {
        "East": 9826,
        "West": 9828
      }
    },
    {
      "id": 9828,
      "name": "The Sultan\u0027s Highway",
      "exits": {
        "North": 9829,
        "East": 9827
      }
    },
    {
      "id": 9829,
      "name": "The Sultan\u0027s Highway",
      "exits": {
        "North": 9830,
        "South": 9828
      }
    },
    {
      "id": 9830,
      "name": "The Sultan\u0027s Highway",
      "exits": {
        "North": 9831,
        "South": 9829
      }
    },
    {
      "id": 9831,
      "name": "The Sultan\u0027s Highway",
      "exits": {
        "North": 9832,
        "South": 9830
      }
    },
    {
      "id": 9832,
      "name": "The Sultan\u0027s Highway",
      "exits": {
        "North": 9833,
        "South": 9831
      }
    },
    {
      "id": 9833,
      "name": "The Sultan\u0027s Highway",
      "exits": {
        "North": 9834,
        "South": 9832
      }
    },
    {
      "id": 9834,
      "name": "The Sultan\u0027s Highway",
      "exits": {
        "North": 9835,
        "South": 9833
      }
    },
    {
      "id": 9835,
      "name": "The Sultan\u0027s Highway",
      "exits": {
        "North": 9836,
        "South": 9834
      }
    },
    {
      "id": 9836,
      "name": "The Sultan\u0027s Highway",
      "exits": {
        "North": 9837,
        "South": 9835
      }
    },
    {
      "id": 9837,
      "name": "The Sultan\u0027s Highway",
      "exits": {
        "North": 9838,
        "South": 9836
      }
    },
    {
      "id": 9838,
      "name": "The Sultan\u0027s Highway",
      "exits": {
        "North": 9839,
        "South": 9837
      }
    },
    {
      "id": 9839,
      "name": "The Sultan\u0027s Highway",
      "exits": {
        "North": 9840,
        "South": 9838
      }
    },
    {
      "id": 9840,
      "name": "The Sultan\u0027s Highway",
      "exits": {
        "North": 9841,
        "South": 9839
      }
    },
    {
      "id": 9841,
      "name": "The Sultan\u0027s Highway",
      "exits": {
        "North": 9842,
        "South": 9840
      }
    },
    {
      "id": 9842,
      "name": "The Sultan\u0027s Highway",
      "exits": {
        "North": 9843,
        "South": 9841
      }
    },
    {
      "id": 9843,
      "name": "The Sultan\u0027s Highway",
      "exits": {
        "North": 9844,
        "South": 9842
      }
    },
    {
      "id": 9844,
      "name": "The Sultan\u0027s Highway",
      "exits": {
        "North": 9845,
        "South": 9843
      }
    },
    {
      "id": 9845,
      "name": "The Sultan\u0027s Highway",
      "exits": {
        "North": 9846,
        "South": 9844,
        "West": 29378
      }
    },
    {
      "id": 9846,
      "name": "The Sultan\u0027s Highway",
      "exits": {
        "North": 9847,
        "South": 9845
      }
    },
    {
      "id": 9847,
      "name": "The Sultan\u0027s Highway",
      "exits": {
        "North": 9848,
        "South": 9846
      }
    },
    {
      "id": 9848,
      "name": "The Sultan\u0027s Highway",
      "exits": {
        "North": 9849,
        "South": 9847
      }
    },
    {
      "id": 9849,
      "name": "The Sultan\u0027s Highway",
      "exits": {
        "North": 9850,
        "South": 9848
      }
    },
    {
      "id": 9850,
      "name": "The Sultan\u0027s Highway",
      "exits": {
        "North": 9851,
        "South": 9849
      }
    },
    {
      "id": 9851,
      "name": "The Sultan\u0027s Highway",
      "exits": {
        "North": 9852,
        "South": 9850
      }
    },
    {
      "id": 9852,
      "name": "The Sultan\u0027s Highway",
      "exits": {
        "North": 9853,
        "South": 9851
      }
    },
    {
      "id": 9853,
      "name": "The Sultan\u0027s Highway",
      "exits": {
        "North": 9854,
        "South": 9852
      }
    },
    {
      "id": 9854,
      "name": "The Sultan\u0027s Highway",
      "exits": {
        "North": 9855,
        "South": 9853
      }
    },
    {
      "id": 9855,
      "name": "The Sultan\u0027s Highway",
      "exits": {
        "North": 9856,
        "South": 9854
      }
    },
    {
      "id": 9856,
      "name": "The Sultan\u0027s Highway",
      "exits": {
        "North": 9857,
        "South": 9855
      }
    },
    {
      "id": 9857,
      "name": "The Sultan\u0027s Highway",
      "exits": {
        "North": 9858,
        "South": 9856
      }
    },
    {
      "id": 9858,
      "name": "The Sultan\u0027s Highway",
      "exits": {
        "North": 9859,
        "South": 9857
      }
    },
    {
      "id": 9859,
      "name": "The Sultan\u0027s Highway",
      "exits": {
        "North": 9860,
        "South": 9858
      }
    },
    {
      "id": 9860,
      "name": "Path Through the Mountains of Dhoom",
      "exits": {
        "East": 9861,
        "South": 9859
      }
    },
    {
      "id": 9861,
      "name": "Path Through the Mountains of Dhoom",
      "exits": {
        "East": 9862,
        "West": 9860
      }
    },
    {
      "id": 9862,
      "name": "Path Through the Mountains of Dhoom",
      "exits": {
        "East": 9863,
        "West": 9861
      }
    },
    {
      "id": 9863,
      "name": "Path Through the Mountains of Dhoom",
      "exits": {
        "East": 9864,
        "West": 9862
      }
    },
    {
      "id": 9864,
      "name": "Path Through the Mountains of Dhoom",
      "exits": {
        "East": 9865,
        "West": 9863
      }
    },
    {
      "id": 9865,
      "name": "Path Through the Mountains of Dhoom",
      "exits": {
        "East": 9866,
        "West": 9864
      }
    },
    {
      "id": 9866,
      "name": "Path Through the Mountains of Dhoom",
      "exits": {
        "East": 9867,
        "West": 9865
      }
    },
    {
      "id": 9867,
      "name": "Path Through the Mountains of Dhoom",
      "exits": {
        "North": 9868,
        "West": 9866
      }
    },
    {
      "id": 9868,
      "name": "Path Through the Mountains of Dhoom",
      "exits": {
        "North": 9869,
        "South": 9867
      }
    },
    {
      "id": 9869,
      "name": "Path Through the Mountains of Dhoom",
      "exits": {
        "North": 9870,
        "East": 22585,
        "South": 9868
      }
    },
    {
      "id": 9870,
      "name": "Path Through the Mountains of Dhoom",
      "exits": {
        "North": 9871,
        "South": 9869
      }
    },
    {
      "id": 9871,
      "name": "Path Through the Mountains of Dhoom",
      "exits": {
        "North": 9872,
        "South": 9870
      }
    },
    {
      "id": 9872,
      "name": "Path Through the Mountains of Dhoom",
      "exits": {
        "North": 9873,
        "South": 9871
      }
    },
    {
      "id": 9873,
      "name": "Path Through the Mountains of Dhoom",
      "exits": {
        "North": 9874,
        "South": 9872
      }
    },
    {
      "id": 9874,
      "name": "Path Through the Mountains of Dhoom",
      "exits": {
        "North": 9875,
        "South": 9873
      }
    },
    {
      "id": 9875,
      "name": "Path Through the Mountains of Dhoom",
      "exits": {
        "North": 9876,
        "South": 9874
      }
    },
    {
      "id": 9876,
      "name": "Path Through the Mountains of Dhoom",
      "exits": {
        "North": 9877,
        "South": 9875
      }
    },
    {
      "id": 9877,
      "name": "Path Through the Mountains of Dhoom",
      "exits": {
        "North": 11100,
        "South": 9876
      }
    },
    {
      "id": 9878,
      "name": "The River of Lost Souls",
      "exits": {
        "East": 9743,
        "West": 9879
      }
    },
    {
      "id": 9879,
      "name": "The River of Lost Souls",
      "exits": {
        "East": 9878,
        "West": 9880
      }
    },
    {
      "id": 9880,
      "name": "The River of Lost Souls",
      "exits": {
        "East": 9879,
        "West": 9881
      }
    },
    {
      "id": 9881,
      "name": "The River of Lost Souls",
      "exits": {
        "East": 9880,
        "West": 9882
      }
    },
    {
      "id": 9882,
      "name": "The River of Lost Souls",
      "exits": {
        "East": 9881,
        "West": 9883
      }
    },
    {
      "id": 9883,
      "name": "The River of Lost Souls",
      "exits": {
        "East": 9882,
        "South": 9884
      }
    },
    {
      "id": 9884,
      "name": "The River of Lost Souls",
      "exits": {
        "North": 9883,
        "South": 9885
      }
    },
    {
      "id": 9885,
      "name": "The River of Lost Souls",
      "exits": {
        "North": 9884,
        "West": 9886
      }
    },
    {
      "id": 9886,
      "name": "The River of Lost Souls",
      "exits": {
        "East": 9885,
        "West": 9887
      }
    },
    {
      "id": 9887,
      "name": "The River of Lost Souls",
      "exits": {
        "East": 9886,
        "West": 9888
      }
    },
    {
      "id": 9888,
      "name": "The River of Lost Souls",
      "exits": {
        "East": 9887,
        "South": 14132
      }
    },
    {
      "id": 9889,
      "name": "Ishtar River Canal",
      "exits": {
        "East": 9890,
        "West": 9785
      }
    },
    {
      "id": 9890,
      "name": "Ishtar River Canal",
      "exits": {
        "East": 9891,
        "West": 9889
      }
    },
    {
      "id": 9891,
      "name": "Ishtar River Canal",
      "exits": {
        "East": 9892,
        "West": 9890
      }
    },
    {
      "id": 9892,
      "name": "Ishtar River Canal",
      "exits": {
        "East": 9893,
        "West": 9891
      }
    },
    {
      "id": 9893,
      "name": "Ishtar River Canal",
      "exits": {
        "East": 9894,
        "West": 9892
      }
    },
    {
      "id": 9894,
      "name": "Ishtar River Canal",
      "exits": {
        "East": 9895,
        "West": 9893
      }
    },
    {
      "id": 9895,
      "name": "Ishtar River Canal",
      "exits": {
        "East": 9896,
        "West": 9894
      }
    },
    {
      "id": 9896,
      "name": "Ishtar River Canal",
      "exits": {
        "North": 9897,
        "West": 9895
      }
    },
    {
      "id": 9897,
      "name": "Ishtar River Canal",
      "exits": {
        "North": 9898,
        "South": 9896
      }
    },
    {
      "id": 9898,
      "name": "The River Delta",
      "exits": {
        "North": 100014,
        "East": 100211,
        "South": 9897
      }
    },
    {
      "id": 100211,
      "name": "The River Delta ",
      "exits": {
        "North": 100210,
        "East": 100212,
        "West": 9898
      }
    },
    {
      "id": 19705,
      "name": "To Eastern Road",
      "otherAreaExit": true,
      "exits": {
        "East": 9669,
        "West": 19704
      }
    },
    {
      "id": 14099,
      "name": "To Shadowlands",
      "otherAreaExit": true,
      "exits": {
        "North": 9743,
        "East": 14096,
        "South": 14090,
        "West": 14281
      }
    },
    {
      "id": 100011,
      "name": "To The Dragon Sea",
      "otherAreaExit": true,
      "exits": {
        "East": 100013,
        "West": 9795,
        "Down": 9798
      }
    },
    {
      "id": 24490,
      "name": "To strange carnival.are",
      "otherAreaExit": true,
      "exits": {
        "East": 24489,
        "West": 9822
      }
    },
    {
      "id": 29378,
      "name": "To Lich Tower",
      "otherAreaExit": true,
      "exits": {
        "East": 9845,
        "West": 29377
      }
    },
    {
      "id": 22585,
      "name": "To Forest of Myth Drannor",
      "otherAreaExit": true,
      "exits": {
        "East": 22584,
        "West": 9869
      }
    },
    {
      "id": 11100,
      "name": "To Mad Man",
      "otherAreaExit": true,
      "exits": {
        "North": 11101,
        "South": 9877
      }
    },
    {
      "id": 14132,
      "name": "To Shadowlands",
      "otherAreaExit": true,
      "exits": {
        "North": 9888,
        "South": 14142,
        "West": 14131
      }
    },
    {
      "id": 100014,
      "name": "To The Dragon Sea",
      "otherAreaExit": true,
      "exits": {
        "North": 100010,
        "East": 100210,
        "South": 9898
      }
    },
    {
      "id": 100210,
      "name": "To The Dragon Sea",
      "otherAreaExit": true,
      "exits": {
        "North": 100015,
        "East": 100071,
        "South": 100211,
        "West": 100014
      }
    },
    {
      "id": 100212,
      "name": "To The Dragon Sea",
      "otherAreaExit": true,
      "exits": {
        "North": 100071,
        "East": 100213,
        "West": 100211
      }
    }
  ]
}