{
  "name": "Nhalijah, the Astral Prison",
  "buildOptions": {
    "maxSteps": 1000,
    "fixObstacles": true,
    "fixNonStraight": true,
    "fixIntersected": true,
    "compactMap": true,
    "addDebugInfo": false,
    "colorizeConnectionIssues": true
  },
  "rooms": [
    {
      "id": 28200,
      "name": "A Trail Through the Desert",
      "exits": {
        "West": 28201
      }
    },
    {
      "id": 28201,
      "name": "A Trail Through the Desert",
      "exits": {
        "North": 28202,
        "East": 28200
      }
    },
    {
      "id": 28202,
      "name": "A Trail Through the Desert",
      "exits": {
        "North": 28203,
        "South": 28201
      }
    },
    {
      "id": 28203,
      "name": "Approaching the Mountain, On a Trail Through the Desert",
      "exits": {
        "North": 28204,
        "South": 28202
      }
    },
    {
      "id": 28204,
      "name": "Before the Face of Mount Nhalijah",
      "exits": {
        "South": 28203
      }
    },
    {
      "id": 28205,
      "name": "A Violet-lit Junction",
      "exits": {
        "North": 28239,
        "East": 28206,
        "South": 28250,
        "West": 28219
      }
    },
    {
      "id": 28206,
      "name": "A Violet-lit Hall",
      "exits": {
        "East": 28207,
        "West": 28205
      }
    },
    {
      "id": 28207,
      "name": "A Violet-lit Hall",
      "exits": {
        "North": 28208,
        "West": 28206
      }
    },
    {
      "id": 28208,
      "name": "A Violet-lit Hall",
      "exits": {
        "North": 28209,
        "South": 28207
      }
    },
    {
      "id": 28209,
      "name": "A Violet-lit Hall",
      "exits": {
        "South": 28208,
        "Up": 28210
      }
    },
    {
      "id": 28210,
      "name": "A Violet-lit Hall",
      "exits": {
        "North": 28211,
        "Down": 28209
      }
    },
    {
      "id": 28211,
      "name": "A Turn in the Violet-lit Hall",
      "exits": {
        "South": 28210,
        "West": 28212,
        "Up": 28240
      }
    },
    {
      "id": 28212,
      "name": "A Violet-lit Hall",
      "exits": {
        "East": 28211,
        "West": 28213
      }
    },
    {
      "id": 28213,
      "name": "A Violet-lit Hall",
      "exits": {
        "East": 28212,
        "South": 28220,
        "West": 28214
      }
    },
    {
      "id": 28214,
      "name": "A Turn in the Violet-lit Hall",
      "exits": {
        "East": 28213,
        "South": 28215,
        "Up": 28243
      }
    },
    {
      "id": 28215,
      "name": "A Violet-lit Hall",
      "exits": {
        "North": 28214,
        "Down": 28216
      }
    },
    {
      "id": 28216,
      "name": "A Violet-lit Hall",
      "exits": {
        "South": 28217,
        "Up": 28215
      }
    },
    {
      "id": 28217,
      "name": "A Violet-lit Hall",
      "exits": {
        "North": 28216,
        "South": 28218
      }
    },
    {
      "id": 28218,
      "name": "A Violet-lit Hall",
      "exits": {
        "North": 28217,
        "East": 28219
      }
    },
    {
      "id": 28219,
      "name": "A Violet-lit Hall",
      "exits": {
        "East": 28205,
        "West": 28218
      }
    },
    {
      "id": 28220,
      "name": "The End of a Violet-lit Hall",
      "exits": {
        "North": 28213,
        "Down": 28221
      }
    },
    {
      "id": 28221,
      "name": "A Dark Passageway",
      "exits": {
        "South": 28222,
        "Up": 28220
      }
    },
    {
      "id": 28222,
      "name": "A Dark Passageway",
      "exits": {
        "North": 28221,
        "Down": 28223
      }
    },
    {
      "id": 28223,
      "name": "A Dark Passageway",
      "exits": {
        "South": 28224,
        "Up": 28222
      }
    },
    {
      "id": 28224,
      "name": "A Dark Passageway",
      "exits": {
        "North": 28223,
        "Down": 28225
      }
    },
    {
      "id": 28225,
      "name": "Descending into Violet Light",
      "exits": {
        "Up": 28224,
        "Down": 28226
      }
    },
    {
      "id": 28226,
      "name": "The Astral Prison",
      "exits": {
        "South": 28227,
        "Up": 28225
      }
    },
    {
      "id": 28227,
      "name": "The Astral Prison",
      "exits": {
        "North": 28226,
        "South": 28228
      }
    },
    {
      "id": 28228,
      "name": "The Astral Prison",
      "exits": {
        "North": 28227,
        "South": 28229
      }
    },
    {
      "id": 28229,
      "name": "The Astral Prison",
      "exits": {
        "North": 28228,
        "South": 28230
      }
    },
    {
      "id": 28230,
      "name": "The Astral Prison",
      "exits": {
        "North": 28229,
        "South": 28231
      }
    },
    {
      "id": 28231,
      "name": "The Astral Prison",
      "exits": {
        "North": 28230,
        "South": 28232
      }
    },
    {
      "id": 28232,
      "name": "The Astral Prison",
      "exits": {
        "North": 28231
      }
    },
    {
      "id": 28237,
      "name": "The Chamber of Fortitude",
      "exits": {
        "East": 28239
      }
    },
    {
      "id": 28238,
      "name": "A Quiet Armsman\u0027s Chambers",
      "exits": {
        "West": 28239
      }
    },
    {
      "id": 28239,
      "name": "The End of a Violet-lit Hall",
      "exits": {
        "East": 28238,
        "South": 28205,
        "West": 28237
      }
    },
    {
      "id": 28240,
      "name": "A Violet-lit Spiral Staircase",
      "exits": {
        "Up": 28242,
        "Down": 28211
      }
    },
    {
      "id": 28241,
      "name": "A Violet-lit Spiral Staircase",
      "exits": {}
    },
    {
      "id": 28242,
      "name": "A Violet-lit Hall",
      "exits": {
        "West": 28245,
        "Down": 28240
      }
    },
    {
      "id": 28243,
      "name": "A Violet-lit Spiral Staircase",
      "exits": {
        "Up": 28244,
        "Down": 28214
      }
    },
    {
      "id": 28244,
      "name": "",
      "exits": {
        "East": 28246,
        "Down": 28243
      }
    },
    {
      "id": 28245,
      "name": "A Violet-lit Tripassage",
      "exits": {
        "East": 28242,
        "South": 28247,
        "West": 28246
      }
    },
    {
      "id": 28246,
      "name": "",
      "exits": {
        "East": 28245,
        "West": 28244
      }
    },
    {
      "id": 28247,
      "name": "",
      "exits": {
        "North": 28245,
        "Up": 28248
      }
    },
    {
      "id": 28248,
      "name": "",
      "exits": {
        "South": 28249,
        "Down": 28247
      }
    },
    {
      "id": 28249,
      "name": "",
      "exits": {
        "North": 28248
      }
    },
    {
      "id": 28250,
      "name": "A Violet-lit Hall",
      "exits": {
        "North": 28205
      }
    }
  ]
}