{
  "name": "Nirvana",
  "buildOptions": {
    "maxSteps": 1000,
    "fixObstacles": true,
    "fixNonStraight": true,
    "fixIntersected": true,
    "compactMap": true,
    "addDebugInfo": false,
    "colorizeConnectionIssues": true
  },
  "rooms": [
    {
      "id": 9000,
      "name": "Entrance to the Plane of Nirvana",
      "exits": {
        "East": 9001,
        "South": 9060,
        "West": 9002
      }
    },
    {
      "id": 9001,
      "name": "The Plane of Nirvana",
      "exits": {
        "East": 9003,
        "West": 9000
      }
    },
    {
      "id": 9002,
      "name": "The Plane of Nirvana",
      "exits": {
        "East": 9000,
        "West": 9004
      }
    },
    {
      "id": 9003,
      "name": "A Change in Direction",
      "exits": {
        "North": 9005,
        "West": 9001
      }
    },
    {
      "id": 9004,
      "name": "A Change in Direction",
      "exits": {
        "North": 9006,
        "East": 9002
      }
    },
    {
      "id": 9005,
      "name": "A North-South direction of the plane",
      "exits": {
        "North": 9012,
        "South": 9003
      }
    },
    {
      "id": 9006,
      "name": "A North-South stretch of the plane",
      "exits": {
        "North": 9013,
        "South": 9004
      }
    },
    {
      "id": 9007,
      "name": "In the Tower of Nirvana",
      "exits": {
        "East": 9010,
        "West": 9013
      }
    },
    {
      "id": 9008,
      "name": "A hallway in the Tower of Nirvana",
      "exits": {
        "East": 9012,
        "West": 9009
      }
    },
    {
      "id": 9009,
      "name": "An east-west hallway in the Tower of Nirvana",
      "exits": {
        "East": 9008,
        "West": 9011
      }
    },
    {
      "id": 9010,
      "name": "An east-west passage in the Tower of Nirvana",
      "exits": {
        "East": 9011,
        "West": 9007
      }
    },
    {
      "id": 9011,
      "name": "An intersection in the Tower of Nirvana",
      "exits": {
        "North": 9023,
        "East": 9009,
        "West": 9010
      }
    },
    {
      "id": 9012,
      "name": "At the door to the Tower of Nirvana",
      "exits": {
        "North": 9014,
        "South": 9005,
        "West": 9008
      }
    },
    {
      "id": 9013,
      "name": "At the door to the Tower of Nirvana",
      "exits": {
        "North": 9015,
        "East": 9007,
        "South": 9006
      }
    },
    {
      "id": 9014,
      "name": "A north-south area of the Plane of Nirvana",
      "exits": {
        "North": 9027,
        "South": 9012
      }
    },
    {
      "id": 9015,
      "name": "A north-south area on the Plane of Nirvana",
      "exits": {
        "North": 9028,
        "South": 9013
      }
    },
    {
      "id": 9016,
      "name": "Dead End",
      "exits": {
        "West": 9018
      }
    },
    {
      "id": 9017,
      "name": "Dead End",
      "exits": {
        "East": 9019
      }
    },
    {
      "id": 9018,
      "name": "A Tertain\u0027s lair",
      "exits": {
        "East": 9016,
        "West": 9020
      }
    },
    {
      "id": 9019,
      "name": "A Tertian\u0027s lair",
      "exits": {
        "East": 9020,
        "West": 9017
      }
    },
    {
      "id": 9020,
      "name": "The Lair of Primus",
      "exits": {
        "North": 9024,
        "East": 9018,
        "South": 9021,
        "West": 9019
      }
    },
    {
      "id": 9021,
      "name": "A Tertian\u0027s lair",
      "exits": {
        "North": 9020,
        "South": 9022
      }
    },
    {
      "id": 9022,
      "name": "The office of a Quinton",
      "exits": {
        "North": 9021,
        "East": 9046,
        "South": 9023,
        "West": 9053
      }
    },
    {
      "id": 9023,
      "name": "A wide north-south passageway",
      "exits": {
        "North": 9022,
        "South": 9011
      }
    },
    {
      "id": 9024,
      "name": "A Tertian\u0027s lair",
      "exits": {
        "North": 9025,
        "South": 9020
      }
    },
    {
      "id": 9025,
      "name": "A north south tunnel",
      "exits": {
        "North": 9026,
        "South": 9024
      }
    },
    {
      "id": 9026,
      "name": "An intersection of passages",
      "exits": {
        "North": 9031,
        "East": 9032,
        "South": 9025
      }
    },
    {
      "id": 9027,
      "name": "A change of direction",
      "exits": {
        "South": 9014,
        "West": 9030
      }
    },
    {
      "id": 9028,
      "name": "A change of direction",
      "exits": {
        "East": 9029,
        "South": 9015
      }
    },
    {
      "id": 9029,
      "name": "An east-west route on the Plane of Nirvana",
      "exits": {
        "East": 9031,
        "West": 9028
      }
    },
    {
      "id": 9030,
      "name": "An east-west route on The Plane of Nirvana",
      "exits": {
        "East": 9027,
        "West": 9031
      }
    },
    {
      "id": 9031,
      "name": "A large door in the passage",
      "exits": {
        "East": 9030,
        "South": 9026,
        "West": 9029
      }
    },
    {
      "id": 9032,
      "name": "A Junction in the passage",
      "exits": {
        "North": 9033,
        "East": 9035,
        "South": 9034,
        "West": 9026
      }
    },
    {
      "id": 9033,
      "name": "The office of the Octon",
      "exits": {
        "South": 9032
      }
    },
    {
      "id": 9034,
      "name": "A small room",
      "exits": {
        "North": 9032
      }
    },
    {
      "id": 9035,
      "name": "A passageway",
      "exits": {
        "North": 9036,
        "East": 9038,
        "South": 9037,
        "West": 9032
      }
    },
    {
      "id": 9036,
      "name": "Lair of a Hexton",
      "exits": {
        "South": 9035
      }
    },
    {
      "id": 9037,
      "name": "Office of a Hexton",
      "exits": {
        "North": 9035
      }
    },
    {
      "id": 9038,
      "name": "Office of a Secundus",
      "exits": {
        "West": 9035
      }
    },
    {
      "id": 9039,
      "name": "A Junction in the hallway",
      "exits": {
        "North": 9040,
        "East": 9025,
        "South": 9041,
        "West": 9042
      }
    },
    {
      "id": 9040,
      "name": "Office of an Octon",
      "exits": {
        "South": 9039
      }
    },
    {
      "id": 9041,
      "name": "Office of a Septon",
      "exits": {
        "North": 9039
      }
    },
    {
      "id": 9042,
      "name": "An east-west passage",
      "exits": {
        "North": 9043,
        "East": 9039,
        "South": 9044,
        "West": 9045
      }
    },
    {
      "id": 9043,
      "name": "The Barracks",
      "exits": {
        "South": 9042
      }
    },
    {
      "id": 9044,
      "name": "The Commander\u0027s Post",
      "exits": {
        "North": 9042
      }
    },
    {
      "id": 9045,
      "name": "The chamber of the second Secundus",
      "exits": {
        "East": 9042
      }
    },
    {
      "id": 9046,
      "name": "A Passageway",
      "exits": {
        "North": 9047,
        "East": 9049,
        "South": 9048,
        "West": 9022
      }
    },
    {
      "id": 9047,
      "name": "Chamber of the Octon",
      "exits": {
        "South": 9046
      }
    },
    {
      "id": 9048,
      "name": "Chamber of the Nonaton",
      "exits": {
        "North": 9046
      }
    },
    {
      "id": 9049,
      "name": "End of the passageway",
      "exits": {
        "North": 9050,
        "East": 9052,
        "South": 9051,
        "West": 9046
      }
    },
    {
      "id": 9050,
      "name": "Chamber of a Hexton",
      "exits": {
        "South": 9049
      }
    },
    {
      "id": 9051,
      "name": "Chamber of a Hexton",
      "exits": {
        "North": 9049
      }
    },
    {
      "id": 9052,
      "name": "Chamber of the Secudus",
      "exits": {
        "West": 9049
      }
    },
    {
      "id": 9053,
      "name": "A passageway",
      "exits": {
        "North": 9054,
        "East": 9022,
        "South": 9055,
        "West": 9059
      }
    },
    {
      "id": 9054,
      "name": "A small chamber",
      "exits": {
        "South": 9053
      }
    },
    {
      "id": 9055,
      "name": "A cramped room",
      "exits": {
        "North": 9053
      }
    },
    {
      "id": 9056,
      "name": "A large room",
      "exits": {
        "South": 9059
      }
    },
    {
      "id": 9057,
      "name": "A room",
      "exits": {
        "North": 9059
      }
    },
    {
      "id": 9058,
      "name": "Chamber of The First Secundus",
      "exits": {
        "East": 9059
      }
    },
    {
      "id": 9059,
      "name": "Junction in the hallway",
      "exits": {
        "North": 9056,
        "East": 9053,
        "South": 9057,
        "West": 9058
      }
    },
    {
      "id": 9060,
      "name": "An Ethereal Pathway",
      "exits": {
        "North": 9000,
        "South": 9061
      }
    },
    {
      "id": 9061,
      "name": "An Ethereal Pathway",
      "exits": {
        "North": 9060,
        "South": 40922
      }
    },
    {
      "id": 40922,
      "name": "To Eastern Shatar Road",
      "otherAreaExit": true,
      "exits": {
        "North": 9061,
        "East": 40923,
        "West": 40921
      }
    }
  ]
}