{
  "name": "Orduno\u0027s Forge",
  "buildOptions": {
    "maxSteps": 1000,
    "fixObstacles": true,
    "fixNonStraight": true,
    "fixIntersected": true,
    "compactMap": true,
    "addDebugInfo": false,
    "colorizeConnectionIssues": true
  },
  "rooms": [
    {
      "id": 25500,
      "name": "a dirt path",
      "exits": {
        "North": 25501
      }
    },
    {
      "id": 25501,
      "name": "a dirt path",
      "exits": {
        "North": 25502,
        "South": 25500
      }
    },
    {
      "id": 25502,
      "name": "a dirt path",
      "exits": {
        "North": 25503,
        "South": 25501
      }
    },
    {
      "id": 25503,
      "name": "a bend in the dirt path",
      "exits": {
        "East": 25504,
        "South": 25502
      }
    },
    {
      "id": 25504,
      "name": "a path around a giant tree",
      "exits": {
        "North": 25505,
        "West": 25503
      }
    },
    {
      "id": 25505,
      "name": "a path around a giant tree",
      "exits": {
        "North": 25506,
        "South": 25504
      }
    },
    {
      "id": 25506,
      "name": "before the building",
      "exits": {
        "North": 25507,
        "South": 25505
      }
    },
    {
      "id": 25507,
      "name": "inside the forge",
      "exits": {
        "North": 25508,
        "East": 25515,
        "South": 25506,
        "West": 25510
      }
    },
    {
      "id": 25508,
      "name": "inside the forge",
      "exits": {
        "North": 25512,
        "East": 25514,
        "South": 25507,
        "West": 25509
      }
    },
    {
      "id": 25509,
      "name": "inside the forge",
      "exits": {
        "North": 25511,
        "East": 25508,
        "South": 25510
      }
    },
    {
      "id": 25510,
      "name": "inside the forge",
      "exits": {
        "North": 25509,
        "East": 25507
      }
    },
    {
      "id": 25511,
      "name": "inside the forge",
      "exits": {
        "East": 25512,
        "South": 25509
      }
    },
    {
      "id": 25512,
      "name": "The Workbench of The Creator",
      "exits": {
        "East": 25513,
        "South": 25508,
        "West": 25511
      }
    },
    {
      "id": 25513,
      "name": "inside the forge",
      "exits": {
        "South": 25514,
        "West": 25512
      }
    },
    {
      "id": 25514,
      "name": "inside the forge",
      "exits": {
        "North": 25513,
        "East": 25516,
        "South": 25515,
        "West": 25508
      }
    },
    {
      "id": 25515,
      "name": "inside the forge",
      "exits": {
        "North": 25514,
        "West": 25507
      }
    },
    {
      "id": 25516,
      "name": "a storage closet",
      "exits": {
        "West": 25514
      }
    },
    {
      "id": 25517,
      "name": "standing inside the flame",
      "exits": {}
    }
  ]
}