{
  "name": "Outskirts of Astoria",
  "buildOptions": {
    "maxSteps": 1000,
    "fixObstacles": true,
    "fixNonStraight": true,
    "fixIntersected": true,
    "compactMap": true,
    "addDebugInfo": false,
    "colorizeConnectionIssues": true
  },
  "rooms": [
    {
      "id": 19500,
      "name": "The Eastern Crossroads",
      "exits": {
        "North": 19501,
        "East": 19600,
        "South": 19571,
        "West": 19000
      }
    },
    {
      "id": 19501,
      "name": "The Eastern Outskirts of Astoria",
      "exits": {
        "North": 19502,
        "South": 19500
      }
    },
    {
      "id": 19502,
      "name": "The Eastern Outskirts of Astoria",
      "exits": {
        "North": 19503,
        "South": 19501
      }
    },
    {
      "id": 19503,
      "name": "The Eastern Outskirts of Astoria",
      "exits": {
        "North": 19504,
        "South": 19502
      }
    },
    {
      "id": 19504,
      "name": "The Eastern Outskirts of Astoria",
      "exits": {
        "North": 19505,
        "South": 19503
      }
    },
    {
      "id": 19505,
      "name": "The North-Eastern Outskirts of Astoria",
      "exits": {
        "North": 19506,
        "South": 19504
      }
    },
    {
      "id": 19506,
      "name": "The North-Eastern Outskirts of Astoria",
      "exits": {
        "North": 19507,
        "South": 19505
      }
    },
    {
      "id": 19507,
      "name": "The North-Eastern Outskirts of Astoria",
      "exits": {
        "North": 19508,
        "South": 19506
      }
    },
    {
      "id": 19508,
      "name": "The North-Eastern Outskirts of Astoria",
      "exits": {
        "North": 19509,
        "South": 19507
      }
    },
    {
      "id": 19509,
      "name": "The North-Eastern Outskirts of Astoria",
      "exits": {
        "North": 19510,
        "South": 19508
      }
    },
    {
      "id": 19510,
      "name": "The North-Eastern Outskirts of Astoria",
      "exits": {
        "North": 19511,
        "East": 24379,
        "South": 19509
      }
    },
    {
      "id": 19511,
      "name": "The North-Eastern corner of the Outskirts of Astoria",
      "exits": {
        "South": 19510,
        "West": 19512
      }
    },
    {
      "id": 19512,
      "name": "The North-Eastern Outskirts of Astoria",
      "exits": {
        "East": 19511,
        "West": 19513
      }
    },
    {
      "id": 19513,
      "name": "The North-Eastern Outskirts of Astoria",
      "exits": {
        "East": 19512,
        "West": 19514
      }
    },
    {
      "id": 19514,
      "name": "The North-Eastern Outskirts of Astoria",
      "exits": {
        "East": 19513,
        "West": 19515
      }
    },
    {
      "id": 19515,
      "name": "The Northern Outskirts of Astoria",
      "exits": {
        "East": 19514,
        "West": 19516
      }
    },
    {
      "id": 19516,
      "name": "The Northern Outskirts of Astoria",
      "exits": {
        "East": 19515,
        "West": 19517
      }
    },
    {
      "id": 19517,
      "name": "The Northern Outskirts of Astoria",
      "exits": {
        "East": 19516,
        "West": 19518
      }
    },
    {
      "id": 19518,
      "name": "The Northern Outskirts of Astoria",
      "exits": {
        "East": 19517,
        "West": 19519
      }
    },
    {
      "id": 19519,
      "name": "The Northern Outskirts of Astoria",
      "exits": {
        "East": 19518,
        "West": 19520
      }
    },
    {
      "id": 19520,
      "name": "The Northern Crossroads",
      "exits": {
        "North": 40700,
        "East": 19519,
        "South": 19115,
        "West": 19521
      }
    },
    {
      "id": 19521,
      "name": "The Northern Outskirts of Astoria",
      "exits": {
        "East": 19520,
        "West": 19522
      }
    },
    {
      "id": 19522,
      "name": "The Northern Outskirts of Astoria",
      "exits": {
        "East": 19521,
        "West": 19523
      }
    },
    {
      "id": 19523,
      "name": "The North-Western Outskirts of Astoria",
      "exits": {
        "East": 19522,
        "West": 19524
      }
    },
    {
      "id": 19524,
      "name": "The North-Western Outskirts of Astoria",
      "exits": {
        "East": 19523,
        "West": 19525
      }
    },
    {
      "id": 19525,
      "name": "The North-Western Outskirts of Astoria",
      "exits": {
        "East": 19524,
        "West": 19573
      }
    },
    {
      "id": 19526,
      "name": "The North-Western corner of the Outskirts of Astoria",
      "exits": {
        "East": 19572,
        "South": 19527
      }
    },
    {
      "id": 19527,
      "name": "The North-Western Outskirts of Astoria",
      "exits": {
        "North": 19526,
        "South": 19528
      }
    },
    {
      "id": 19528,
      "name": "The North-Western Outskirts of Astoria",
      "exits": {
        "North": 19527,
        "South": 19529
      }
    },
    {
      "id": 19529,
      "name": "The North-Western Outskirts of Astoria",
      "exits": {
        "North": 19528,
        "South": 19530
      }
    },
    {
      "id": 19530,
      "name": "The North-Western Outskirts of Astoria",
      "exits": {
        "North": 19529,
        "South": 19531
      }
    },
    {
      "id": 19531,
      "name": "The North-Western Outskirts of Astoria",
      "exits": {
        "North": 19530,
        "South": 19532
      }
    },
    {
      "id": 19532,
      "name": "The Western Outskirts of Astoria",
      "exits": {
        "North": 19531,
        "South": 19533,
        "West": 51564
      }
    },
    {
      "id": 19533,
      "name": "The Western Outskirts of Astoria",
      "exits": {
        "North": 19532,
        "South": 19534,
        "West": 51568
      }
    },
    {
      "id": 19534,
      "name": "The Western Outskirts of Astoria",
      "exits": {
        "North": 19533,
        "South": 19535,
        "West": 51567
      }
    },
    {
      "id": 19535,
      "name": "The Western Outskirts of Astoria",
      "exits": {
        "North": 19534,
        "South": 19536,
        "West": 51566
      }
    },
    {
      "id": 19536,
      "name": "The Western Outskirts of Astoria",
      "exits": {
        "North": 19535,
        "South": 19537,
        "West": 51565
      }
    },
    {
      "id": 19537,
      "name": "The Western Crossroads",
      "exits": {
        "North": 19536,
        "East": 19014,
        "South": 19538,
        "West": 51400
      }
    },
    {
      "id": 19538,
      "name": "The Western Outskirts of Astoria",
      "exits": {
        "North": 19537,
        "South": 19539
      }
    },
    {
      "id": 19539,
      "name": "The Western Outskirts of Astoria",
      "exits": {
        "North": 19538,
        "South": 19540
      }
    },
    {
      "id": 19540,
      "name": "The Western Outskirts of Astoria",
      "exits": {
        "North": 19539,
        "South": 19541
      }
    },
    {
      "id": 19541,
      "name": "The South-Western Outskirts of Astoria",
      "exits": {
        "North": 19540,
        "South": 19542
      }
    },
    {
      "id": 19542,
      "name": "The South-Western Outskirts of Astoria",
      "exits": {
        "North": 19541,
        "South": 19543
      }
    },
    {
      "id": 19543,
      "name": "The South-Western Outskirts of Astoria",
      "exits": {
        "North": 19542,
        "South": 19544
      }
    },
    {
      "id": 19544,
      "name": "The South-Western Outskirts of Astoria",
      "exits": {
        "North": 19543,
        "South": 19545
      }
    },
    {
      "id": 19545,
      "name": "The South-Western Outskirts of Astoria",
      "exits": {
        "North": 19544,
        "South": 19546
      }
    },
    {
      "id": 19546,
      "name": "The South-Western Outskirts of Astoria",
      "exits": {
        "North": 19545,
        "South": 19576
      }
    },
    {
      "id": 19547,
      "name": "The South-West corner of the Outskirts of Astoria",
      "exits": {
        "North": 19576,
        "East": 19575
      }
    },
    {
      "id": 19548,
      "name": "The South-Western Outskirts of Astoria",
      "exits": {
        "East": 19549,
        "West": 19574
      }
    },
    {
      "id": 19549,
      "name": "The South-Western Outskirts of Astoria",
      "exits": {
        "East": 19550,
        "West": 19548
      }
    },
    {
      "id": 19550,
      "name": "Southern Crossroads",
      "exits": {
        "North": 19064,
        "East": 19551,
        "South": 40505,
        "West": 19549
      }
    },
    {
      "id": 19551,
      "name": "The Southern Outskirts of Astoria",
      "exits": {
        "East": 19552,
        "West": 19550
      }
    },
    {
      "id": 19552,
      "name": "The Southern Outskirts of Astoria",
      "exits": {
        "East": 19553,
        "West": 19551
      }
    },
    {
      "id": 19553,
      "name": "The Southern Outskirts of Astoria",
      "exits": {
        "East": 19554,
        "West": 19552
      }
    },
    {
      "id": 19554,
      "name": "The Southern Outskirts of Astoria",
      "exits": {
        "East": 19555,
        "West": 19553
      }
    },
    {
      "id": 19555,
      "name": "The Southern Outskirts of Astoria",
      "exits": {
        "East": 19556,
        "West": 19554
      }
    },
    {
      "id": 19556,
      "name": "The Southern Outskirts of Astoria",
      "exits": {
        "East": 19557,
        "West": 19555
      }
    },
    {
      "id": 19557,
      "name": "The Southern Outskirts of Astoria",
      "exits": {
        "East": 19558,
        "West": 19556
      }
    },
    {
      "id": 19558,
      "name": "The South-Eastern Outskirts of Astoria",
      "exits": {
        "East": 19559,
        "West": 19557
      }
    },
    {
      "id": 19559,
      "name": "The South-Eastern Outskirts of Astoria",
      "exits": {
        "East": 19560,
        "West": 19558
      }
    },
    {
      "id": 19560,
      "name": "The South-Eastern Outskirts of Astoria",
      "exits": {
        "East": 19561,
        "West": 19559
      }
    },
    {
      "id": 19561,
      "name": "The South-Eastern Outskirts of Astoria",
      "exits": {
        "East": 19562,
        "West": 19560
      }
    },
    {
      "id": 19562,
      "name": "The South-Eastern corner of the Outskirts of Astoria",
      "exits": {
        "North": 19577,
        "West": 19561
      }
    },
    {
      "id": 19563,
      "name": "The South-Eastern Outskirts of Astoria",
      "exits": {
        "North": 19564,
        "South": 19577
      }
    },
    {
      "id": 19564,
      "name": "The South-Eastern Outskirts of Astoria",
      "exits": {
        "North": 19565,
        "South": 19563
      }
    },
    {
      "id": 19565,
      "name": "The South-Eastern Outskirts of Astoria",
      "exits": {
        "North": 19566,
        "South": 19564
      }
    },
    {
      "id": 19566,
      "name": "The South-Eastern Outskirts of Astoria",
      "exits": {
        "North": 19567,
        "South": 19565
      }
    },
    {
      "id": 19567,
      "name": "The South-Eastern Outskirts of Astoria",
      "exits": {
        "North": 19568,
        "South": 19566
      }
    },
    {
      "id": 19568,
      "name": "The Eastern Outskirts of Astoria",
      "exits": {
        "North": 19569,
        "South": 19567
      }
    },
    {
      "id": 19569,
      "name": "The Eastern Outskirts of Astoria",
      "exits": {
        "North": 19570,
        "South": 19568
      }
    },
    {
      "id": 19570,
      "name": "The Eastern Outskirts of Astoria",
      "exits": {
        "North": 19571,
        "South": 19569
      }
    },
    {
      "id": 19571,
      "name": "The Eastern Outskirts of Astoria",
      "exits": {
        "North": 19500,
        "South": 19570
      }
    },
    {
      "id": 19572,
      "name": "The North-Western Outskirts of Astoria",
      "exits": {
        "East": 19573,
        "West": 19526
      }
    },
    {
      "id": 19573,
      "name": "The North-Western Outskirts of Astoria",
      "exits": {
        "East": 19525,
        "West": 19572
      }
    },
    {
      "id": 19574,
      "name": "The South-Western Outskirts of Astoria",
      "exits": {
        "East": 19548,
        "West": 19575
      }
    },
    {
      "id": 19575,
      "name": "The South-Western Outskirts of Astoria",
      "exits": {
        "East": 19574,
        "West": 19547
      }
    },
    {
      "id": 19576,
      "name": "The South-Western Outskirts of Astoria",
      "exits": {
        "North": 19546,
        "South": 19547
      }
    },
    {
      "id": 19577,
      "name": "The South-Eastern Outskirts of Astoria",
      "exits": {
        "North": 19563,
        "South": 19562
      }
    },
    {
      "id": 19578,
      "name": "Tigris River",
      "exits": {
        "East": 19579,
        "West": 60007
      }
    },
    {
      "id": 19579,
      "name": "Tigris River",
      "exits": {
        "East": 19580,
        "West": 19578
      }
    },
    {
      "id": 19580,
      "name": "Tigris River",
      "exits": {
        "East": 19581,
        "West": 19579
      }
    },
    {
      "id": 19581,
      "name": "Fork in the River",
      "exits": {
        "North": 19582,
        "South": 19583,
        "West": 19580
      }
    },
    {
      "id": 19582,
      "name": "Tigris River",
      "exits": {
        "East": 60365,
        "South": 19581
      }
    },
    {
      "id": 19583,
      "name": "Tigris River",
      "exits": {
        "North": 19581,
        "East": 60369,
        "South": 60371
      }
    },
    {
      "id": 19600,
      "name": "To Eastern Road",
      "otherAreaExit": true,
      "exits": {
        "East": 19601,
        "West": 19500
      }
    },
    {
      "id": 19000,
      "name": "To Astoria",
      "otherAreaExit": true,
      "exits": {
        "North": 0,
        "East": 19500,
        "West": 19001
      }
    },
    {
      "id": 24379,
      "name": "To Dying Forest.are",
      "otherAreaExit": true,
      "exits": {
        "East": 24378,
        "West": 19510
      }
    },
    {
      "id": 40700,
      "name": "To The North Road",
      "otherAreaExit": true,
      "exits": {
        "North": 40701,
        "South": 19520
      }
    },
    {
      "id": 19115,
      "name": "To Astoria",
      "otherAreaExit": true,
      "exits": {
        "North": 19520,
        "South": 19114
      }
    },
    {
      "id": 51564,
      "name": "To Haon Dor",
      "otherAreaExit": true,
      "exits": {
        "East": 19532,
        "South": 51568,
        "West": 51563
      }
    },
    {
      "id": 51568,
      "name": "To Haon Dor",
      "otherAreaExit": true,
      "exits": {
        "North": 51564,
        "East": 19533,
        "South": 51567,
        "West": 51569
      }
    },
    {
      "id": 51567,
      "name": "To Haon Dor",
      "otherAreaExit": true,
      "exits": {
        "North": 51568,
        "East": 19534,
        "South": 51566,
        "West": 51570
      }
    },
    {
      "id": 51566,
      "name": "To Haon Dor",
      "otherAreaExit": true,
      "exits": {
        "North": 51567,
        "East": 19535,
        "South": 51565,
        "West": 51571
      }
    },
    {
      "id": 51565,
      "name": "To Haon Dor",
      "otherAreaExit": true,
      "exits": {
        "North": 51566,
        "East": 19536,
        "South": 51400,
        "West": 51572
      }
    },
    {
      "id": 19014,
      "name": "To Astoria",
      "otherAreaExit": true,
      "exits": {
        "North": 0,
        "East": 19013,
        "West": 19537
      }
    },
    {
      "id": 51400,
      "name": "To Haon Dor",
      "otherAreaExit": true,
      "exits": {
        "North": 51565,
        "East": 19537,
        "West": 51401
      }
    },
    {
      "id": 19064,
      "name": "To Astoria",
      "otherAreaExit": true,
      "exits": {
        "North": 19063,
        "South": 19550
      }
    },
    {
      "id": 40505,
      "name": "To Miden\u0027nir",
      "otherAreaExit": true,
      "exits": {
        "North": 19550,
        "East": 40506,
        "South": 40586,
        "West": 40570
      }
    },
    {
      "id": 60007,
      "name": "To The Docks",
      "otherAreaExit": true,
      "exits": {
        "East": 19578,
        "West": 60006
      }
    },
    {
      "id": 60365,
      "name": "To Tigris River",
      "otherAreaExit": true,
      "exits": {
        "East": 60364,
        "South": 60368,
        "West": 19582
      }
    },
    {
      "id": 60369,
      "name": "To Tigris River",
      "otherAreaExit": true,
      "exits": {
        "North": 60368,
        "South": 60370,
        "West": 19583
      }
    },
    {
      "id": 60371,
      "name": "To Tigris River",
      "otherAreaExit": true,
      "exits": {
        "North": 19583,
        "East": 60370,
        "South": 60372
      }
    }
  ]
}