{
  "name": "Plains",
  "buildOptions": {
    "maxSteps": 1000,
    "fixObstacles": true,
    "fixNonStraight": false,
    "fixIntersected": true,
    "compactMap": true,
    "addDebugInfo": false,
    "colorizeConnectionIssues": true
  },
  "rooms": [
    {
      "id": 300,
      "name": "Path in the plains",
      "exits": {
        "North": 315,
        "East": 301,
        "South": 40734,
        "West": 316
      }
    },
    {
      "id": 301,
      "name": "Path in the plains",
      "exits": {
        "East": 302,
        "South": 40735,
        "West": 300
      }
    },
    {
      "id": 302,
      "name": "Path in the plains",
      "exits": {
        "North": 303,
        "East": 346,
        "South": 40736,
        "West": 301
      }
    },
    {
      "id": 303,
      "name": "Path in the plains",
      "exits": {
        "North": 304,
        "East": 317,
        "South": 302,
        "West": 315
      }
    },
    {
      "id": 304,
      "name": "Path in the plains",
      "exits": {
        "North": 305,
        "South": 303
      }
    },
    {
      "id": 305,
      "name": "Path in the plains",
      "exits": {
        "North": 306,
        "East": 321,
        "South": 304,
        "West": 320
      }
    },
    {
      "id": 306,
      "name": "Path in the foothills",
      "exits": {
        "North": 326,
        "East": 307,
        "South": 305,
        "West": 359
      }
    },
    {
      "id": 307,
      "name": "Path in the foothills",
      "exits": {
        "East": 308,
        "South": 321,
        "West": 306
      }
    },
    {
      "id": 308,
      "name": "Path in the foothills",
      "exits": {
        "North": 309,
        "East": 362,
        "South": 312,
        "West": 307
      }
    },
    {
      "id": 309,
      "name": "Path in the foothills",
      "exits": {
        "East": 348,
        "South": 308,
        "West": 326
      }
    },
    {
      "id": 310,
      "name": "Path in the foothills",
      "exits": {
        "North": 327,
        "East": 311,
        "West": 309
      }
    },
    {
      "id": 311,
      "name": "Path in the foothills",
      "exits": {
        "East": 312,
        "West": 310
      }
    },
    {
      "id": 312,
      "name": "The path intersection",
      "exits": {
        "North": 308,
        "East": 361,
        "South": 332,
        "West": 321
      }
    },
    {
      "id": 313,
      "name": "Road to Ofcol",
      "exits": {
        "North": 314,
        "South": 312,
        "West": 327
      }
    },
    {
      "id": 314,
      "name": "Outside Ofcol",
      "exits": {
        "South": 313
      }
    },
    {
      "id": 315,
      "name": "Gallow hill",
      "exits": {
        "North": 320,
        "East": 303,
        "South": 300,
        "West": 318
      }
    },
    {
      "id": 316,
      "name": "Grassy plains",
      "exits": {
        "North": 318,
        "East": 300,
        "South": 51200
      }
    },
    {
      "id": 317,
      "name": "Grassy plains",
      "exits": {
        "East": 338,
        "South": 346,
        "West": 303
      }
    },
    {
      "id": 318,
      "name": "Grassy plains",
      "exits": {
        "North": 319,
        "East": 315,
        "South": 316
      }
    },
    {
      "id": 319,
      "name": "Grassy plains",
      "exits": {
        "North": 330,
        "East": 320,
        "South": 318
      }
    },
    {
      "id": 320,
      "name": "Grassy plains",
      "exits": {
        "North": 322,
        "East": 305,
        "South": 315,
        "West": 319
      }
    },
    {
      "id": 321,
      "name": "Grassy plains",
      "exits": {
        "North": 307,
        "East": 312,
        "South": 338,
        "West": 305
      }
    },
    {
      "id": 322,
      "name": "Grassy foothills",
      "exits": {
        "North": 324,
        "South": 320,
        "West": 330
      }
    },
    {
      "id": 323,
      "name": "The steep foothills",
      "exits": {
        "North": 7800,
        "East": 324,
        "South": 330
      }
    },
    {
      "id": 324,
      "name": "The steep foothills",
      "exits": {
        "East": 325,
        "South": 322,
        "West": 323
      }
    },
    {
      "id": 325,
      "name": "The steep foothills",
      "exits": {
        "East": 326,
        "West": 324
      }
    },
    {
      "id": 326,
      "name": "The pool in the foothills",
      "exits": {
        "East": 309,
        "South": 306,
        "West": 325
      }
    },
    {
      "id": 327,
      "name": "The foothills",
      "exits": {
        "South": 310
      }
    },
    {
      "id": 330,
      "name": "In front of hut in foothills",
      "exits": {
        "North": 323,
        "East": 322,
        "South": 319,
        "West": 331
      }
    },
    {
      "id": 331,
      "name": "Hermit\u0027s hut",
      "exits": {
        "East": 330
      }
    },
    {
      "id": 332,
      "name": "The ancient path",
      "exits": {
        "North": 312,
        "East": 360,
        "South": 339,
        "West": 338
      }
    },
    {
      "id": 333,
      "name": "The ancient path",
      "exits": {
        "North": 332,
        "South": 334
      }
    },
    {
      "id": 334,
      "name": "The ancient path",
      "exits": {
        "North": 333,
        "South": 335
      }
    },
    {
      "id": 335,
      "name": "The ancient path",
      "exits": {
        "North": 334,
        "East": 336
      }
    },
    {
      "id": 336,
      "name": "The wooden bridge",
      "exits": {
        "East": 337,
        "West": 335
      }
    },
    {
      "id": 337,
      "name": "The ancient path",
      "exits": {
        "East": 339,
        "West": 336
      }
    },
    {
      "id": 338,
      "name": "Grassy plains",
      "exits": {
        "North": 321,
        "East": 332,
        "South": 347,
        "West": 317
      }
    },
    {
      "id": 339,
      "name": "The Stones of G\u0027harne",
      "exits": {
        "North": 332,
        "East": 359,
        "South": 40739,
        "West": 347,
        "Down": 340
      }
    },
    {
      "id": 340,
      "name": "Dark smelly tunnels",
      "exits": {
        "South": 341,
        "West": 342,
        "Up": 339
      }
    },
    {
      "id": 341,
      "name": "Dead end of tunnel",
      "exits": {
        "North": 340
      }
    },
    {
      "id": 342,
      "name": "Dark smelly tunnels",
      "exits": {
        "East": 340,
        "West": 343
      }
    },
    {
      "id": 343,
      "name": "Dark smelly tunnels",
      "exits": {
        "East": 342,
        "West": 344
      }
    },
    {
      "id": 344,
      "name": "The Hall of G\u0027harne",
      "exits": {
        "East": 343
      }
    },
    {
      "id": 345,
      "name": "Steep slope",
      "exits": {}
    },
    {
      "id": 346,
      "name": "Open Plains",
      "exits": {
        "North": 317,
        "East": 347,
        "South": 40737,
        "West": 302
      }
    },
    {
      "id": 347,
      "name": "Open Plains",
      "exits": {
        "North": 338,
        "East": 339,
        "South": 40738,
        "West": 346
      }
    },
    {
      "id": 348,
      "name": "Open Plains",
      "exits": {
        "East": 349,
        "South": 362,
        "West": 309
      }
    },
    {
      "id": 349,
      "name": "Open Plains",
      "exits": {
        "East": 350,
        "South": 363,
        "West": 348
      }
    },
    {
      "id": 350,
      "name": "Open Plains",
      "exits": {
        "East": 351,
        "South": 364,
        "West": 349
      }
    },
    {
      "id": 351,
      "name": "Open Plains",
      "exits": {
        "East": 352,
        "South": 365,
        "West": 350
      }
    },
    {
      "id": 352,
      "name": "Open Plains",
      "exits": {
        "East": 353,
        "South": 367,
        "West": 351
      }
    },
    {
      "id": 353,
      "name": "Open Plains",
      "exits": {
        "East": 354,
        "South": 368,
        "West": 352
      }
    },
    {
      "id": 354,
      "name": "Open Plains",
      "exits": {
        "East": 355,
        "South": 40757,
        "West": 353
      }
    },
    {
      "id": 355,
      "name": "Open Plains",
      "exits": {
        "East": 40760,
        "South": 40758,
        "West": 354
      }
    },
    {
      "id": 356,
      "name": "Open Plains",
      "exits": {
        "East": 357,
        "West": 355
      }
    },
    {
      "id": 357,
      "name": "Open Plains",
      "exits": {
        "East": 358,
        "West": 356
      }
    },
    {
      "id": 358,
      "name": "Open Plains",
      "exits": {
        "West": 357
      }
    },
    {
      "id": 40734,
      "name": "To The North Road",
      "otherAreaExit": true,
      "exits": {
        "North": 300,
        "East": 40735,
        "South": 40733,
        "West": 51200
      }
    },
    {
      "id": 40735,
      "name": "To The North Road",
      "otherAreaExit": true,
      "exits": {
        "North": 301,
        "East": 40736,
        "West": 40734
      }
    },
    {
      "id": 40736,
      "name": "To The North Road",
      "otherAreaExit": true,
      "exits": {
        "North": 302,
        "East": 40737,
        "West": 40735
      }
    },
    {
      "id": 359,
      "name": "To The North Road",
      "otherAreaExit": true,
      "exits": {
        "North": 360,
        "South": 40740,
        "West": 339
      }
    },
    {
      "id": 362,
      "name": "To The North Road",
      "otherAreaExit": true,
      "exits": {
        "North": 348,
        "East": 363,
        "South": 361,
        "West": 308
      }
    },
    {
      "id": 361,
      "name": "To The North Road",
      "otherAreaExit": true,
      "exits": {
        "North": 362,
        "South": 360,
        "West": 312
      }
    },
    {
      "id": 51200,
      "name": "To The Western Plains",
      "otherAreaExit": true,
      "exits": {
        "North": 316,
        "East": 40734,
        "South": 51201
      }
    },
    {
      "id": 7800,
      "name": "To Valley of the Elves",
      "otherAreaExit": true,
      "exits": {
        "North": 7801,
        "South": 323
      }
    },
    {
      "id": 360,
      "name": "To The North Road",
      "otherAreaExit": true,
      "exits": {
        "North": 361,
        "South": 359,
        "West": 332
      }
    },
    {
      "id": 40739,
      "name": "To The North Road",
      "otherAreaExit": true,
      "exits": {
        "North": 339,
        "East": 40740,
        "West": 40810
      }
    },
    {
      "id": 40737,
      "name": "To The North Road",
      "otherAreaExit": true,
      "exits": {
        "North": 346,
        "East": 40738,
        "West": 40736
      }
    },
    {
      "id": 40738,
      "name": "To The North Road",
      "otherAreaExit": true,
      "exits": {
        "North": 347,
        "East": 40812,
        "West": 40737
      }
    },
    {
      "id": 363,
      "name": "To The North Road",
      "otherAreaExit": true,
      "exits": {
        "North": 349,
        "East": 364,
        "West": 362
      }
    },
    {
      "id": 364,
      "name": "To The North Road",
      "otherAreaExit": true,
      "exits": {
        "North": 350,
        "East": 365,
        "West": 363
      }
    },
    {
      "id": 365,
      "name": "To The North Road",
      "otherAreaExit": true,
      "exits": {
        "North": 351,
        "East": 367,
        "West": 364
      }
    },
    {
      "id": 367,
      "name": "To The North Road",
      "otherAreaExit": true,
      "exits": {
        "North": 352,
        "East": 368,
        "West": 365
      }
    },
    {
      "id": 368,
      "name": "To The North Road",
      "otherAreaExit": true,
      "exits": {
        "North": 353,
        "East": 40757,
        "West": 367
      }
    },
    {
      "id": 40757,
      "name": "To The North Road",
      "otherAreaExit": true,
      "exits": {
        "North": 354,
        "East": 40758,
        "South": 40756,
        "West": 368
      }
    },
    {
      "id": 40760,
      "name": "To The North Road",
      "otherAreaExit": true,
      "exits": {
        "North": 40761,
        "South": 40759,
        "West": 355
      }
    },
    {
      "id": 40758,
      "name": "To The North Road",
      "otherAreaExit": true,
      "exits": {
        "North": 355,
        "East": 40759,
        "West": 40757
      }
    }
  ]
}