{
  "name": "Pyramid",
  "buildOptions": {
    "maxSteps": 1000,
    "fixObstacles": true,
    "fixNonStraight": false,
    "fixIntersected": true,
    "compactMap": true,
    "addDebugInfo": false,
    "colorizeConnectionIssues": true
  },
  "rooms": [
    {
      "id": 8700,
      "name": "The Great Eastern Desert",
      "exits": {
        "North": 8700,
        "East": 8701,
        "South": 8700,
        "West": 5057
      }
    },
    {
      "id": 8701,
      "name": "At the Base of the Pyramid",
      "exits": {
        "West": 8700,
        "Up": 8702
      }
    },
    {
      "id": 8702,
      "name": "Climbing the Great Pyramid",
      "exits": {
        "North": 8703,
        "South": 8704,
        "Up": 8707,
        "Down": 8701
      }
    },
    {
      "id": 8703,
      "name": "Climbing the Great Pyramid",
      "exits": {
        "East": 8705,
        "West": 8702,
        "Up": 8707,
        "Down": 8707
      }
    },
    {
      "id": 8704,
      "name": "Climbing the Great Pyramid",
      "exits": {
        "East": 8705,
        "West": 8702,
        "Up": 8707,
        "Down": 8707
      }
    },
    {
      "id": 8705,
      "name": "Climbing the Great Pyramid",
      "exits": {
        "North": 8703,
        "South": 8704,
        "Up": 8706,
        "Down": 8707
      }
    },
    {
      "id": 8706,
      "name": "The Apex of the Great Pyramid",
      "exits": {
        "North": 8707,
        "East": 8705,
        "South": 8707,
        "West": 8707,
        "Down": 8708
      }
    },
    {
      "id": 8707,
      "name": "Climbing the Great Pyramid",
      "exits": {
        "Down": 8702
      }
    },
    {
      "id": 8708,
      "name": "A Ladder",
      "exits": {
        "Up": 8706,
        "Down": 8709
      }
    },
    {
      "id": 8709,
      "name": "A Musty Chamber",
      "exits": {
        "North": 8712,
        "East": 8739,
        "South": 8724,
        "West": 8710,
        "Up": 8708
      }
    },
    {
      "id": 8710,
      "name": "The Fire Pool",
      "exits": {
        "East": 8709,
        "West": 8711
      }
    },
    {
      "id": 8711,
      "name": "The Chamber of the Efreet",
      "exits": {
        "East": 8710
      }
    },
    {
      "id": 8712,
      "name": "A Tiny Crawlway",
      "exits": {
        "North": 8713,
        "South": 8709,
        "Up": 8737
      }
    },
    {
      "id": 8713,
      "name": "A Tiny Crawlway",
      "exits": {
        "South": 8712,
        "West": 8714
      }
    },
    {
      "id": 8714,
      "name": "A Tiny Crawlway",
      "exits": {
        "East": 8713,
        "West": 8715
      }
    },
    {
      "id": 8715,
      "name": "A Tightening in the Crawlway",
      "exits": {
        "East": 8714,
        "South": 8716,
        "Down": 8718
      }
    },
    {
      "id": 8716,
      "name": "The Crawlway\u0027s End",
      "exits": {
        "North": 8715
      }
    },
    {
      "id": 8717,
      "name": "A Slippery Hole",
      "exits": {
        "South": 8719
      }
    },
    {
      "id": 8718,
      "name": "Under the Hole",
      "exits": {
        "South": 8719,
        "Up": 8715
      }
    },
    {
      "id": 8719,
      "name": "A Rough Crevasse",
      "exits": {
        "North": 8718,
        "South": 8720,
        "Down": 8721
      }
    },
    {
      "id": 8720,
      "name": "A Small Fire",
      "exits": {
        "North": 8719
      }
    },
    {
      "id": 8721,
      "name": "Down the Crevasse",
      "exits": {
        "Up": 8719,
        "Down": 8722
      }
    },
    {
      "id": 8722,
      "name": "At the Crevasse\u0027s End",
      "exits": {
        "South": 8723,
        "Up": 8721
      }
    },
    {
      "id": 8723,
      "name": "The Vault of the Lamp",
      "exits": {
        "North": 8722
      }
    },
    {
      "id": 8724,
      "name": "A Crack in the Wall",
      "exits": {
        "North": 8709,
        "South": 8725
      }
    },
    {
      "id": 8725,
      "name": "A Looted Tomb",
      "exits": {
        "North": 8724,
        "East": 8733,
        "West": 8726
      }
    },
    {
      "id": 8726,
      "name": "A Demolished Tomb",
      "exits": {
        "East": 8725,
        "West": 8727
      }
    },
    {
      "id": 8727,
      "name": "A Stairway",
      "exits": {
        "East": 8726,
        "Down": 8728
      }
    },
    {
      "id": 8728,
      "name": "A Stairway",
      "exits": {
        "Up": 8727,
        "Down": 8729
      }
    },
    {
      "id": 8729,
      "name": "A Stairway",
      "exits": {
        "South": 8730,
        "Up": 8728
      }
    },
    {
      "id": 8730,
      "name": "The Ancient Hall",
      "exits": {
        "North": 8729,
        "South": 8731
      }
    },
    {
      "id": 8731,
      "name": "A Raised Dais",
      "exits": {
        "North": 8730,
        "Down": 8732
      }
    },
    {
      "id": 8732,
      "name": "The Tomb of Ramses",
      "exits": {
        "Up": 8731
      }
    },
    {
      "id": 8733,
      "name": "A Ransacked Tomb",
      "exits": {
        "East": 8734,
        "West": 8725
      }
    },
    {
      "id": 8734,
      "name": "A Tunnel",
      "exits": {
        "East": 8735,
        "West": 8733
      }
    },
    {
      "id": 8735,
      "name": "A Fork in the Tunnel",
      "exits": {
        "East": 8736,
        "West": 8734,
        "Down": 8746
      }
    },
    {
      "id": 8736,
      "name": "A Tunnel",
      "exits": {
        "North": 8742,
        "West": 8735
      }
    },
    {
      "id": 8737,
      "name": "A Dank Chamber",
      "exits": {
        "East": 8738,
        "West": 8712
      }
    },
    {
      "id": 8738,
      "name": "A Spiral Stairway",
      "exits": {
        "Up": 8737,
        "Down": 8741
      }
    },
    {
      "id": 8739,
      "name": "A Dust-Covered Hallway",
      "exits": {
        "East": 8740,
        "West": 8709
      }
    },
    {
      "id": 8740,
      "name": "A Smelly Chamber",
      "exits": {
        "East": 8741,
        "West": 8739
      }
    },
    {
      "id": 8741,
      "name": "A Dust-Covered Hallway",
      "exits": {
        "East": 8742,
        "West": 8740,
        "Up": 8738
      }
    },
    {
      "id": 8742,
      "name": "A Turn in the Hallway",
      "exits": {
        "North": 8743,
        "South": 8736,
        "West": 8741
      }
    },
    {
      "id": 8743,
      "name": "A Dead End",
      "exits": {
        "South": 8742,
        "Down": 8744
      }
    },
    {
      "id": 8744,
      "name": "The Tomb Entrance",
      "exits": {
        "North": 8745,
        "Up": 8743
      }
    },
    {
      "id": 8745,
      "name": "The Tomb of the Pharoahs",
      "exits": {
        "South": 8744
      }
    },
    {
      "id": 8746,
      "name": "A Rubble-Strewn Hallway",
      "exits": {
        "South": 8747,
        "Up": 8735
      }
    },
    {
      "id": 8747,
      "name": "A Sandstone Crypt",
      "exits": {
        "North": 8746,
        "East": 8748,
        "South": 8753
      }
    },
    {
      "id": 8748,
      "name": "An Arched Hall",
      "exits": {
        "East": 8749,
        "West": 8747
      }
    },
    {
      "id": 8749,
      "name": "An Arched Hall",
      "exits": {
        "North": 8748,
        "East": 8750,
        "South": 8751
      }
    },
    {
      "id": 8750,
      "name": "A Golden Crypt",
      "exits": {
        "West": 8749
      }
    },
    {
      "id": 8751,
      "name": "An Arched Hall",
      "exits": {
        "North": 8749,
        "South": 8752
      }
    },
    {
      "id": 8752,
      "name": "A Shining Vault",
      "exits": {
        "North": 8751
      }
    },
    {
      "id": 8753,
      "name": "A Massive Sand Dune",
      "exits": {
        "North": 8747,
        "South": 8754
      }
    },
    {
      "id": 8754,
      "name": "A Swirling Sandstorm",
      "exits": {
        "North": 8753,
        "East": 8754,
        "South": 8755,
        "West": 8754
      }
    },
    {
      "id": 8755,
      "name": "A Swirling Sandstorm",
      "exits": {
        "North": 8754,
        "East": 8755,
        "South": 8756,
        "West": 8755
      }
    },
    {
      "id": 8756,
      "name": "A Swirling Sandstorm",
      "exits": {
        "North": 8755,
        "East": 8756,
        "South": 8757,
        "West": 8756
      }
    },
    {
      "id": 8757,
      "name": "A Swirling Sandstorm",
      "exits": {
        "North": 8756,
        "East": 8757,
        "South": 8758,
        "West": 8757
      }
    },
    {
      "id": 8758,
      "name": "A Massive Sand Dune",
      "exits": {
        "North": 8757,
        "South": 8759
      }
    },
    {
      "id": 8759,
      "name": "Through the Hole in the Sand",
      "exits": {
        "Up": 8753
      }
    },
    {
      "id": 5057,
      "name": "To Sands of Sorrow",
      "otherAreaExit": true,
      "exits": {
        "East": 8700,
        "West": 5056
      }
    }
  ]
}