{
  "name": "Quifael\u0027s",
  "buildOptions": {
    "maxSteps": 1000,
    "fixObstacles": true,
    "fixNonStraight": true,
    "fixIntersected": true,
    "compactMap": true,
    "addDebugInfo": false,
    "colorizeConnectionIssues": true
  },
  "rooms": [
    {
      "id": 6900,
      "name": "Quifael\u0027s monster pen",
      "exits": {
        "Up": 6902
      }
    },
    {
      "id": 6901,
      "name": "Quifael\u0027s study",
      "exits": {
        "South": 6904
      }
    },
    {
      "id": 6902,
      "name": "Quifael\u0027s laboratory",
      "exits": {
        "East": 6903,
        "West": 6904,
        "Down": 6900
      }
    },
    {
      "id": 6903,
      "name": "Quifael\u0027s virtual balcony",
      "exits": {
        "West": 6902
      }
    },
    {
      "id": 6904,
      "name": "Quifael\u0027s hall",
      "exits": {
        "North": 6901,
        "East": 6902,
        "South": 6905,
        "West": 3126
      }
    },
    {
      "id": 6905,
      "name": "Quifael\u0027s kitchen",
      "exits": {
        "North": 6904
      }
    },
    {
      "id": 3126,
      "name": "To Midgaard",
      "otherAreaExit": true,
      "exits": {
        "North": 3122,
        "South": 3129
      }
    }
  ]
}