{
  "name": "Rakshasa Tower",
  "buildOptions": {
    "maxSteps": 1000,
    "fixObstacles": true,
    "fixNonStraight": true,
    "fixIntersected": true,
    "compactMap": true,
    "addDebugInfo": false,
    "colorizeConnectionIssues": true
  },
  "rooms": [
    {
      "id": 13901,
      "name": "Before the Rakshasa Tower",
      "exits": {
        "North": 13903,
        "South": 13807
      }
    },
    {
      "id": 13902,
      "name": "Guard Post Outside the Tower",
      "exits": {
        "North": 13906,
        "East": 13903
      }
    },
    {
      "id": 13903,
      "name": "Guard Post Outside the Tower",
      "exits": {
        "East": 13904,
        "South": 13901,
        "West": 13902
      }
    },
    {
      "id": 13904,
      "name": "Guard Post Outside the Tower",
      "exits": {
        "North": 13908,
        "West": 13903
      }
    },
    {
      "id": 13905,
      "name": "A Corridor in the Tower",
      "exits": {
        "North": 13913,
        "East": 13906
      }
    },
    {
      "id": 13906,
      "name": "Inside the Tower",
      "exits": {
        "East": 13907,
        "South": 13902,
        "West": 13905
      }
    },
    {
      "id": 13907,
      "name": "Entrance to the Dark Temple",
      "exits": {
        "North": 13915,
        "East": 13908,
        "West": 13906
      }
    },
    {
      "id": 13908,
      "name": "Inside the Tower",
      "exits": {
        "East": 13909,
        "South": 13904,
        "West": 13907
      }
    },
    {
      "id": 13909,
      "name": "A Corridor in the Tower",
      "exits": {
        "North": 13917,
        "West": 13908
      }
    },
    {
      "id": 13910,
      "name": "Barracks",
      "exits": {
        "North": 13922
      }
    },
    {
      "id": 13911,
      "name": "Barracks",
      "exits": {
        "North": 13923
      }
    },
    {
      "id": 13912,
      "name": "A Corridor in the Tower",
      "exits": {
        "North": 13924,
        "East": 13913
      }
    },
    {
      "id": 13913,
      "name": "A Corridor in the Tower",
      "exits": {
        "South": 13905,
        "West": 13912
      }
    },
    {
      "id": 13914,
      "name": "Inside the Lich Temple",
      "exits": {
        "North": 13926,
        "East": 13915
      }
    },
    {
      "id": 13915,
      "name": "Entrance to the Lich Temple",
      "exits": {
        "East": 13916,
        "South": 13907,
        "West": 13914
      }
    },
    {
      "id": 13916,
      "name": "Inside the Lich Temple",
      "exits": {
        "North": 13928,
        "West": 13915
      }
    },
    {
      "id": 13917,
      "name": "A Corridor in the Tower",
      "exits": {
        "East": 13918,
        "South": 13909
      }
    },
    {
      "id": 13918,
      "name": "A Corridor in the Tower",
      "exits": {
        "North": 13930,
        "West": 13917
      }
    },
    {
      "id": 13919,
      "name": "Barracks",
      "exits": {
        "North": 13931
      }
    },
    {
      "id": 13920,
      "name": "Barracks",
      "exits": {
        "North": 13932
      }
    },
    {
      "id": 13921,
      "name": "Officer\u0027s Quarters",
      "exits": {
        "East": 13922
      }
    },
    {
      "id": 13922,
      "name": "Corridor in the Barracks",
      "exits": {
        "North": 13934,
        "East": 13923,
        "South": 13910,
        "West": 13921
      }
    },
    {
      "id": 13923,
      "name": "Corridor in the Barracks",
      "exits": {
        "North": 13935,
        "East": 13924,
        "South": 13911,
        "West": 13922
      }
    },
    {
      "id": 13924,
      "name": "A Corridor in the Tower",
      "exits": {
        "North": 13936,
        "South": 13912,
        "West": 13923
      }
    },
    {
      "id": 13925,
      "name": "Alcove in the Temple",
      "exits": {
        "North": 13937,
        "East": 13926
      }
    },
    {
      "id": 13926,
      "name": "Inside the Lich Temple",
      "exits": {
        "North": 13938,
        "South": 13914,
        "West": 13925
      }
    },
    {
      "id": 13927,
      "name": "Atop the Tower of Carrion",
      "exits": {
        "Down": 13939
      }
    },
    {
      "id": 13928,
      "name": "Inside the Lich Temple",
      "exits": {
        "North": 13940,
        "East": 13929,
        "South": 13916
      }
    },
    {
      "id": 13929,
      "name": "Alcove in the Temple",
      "exits": {
        "North": 13941,
        "West": 13928
      }
    },
    {
      "id": 13930,
      "name": "A Corridor in the Tower",
      "exits": {
        "North": 13942,
        "East": 13931,
        "South": 13918
      }
    },
    {
      "id": 13931,
      "name": "Corridor in the Barracks",
      "exits": {
        "North": 13943,
        "East": 13932,
        "South": 13919,
        "West": 13930
      }
    },
    {
      "id": 13932,
      "name": "Corridor in the Barracks",
      "exits": {
        "North": 13944,
        "East": 13933,
        "South": 13920,
        "West": 13931
      }
    },
    {
      "id": 13933,
      "name": "Officer\u0027s Quarters",
      "exits": {
        "West": 13932
      }
    },
    {
      "id": 13934,
      "name": "Barracks",
      "exits": {
        "South": 13922
      }
    },
    {
      "id": 13935,
      "name": "Barracks",
      "exits": {
        "South": 13923
      }
    },
    {
      "id": 13936,
      "name": "A Corridor in the Tower",
      "exits": {
        "East": 13937,
        "South": 13924
      }
    },
    {
      "id": 13937,
      "name": "A Corridor in the Tower",
      "exits": {
        "North": 13945,
        "South": 13925,
        "West": 13936
      }
    },
    {
      "id": 13938,
      "name": "Inside the Lich Temple",
      "exits": {
        "East": 13939,
        "South": 13926
      }
    },
    {
      "id": 13939,
      "name": "Inside the Lich Temple",
      "exits": {
        "East": 13940,
        "West": 13938,
        "Up": 13927
      }
    },
    {
      "id": 13940,
      "name": "Inside the Lich Temple",
      "exits": {
        "South": 13928,
        "West": 13939
      }
    },
    {
      "id": 13941,
      "name": "A Corridor in the Tower",
      "exits": {
        "North": 13949,
        "East": 13942,
        "South": 13929
      }
    },
    {
      "id": 13942,
      "name": "A Corridor in the Tower",
      "exits": {
        "South": 13930,
        "West": 13941
      }
    },
    {
      "id": 13943,
      "name": "Barracks",
      "exits": {
        "South": 13931
      }
    },
    {
      "id": 13944,
      "name": "Barracks",
      "exits": {
        "South": 13932
      }
    },
    {
      "id": 13945,
      "name": "A Corridor in the Tower",
      "exits": {
        "East": 13946,
        "South": 13937
      }
    },
    {
      "id": 13946,
      "name": "A Corridor in the Tower",
      "exits": {
        "North": 13950,
        "West": 13945
      }
    },
    {
      "id": 13947,
      "name": "Antechamber",
      "exits": {
        "North": 13951
      }
    },
    {
      "id": 13948,
      "name": "A Corridor in the Tower",
      "exits": {
        "North": 13952,
        "East": 13949
      }
    },
    {
      "id": 13949,
      "name": "A Corridor in the Tower",
      "exits": {
        "South": 13941,
        "West": 13948
      }
    },
    {
      "id": 13950,
      "name": "A Corridor in the Tower",
      "exits": {
        "East": 13951,
        "South": 13946
      }
    },
    {
      "id": 13951,
      "name": "Before the Throne room",
      "exits": {
        "North": 13953,
        "East": 13952,
        "South": 13947,
        "West": 13950
      }
    },
    {
      "id": 13952,
      "name": "A Corridor in the Tower",
      "exits": {
        "South": 13948,
        "West": 13951
      }
    },
    {
      "id": 13953,
      "name": "Entrance of the Throne Room",
      "exits": {
        "North": 13958,
        "South": 13951
      }
    },
    {
      "id": 13954,
      "name": "King\u0027s Chambers",
      "exits": {
        "North": 13960
      }
    },
    {
      "id": 13955,
      "name": "Prince\u0027s Chambers",
      "exits": {
        "East": 13956
      }
    },
    {
      "id": 13956,
      "name": "Prince\u0027s Chambers",
      "exits": {
        "East": 13957,
        "West": 13955
      }
    },
    {
      "id": 13957,
      "name": "West Alcove of the Throne Room",
      "exits": {
        "East": 13958,
        "West": 13956
      }
    },
    {
      "id": 13958,
      "name": "The Throne Room",
      "exits": {
        "North": 13962,
        "East": 13959,
        "South": 13953,
        "West": 13957
      }
    },
    {
      "id": 13959,
      "name": "West Alcove of the Throne Room",
      "exits": {
        "East": 13960,
        "West": 13958
      }
    },
    {
      "id": 13960,
      "name": "King\u0027s Chambers",
      "exits": {
        "North": 13963,
        "East": 13961,
        "South": 13954,
        "West": 13959
      }
    },
    {
      "id": 13961,
      "name": "King\u0027s Treasure Chamber",
      "exits": {
        "West": 13960
      }
    },
    {
      "id": 13962,
      "name": "Before the King\u0027s Throne",
      "exits": {
        "South": 13958
      }
    },
    {
      "id": 13963,
      "name": "King\u0027s Chambers",
      "exits": {
        "South": 13960
      }
    },
    {
      "id": 13807,
      "name": "To Ruins of Drannor",
      "otherAreaExit": true,
      "exits": {
        "North": 13901,
        "East": 13808,
        "South": 13804
      }
    }
  ]
}