{
  "name": "Ramadahn",
  "buildOptions": {
    "maxSteps": 1000,
    "fixObstacles": true,
    "fixNonStraight": true,
    "fixIntersected": true,
    "compactMap": true,
    "addDebugInfo": false,
    "colorizeConnectionIssues": true
  },
  "rooms": [
    {
      "id": 28500,
      "name": "Across the drawbridge",
      "exits": {
        "North": 28501,
        "South": 28701
      }
    },
    {
      "id": 28501,
      "name": "Before the gates of the kingdom",
      "exits": {
        "North": 28502,
        "South": 28500
      }
    },
    {
      "id": 28502,
      "name": "The city streets",
      "exits": {
        "North": 28503,
        "South": 28501
      }
    },
    {
      "id": 28503,
      "name": "The city streets",
      "exits": {
        "North": 28504,
        "South": 28502
      }
    },
    {
      "id": 28504,
      "name": "The Market Square",
      "exits": {
        "North": 28525,
        "East": 28518,
        "South": 28503,
        "West": 28505
      }
    },
    {
      "id": 28505,
      "name": "The city streets",
      "exits": {
        "North": 28508,
        "East": 28504,
        "South": 28506,
        "West": 28511
      }
    },
    {
      "id": 28506,
      "name": "The guards headquarters",
      "exits": {
        "North": 28505,
        "South": 28507
      }
    },
    {
      "id": 28507,
      "name": "The Captain\u0027s room",
      "exits": {
        "North": 28506
      }
    },
    {
      "id": 28508,
      "name": "The Magistrate\u0027s abode",
      "exits": {
        "South": 28505,
        "West": 28509,
        "Up": 28510
      }
    },
    {
      "id": 28509,
      "name": "The maids quarters",
      "exits": {
        "East": 28508
      }
    },
    {
      "id": 28510,
      "name": "The Magistrates bedroom",
      "exits": {
        "Down": 28508
      }
    },
    {
      "id": 28511,
      "name": "The city streets",
      "exits": {
        "East": 28505,
        "West": 28512
      }
    },
    {
      "id": 28512,
      "name": "The city streets",
      "exits": {
        "North": 28514,
        "East": 28511,
        "South": 28513,
        "West": 28515
      }
    },
    {
      "id": 28513,
      "name": "A small home",
      "exits": {
        "North": 28512
      }
    },
    {
      "id": 28514,
      "name": "A small home",
      "exits": {
        "South": 28512
      }
    },
    {
      "id": 28515,
      "name": "The city streets",
      "exits": {
        "North": 28516,
        "East": 28512,
        "West": 28517
      }
    },
    {
      "id": 28516,
      "name": "Iron Fist tavern",
      "exits": {
        "South": 28515
      }
    },
    {
      "id": 28517,
      "name": "End of the road",
      "exits": {
        "East": 28515
      }
    },
    {
      "id": 28518,
      "name": "The city streets",
      "exits": {
        "North": 28519,
        "East": 28521,
        "South": 28520,
        "West": 28504
      }
    },
    {
      "id": 28519,
      "name": "The Butcher",
      "exits": {
        "South": 28518
      }
    },
    {
      "id": 28520,
      "name": "The Apothecary",
      "exits": {
        "North": 28518
      }
    },
    {
      "id": 28521,
      "name": "The city streets",
      "exits": {
        "East": 28522,
        "West": 28518
      }
    },
    {
      "id": 28522,
      "name": "The city streets",
      "exits": {
        "North": 28523,
        "East": 28524,
        "West": 28521
      }
    },
    {
      "id": 28523,
      "name": "The Cobbler",
      "exits": {
        "South": 28522
      }
    },
    {
      "id": 28524,
      "name": "End of the road",
      "exits": {
        "West": 28522
      }
    },
    {
      "id": 28525,
      "name": "The city streets",
      "exits": {
        "North": 28526,
        "South": 28504
      }
    },
    {
      "id": 28526,
      "name": "The city streets",
      "exits": {
        "North": 28527,
        "South": 28525
      }
    },
    {
      "id": 28527,
      "name": "The common square",
      "exits": {
        "North": 28553,
        "East": 28541,
        "South": 28526,
        "West": 28528
      }
    },
    {
      "id": 28528,
      "name": "Merchant\u0027s row",
      "exits": {
        "North": 28529,
        "East": 28527,
        "South": 28530,
        "West": 28531
      }
    },
    {
      "id": 28529,
      "name": "A merchant\u0027s home",
      "exits": {
        "South": 28528
      }
    },
    {
      "id": 28530,
      "name": "A merchant\u0027s home",
      "exits": {
        "North": 28528
      }
    },
    {
      "id": 28531,
      "name": "Merchant\u0027s row",
      "exits": {
        "East": 28528,
        "West": 28532
      }
    },
    {
      "id": 28532,
      "name": "Merchant\u0027s row",
      "exits": {
        "North": 28534,
        "East": 28531,
        "South": 28533,
        "West": 28535
      }
    },
    {
      "id": 28533,
      "name": "A merchant\u0027s home",
      "exits": {
        "North": 28532
      }
    },
    {
      "id": 28534,
      "name": "A merchant\u0027s home",
      "exits": {
        "South": 28532
      }
    },
    {
      "id": 28535,
      "name": "Merchant\u0027s row",
      "exits": {
        "East": 28532,
        "West": 28536
      }
    },
    {
      "id": 28536,
      "name": "Merchant\u0027s row",
      "exits": {
        "North": 28538,
        "East": 28535,
        "South": 28537,
        "West": 28539
      }
    },
    {
      "id": 28537,
      "name": "A merchant\u0027s home",
      "exits": {
        "North": 28536
      }
    },
    {
      "id": 28538,
      "name": "A merchant\u0027s home",
      "exits": {
        "South": 28536
      }
    },
    {
      "id": 28539,
      "name": "End of the road",
      "exits": {
        "North": 28540,
        "East": 28536
      }
    },
    {
      "id": 28540,
      "name": "A hidden room",
      "exits": {
        "South": 28539
      }
    },
    {
      "id": 28541,
      "name": "Merchant\u0027s row",
      "exits": {
        "North": 28542,
        "East": 28544,
        "South": 28543,
        "West": 28527
      }
    },
    {
      "id": 28542,
      "name": "A merchant\u0027s home",
      "exits": {
        "South": 28541
      }
    },
    {
      "id": 28543,
      "name": "A merchant\u0027s home",
      "exits": {
        "North": 28541
      }
    },
    {
      "id": 28544,
      "name": "Merchant\u0027s row",
      "exits": {
        "East": 28545,
        "West": 28541
      }
    },
    {
      "id": 28545,
      "name": "Merchant\u0027s row",
      "exits": {
        "North": 28546,
        "East": 28548,
        "South": 28547,
        "West": 28544
      }
    },
    {
      "id": 28546,
      "name": "A merchant\u0027s home",
      "exits": {
        "South": 28545
      }
    },
    {
      "id": 28547,
      "name": "A merchant\u0027s home",
      "exits": {
        "North": 28545
      }
    },
    {
      "id": 28548,
      "name": "Merchant\u0027s row",
      "exits": {
        "East": 28549,
        "West": 28545
      }
    },
    {
      "id": 28549,
      "name": "Merchant\u0027s row",
      "exits": {
        "North": 28550,
        "East": 28552,
        "South": 28551,
        "West": 28548
      }
    },
    {
      "id": 28550,
      "name": "A merchant\u0027s home",
      "exits": {
        "South": 28549
      }
    },
    {
      "id": 28551,
      "name": "A merchant\u0027s home",
      "exits": {
        "North": 28549
      }
    },
    {
      "id": 28552,
      "name": "End of the road",
      "exits": {
        "West": 28549
      }
    },
    {
      "id": 28553,
      "name": "A road to the castle",
      "exits": {
        "North": 28554,
        "South": 28527
      }
    },
    {
      "id": 28554,
      "name": "A road to the castle",
      "exits": {
        "North": 28555,
        "South": 28553
      }
    },
    {
      "id": 28555,
      "name": "A road to the castle",
      "exits": {
        "North": 28556,
        "South": 28554
      }
    },
    {
      "id": 28556,
      "name": "A road near the castle",
      "exits": {
        "North": 28557,
        "South": 28555
      }
    },
    {
      "id": 28557,
      "name": "Before the castle gates",
      "exits": {
        "North": 28558,
        "South": 28556
      }
    },
    {
      "id": 28558,
      "name": "Inside the castle gates",
      "exits": {
        "North": 28561,
        "East": 28560,
        "South": 28557,
        "West": 28559
      }
    },
    {
      "id": 28559,
      "name": "A guard room",
      "exits": {
        "East": 28558
      }
    },
    {
      "id": 28560,
      "name": "A guard room",
      "exits": {
        "West": 28558
      }
    },
    {
      "id": 28561,
      "name": "The Courtyard",
      "exits": {
        "North": 28568,
        "East": 28570,
        "South": 28558,
        "West": 28566
      }
    },
    {
      "id": 28566,
      "name": "The Courtyard",
      "exits": {
        "North": 28567,
        "East": 28561,
        "West": 28571
      }
    },
    {
      "id": 28567,
      "name": "The Courtyard",
      "exits": {
        "North": 28575,
        "East": 28568,
        "South": 28566,
        "West": 28572
      }
    },
    {
      "id": 28568,
      "name": "The Courtyard",
      "exits": {
        "North": 28576,
        "East": 28569,
        "South": 28561,
        "West": 28567
      }
    },
    {
      "id": 28569,
      "name": "The Courtyard",
      "exits": {
        "North": 28577,
        "East": 28579,
        "South": 28570,
        "West": 28568
      }
    },
    {
      "id": 28570,
      "name": "The Courtyard",
      "exits": {
        "North": 28569,
        "East": 28580,
        "West": 28561
      }
    },
    {
      "id": 28571,
      "name": "A covered archway",
      "exits": {
        "North": 28572,
        "East": 28566
      }
    },
    {
      "id": 28572,
      "name": "A covered archway",
      "exits": {
        "North": 28573,
        "East": 28567,
        "South": 28571,
        "West": 28581
      }
    },
    {
      "id": 28573,
      "name": "A covered archway",
      "exits": {
        "East": 28574,
        "South": 28572
      }
    },
    {
      "id": 28574,
      "name": "A covered archway",
      "exits": {
        "East": 28575,
        "West": 28573
      }
    },
    {
      "id": 28575,
      "name": "A covered archway",
      "exits": {
        "East": 28576,
        "South": 28567,
        "West": 28574
      }
    },
    {
      "id": 28576,
      "name": "A covered archway",
      "exits": {
        "North": 28631,
        "East": 28577,
        "South": 28568,
        "West": 28575
      }
    },
    {
      "id": 28577,
      "name": "A covered archway",
      "exits": {
        "East": 28630,
        "South": 28569,
        "West": 28576
      }
    },
    {
      "id": 28579,
      "name": "A covered archway",
      "exits": {
        "North": 28630,
        "East": 28653,
        "South": 28580,
        "West": 28569
      }
    },
    {
      "id": 28580,
      "name": "A covered archway",
      "exits": {
        "North": 28579,
        "West": 28570
      }
    },
    {
      "id": 28581,
      "name": "Entrance to the west wing",
      "exits": {
        "East": 28572,
        "West": 28582
      }
    },
    {
      "id": 28582,
      "name": "The western wing",
      "exits": {
        "North": 28583,
        "East": 28581,
        "South": 28584,
        "West": 28585
      }
    },
    {
      "id": 28583,
      "name": "A guest\u0027s room",
      "exits": {
        "South": 28582
      }
    },
    {
      "id": 28584,
      "name": "A guest\u0027s room",
      "exits": {
        "North": 28582
      }
    },
    {
      "id": 28585,
      "name": "The western wing",
      "exits": {
        "East": 28582,
        "West": 28586
      }
    },
    {
      "id": 28586,
      "name": "The western wing",
      "exits": {
        "East": 28585,
        "West": 28587
      }
    },
    {
      "id": 28587,
      "name": "The western wing",
      "exits": {
        "East": 28586,
        "South": 28588,
        "West": 28623
      }
    },
    {
      "id": 28588,
      "name": "A candle-lit hallway",
      "exits": {
        "North": 28587,
        "South": 28589
      }
    },
    {
      "id": 28589,
      "name": "A candle-lit hallway",
      "exits": {
        "North": 28588,
        "South": 28590
      }
    },
    {
      "id": 28590,
      "name": "A candle-lit hallway",
      "exits": {
        "North": 28589,
        "South": 28591
      }
    },
    {
      "id": 28591,
      "name": "A candle-lit hallway",
      "exits": {
        "North": 28590,
        "South": 28592
      }
    },
    {
      "id": 28592,
      "name": "A candle-lit hallway",
      "exits": {
        "North": 28591,
        "South": 28593
      }
    },
    {
      "id": 28593,
      "name": "A candle-lit hallway",
      "exits": {
        "North": 28592,
        "South": 28594
      }
    },
    {
      "id": 28594,
      "name": "Top of the spiral stairway",
      "exits": {
        "North": 28593,
        "Down": 28595
      }
    },
    {
      "id": 28595,
      "name": "On a spiral stairway",
      "exits": {
        "Up": 28594,
        "Down": 28596
      }
    },
    {
      "id": 28596,
      "name": "On a sprial stairway",
      "exits": {
        "Up": 28595,
        "Down": 28597
      }
    },
    {
      "id": 28597,
      "name": "On a spiral stairway",
      "exits": {
        "Up": 28596,
        "Down": 28598
      }
    },
    {
      "id": 28598,
      "name": "Bottom of the sprial stairway",
      "exits": {
        "North": 28599,
        "Up": 28597
      }
    },
    {
      "id": 28599,
      "name": "In the dungeon",
      "exits": {
        "North": 28600,
        "South": 28598
      }
    },
    {
      "id": 28600,
      "name": "In the dungeon",
      "exits": {
        "North": 28602,
        "South": 28599,
        "West": 28601
      }
    },
    {
      "id": 28601,
      "name": "The dungeon keeper\u0027s room",
      "exits": {
        "East": 28600
      }
    },
    {
      "id": 28602,
      "name": "In the dungeon",
      "exits": {
        "North": 28603,
        "South": 28600
      }
    },
    {
      "id": 28603,
      "name": "In the dungeon",
      "exits": {
        "North": 28606,
        "East": 28605,
        "South": 28602,
        "West": 28604
      }
    },
    {
      "id": 28604,
      "name": "A cell",
      "exits": {
        "East": 28603
      }
    },
    {
      "id": 28605,
      "name": "A cell",
      "exits": {
        "West": 28603
      }
    },
    {
      "id": 28606,
      "name": "In the dungeon",
      "exits": {
        "North": 28607,
        "South": 28603
      }
    },
    {
      "id": 28607,
      "name": "In the dungeon",
      "exits": {
        "North": 28610,
        "East": 28609,
        "South": 28606,
        "West": 28608
      }
    },
    {
      "id": 28608,
      "name": "A cell",
      "exits": {
        "East": 28607
      }
    },
    {
      "id": 28609,
      "name": "A cell",
      "exits": {
        "West": 28607
      }
    },
    {
      "id": 28610,
      "name": "In the dungeon",
      "exits": {
        "North": 28611,
        "South": 28607
      }
    },
    {
      "id": 28611,
      "name": "A turn in the hallway",
      "exits": {
        "East": 28612,
        "South": 28610
      }
    },
    {
      "id": 28612,
      "name": "In the dungeon",
      "exits": {
        "North": 28613,
        "East": 28614,
        "West": 28611
      }
    },
    {
      "id": 28613,
      "name": "A putrid room",
      "exits": {
        "South": 28612
      }
    },
    {
      "id": 28614,
      "name": "In the dungeon",
      "exits": {
        "East": 28615,
        "West": 28612
      }
    },
    {
      "id": 28615,
      "name": "In the dungeon",
      "exits": {
        "North": 28616,
        "East": 28618,
        "South": 28617,
        "West": 28614
      }
    },
    {
      "id": 28616,
      "name": "A cell",
      "exits": {
        "South": 28615
      }
    },
    {
      "id": 28617,
      "name": "A cell",
      "exits": {
        "North": 28615
      }
    },
    {
      "id": 28618,
      "name": "In the dungeon",
      "exits": {
        "East": 28619,
        "West": 28615
      }
    },
    {
      "id": 28619,
      "name": "A turn in the hall",
      "exits": {
        "South": 28620,
        "West": 28618
      }
    },
    {
      "id": 28620,
      "name": "End of the hall",
      "exits": {
        "North": 28619,
        "Down": 28621
      }
    },
    {
      "id": 28621,
      "name": "Through the trap door",
      "exits": {
        "North": 28622,
        "Up": 28620
      }
    },
    {
      "id": 28622,
      "name": "A bloody room",
      "exits": {
        "South": 28621
      }
    },
    {
      "id": 28623,
      "name": "The western wing",
      "exits": {
        "East": 28587,
        "West": 28624
      }
    },
    {
      "id": 28624,
      "name": "The western wing",
      "exits": {
        "East": 28623,
        "West": 28625
      }
    },
    {
      "id": 28625,
      "name": "The western wing",
      "exits": {
        "East": 28624,
        "West": 28626
      }
    },
    {
      "id": 28626,
      "name": "The western wing",
      "exits": {
        "North": 28627,
        "East": 28625,
        "West": 28628
      }
    },
    {
      "id": 28627,
      "name": "The War Room",
      "exits": {
        "South": 28626
      }
    },
    {
      "id": 28628,
      "name": "The western wing",
      "exits": {
        "East": 28626,
        "West": 28629
      }
    },
    {
      "id": 28629,
      "name": "The bottom of a staircase",
      "exits": {
        "East": 28628,
        "Up": 28654
      }
    },
    {
      "id": 28630,
      "name": "A covered archway",
      "exits": {
        "South": 28579,
        "West": 28577
      }
    },
    {
      "id": 28631,
      "name": "Entrance to the Royal wing",
      "exits": {
        "North": 28632,
        "South": 28576
      }
    },
    {
      "id": 28632,
      "name": "The Royal wing",
      "exits": {
        "North": 28633,
        "South": 28631
      }
    },
    {
      "id": 28633,
      "name": "The Royal wing",
      "exits": {
        "North": 28634,
        "South": 28632
      }
    },
    {
      "id": 28634,
      "name": "The Royal wing",
      "exits": {
        "North": 28635,
        "South": 28633
      }
    },
    {
      "id": 28635,
      "name": "The Royal wing",
      "exits": {
        "North": 28638,
        "East": 28636,
        "South": 28634
      }
    },
    {
      "id": 28636,
      "name": "The Kitchen",
      "exits": {
        "East": 28637,
        "West": 28635
      }
    },
    {
      "id": 28637,
      "name": "The Kitchen",
      "exits": {
        "West": 28636
      }
    },
    {
      "id": 28638,
      "name": "The Royal wing",
      "exits": {
        "North": 28639,
        "South": 28635
      }
    },
    {
      "id": 28639,
      "name": "The Royal wing",
      "exits": {
        "North": 28640,
        "South": 28638
      }
    },
    {
      "id": 28640,
      "name": "The Royal wing",
      "exits": {
        "North": 28645,
        "South": 28639,
        "West": 28641
      }
    },
    {
      "id": 28641,
      "name": "A small hallway",
      "exits": {
        "North": 28642,
        "East": 28640,
        "South": 28644,
        "West": 28643
      }
    },
    {
      "id": 28642,
      "name": "The Jester\u0027s room",
      "exits": {
        "South": 28641
      }
    },
    {
      "id": 28643,
      "name": "The room of concubines",
      "exits": {
        "East": 28641
      }
    },
    {
      "id": 28644,
      "name": "The Magician\u0027s quarters",
      "exits": {
        "North": 28641
      }
    },
    {
      "id": 28645,
      "name": "The Royal wing",
      "exits": {
        "North": 28646,
        "South": 28640
      }
    },
    {
      "id": 28646,
      "name": "The Royal wing",
      "exits": {
        "North": 28647,
        "South": 28645
      }
    },
    {
      "id": 28647,
      "name": "The Royal wing",
      "exits": {
        "North": 28648,
        "South": 28646
      }
    },
    {
      "id": 28648,
      "name": "Before the Throne room",
      "exits": {
        "North": 28649,
        "South": 28647
      }
    },
    {
      "id": 28649,
      "name": "The Throne room",
      "exits": {
        "North": 28650,
        "South": 28648
      }
    },
    {
      "id": 28650,
      "name": "Bottom of the staircase",
      "exits": {
        "South": 28649,
        "Up": 28651
      }
    },
    {
      "id": 28651,
      "name": "A door before the King\u0027s quarters",
      "exits": {
        "South": 28652,
        "Down": 28650
      }
    },
    {
      "id": 28652,
      "name": "The King\u0027s Quarters",
      "exits": {
        "North": 28651
      }
    },
    {
      "id": 28653,
      "name": "Entrance to the Eastern wing",
      "exits": {
        "East": 28658,
        "West": 28579
      }
    },
    {
      "id": 28654,
      "name": "On the staircase",
      "exits": {
        "Up": 28655,
        "Down": 28629
      }
    },
    {
      "id": 28655,
      "name": "Top of the Western spire",
      "exits": {
        "West": 28656,
        "Down": 28654
      }
    },
    {
      "id": 28656,
      "name": "Room of the great sorcerer",
      "exits": {
        "North": 28657,
        "East": 28655
      }
    },
    {
      "id": 28657,
      "name": "The hidden room",
      "exits": {
        "South": 28656
      }
    },
    {
      "id": 28658,
      "name": "The eastern wing",
      "exits": {
        "East": 28659,
        "West": 28653
      }
    },
    {
      "id": 28659,
      "name": "The eastern wing",
      "exits": {
        "North": 28660,
        "East": 28662,
        "South": 28661,
        "West": 28658
      }
    },
    {
      "id": 28660,
      "name": "A noble\u0027s room",
      "exits": {
        "South": 28659
      }
    },
    {
      "id": 28661,
      "name": "A noble\u0027s room",
      "exits": {
        "North": 28659
      }
    },
    {
      "id": 28662,
      "name": "The eastern wing",
      "exits": {
        "North": 28663,
        "East": 28665,
        "South": 28664,
        "West": 28659
      }
    },
    {
      "id": 28663,
      "name": "A noble\u0027s room",
      "exits": {
        "South": 28662
      }
    },
    {
      "id": 28664,
      "name": "A noble\u0027s room",
      "exits": {
        "North": 28662
      }
    },
    {
      "id": 28665,
      "name": "The eastern wing",
      "exits": {
        "East": 28666,
        "West": 28662
      }
    },
    {
      "id": 28666,
      "name": "The eastern wing",
      "exits": {
        "East": 28667,
        "West": 28665
      }
    },
    {
      "id": 28667,
      "name": "The eastern wing",
      "exits": {
        "North": 28668,
        "East": 28669,
        "West": 28666
      }
    },
    {
      "id": 28668,
      "name": "A noble\u0027s room",
      "exits": {
        "South": 28667
      }
    },
    {
      "id": 28669,
      "name": "The eastern wing",
      "exits": {
        "East": 28670,
        "West": 28667
      }
    },
    {
      "id": 28670,
      "name": "The eastern wing",
      "exits": {
        "East": 28671,
        "West": 28669
      }
    },
    {
      "id": 28671,
      "name": "The eastern wing",
      "exits": {
        "North": 28672,
        "East": 28674,
        "South": 28673,
        "West": 28670
      }
    },
    {
      "id": 28672,
      "name": "A noble\u0027s room",
      "exits": {
        "South": 28671
      }
    },
    {
      "id": 28673,
      "name": "A noble\u0027s room",
      "exits": {
        "North": 28671
      }
    },
    {
      "id": 28674,
      "name": "The eastern wing",
      "exits": {
        "East": 28675,
        "West": 28671
      }
    },
    {
      "id": 28675,
      "name": "The eastern wing",
      "exits": {
        "North": 28676,
        "East": 28680,
        "West": 28674
      }
    },
    {
      "id": 28676,
      "name": "The great hall of Ramadahn",
      "exits": {
        "North": 28677,
        "East": 28679,
        "South": 28675
      }
    },
    {
      "id": 28677,
      "name": "The great hall of Ramadahn",
      "exits": {
        "East": 28678,
        "South": 28676
      }
    },
    {
      "id": 28678,
      "name": "The great hall of Ramadahn",
      "exits": {
        "South": 28679,
        "West": 28677
      }
    },
    {
      "id": 28679,
      "name": "The great hall of Ramadahn",
      "exits": {
        "North": 28678,
        "West": 28676
      }
    },
    {
      "id": 28680,
      "name": "The eastern wing",
      "exits": {
        "East": 28681,
        "West": 28675
      }
    },
    {
      "id": 28681,
      "name": "The eastern wing",
      "exits": {
        "East": 28682,
        "West": 28680
      }
    },
    {
      "id": 28682,
      "name": "The eastern wing",
      "exits": {
        "East": 28683,
        "West": 28681
      }
    },
    {
      "id": 28683,
      "name": "The eastern wing",
      "exits": {
        "East": 28684,
        "West": 28682
      }
    },
    {
      "id": 28684,
      "name": "The eastern wing",
      "exits": {
        "East": 28685,
        "West": 28683
      }
    },
    {
      "id": 28685,
      "name": "The eastern wing",
      "exits": {
        "North": 28686,
        "East": 28692,
        "South": 28687,
        "West": 28684
      }
    },
    {
      "id": 28686,
      "name": "The Captain\u0027s room",
      "exits": {
        "South": 28685
      }
    },
    {
      "id": 28687,
      "name": "The Barracks",
      "exits": {
        "North": 28685,
        "South": 28688
      }
    },
    {
      "id": 28688,
      "name": "The Barracks",
      "exits": {
        "North": 28687,
        "South": 28689
      }
    },
    {
      "id": 28689,
      "name": "The Barracks",
      "exits": {
        "North": 28688,
        "South": 28690
      }
    },
    {
      "id": 28690,
      "name": "The Barracks",
      "exits": {
        "North": 28689,
        "South": 28691
      }
    },
    {
      "id": 28691,
      "name": "The secret room",
      "exits": {
        "North": 28690
      }
    },
    {
      "id": 28692,
      "name": "The eastern wing",
      "exits": {
        "East": 28693,
        "West": 28685
      }
    },
    {
      "id": 28693,
      "name": "The eastern wing",
      "exits": {
        "East": 28694,
        "West": 28692
      }
    },
    {
      "id": 28694,
      "name": "End of the eastern wing",
      "exits": {
        "North": 28695,
        "West": 28693
      }
    },
    {
      "id": 28695,
      "name": "A narrow hallway",
      "exits": {
        "North": 28696,
        "South": 28694
      }
    },
    {
      "id": 28696,
      "name": "A narrow hallway",
      "exits": {
        "North": 28697,
        "South": 28695
      }
    },
    {
      "id": 28697,
      "name": "A narrow hallway",
      "exits": {
        "North": 28698,
        "South": 28696
      }
    },
    {
      "id": 28698,
      "name": "Bottom of the staircase",
      "exits": {
        "South": 28697,
        "Up": 28702
      }
    },
    {
      "id": 28700,
      "name": "The Princess\u0027s chamber",
      "exits": {
        "East": 28702
      }
    },
    {
      "id": 28701,
      "name": "Before a mighty kingdom",
      "exits": {
        "North": 28500,
        "South": 28745
      }
    },
    {
      "id": 28702,
      "name": "Door before the Princess\u0027s room",
      "exits": {
        "West": 28700,
        "Down": 28698
      }
    },
    {
      "id": 28703,
      "name": "A Broad Forest Wagon Trail",
      "exits": {
        "North": 28741,
        "West": 28725
      }
    },
    {
      "id": 28704,
      "name": "Winding Path Through the Mountains",
      "exits": {
        "East": 28705,
        "West": 28741
      }
    },
    {
      "id": 28705,
      "name": "Winding Path Through the Mountains",
      "exits": {
        "East": 28706,
        "West": 28704
      }
    },
    {
      "id": 28706,
      "name": "Winding Path Through the Mountains",
      "exits": {
        "East": 28707,
        "West": 28705
      }
    },
    {
      "id": 28707,
      "name": "Winding Path Through the Mountains",
      "exits": {
        "East": 28708,
        "West": 28706
      }
    },
    {
      "id": 28708,
      "name": "Winding Path Through the Mountains",
      "exits": {
        "East": 28709,
        "West": 28707
      }
    },
    {
      "id": 28709,
      "name": "Winding Path Through the Mountains",
      "exits": {
        "East": 28710,
        "West": 28708
      }
    },
    {
      "id": 28710,
      "name": "Winding Path Through the Mountains",
      "exits": {
        "East": 28711,
        "West": 28709
      }
    },
    {
      "id": 28711,
      "name": "Winding Path Through the Mountains",
      "exits": {
        "North": 28712,
        "West": 28710
      }
    },
    {
      "id": 28712,
      "name": "Winding Path Through the Mountains",
      "exits": {
        "East": 28713,
        "South": 28711
      }
    },
    {
      "id": 28713,
      "name": "Winding Path Through the Mountains",
      "exits": {
        "East": 28714,
        "West": 28712
      }
    },
    {
      "id": 28714,
      "name": "Winding Path Through the Mountains",
      "exits": {
        "East": 28715,
        "West": 28713
      }
    },
    {
      "id": 28715,
      "name": "Winding Path Through the Mountains",
      "exits": {
        "East": 28716,
        "West": 28714
      }
    },
    {
      "id": 28716,
      "name": "Winding Path Through the Mountains",
      "exits": {
        "East": 28717,
        "West": 28715
      }
    },
    {
      "id": 28717,
      "name": "Winding Path Through the Mountains",
      "exits": {
        "East": 28718,
        "West": 28716
      }
    },
    {
      "id": 28718,
      "name": "Winding Path Through the Mountains",
      "exits": {
        "East": 28719,
        "West": 28717
      }
    },
    {
      "id": 28719,
      "name": "Winding Path Through the Mountains",
      "exits": {
        "South": 28720,
        "West": 28718
      }
    },
    {
      "id": 28720,
      "name": "Winding Path Through the Mountains",
      "exits": {
        "North": 28719,
        "East": 28721
      }
    },
    {
      "id": 28721,
      "name": "Winding Path Through the Mountains",
      "exits": {
        "East": 28722,
        "West": 28720
      }
    },
    {
      "id": 28722,
      "name": "Winding Path Through the Mountains",
      "exits": {
        "East": 28723,
        "West": 28721
      }
    },
    {
      "id": 28723,
      "name": "Winding Path Through the Mountains",
      "exits": {
        "East": 28724,
        "West": 28722
      }
    },
    {
      "id": 28724,
      "name": "Winding Path Through the Mountains",
      "exits": {
        "East": 6562,
        "West": 28723
      }
    },
    {
      "id": 28725,
      "name": "A Broad Forest Wagon Trail",
      "exits": {
        "East": 28703,
        "West": 28726
      }
    },
    {
      "id": 28726,
      "name": "A Broad Forest Wagon Trail",
      "exits": {
        "East": 28725,
        "West": 28727
      }
    },
    {
      "id": 28727,
      "name": "A Broad Forest Wagon Trail",
      "exits": {
        "East": 28726,
        "West": 28728
      }
    },
    {
      "id": 28728,
      "name": "A Broad Forest Wagon Trail",
      "exits": {
        "East": 28727,
        "West": 28729
      }
    },
    {
      "id": 28729,
      "name": "A Broad Forest Wagon Trail",
      "exits": {
        "East": 28728,
        "West": 28730
      }
    },
    {
      "id": 28730,
      "name": "A Broad Forest Wagon Trail",
      "exits": {
        "East": 28729,
        "South": 28731
      }
    },
    {
      "id": 28731,
      "name": "A Broad Forest Wagon Trail",
      "exits": {
        "North": 28730,
        "South": 28732
      }
    },
    {
      "id": 28732,
      "name": "A Broad Forest Wagon Trail",
      "exits": {
        "North": 28731,
        "South": 28733
      }
    },
    {
      "id": 28733,
      "name": "A Broad Forest Wagon Trail",
      "exits": {
        "North": 28732,
        "West": 28734
      }
    },
    {
      "id": 28734,
      "name": "A Broad Forest Wagon Trail",
      "exits": {
        "East": 28733,
        "West": 28735
      }
    },
    {
      "id": 28735,
      "name": "A Broad Forest Wagon Trail",
      "exits": {
        "East": 28734,
        "West": 28736
      }
    },
    {
      "id": 28736,
      "name": "A Broad Forest Wagon Trail",
      "exits": {
        "East": 28735,
        "West": 28737
      }
    },
    {
      "id": 28737,
      "name": "A Broad Forest Wagon Trail",
      "exits": {
        "East": 28736,
        "West": 28738
      }
    },
    {
      "id": 28738,
      "name": "A Broad Forest Wagon Trail",
      "exits": {
        "East": 28737,
        "West": 28739
      }
    },
    {
      "id": 28739,
      "name": "A Broad Forest Wagon Trail",
      "exits": {
        "East": 28738,
        "West": 28740
      }
    },
    {
      "id": 28740,
      "name": "A Broad Forest Wagon Trail",
      "exits": {
        "East": 28739,
        "West": 1914
      }
    },
    {
      "id": 28741,
      "name": "A Broad Forest Wagon Trail",
      "exits": {
        "North": 28742,
        "East": 28704,
        "South": 28703
      }
    },
    {
      "id": 28742,
      "name": "A Broad Forest Wagon Trail",
      "exits": {
        "North": 28743,
        "South": 28741
      }
    },
    {
      "id": 28743,
      "name": "A Broad Forest Wagon Trail",
      "exits": {
        "North": 28744,
        "South": 28742
      }
    },
    {
      "id": 28744,
      "name": "A Broad Forest Wagon Trail",
      "exits": {
        "North": 28745,
        "South": 28743
      }
    },
    {
      "id": 28745,
      "name": "A Broad Forest Wagon Trail",
      "exits": {
        "North": 28701,
        "South": 28744
      }
    },
    {
      "id": 6562,
      "name": "To Dwarven Kingdom",
      "otherAreaExit": true,
      "exits": {
        "East": 6500,
        "West": 28724
      }
    },
    {
      "id": 1914,
      "name": "To Tarvalon",
      "otherAreaExit": true,
      "exits": {
        "East": 28740,
        "West": 1913
      }
    }
  ]
}