{
  "name": "Rivenrock Canyon",
  "buildOptions": {
    "maxSteps": 1000,
    "fixObstacles": true,
    "fixNonStraight": true,
    "fixIntersected": true,
    "compactMap": true,
    "addDebugInfo": false,
    "colorizeConnectionIssues": true
  },
  "rooms": [
    {
      "id": 12300,
      "name": "Beginning of the Long Sands",
      "exits": {
        "North": 12301,
        "South": 19689
      }
    },
    {
      "id": 12301,
      "name": "The Long Sands",
      "exits": {
        "North": 12304,
        "East": 12302,
        "South": 12300
      }
    },
    {
      "id": 12302,
      "name": "The Long Sands",
      "exits": {
        "North": 12305,
        "West": 12301
      }
    },
    {
      "id": 12303,
      "name": "The Long Sands",
      "exits": {
        "North": 12306,
        "East": 12304
      }
    },
    {
      "id": 12304,
      "name": "The Long Sands",
      "exits": {
        "South": 12301,
        "West": 12303
      }
    },
    {
      "id": 12305,
      "name": "The Long Sands",
      "exits": {
        "North": 12307,
        "South": 12302
      }
    },
    {
      "id": 12306,
      "name": "The Long Sands",
      "exits": {
        "North": 12309,
        "East": 12307,
        "South": 12303
      }
    },
    {
      "id": 12307,
      "name": "The Long Sands",
      "exits": {
        "South": 12305,
        "West": 12306
      }
    },
    {
      "id": 12308,
      "name": "The Long Sands",
      "exits": {
        "North": 12311,
        "East": 12309
      }
    },
    {
      "id": 12309,
      "name": "The Long Sands",
      "exits": {
        "East": 12310,
        "South": 12306,
        "West": 12308
      }
    },
    {
      "id": 12310,
      "name": "The Long Sands",
      "exits": {
        "North": 12312,
        "West": 12309
      }
    },
    {
      "id": 12311,
      "name": "The Long Sands",
      "exits": {
        "North": 12314,
        "South": 12308
      }
    },
    {
      "id": 12312,
      "name": "The Long Sands",
      "exits": {
        "East": 12313,
        "South": 12310
      }
    },
    {
      "id": 12313,
      "name": "The Long Sands",
      "exits": {
        "North": 12315,
        "West": 12312
      }
    },
    {
      "id": 12314,
      "name": "The Long Sands",
      "exits": {
        "North": 12316,
        "East": 12315,
        "South": 12311
      }
    },
    {
      "id": 12315,
      "name": "The Long Sands",
      "exits": {
        "North": 12317,
        "South": 12313,
        "West": 12314
      }
    },
    {
      "id": 12316,
      "name": "The Long Sands",
      "exits": {
        "North": 12319,
        "South": 12314
      }
    },
    {
      "id": 12317,
      "name": "The Long Sands",
      "exits": {
        "East": 12318,
        "South": 12315
      }
    },
    {
      "id": 12318,
      "name": "The Long Sands",
      "exits": {
        "North": 12320,
        "West": 12317
      }
    },
    {
      "id": 12319,
      "name": "The Long Sands",
      "exits": {
        "South": 12316
      }
    },
    {
      "id": 12320,
      "name": "Entrance to Rivenrock Canyon",
      "exits": {
        "North": 12321,
        "South": 12318
      }
    },
    {
      "id": 12321,
      "name": "A Narrow Passageway",
      "exits": {
        "North": 12322,
        "South": 12320
      }
    },
    {
      "id": 12322,
      "name": "A Narrow Passageway",
      "exits": {
        "North": 12324,
        "South": 12321
      }
    },
    {
      "id": 12323,
      "name": "Rivenrock Canyon",
      "exits": {
        "North": 12328,
        "East": 12324
      }
    },
    {
      "id": 12324,
      "name": "Rivenrock Canyon",
      "exits": {
        "East": 12325,
        "South": 12322,
        "West": 12323
      }
    },
    {
      "id": 12325,
      "name": "Rivenrock Canyon",
      "exits": {
        "North": 12329,
        "East": 12326,
        "West": 12324
      }
    },
    {
      "id": 12326,
      "name": "Rivenrock Canyon",
      "exits": {
        "North": 12330,
        "West": 12325
      }
    },
    {
      "id": 12327,
      "name": "Rivenrock Canyon",
      "exits": {
        "East": 12328,
        "Up": 12334
      }
    },
    {
      "id": 12328,
      "name": "Rivenrock Canyon",
      "exits": {
        "South": 12323,
        "West": 12327
      }
    },
    {
      "id": 12329,
      "name": "Rivenrock Canyon",
      "exits": {
        "South": 12325,
        "Up": 12336
      }
    },
    {
      "id": 12330,
      "name": "Rivenrock Canyon",
      "exits": {
        "East": 12331,
        "South": 12326
      }
    },
    {
      "id": 12331,
      "name": "Rivenrock Canyon",
      "exits": {
        "West": 12330,
        "Up": 12337
      }
    },
    {
      "id": 12332,
      "name": "A Precarious Path",
      "exits": {
        "East": 12333,
        "Up": 12340
      }
    },
    {
      "id": 12333,
      "name": "A Precarious Path",
      "exits": {
        "East": 12334,
        "West": 12332
      }
    },
    {
      "id": 12334,
      "name": "A Precarious Path",
      "exits": {
        "West": 12333,
        "Down": 12327
      }
    },
    {
      "id": 12335,
      "name": "A Precarious Path",
      "exits": {
        "East": 12336,
        "Up": 12344
      }
    },
    {
      "id": 12336,
      "name": "A Precarious Path",
      "exits": {
        "West": 12335,
        "Down": 12329
      }
    },
    {
      "id": 12337,
      "name": "A Precarious Path",
      "exits": {
        "East": 12338,
        "Down": 12331
      }
    },
    {
      "id": 12338,
      "name": "A Precarious Path",
      "exits": {
        "East": 12339,
        "West": 12337,
        "Up": 12348
      }
    },
    {
      "id": 12339,
      "name": "Entrance to a Large Cavern",
      "exits": {
        "North": 12349,
        "West": 12338
      }
    },
    {
      "id": 12340,
      "name": "A Precarious Path",
      "exits": {
        "East": 12341,
        "Down": 12332
      }
    },
    {
      "id": 12341,
      "name": "Entrance to a Large Cavern",
      "exits": {
        "North": 12350,
        "East": 12342,
        "West": 12340
      }
    },
    {
      "id": 12342,
      "name": "A Precarious Path",
      "exits": {
        "East": 12343,
        "West": 12341
      }
    },
    {
      "id": 12343,
      "name": "A Precarious Path",
      "exits": {
        "West": 12342,
        "Up": 12352
      }
    },
    {
      "id": 12344,
      "name": "A Precarious Path",
      "exits": {
        "East": 12345,
        "Up": 12353,
        "Down": 12335
      }
    },
    {
      "id": 12345,
      "name": "A Precarious Path",
      "exits": {
        "East": 12346,
        "West": 12344
      }
    },
    {
      "id": 12346,
      "name": "Entrance to a Large Cavern",
      "exits": {
        "North": 12355,
        "West": 12345
      }
    },
    {
      "id": 12347,
      "name": "A Precarious Path",
      "exits": {
        "East": 12348,
        "Up": 12356
      }
    },
    {
      "id": 12348,
      "name": "A Precarious Path",
      "exits": {
        "West": 12347,
        "Down": 12338
      }
    },
    {
      "id": 12349,
      "name": "A Large Cavern",
      "exits": {
        "North": 12358,
        "South": 12339
      }
    },
    {
      "id": 12350,
      "name": "A Large Cavern",
      "exits": {
        "North": 12359,
        "South": 12341
      }
    },
    {
      "id": 12351,
      "name": "A Precarious Path",
      "exits": {
        "East": 12352,
        "Up": 12360
      }
    },
    {
      "id": 12352,
      "name": "A Precarious Path",
      "exits": {
        "West": 12351,
        "Down": 12343
      }
    },
    {
      "id": 12353,
      "name": "A Precarious Path",
      "exits": {
        "East": 12354,
        "Down": 12344
      }
    },
    {
      "id": 12354,
      "name": "A Precarious Path",
      "exits": {
        "West": 12353,
        "Up": 12363
      }
    },
    {
      "id": 12355,
      "name": "A Large Cavern",
      "exits": {
        "North": 12364,
        "South": 12346
      }
    },
    {
      "id": 12356,
      "name": "A Precarious Path",
      "exits": {
        "East": 12357,
        "Down": 12347
      }
    },
    {
      "id": 12357,
      "name": "A Precarious Path",
      "exits": {
        "West": 12356,
        "Up": 12365
      }
    },
    {
      "id": 12358,
      "name": "End of a Large Cavern",
      "exits": {
        "South": 12349
      }
    },
    {
      "id": 12359,
      "name": "End of a Large Cavern",
      "exits": {
        "South": 12350
      }
    },
    {
      "id": 12360,
      "name": "A Precarious Path",
      "exits": {
        "East": 12361,
        "Down": 12351
      }
    },
    {
      "id": 12361,
      "name": "Entrance to a Large Cavern",
      "exits": {
        "North": 12368,
        "East": 12362,
        "West": 12360
      }
    },
    {
      "id": 12362,
      "name": "Entrance to a Large Cavern",
      "exits": {
        "North": 12369,
        "West": 12361
      }
    },
    {
      "id": 12363,
      "name": "A Precarious Path",
      "exits": {
        "Up": 12370,
        "Down": 12354
      }
    },
    {
      "id": 12364,
      "name": "End of a Large Cavern",
      "exits": {
        "South": 12355
      }
    },
    {
      "id": 12365,
      "name": "A Precarious Path",
      "exits": {
        "East": 12366,
        "Down": 12357
      }
    },
    {
      "id": 12366,
      "name": "Entrance to a Large Cavern",
      "exits": {
        "North": 12373,
        "East": 12367,
        "West": 12365
      }
    },
    {
      "id": 12367,
      "name": "Entrance to a Large Cavern",
      "exits": {
        "North": 12374,
        "West": 12366
      }
    },
    {
      "id": 12368,
      "name": "A Large Cavern",
      "exits": {
        "North": 12375,
        "South": 12361
      }
    },
    {
      "id": 12369,
      "name": "A Large Cavern",
      "exits": {
        "North": 12376,
        "South": 12362
      }
    },
    {
      "id": 12370,
      "name": "A Precarious Path",
      "exits": {
        "East": 12371,
        "Down": 12363
      }
    },
    {
      "id": 12371,
      "name": "Entrance to a Large Cavern",
      "exits": {
        "North": 12377,
        "East": 12372,
        "West": 12370
      }
    },
    {
      "id": 12372,
      "name": "A Precarious Path",
      "exits": {
        "West": 12371,
        "Up": 12378
      }
    },
    {
      "id": 12373,
      "name": "A Large Cavern",
      "exits": {
        "North": 12380,
        "South": 12366
      }
    },
    {
      "id": 12374,
      "name": "A Large Cavern",
      "exits": {
        "North": 12381,
        "South": 12367
      }
    },
    {
      "id": 12375,
      "name": "End of a Large Cavern",
      "exits": {
        "South": 12368
      }
    },
    {
      "id": 12376,
      "name": "End of a Large Cavern",
      "exits": {
        "South": 12369
      }
    },
    {
      "id": 12377,
      "name": "A Large Cavern",
      "exits": {
        "North": 12382,
        "South": 12371
      }
    },
    {
      "id": 12378,
      "name": "A Precarious Path",
      "exits": {
        "East": 12379,
        "Down": 12372
      }
    },
    {
      "id": 12379,
      "name": "A Precarious Path",
      "exits": {
        "West": 12378,
        "Up": 12383
      }
    },
    {
      "id": 12380,
      "name": "End of a Large Cavern",
      "exits": {
        "South": 12373
      }
    },
    {
      "id": 12381,
      "name": "End of A Large Cavern",
      "exits": {
        "South": 12374
      }
    },
    {
      "id": 12382,
      "name": "End of a Large Cavern",
      "exits": {
        "North": 11040,
        "South": 12377
      }
    },
    {
      "id": 12383,
      "name": "A Precarious Path",
      "exits": {
        "East": 12384,
        "Down": 12379
      }
    },
    {
      "id": 12384,
      "name": "Entrance to a Large Cavern",
      "exits": {
        "North": 12387,
        "East": 12385,
        "West": 12383
      }
    },
    {
      "id": 12385,
      "name": "Entrance to a Large Cavern",
      "exits": {
        "North": 12388,
        "East": 12386,
        "West": 12384
      }
    },
    {
      "id": 12386,
      "name": "A Precarious Path",
      "exits": {
        "West": 12385,
        "Up": 12389
      }
    },
    {
      "id": 12387,
      "name": "A Large Cavern",
      "exits": {
        "North": 12391,
        "South": 12384
      }
    },
    {
      "id": 12388,
      "name": "A Large Cavern",
      "exits": {
        "North": 12392,
        "South": 12385
      }
    },
    {
      "id": 12389,
      "name": "A Precarious Path",
      "exits": {
        "East": 12390,
        "Down": 12386
      }
    },
    {
      "id": 12390,
      "name": "A Precarious Path",
      "exits": {
        "West": 12389,
        "Up": 12394
      }
    },
    {
      "id": 12391,
      "name": "End of a Large Cavern",
      "exits": {
        "South": 12387
      }
    },
    {
      "id": 12392,
      "name": "End of a Large Cavern",
      "exits": {
        "South": 12388
      }
    },
    {
      "id": 12393,
      "name": "Entrance to a Large Cavern",
      "exits": {
        "North": 12396,
        "East": 12394
      }
    },
    {
      "id": 12394,
      "name": "A Precarious Path",
      "exits": {
        "East": 12395,
        "West": 12393,
        "Down": 12390
      }
    },
    {
      "id": 12395,
      "name": "Entrance to a Large Cavern",
      "exits": {
        "North": 12397,
        "West": 12394
      }
    },
    {
      "id": 12396,
      "name": "A Large Cavern",
      "exits": {
        "North": 12398,
        "South": 12393
      }
    },
    {
      "id": 12397,
      "name": "A Large Cavern",
      "exits": {
        "North": 12399,
        "South": 12395
      }
    },
    {
      "id": 12398,
      "name": "End of a Large Cavern",
      "exits": {
        "South": 12396
      }
    },
    {
      "id": 12399,
      "name": "End of a Large Cavern",
      "exits": {
        "South": 12397
      }
    },
    {
      "id": 19689,
      "name": "To Eastern Road",
      "otherAreaExit": true,
      "exits": {
        "North": 12300,
        "East": 19690,
        "West": 19688
      }
    },
    {
      "id": 11040,
      "name": "To Dark Forest",
      "otherAreaExit": true,
      "exits": {
        "North": 11039,
        "South": 12382
      }
    }
  ]
}