{
  "name": "Ruins of Drannor",
  "buildOptions": {
    "maxSteps": 1000,
    "fixObstacles": true,
    "fixNonStraight": true,
    "fixIntersected": false,
    "compactMap": true,
    "addDebugInfo": false,
    "colorizeConnectionIssues": true
  },
  "rooms": [
    {
      "id": 13700,
      "name": "In the ruins of the south gate",
      "exits": {
        "North": 13736,
        "East": 13701,
        "South": 22523,
        "West": 13723
      }
    },
    {
      "id": 13701,
      "name": "In the ruins of the southern wall",
      "exits": {
        "East": 13702,
        "West": 13700
      }
    },
    {
      "id": 13702,
      "name": "In the ruins of the southern wall",
      "exits": {
        "East": 13703,
        "West": 13701
      }
    },
    {
      "id": 13703,
      "name": "In the ruins of the southern wall",
      "exits": {
        "North": 13704,
        "West": 13702,
        "Up": 13735
      }
    },
    {
      "id": 13704,
      "name": "In the ruins of the eastern wall",
      "exits": {
        "North": 13705,
        "South": 13703
      }
    },
    {
      "id": 13705,
      "name": "In the ruins of the eastern wall",
      "exits": {
        "North": 13706,
        "East": 22519,
        "South": 13704
      }
    },
    {
      "id": 13706,
      "name": "In the ruins of the eastern wall",
      "exits": {
        "North": 13707,
        "South": 13705
      }
    },
    {
      "id": 13707,
      "name": "In the ruins of the eastern wall",
      "exits": {
        "North": 13708,
        "South": 13706
      }
    },
    {
      "id": 13708,
      "name": "In the ruins of the eastern wall",
      "exits": {
        "North": 13709,
        "South": 13707
      }
    },
    {
      "id": 13709,
      "name": "In the northeastern corner wall",
      "exits": {
        "South": 13708,
        "West": 13710,
        "Up": 13730
      }
    },
    {
      "id": 13710,
      "name": "In the ruins of the northern wall",
      "exits": {
        "East": 13709,
        "West": 13711
      }
    },
    {
      "id": 13711,
      "name": "In the ruins of the northern wall",
      "exits": {
        "East": 13710,
        "West": 13712
      }
    },
    {
      "id": 13712,
      "name": "In the ruins of the northern wall",
      "exits": {
        "North": 22524,
        "East": 13711,
        "West": 13713
      }
    },
    {
      "id": 13713,
      "name": "In the ruins of the northern wall",
      "exits": {
        "East": 13712,
        "West": 13714
      }
    },
    {
      "id": 13714,
      "name": "In the ruins of the northern wall",
      "exits": {
        "East": 13713,
        "West": 13715
      }
    },
    {
      "id": 13715,
      "name": "In the northwest corner wall",
      "exits": {
        "East": 13714,
        "South": 13716,
        "Up": 13724
      }
    },
    {
      "id": 13716,
      "name": "In the ruins of the western wall",
      "exits": {
        "North": 13715,
        "South": 13717
      }
    },
    {
      "id": 13717,
      "name": "In the ruins of the western wall",
      "exits": {
        "North": 13716,
        "East": 13875,
        "South": 13718
      }
    },
    {
      "id": 13718,
      "name": "In the ruins of the western wall",
      "exits": {
        "North": 13717,
        "South": 13719
      }
    },
    {
      "id": 13719,
      "name": "In the ruins of the western wall",
      "exits": {
        "North": 13718,
        "South": 13720
      }
    },
    {
      "id": 13720,
      "name": "In the ruins of the western wall",
      "exits": {
        "North": 13719,
        "South": 13721
      }
    },
    {
      "id": 13721,
      "name": "In the southwest corner",
      "exits": {
        "North": 13720,
        "East": 13722
      }
    },
    {
      "id": 13722,
      "name": "In the ruins of the southern wall",
      "exits": {
        "East": 13723,
        "West": 13721
      }
    },
    {
      "id": 13723,
      "name": "In the ruins of the southern wall",
      "exits": {
        "East": 13700,
        "West": 13722
      }
    },
    {
      "id": 13724,
      "name": "On the remains of the battlement walls",
      "exits": {
        "East": 13725,
        "Down": 13715
      }
    },
    {
      "id": 13725,
      "name": "On the remains of the battlement walls",
      "exits": {
        "East": 13726,
        "West": 13724
      }
    },
    {
      "id": 13726,
      "name": "On the remains of the battlement walls",
      "exits": {
        "East": 13727,
        "West": 13725
      }
    },
    {
      "id": 13727,
      "name": "On the remains of the battlement walls",
      "exits": {
        "East": 13728,
        "West": 13726
      }
    },
    {
      "id": 13728,
      "name": "On the remains of the battlement walls",
      "exits": {
        "East": 13729,
        "West": 13727
      }
    },
    {
      "id": 13729,
      "name": "On the remains of the battlement walls",
      "exits": {
        "East": 13730,
        "West": 13728
      }
    },
    {
      "id": 13730,
      "name": "On the remains of the battlement walls",
      "exits": {
        "South": 13731,
        "West": 13729,
        "Down": 13709
      }
    },
    {
      "id": 13731,
      "name": "On the remains of the battlement walls",
      "exits": {
        "North": 13730,
        "South": 13732
      }
    },
    {
      "id": 13732,
      "name": "On the remains of the battlement walls",
      "exits": {
        "North": 13731
      }
    },
    {
      "id": 13733,
      "name": "On the remains of the battlement walls",
      "exits": {
        "South": 13734
      }
    },
    {
      "id": 13734,
      "name": "On the remains of the battlement walls",
      "exits": {
        "North": 13733,
        "South": 13735
      }
    },
    {
      "id": 13735,
      "name": "On the remains of the battlement walls",
      "exits": {
        "North": 13734,
        "Down": 13703
      }
    },
    {
      "id": 13736,
      "name": "In the ruins of the southern courtyard",
      "exits": {
        "North": 13739,
        "South": 13700
      }
    },
    {
      "id": 13737,
      "name": "In the corner of the stone ruins",
      "exits": {
        "North": 13742,
        "East": 13738
      }
    },
    {
      "id": 13738,
      "name": "Swampy grounds amidst the ruins",
      "exits": {
        "North": 13743,
        "East": 13739,
        "West": 13737
      }
    },
    {
      "id": 13739,
      "name": "Swampy grounds amidst the ruins",
      "exits": {
        "North": 13744,
        "East": 13740,
        "South": 13736,
        "West": 13738
      }
    },
    {
      "id": 13740,
      "name": "Swampy grounds amidst the ruins",
      "exits": {
        "North": 13745,
        "East": 13741,
        "West": 13739
      }
    },
    {
      "id": 13741,
      "name": "Swampy grounds amidst the ruins",
      "exits": {
        "North": 13746,
        "West": 13740
      }
    },
    {
      "id": 13742,
      "name": "Swampy grounds amidst the ruins",
      "exits": {
        "North": 13747,
        "East": 13743,
        "South": 13737
      }
    },
    {
      "id": 13743,
      "name": "Swampy grounds amidst the ruins",
      "exits": {
        "North": 13748,
        "East": 13744,
        "South": 13738,
        "West": 13742
      }
    },
    {
      "id": 13744,
      "name": "Swampy grounds amidst the ruins",
      "exits": {
        "East": 13745,
        "South": 13739,
        "West": 13743
      }
    },
    {
      "id": 13745,
      "name": "Swampy grounds amidst the ruins",
      "exits": {
        "North": 13749,
        "East": 13746,
        "South": 13740,
        "West": 13744
      }
    },
    {
      "id": 13746,
      "name": "Swampy grounds amidst the ruins",
      "exits": {
        "North": 13750,
        "East": 13770,
        "South": 13741,
        "West": 13745
      }
    },
    {
      "id": 13747,
      "name": "Swampy grounds amidst the ruins",
      "exits": {
        "North": 13751,
        "East": 13748,
        "South": 13742,
        "West": 13761
      }
    },
    {
      "id": 13748,
      "name": "Swampy grounds amidst the ruins",
      "exits": {
        "North": 13752,
        "South": 13743,
        "West": 13747
      }
    },
    {
      "id": 13749,
      "name": "Swampy grounds amidst the ruins",
      "exits": {
        "North": 13754,
        "East": 13750,
        "South": 13745
      }
    },
    {
      "id": 13750,
      "name": "Swampy grounds amidst the ruins",
      "exits": {
        "North": 13755,
        "South": 13746,
        "West": 13749
      }
    },
    {
      "id": 13751,
      "name": "Swampy grounds amidst the ruins",
      "exits": {
        "North": 13756,
        "East": 13752,
        "South": 13747
      }
    },
    {
      "id": 13752,
      "name": "Swampy grounds amidst the ruins",
      "exits": {
        "North": 13757,
        "East": 13753,
        "South": 13748,
        "West": 13751
      }
    },
    {
      "id": 13753,
      "name": "Swampy grounds amidst the ruins",
      "exits": {
        "North": 13758,
        "East": 13754,
        "West": 13752
      }
    },
    {
      "id": 13754,
      "name": "Swampy grounds amidst the ruins",
      "exits": {
        "North": 13759,
        "East": 13755,
        "South": 13749,
        "West": 13753
      }
    },
    {
      "id": 13755,
      "name": "Swampy grounds amidst the ruins",
      "exits": {
        "North": 13760,
        "South": 13750,
        "West": 13754
      }
    },
    {
      "id": 13756,
      "name": "Swampy grounds amidst the ruins",
      "exits": {
        "East": 13757,
        "South": 13751
      }
    },
    {
      "id": 13757,
      "name": "Swampy grounds amidst the ruins",
      "exits": {
        "East": 13758,
        "South": 13752,
        "West": 13756
      }
    },
    {
      "id": 13758,
      "name": "Swampy grounds amidst the ruins",
      "exits": {
        "North": 13779,
        "East": 13759,
        "South": 13753,
        "West": 13757
      }
    },
    {
      "id": 13759,
      "name": "Swampy grounds amidst the ruins",
      "exits": {
        "East": 13760,
        "South": 13754,
        "West": 13758
      }
    },
    {
      "id": 13760,
      "name": "Swampy grounds amidst the ruins",
      "exits": {
        "North": 13811,
        "South": 13755,
        "West": 13759
      }
    },
    {
      "id": 13761,
      "name": "Under a broken archway",
      "exits": {
        "North": 13762,
        "East": 13747
      }
    },
    {
      "id": 13762,
      "name": "Walking through the rubbled ruins",
      "exits": {
        "North": 13763,
        "South": 13761
      }
    },
    {
      "id": 13763,
      "name": "Walking through the rubbled ruins",
      "exits": {
        "South": 13762,
        "West": 13764
      }
    },
    {
      "id": 13764,
      "name": "Walking through the rubbled ruins",
      "exits": {
        "North": 13765,
        "East": 13763
      }
    },
    {
      "id": 13765,
      "name": "Between the Towers of Passing",
      "exits": {
        "North": 13767,
        "East": 13766,
        "South": 13764,
        "West": 13768
      }
    },
    {
      "id": 13766,
      "name": "Before a tower of Blue tinged stone",
      "exits": {
        "East": 23230,
        "West": 13765
      }
    },
    {
      "id": 13767,
      "name": "Before a tower of Green tinged stone",
      "exits": {
        "North": 23260,
        "South": 13765
      }
    },
    {
      "id": 13768,
      "name": "Before a tower of Red tinged stone",
      "exits": {
        "East": 13765,
        "West": 23200
      }
    },
    {
      "id": 13770,
      "name": "On a swampy part of the ruins",
      "exits": {
        "North": 13771,
        "East": 13773,
        "West": 13746
      }
    },
    {
      "id": 13771,
      "name": "On a swampy part of the ruins",
      "exits": {
        "East": 13772,
        "South": 13770
      }
    },
    {
      "id": 13772,
      "name": "On a swampy part of the ruins",
      "exits": {
        "South": 13773,
        "West": 13771
      }
    },
    {
      "id": 13773,
      "name": "On a swampy part of the ruins",
      "exits": {
        "North": 13772,
        "East": 13775,
        "South": 13774,
        "West": 13770
      }
    },
    {
      "id": 13774,
      "name": "On a swampy part of the ruins",
      "exits": {
        "North": 13773,
        "East": 13776
      }
    },
    {
      "id": 13775,
      "name": "On a swampy part of the ruins",
      "exits": {
        "South": 13776,
        "West": 13773
      }
    },
    {
      "id": 13776,
      "name": "On a swampy part of the ruins",
      "exits": {
        "North": 13775,
        "East": 13777,
        "West": 13774
      }
    },
    {
      "id": 13777,
      "name": "On a swampy part of the ruins",
      "exits": {
        "East": 13778,
        "West": 13776
      }
    },
    {
      "id": 13778,
      "name": "On a swampy part of the ruins",
      "exits": {
        "East": 13812,
        "West": 13777
      }
    },
    {
      "id": 13779,
      "name": "On a crumbling bridge over a black river",
      "exits": {
        "North": 13781,
        "South": 13758
      }
    },
    {
      "id": 13780,
      "name": "In the ruins of an ancient city",
      "exits": {
        "North": 13784,
        "East": 13781
      }
    },
    {
      "id": 13781,
      "name": "In the ruins of an ancient city",
      "exits": {
        "North": 13785,
        "East": 13782,
        "South": 13779,
        "West": 13780
      }
    },
    {
      "id": 13782,
      "name": "In the ruins of an ancient city",
      "exits": {
        "North": 13786,
        "East": 13783,
        "West": 13781
      }
    },
    {
      "id": 13783,
      "name": "In the ruins of an ancient city",
      "exits": {
        "North": 13787,
        "West": 13782
      }
    },
    {
      "id": 13784,
      "name": "In the ruins of an ancient city",
      "exits": {
        "North": 13792,
        "East": 13785,
        "South": 13780,
        "West": 13792
      }
    },
    {
      "id": 13785,
      "name": "In the ruins of an ancient city",
      "exits": {
        "North": 13789,
        "East": 13786,
        "South": 13781,
        "West": 13784
      }
    },
    {
      "id": 13786,
      "name": "In the ruins of an ancient city",
      "exits": {
        "North": 13790,
        "East": 13787,
        "South": 13782,
        "West": 13785
      }
    },
    {
      "id": 13787,
      "name": "In the ruins of an ancient city",
      "exits": {
        "East": 13800,
        "South": 13783,
        "West": 13786
      }
    },
    {
      "id": 13788,
      "name": "In the ruins of an ancient city",
      "exits": {
        "East": 13789,
        "South": 13784,
        "West": 13791
      }
    },
    {
      "id": 13789,
      "name": "In the ruins of an ancient city",
      "exits": {
        "North": 13850,
        "East": 13790,
        "South": 13785,
        "West": 13788
      }
    },
    {
      "id": 13790,
      "name": "In the ruins of an ancient city",
      "exits": {
        "South": 13786,
        "West": 13789
      }
    },
    {
      "id": 13791,
      "name": "In the ruins of an ancient city",
      "exits": {
        "East": 13788,
        "South": 13792,
        "West": 13793
      }
    },
    {
      "id": 13792,
      "name": "In the ruins of an ancient city",
      "exits": {
        "North": 13791,
        "East": 13784,
        "West": 13870
      }
    },
    {
      "id": 13793,
      "name": "In the ruins of an ancient city",
      "exits": {
        "East": 13791,
        "West": 13794
      }
    },
    {
      "id": 13794,
      "name": "In the ruins of an ancient city",
      "exits": {
        "East": 13793,
        "South": 13795
      }
    },
    {
      "id": 13795,
      "name": "In the ruins of an ancient city",
      "exits": {
        "North": 13794,
        "East": 13870,
        "South": 13796
      }
    },
    {
      "id": 13796,
      "name": "In the ruins of an ancient city",
      "exits": {
        "North": 13795,
        "East": 13797
      }
    },
    {
      "id": 13797,
      "name": "In the ruins of an ancient city",
      "exits": {
        "North": 13870,
        "West": 13796
      }
    },
    {
      "id": 13798,
      "name": "In the ruins of an ancient city",
      "exits": {
        "East": 13799,
        "South": 13800
      }
    },
    {
      "id": 13799,
      "name": "In the ruins of an ancient city",
      "exits": {
        "South": 13801,
        "West": 13798
      }
    },
    {
      "id": 13800,
      "name": "In the ruins of an ancient city",
      "exits": {
        "North": 13798,
        "East": 13801,
        "South": 13802,
        "West": 13787
      }
    },
    {
      "id": 13801,
      "name": "In the ruins of an ancient city",
      "exits": {
        "North": 13799,
        "South": 13803,
        "West": 13800
      }
    },
    {
      "id": 13802,
      "name": "In the ruins of an ancient city",
      "exits": {
        "North": 13800,
        "East": 13803
      }
    },
    {
      "id": 13803,
      "name": "In the ruins of an ancient city",
      "exits": {
        "North": 13801,
        "East": 13804,
        "South": 13805,
        "West": 13802
      }
    },
    {
      "id": 13804,
      "name": "In the ruins of an ancient city",
      "exits": {
        "North": 13807,
        "East": 13809,
        "South": 13806,
        "West": 13803
      }
    },
    {
      "id": 13805,
      "name": "In the ruins of an ancient city",
      "exits": {
        "North": 13803,
        "East": 13806,
        "West": 13810
      }
    },
    {
      "id": 13806,
      "name": "In the ruins of an ancient city",
      "exits": {
        "North": 13804,
        "West": 13805
      }
    },
    {
      "id": 13807,
      "name": "In the ruins of an ancient city",
      "exits": {
        "North": 13901,
        "East": 13808,
        "South": 13804
      }
    },
    {
      "id": 13808,
      "name": "In the ruins of an ancient city",
      "exits": {
        "South": 13809,
        "West": 13807
      }
    },
    {
      "id": 13809,
      "name": "In the ruins of an ancient city",
      "exits": {
        "North": 13808,
        "West": 13804
      }
    },
    {
      "id": 13810,
      "name": "In the ruins of an ancient city",
      "exits": {
        "East": 13805,
        "West": 13811
      }
    },
    {
      "id": 13811,
      "name": "In the ruins of an ancient city",
      "exits": {
        "East": 13810,
        "South": 13760
      }
    },
    {
      "id": 13812,
      "name": "Before a bloody signpost",
      "exits": {
        "North": 13813,
        "West": 13778
      }
    },
    {
      "id": 13813,
      "name": "At a junction in the swampy ruins",
      "exits": {
        "East": 13814,
        "South": 13812,
        "West": 13819
      }
    },
    {
      "id": 13814,
      "name": "Walking through the swamp drowned ruins",
      "exits": {
        "East": 13815,
        "West": 13813
      }
    },
    {
      "id": 13815,
      "name": "Walking through the swamp drowned ruins",
      "exits": {
        "North": 13816,
        "East": 13890,
        "West": 13814
      }
    },
    {
      "id": 13816,
      "name": "Walking through the swamp drowned ruins",
      "exits": {
        "North": 13817,
        "South": 13815
      }
    },
    {
      "id": 13817,
      "name": "Walking through the swamp drowned ruins",
      "exits": {
        "East": 13818,
        "South": 13816
      }
    },
    {
      "id": 13818,
      "name": "The residence of an Ancient Green dragon",
      "exits": {
        "West": 13817
      }
    },
    {
      "id": 13819,
      "name": "In a quiet swampy part of the ruins",
      "exits": {
        "North": 13820,
        "East": 13813
      }
    },
    {
      "id": 13820,
      "name": "In a quiet swampy part of the ruins",
      "exits": {
        "South": 13819,
        "West": 13821
      }
    },
    {
      "id": 13821,
      "name": "In a quiet swampy part of the ruins",
      "exits": {
        "North": 13822,
        "East": 13820
      }
    },
    {
      "id": 13822,
      "name": "In a quiet swampy part of the ruins",
      "exits": {
        "North": 13823,
        "South": 13821
      }
    },
    {
      "id": 13823,
      "name": "In a quiet swampy part of the ruins",
      "exits": {
        "East": 13824,
        "South": 13822
      }
    },
    {
      "id": 13824,
      "name": "Before the Black tinged tower in the swampy ruins",
      "exits": {
        "North": 13825,
        "West": 13823
      }
    },
    {
      "id": 13825,
      "name": "In a black hallway",
      "exits": {
        "East": 13826,
        "South": 13824,
        "West": 13832
      }
    },
    {
      "id": 13826,
      "name": "In a black hallway",
      "exits": {
        "North": 13827,
        "West": 13825
      }
    },
    {
      "id": 13827,
      "name": "In a black hallway",
      "exits": {
        "North": 13828,
        "South": 13826
      }
    },
    {
      "id": 13828,
      "name": "In a black hallway",
      "exits": {
        "South": 13827,
        "West": 13829
      }
    },
    {
      "id": 13829,
      "name": "Before a huge black door",
      "exits": {
        "East": 13828,
        "South": 13833,
        "West": 13830
      }
    },
    {
      "id": 13830,
      "name": "In a black hallway",
      "exits": {
        "East": 13829,
        "South": 13831
      }
    },
    {
      "id": 13831,
      "name": "In a black hallway",
      "exits": {
        "North": 13830,
        "South": 13832
      }
    },
    {
      "id": 13832,
      "name": "In a black hallway",
      "exits": {
        "North": 13831,
        "East": 13825
      }
    },
    {
      "id": 13833,
      "name": "A cold dark room",
      "exits": {
        "North": 13829,
        "Up": 13834
      }
    },
    {
      "id": 13834,
      "name": "In a chilling dark hallway",
      "exits": {
        "South": 13835,
        "Down": 13833
      }
    },
    {
      "id": 13835,
      "name": "Before a door of frozen blood",
      "exits": {
        "North": 13834,
        "South": 13836
      }
    },
    {
      "id": 13836,
      "name": "In a pitch black room",
      "exits": {
        "North": 13835,
        "Up": 13837
      }
    },
    {
      "id": 13837,
      "name": "In a patch black hallway",
      "exits": {
        "North": 13838,
        "Down": 13836
      }
    },
    {
      "id": 13838,
      "name": "Before a dark blue door",
      "exits": {
        "North": 13839,
        "South": 13837
      }
    },
    {
      "id": 13839,
      "name": "In a bare black room",
      "exits": {
        "South": 13838,
        "Up": 13841
      }
    },
    {
      "id": 13841,
      "name": "Before a massive door of blackened heartstone",
      "exits": {
        "North": 13842,
        "Down": 13839
      }
    },
    {
      "id": 13842,
      "name": "In the room of Binding Light",
      "exits": {
        "South": 13841
      }
    },
    {
      "id": 13843,
      "name": "On a dock in a bloody harbour",
      "exits": {
        "North": 13848,
        "East": 13844,
        "West": 13894
      }
    },
    {
      "id": 13844,
      "name": "On a dock in a bloody harbour",
      "exits": {
        "East": 13845,
        "South": 13891,
        "West": 13843
      }
    },
    {
      "id": 13845,
      "name": "On a dock in a bloody harbour",
      "exits": {
        "East": 13846,
        "South": 13892,
        "West": 13844
      }
    },
    {
      "id": 13846,
      "name": "On a dock in a bloody harbour",
      "exits": {
        "North": 13849,
        "East": 13847,
        "South": 13853,
        "West": 13845
      }
    },
    {
      "id": 13847,
      "name": "End of a dock in a bloody harbour",
      "exits": {
        "North": 13893,
        "West": 13846
      }
    },
    {
      "id": 13848,
      "name": "In a destroyed boat house",
      "exits": {
        "South": 13843
      }
    },
    {
      "id": 13849,
      "name": "Within a blood soaked boat house",
      "exits": {
        "South": 13846
      }
    },
    {
      "id": 13850,
      "name": "In the northern ruins of the city",
      "exits": {
        "North": 13851,
        "South": 13789
      }
    },
    {
      "id": 13851,
      "name": "In the northern ruins of the city",
      "exits": {
        "North": 13852,
        "South": 13850
      }
    },
    {
      "id": 13852,
      "name": "In the northern ruins of the city",
      "exits": {
        "South": 13851
      }
    },
    {
      "id": 13853,
      "name": "Wading through the bloody waters of the harbour",
      "exits": {
        "North": 13846,
        "South": 13856,
        "West": 13892
      }
    },
    {
      "id": 13854,
      "name": "Wading through the bloody waters of the harbour",
      "exits": {
        "North": 13891,
        "East": 13855,
        "South": 13857
      }
    },
    {
      "id": 13855,
      "name": "Wading through the bloody waters of the harbour",
      "exits": {
        "North": 13892,
        "East": 13856,
        "South": 13858,
        "West": 13854
      }
    },
    {
      "id": 13856,
      "name": "Wading through the bloody waters of the harbour",
      "exits": {
        "North": 13853,
        "South": 13859,
        "West": 13855
      }
    },
    {
      "id": 13857,
      "name": "Wading through the bloody waters of the harbour",
      "exits": {
        "North": 13854,
        "East": 13858
      }
    },
    {
      "id": 13858,
      "name": "Before a bloody river outlet in the harbour",
      "exits": {
        "North": 13855,
        "East": 13859,
        "South": 13860,
        "West": 13857
      }
    },
    {
      "id": 13859,
      "name": "Wading through the bloody waters of the harbour",
      "exits": {
        "North": 13856,
        "West": 13858
      }
    },
    {
      "id": 13860,
      "name": "Wading through the bloody river outlet",
      "exits": {
        "North": 13858,
        "South": 13861
      }
    },
    {
      "id": 13861,
      "name": "Wading through the bloody river outlet",
      "exits": {
        "North": 13860,
        "East": 13862
      }
    },
    {
      "id": 13862,
      "name": "Wading through the bloody river outlet",
      "exits": {
        "East": 13863,
        "West": 13861
      }
    },
    {
      "id": 13863,
      "name": "Wading through the bloody river outlet",
      "exits": {
        "East": 13864,
        "West": 13862
      }
    },
    {
      "id": 13864,
      "name": "A bend in the bloody river outlet",
      "exits": {
        "South": 13865,
        "West": 13863
      }
    },
    {
      "id": 13865,
      "name": "In a bone and blood filled river outlet",
      "exits": {
        "North": 13864,
        "East": 13866
      }
    },
    {
      "id": 13866,
      "name": "At the edge of a bone embankment",
      "exits": {
        "East": 13867,
        "West": 13865
      }
    },
    {
      "id": 13867,
      "name": "On an isle of elven bones",
      "exits": {
        "North": 13884,
        "East": 13868,
        "West": 13866
      }
    },
    {
      "id": 13868,
      "name": "On an isle of elven bones",
      "exits": {
        "North": 13871,
        "East": 13869,
        "West": 13867
      }
    },
    {
      "id": 13869,
      "name": "On an isle of elven bones",
      "exits": {
        "North": 13872,
        "East": 13873,
        "West": 13868
      }
    },
    {
      "id": 13870,
      "name": "At the entrance to a restored building",
      "exits": {
        "East": 13792,
        "South": 13797,
        "West": 13795
      }
    },
    {
      "id": 13871,
      "name": "On an isle of elven bones",
      "exits": {
        "North": 13874,
        "East": 13872,
        "South": 13868,
        "West": 13884
      }
    },
    {
      "id": 13872,
      "name": "On an isle of elven bones",
      "exits": {
        "South": 13869,
        "West": 13871
      }
    },
    {
      "id": 13873,
      "name": "Before a dam built from elven bones",
      "exits": {
        "West": 13869
      }
    },
    {
      "id": 13874,
      "name": "Standing at the edge of a huge graveyard of ships",
      "exits": {
        "South": 13871
      }
    },
    {
      "id": 13875,
      "name": "In the ruins of the city walls",
      "exits": {
        "South": 13876,
        "West": 13717
      }
    },
    {
      "id": 13876,
      "name": "In the ruins of the city walls",
      "exits": {
        "North": 13875,
        "South": 13877
      }
    },
    {
      "id": 13877,
      "name": "Above a hole in the city walls",
      "exits": {
        "North": 13876,
        "Down": 13878
      }
    },
    {
      "id": 13878,
      "name": "In a small excavated hole beneath the walls",
      "exits": {
        "North": 13879,
        "Up": 13877
      }
    },
    {
      "id": 13879,
      "name": "Outside a door in the crumbling walls",
      "exits": {
        "East": 13881,
        "South": 13878
      }
    },
    {
      "id": 13881,
      "name": "Inside a small room beneath the crumbling walls",
      "exits": {
        "West": 13879
      }
    },
    {
      "id": 13884,
      "name": "On an isle of elven bones",
      "exits": {
        "East": 13871,
        "South": 13867
      }
    },
    {
      "id": 13890,
      "name": "On a wet, marshland path in the ruins",
      "exits": {
        "East": 13894,
        "West": 13815
      }
    },
    {
      "id": 13891,
      "name": "Wading through the bloody waters of the harbour",
      "exits": {
        "North": 13844,
        "East": 13892,
        "South": 13854
      }
    },
    {
      "id": 13892,
      "name": "Wading through the bloody waters of the harbour",
      "exits": {
        "North": 13845,
        "East": 13853,
        "South": 13855,
        "West": 13891
      }
    },
    {
      "id": 13893,
      "name": "In a burnt out harbour-master\u0027s room",
      "exits": {
        "South": 13847
      }
    },
    {
      "id": 13894,
      "name": "At the edge of the swampland ruins",
      "exits": {
        "East": 13843,
        "West": 13890
      }
    },
    {
      "id": 22523,
      "name": "To Forest of Myth Drannor",
      "otherAreaExit": true,
      "exits": {
        "North": 13700,
        "West": 22522
      }
    },
    {
      "id": 22519,
      "name": "To Forest of Myth Drannor",
      "otherAreaExit": true,
      "exits": {
        "East": 22518,
        "West": 13705
      }
    },
    {
      "id": 22524,
      "name": "To Forest of Myth Drannor",
      "otherAreaExit": true,
      "exits": {
        "North": 22511,
        "South": 13712
      }
    },
    {
      "id": 23230,
      "name": "To The Blue Tower",
      "otherAreaExit": true,
      "exits": {
        "East": 23231,
        "West": 13766
      }
    },
    {
      "id": 23260,
      "name": "To The Green Tower",
      "otherAreaExit": true,
      "exits": {
        "North": 23262,
        "East": 23261,
        "South": 13767
      }
    },
    {
      "id": 23200,
      "name": "To The Red Tower",
      "otherAreaExit": true,
      "exits": {
        "East": 13768,
        "Up": 23201
      }
    },
    {
      "id": 13901,
      "name": "To Rakshasa Tower",
      "otherAreaExit": true,
      "exits": {
        "North": 13903,
        "South": 13807
      }
    }
  ]
}