{
  "name": "Sands of Sorrow",
  "buildOptions": {
    "maxSteps": 1000,
    "fixObstacles": true,
    "fixNonStraight": true,
    "fixIntersected": false,
    "compactMap": true,
    "addDebugInfo": false,
    "colorizeConnectionIssues": true
  },
  "rooms": [
    {
      "id": 5001,
      "name": "A long tunnel",
      "exits": {
        "East": 5002,
        "West": 60789
      }
    },
    {
      "id": 5002,
      "name": "A long tunnel",
      "exits": {
        "North": 5008,
        "East": 5003,
        "West": 5001
      }
    },
    {
      "id": 5003,
      "name": "A long tunnel",
      "exits": {
        "East": 5004,
        "South": 5017,
        "West": 5002
      }
    },
    {
      "id": 5004,
      "name": "A long tunnel",
      "exits": {
        "East": 5005,
        "South": 5018,
        "West": 5003
      }
    },
    {
      "id": 5005,
      "name": "An underground lake",
      "exits": {
        "North": 5016,
        "East": 5006,
        "South": 5023,
        "West": 5004
      }
    },
    {
      "id": 5006,
      "name": "A long narrow tunnel",
      "exits": {
        "East": 5007,
        "West": 5005
      }
    },
    {
      "id": 5007,
      "name": "A wide tunnel",
      "exits": {
        "East": 5027,
        "West": 5006
      }
    },
    {
      "id": 5008,
      "name": "Cave-in",
      "exits": {
        "South": 5002,
        "Down": 5009
      }
    },
    {
      "id": 5009,
      "name": "At the foot of the rubble",
      "exits": {
        "North": 5010,
        "East": 5012,
        "Up": 5008
      }
    },
    {
      "id": 5010,
      "name": "Cave entrance",
      "exits": {
        "South": 5009,
        "Down": 5011
      }
    },
    {
      "id": 5011,
      "name": "Giant cave",
      "exits": {
        "Up": 5010
      }
    },
    {
      "id": 5012,
      "name": "Narrow bend",
      "exits": {
        "South": 5013,
        "West": 5009
      }
    },
    {
      "id": 5013,
      "name": "Large cave",
      "exits": {
        "North": 5012,
        "East": 5014
      }
    },
    {
      "id": 5014,
      "name": "Damp hallway",
      "exits": {
        "East": 5015,
        "West": 5013
      }
    },
    {
      "id": 5015,
      "name": "Underground pool",
      "exits": {
        "South": 5016,
        "West": 5014
      }
    },
    {
      "id": 5016,
      "name": "Damp hallway",
      "exits": {
        "North": 5015,
        "South": 5005
      }
    },
    {
      "id": 5017,
      "name": "Narrow crawlway",
      "exits": {
        "North": 5003,
        "East": 5018,
        "South": 5019
      }
    },
    {
      "id": 5018,
      "name": "Large cavern",
      "exits": {
        "North": 5004,
        "West": 5017
      }
    },
    {
      "id": 5019,
      "name": "Fungus patch",
      "exits": {
        "North": 5017,
        "East": 5020
      }
    },
    {
      "id": 5020,
      "name": "Fungus path",
      "exits": {
        "South": 5021,
        "West": 5019
      }
    },
    {
      "id": 5021,
      "name": "Fungus temple",
      "exits": {
        "North": 5020,
        "East": 5022
      }
    },
    {
      "id": 5022,
      "name": "Sloping passage",
      "exits": {
        "West": 5021,
        "Down": 5023
      }
    },
    {
      "id": 5023,
      "name": "Sloping passage",
      "exits": {
        "North": 5005,
        "Up": 5022
      }
    },
    {
      "id": 5024,
      "name": "The Sands of Sorrow",
      "exits": {
        "North": 5030,
        "East": 5025,
        "South": 5027,
        "West": 5026
      }
    },
    {
      "id": 5025,
      "name": "The Sands of Sorrow",
      "exits": {
        "North": 5056,
        "East": 5026,
        "South": 5028,
        "West": 5024
      }
    },
    {
      "id": 5026,
      "name": "The Sands of Sorrow",
      "exits": {
        "North": 5032,
        "East": 5024,
        "South": 5029,
        "West": 5025
      }
    },
    {
      "id": 5027,
      "name": "The Sands of Sorrow",
      "exits": {
        "North": 5024,
        "East": 5028,
        "South": 5030,
        "West": 5007
      }
    },
    {
      "id": 5028,
      "name": "The Sands of Sorrow",
      "exits": {
        "North": 5025,
        "East": 5029,
        "South": 5031,
        "West": 5027
      }
    },
    {
      "id": 5029,
      "name": "The Sands of Sorrow",
      "exits": {
        "North": 5026,
        "East": 5062,
        "South": 5032,
        "West": 5028
      }
    },
    {
      "id": 5030,
      "name": "The Sands of Sorrow",
      "exits": {
        "North": 5027,
        "East": 5031,
        "South": 5024,
        "West": 5032
      }
    },
    {
      "id": 5031,
      "name": "The Sands of Sorrow",
      "exits": {
        "North": 5028,
        "East": 5032,
        "South": 5063,
        "West": 5030
      }
    },
    {
      "id": 5032,
      "name": "The Sands of Sorrow",
      "exits": {
        "North": 5029,
        "East": 5030,
        "South": 5026,
        "West": 5031
      }
    },
    {
      "id": 5056,
      "name": "A nomad camp",
      "exits": {
        "North": 5058,
        "East": 5057,
        "South": 5025
      }
    },
    {
      "id": 5057,
      "name": "Inside a small tent",
      "exits": {
        "East": 8700,
        "West": 5056
      }
    },
    {
      "id": 5058,
      "name": "Beside the camels",
      "exits": {
        "North": 5060,
        "East": 5059,
        "South": 5056
      }
    },
    {
      "id": 5059,
      "name": "The warrior\u0027s tent.",
      "exits": {
        "West": 5058
      }
    },
    {
      "id": 5060,
      "name": "The main tent",
      "exits": {
        "East": 5061,
        "South": 5058
      }
    },
    {
      "id": 5061,
      "name": "The main tent",
      "exits": {
        "West": 5060
      }
    },
    {
      "id": 5062,
      "name": "Strange Glowing Sand",
      "exits": {
        "West": 5029
      }
    },
    {
      "id": 5063,
      "name": "The wind-swept ledge",
      "exits": {
        "North": 5031,
        "West": 5064
      }
    },
    {
      "id": 5064,
      "name": "The cave mouth",
      "exits": {
        "East": 5063,
        "West": 5065
      }
    },
    {
      "id": 5065,
      "name": "The mysterious lair.",
      "exits": {
        "East": 5064,
        "West": 5066
      }
    },
    {
      "id": 5066,
      "name": "A wide tunnel",
      "exits": {
        "East": 5065,
        "West": 5067
      }
    },
    {
      "id": 5067,
      "name": "A narrower tunnel",
      "exits": {
        "East": 5066,
        "South": 5068
      }
    },
    {
      "id": 5068,
      "name": "A narrow crack",
      "exits": {
        "North": 5067,
        "West": 5069
      }
    },
    {
      "id": 5069,
      "name": "A small cavern.",
      "exits": {
        "North": 5070,
        "East": 5068
      }
    },
    {
      "id": 5070,
      "name": "A small shaft",
      "exits": {
        "South": 5069,
        "Up": 5009
      }
    },
    {
      "id": 60789,
      "name": "To Thalos",
      "otherAreaExit": true,
      "exits": {
        "North": 60788,
        "East": 5001,
        "South": 60790
      }
    },
    {
      "id": 8700,
      "name": "To Pyramid",
      "otherAreaExit": true,
      "exits": {
        "North": 8700,
        "East": 8701,
        "South": 8700,
        "West": 5057
      }
    }
  ]
}