{
  "name": "Sewers",
  "buildOptions": {
    "maxSteps": 1000,
    "fixObstacles": true,
    "fixNonStraight": true,
    "fixIntersected": false,
    "compactMap": true,
    "addDebugInfo": false,
    "colorizeConnectionIssues": true
  },
  "rooms": [
    {
      "id": 7001,
      "name": "The muddy sewer",
      "exits": {
        "South": 7002,
        "Up": 19085
      }
    },
    {
      "id": 7002,
      "name": "The muddy sewer junction",
      "exits": {
        "North": 7001,
        "East": 7007,
        "South": 7003
      }
    },
    {
      "id": 7003,
      "name": "The mudhole",
      "exits": {
        "North": 7002,
        "Down": 7101
      }
    },
    {
      "id": 7004,
      "name": "The Dark Pit",
      "exits": {
        "East": 7009,
        "Down": 7102
      }
    },
    {
      "id": 7005,
      "name": "The muddy sewer",
      "exits": {
        "East": 7011,
        "South": 7006
      }
    },
    {
      "id": 7006,
      "name": "The muddy sewer",
      "exits": {
        "North": 7005,
        "East": 7012
      }
    },
    {
      "id": 7007,
      "name": "The muddy sewer bend",
      "exits": {
        "South": 7008,
        "West": 7002
      }
    },
    {
      "id": 7008,
      "name": "A muddy intersection",
      "exits": {
        "North": 7007,
        "East": 7014,
        "South": 7009
      }
    },
    {
      "id": 7009,
      "name": "The Sewer Junction",
      "exits": {
        "North": 7008,
        "East": 7017,
        "South": 7010,
        "West": 7004
      }
    },
    {
      "id": 7010,
      "name": "A bend in sewer pipe",
      "exits": {
        "North": 7009,
        "East": 7018,
        "Up": 19066
      }
    },
    {
      "id": 7011,
      "name": "The muddy sewer pipe",
      "exits": {
        "East": 7024,
        "South": 7021,
        "West": 7005
      }
    },
    {
      "id": 7012,
      "name": "The bend in the Muddy sewer",
      "exits": {
        "South": 7013,
        "West": 7006
      }
    },
    {
      "id": 7013,
      "name": "A MUDDY intersection",
      "exits": {
        "North": 7012,
        "East": 7026,
        "South": 7014
      }
    },
    {
      "id": 7014,
      "name": "Muddy sewer",
      "exits": {
        "North": 7013,
        "West": 7008
      }
    },
    {
      "id": 7015,
      "name": "The old well",
      "exits": {
        "East": 7028,
        "Down": 7105
      }
    },
    {
      "id": 7016,
      "name": "The ordinary bend",
      "exits": {
        "East": 7021,
        "South": 7017
      }
    },
    {
      "id": 7017,
      "name": "The sewer junction",
      "exits": {
        "North": 7016,
        "South": 7018,
        "West": 7009
      }
    },
    {
      "id": 7018,
      "name": "The ordinary junction",
      "exits": {
        "North": 7017,
        "East": 7031,
        "West": 7010
      }
    },
    {
      "id": 7021,
      "name": "A quiet pipe junction",
      "exits": {
        "North": 7011,
        "East": 7029,
        "West": 7016
      }
    },
    {
      "id": 7022,
      "name": "The odd room with smooth walls",
      "exits": {
        "Down": 7112
      }
    },
    {
      "id": 7024,
      "name": "The sewer",
      "exits": {
        "East": 7037,
        "South": 7025,
        "West": 7011
      }
    },
    {
      "id": 7025,
      "name": "Another intersection",
      "exits": {
        "North": 7024,
        "East": 7038,
        "South": 7026
      }
    },
    {
      "id": 7026,
      "name": "A junction",
      "exits": {
        "North": 7025,
        "South": 7028,
        "West": 7013
      }
    },
    {
      "id": 7028,
      "name": "The sewer junction",
      "exits": {
        "North": 7026,
        "East": 7034,
        "West": 7015
      }
    },
    {
      "id": 7029,
      "name": "The Triple Junction",
      "exits": {
        "East": 7035,
        "South": 7030,
        "West": 7021
      }
    },
    {
      "id": 7030,
      "name": "The Quadruple Junction Under the Dump",
      "exits": {
        "North": 7029,
        "East": 7036,
        "South": 7031,
        "West": 7022,
        "Up": 19096
      }
    },
    {
      "id": 7031,
      "name": "A triple junction",
      "exits": {
        "North": 7030,
        "East": 7044,
        "West": 7018
      }
    },
    {
      "id": 7034,
      "name": "A bend in the sewer pipe",
      "exits": {
        "South": 7035,
        "West": 7028
      }
    },
    {
      "id": 7035,
      "name": "The sewer pipe bend",
      "exits": {
        "North": 7034,
        "West": 7029
      }
    },
    {
      "id": 7036,
      "name": "The pit",
      "exits": {
        "West": 7030,
        "Down": 7122
      }
    },
    {
      "id": 7037,
      "name": "The round room",
      "exits": {
        "East": 7050
      }
    },
    {
      "id": 7038,
      "name": "The three way junction",
      "exits": {
        "East": 7045,
        "South": 7039,
        "West": 7025
      }
    },
    {
      "id": 7039,
      "name": "The Sewer Store Room",
      "exits": {
        "North": 7038
      }
    },
    {
      "id": 7041,
      "name": "The Shaft",
      "exits": {
        "South": 7043,
        "Down": 7123
      }
    },
    {
      "id": 7043,
      "name": "The Sewer Entrance",
      "exits": {
        "North": 7041,
        "South": 7044
      }
    },
    {
      "id": 7044,
      "name": "The junction going three ways",
      "exits": {
        "North": 7043,
        "East": 7049,
        "West": 7031
      }
    },
    {
      "id": 7045,
      "name": "The Sewer Room",
      "exits": {
        "South": 7046,
        "West": 7038
      }
    },
    {
      "id": 7046,
      "name": "The Sewer room",
      "exits": {
        "North": 7045,
        "South": 7047
      }
    },
    {
      "id": 7047,
      "name": "The Pool in the Sewer",
      "exits": {
        "North": 7046,
        "East": 7053
      }
    },
    {
      "id": 7048,
      "name": "The Sewers",
      "exits": {
        "South": 7049
      }
    },
    {
      "id": 7049,
      "name": "The junction",
      "exits": {
        "North": 7048,
        "East": 7060,
        "West": 7044
      }
    },
    {
      "id": 7050,
      "name": "The small room",
      "exits": {
        "East": 7055,
        "South": 7051
      }
    },
    {
      "id": 7051,
      "name": "The Sewer pipe",
      "exits": {
        "North": 7050,
        "South": 7052
      }
    },
    {
      "id": 7052,
      "name": "The Grand Sewer",
      "exits": {
        "North": 7051,
        "East": 7056,
        "South": 7053
      }
    },
    {
      "id": 7053,
      "name": "The South end of the Grand Pipe",
      "exits": {
        "North": 7052,
        "West": 7047
      }
    },
    {
      "id": 7055,
      "name": "The Edge of The Water Sewer",
      "exits": {
        "East": 7061,
        "West": 7050
      }
    },
    {
      "id": 7056,
      "name": "The Dark hallway",
      "exits": {
        "South": 7057,
        "West": 7052
      }
    },
    {
      "id": 7057,
      "name": "The dark passageway",
      "exits": {
        "North": 7056,
        "South": 7058
      }
    },
    {
      "id": 7058,
      "name": "The dark passageway",
      "exits": {
        "North": 7057,
        "South": 7059
      }
    },
    {
      "id": 7059,
      "name": "The dark passageway",
      "exits": {
        "North": 7058,
        "South": 7060
      }
    },
    {
      "id": 7060,
      "name": "The dark passageway",
      "exits": {
        "North": 7059,
        "East": 7068,
        "West": 7049
      }
    },
    {
      "id": 7061,
      "name": "The Watery Sewer Bend",
      "exits": {
        "South": 7062,
        "West": 7055
      }
    },
    {
      "id": 7062,
      "name": "The Watery sewer",
      "exits": {
        "North": 7061,
        "South": 7063,
        "Up": 19032
      }
    },
    {
      "id": 7063,
      "name": "The Watery sewer",
      "exits": {
        "North": 7062,
        "South": 7064
      }
    },
    {
      "id": 7064,
      "name": "The Watery Sewer Junction",
      "exits": {
        "North": 7063,
        "East": 7069,
        "South": 7065
      }
    },
    {
      "id": 7065,
      "name": "The Watery sewer",
      "exits": {
        "North": 7064,
        "South": 7066,
        "Up": 19030
      }
    },
    {
      "id": 7066,
      "name": "The Watery sewer junction",
      "exits": {
        "North": 7065,
        "East": 7070,
        "South": 7067
      }
    },
    {
      "id": 7067,
      "name": "The Watery sewer",
      "exits": {
        "North": 7066,
        "South": 7068
      }
    },
    {
      "id": 7068,
      "name": "The Watery sewer bend",
      "exits": {
        "North": 7067,
        "West": 7060,
        "Up": 19028
      }
    },
    {
      "id": 7069,
      "name": "A ledge by the dark pool",
      "exits": {
        "South": 7070,
        "West": 7064
      }
    },
    {
      "id": 7070,
      "name": "A ledge by the dark pool",
      "exits": {
        "North": 7069,
        "West": 7066,
        "Down": 7099
      }
    },
    {
      "id": 7099,
      "name": "The fissure under the ledge",
      "exits": {
        "Up": 7070,
        "Down": 7199
      }
    },
    {
      "id": 7101,
      "name": "Under the mudhole",
      "exits": {
        "East": 7103
      }
    },
    {
      "id": 7102,
      "name": "Under the Dark Pit",
      "exits": {
        "East": 7104,
        "Up": 7004,
        "Down": 7400
      }
    },
    {
      "id": 7103,
      "name": "A muddy bend in the sewer system",
      "exits": {
        "South": 7104,
        "West": 7101
      }
    },
    {
      "id": 7104,
      "name": "A junction in the sewer pipes",
      "exits": {
        "North": 7103,
        "East": 7112,
        "West": 7102
      }
    },
    {
      "id": 7105,
      "name": "Down the old well",
      "exits": {
        "Up": 7015
      }
    },
    {
      "id": 7106,
      "name": "The northwestern corner of the ledge",
      "exits": {
        "East": 7113,
        "South": 7107
      }
    },
    {
      "id": 7107,
      "name": "The narrow ledge",
      "exits": {
        "North": 7106,
        "East": 7190,
        "South": 7108
      }
    },
    {
      "id": 7108,
      "name": "The narrow ledge",
      "exits": {
        "North": 7107,
        "East": 7190,
        "South": 7109
      }
    },
    {
      "id": 7109,
      "name": "The narrow ledge",
      "exits": {
        "North": 7108,
        "East": 7190,
        "South": 7110
      }
    },
    {
      "id": 7110,
      "name": "The narrow ledge",
      "exits": {
        "North": 7109,
        "East": 7190,
        "South": 7111,
        "Up": 19082
      }
    },
    {
      "id": 7111,
      "name": "The southwestern corner of the ledge",
      "exits": {
        "North": 7110,
        "East": 7115,
        "South": 7112,
        "Down": 7279
      }
    },
    {
      "id": 7112,
      "name": "An odd intersection",
      "exits": {
        "North": 7111,
        "East": 7122,
        "West": 7104
      }
    },
    {
      "id": 7113,
      "name": "The narrow ledge going east to west",
      "exits": {
        "East": 7116,
        "South": 7190,
        "West": 7106
      }
    },
    {
      "id": 7114,
      "name": "Mid-air",
      "exits": {}
    },
    {
      "id": 7115,
      "name": "The Broad ledge",
      "exits": {
        "North": 7114,
        "East": 7121,
        "South": 7129,
        "West": 7111
      }
    },
    {
      "id": 7116,
      "name": "The northeastern corner of the ledge",
      "exits": {
        "South": 7117,
        "West": 7113,
        "Down": 7280
      }
    },
    {
      "id": 7117,
      "name": "The narrow eastern ledge",
      "exits": {
        "South": 7118,
        "West": 7114
      }
    },
    {
      "id": 7118,
      "name": "The narrow eastern ledge",
      "exits": {
        "South": 7119,
        "West": 7114
      }
    },
    {
      "id": 7119,
      "name": "The narrow eastern ledge",
      "exits": {
        "South": 7120,
        "West": 7114
      }
    },
    {
      "id": 7120,
      "name": "The narrow eastern ledge",
      "exits": {
        "East": 7123,
        "South": 7121,
        "West": 7114
      }
    },
    {
      "id": 7121,
      "name": "The southeastern corner of the ledge",
      "exits": {
        "North": 7120,
        "West": 7115
      }
    },
    {
      "id": 7122,
      "name": "Under the pit",
      "exits": {
        "West": 7112
      }
    },
    {
      "id": 7123,
      "name": "Under The Shaft",
      "exits": {
        "West": 7120,
        "Up": 7041
      }
    },
    {
      "id": 7129,
      "name": "The sewer line.",
      "exits": {
        "North": 7115,
        "Down": 7221
      }
    },
    {
      "id": 7130,
      "name": "The sewer pipe.",
      "exits": {}
    },
    {
      "id": 7190,
      "name": "Mid-air",
      "exits": {}
    },
    {
      "id": 7199,
      "name": "The Edge of the Water",
      "exits": {
        "Up": 7099
      }
    },
    {
      "id": 7200,
      "name": "The Treasury",
      "exits": {
        "East": 7201
      }
    },
    {
      "id": 7201,
      "name": "The inner Lair",
      "exits": {
        "South": 7202,
        "West": 7200
      }
    },
    {
      "id": 7202,
      "name": "The Lair",
      "exits": {
        "North": 7201,
        "East": 7205,
        "South": 7203
      }
    },
    {
      "id": 7203,
      "name": "The Lair",
      "exits": {
        "North": 7202,
        "East": 7206,
        "South": 7204
      }
    },
    {
      "id": 7204,
      "name": "The Lair",
      "exits": {
        "North": 7203,
        "East": 7207,
        "South": 7208
      }
    },
    {
      "id": 7205,
      "name": "The Lair",
      "exits": {
        "South": 7206,
        "West": 7202
      }
    },
    {
      "id": 7206,
      "name": "The lair.",
      "exits": {
        "North": 7205,
        "South": 7207,
        "West": 7203
      }
    },
    {
      "id": 7207,
      "name": "The lair.",
      "exits": {
        "North": 7206,
        "West": 7204
      }
    },
    {
      "id": 7208,
      "name": "The lair entrance.",
      "exits": {
        "North": 7204,
        "East": 7209
      }
    },
    {
      "id": 7209,
      "name": "The crawlway.",
      "exits": {
        "East": 7210,
        "West": 7208
      }
    },
    {
      "id": 7210,
      "name": "The four-way junction.",
      "exits": {
        "North": 7211,
        "East": 7212,
        "South": 7215,
        "West": 7209
      }
    },
    {
      "id": 7211,
      "name": "The small cave.",
      "exits": {
        "South": 7210
      }
    },
    {
      "id": 7212,
      "name": "The sewer drain.",
      "exits": {
        "North": 7213,
        "West": 7210
      }
    },
    {
      "id": 7213,
      "name": "The sewer drain.",
      "exits": {
        "East": 7214,
        "South": 7212
      }
    },
    {
      "id": 7214,
      "name": "The drain end.",
      "exits": {
        "West": 7213
      }
    },
    {
      "id": 7215,
      "name": "The half-wet drain.",
      "exits": {
        "North": 7210,
        "South": 7216
      }
    },
    {
      "id": 7216,
      "name": "Under water in the sewer.",
      "exits": {
        "North": 7215,
        "South": 7217
      }
    },
    {
      "id": 7217,
      "name": "The half-dry drain.",
      "exits": {
        "North": 7216,
        "East": 7218,
        "West": 7219
      }
    },
    {
      "id": 7218,
      "name": "The very small room.",
      "exits": {
        "West": 7217
      }
    },
    {
      "id": 7219,
      "name": "A dry sewer drain.",
      "exits": {
        "East": 7217,
        "South": 7220
      }
    },
    {
      "id": 7220,
      "name": "A boring drain.",
      "exits": {
        "North": 7219,
        "East": 7221
      }
    },
    {
      "id": 7221,
      "name": "The sewer drain.",
      "exits": {
        "East": 7222,
        "West": 7220,
        "Up": 7129
      }
    },
    {
      "id": 7222,
      "name": "The sewer drain.",
      "exits": {
        "East": 7223,
        "West": 7221
      }
    },
    {
      "id": 7223,
      "name": "The sewer bend.",
      "exits": {
        "North": 7224,
        "West": 7222
      }
    },
    {
      "id": 7224,
      "name": "The sewer junction",
      "exits": {
        "North": 7225,
        "South": 7223,
        "West": 7229
      }
    },
    {
      "id": 7225,
      "name": "The sewer",
      "exits": {
        "South": 7224
      }
    },
    {
      "id": 7229,
      "name": "The strange sewer",
      "exits": {
        "East": 7224,
        "West": 7230
      }
    },
    {
      "id": 7230,
      "name": "The damp sewer",
      "exits": {
        "East": 7229,
        "West": 7231
      }
    },
    {
      "id": 7231,
      "name": "The strange sewer",
      "exits": {
        "East": 7230,
        "West": 7232
      }
    },
    {
      "id": 7232,
      "name": "The sewer",
      "exits": {
        "North": 7233,
        "East": 7231
      }
    },
    {
      "id": 7233,
      "name": "The sewer drain",
      "exits": {
        "East": 7234,
        "South": 7232
      }
    },
    {
      "id": 7234,
      "name": "The rat\u0027s lair",
      "exits": {
        "West": 7233
      }
    },
    {
      "id": 7279,
      "name": "The Wall of the Abyss",
      "exits": {
        "Up": 7111,
        "Down": 7399
      }
    },
    {
      "id": 7280,
      "name": "The entrance.",
      "exits": {
        "North": 7281,
        "Up": 7116
      }
    },
    {
      "id": 7281,
      "name": "The corridor.",
      "exits": {
        "East": 7282,
        "South": 7280
      }
    },
    {
      "id": 7282,
      "name": "The Realm of lost souls",
      "exits": {
        "North": 7283,
        "West": 7281
      }
    },
    {
      "id": 7283,
      "name": "The T-crossing",
      "exits": {
        "East": 7286,
        "South": 7282,
        "West": 7284
      }
    },
    {
      "id": 7284,
      "name": "The firedeath",
      "exits": {}
    },
    {
      "id": 7285,
      "name": "The tortureroom.",
      "exits": {
        "South": 7286
      }
    },
    {
      "id": 7286,
      "name": "The hells yard",
      "exits": {
        "North": 7285,
        "West": 7283
      }
    },
    {
      "id": 7301,
      "name": "The Entrance to the Realm of silence",
      "exits": {}
    },
    {
      "id": 7399,
      "name": "On the walls of the Abyss",
      "exits": {
        "Up": 7279
      }
    },
    {
      "id": 7400,
      "name": "Cave entrance",
      "exits": {
        "North": 7401,
        "Up": 7102
      }
    },
    {
      "id": 7401,
      "name": "Cave tunnel",
      "exits": {
        "North": 7402,
        "South": 7400
      }
    },
    {
      "id": 7402,
      "name": "Cave room",
      "exits": {
        "East": 7403,
        "South": 7401,
        "West": 7421
      }
    },
    {
      "id": 7403,
      "name": "Cave T-cross",
      "exits": {
        "East": 7404,
        "South": 7408,
        "West": 7402,
        "Up": 19050
      }
    },
    {
      "id": 7404,
      "name": "Cave turning-point",
      "exits": {
        "South": 7405,
        "West": 7403
      }
    },
    {
      "id": 7405,
      "name": "The secret room",
      "exits": {
        "North": 7404,
        "South": 7406
      }
    },
    {
      "id": 7406,
      "name": "The mudhole",
      "exits": {
        "North": 7405,
        "West": 7407
      }
    },
    {
      "id": 7407,
      "name": "Tunnel",
      "exits": {
        "North": 7408,
        "East": 7406,
        "South": 7409
      }
    },
    {
      "id": 7408,
      "name": "The long tunnel",
      "exits": {
        "North": 7403,
        "South": 7407
      }
    },
    {
      "id": 7409,
      "name": "The hot room",
      "exits": {
        "North": 7407,
        "West": 7410,
        "Up": 19052
      }
    },
    {
      "id": 7410,
      "name": "The small room",
      "exits": {
        "East": 7409,
        "West": 7411
      }
    },
    {
      "id": 7411,
      "name": "The stalagmite cave",
      "exits": {
        "North": 7414,
        "East": 7410,
        "South": 7412
      }
    },
    {
      "id": 7412,
      "name": "The stalagmite tunnel",
      "exits": {
        "North": 7411,
        "West": 7413
      }
    },
    {
      "id": 7413,
      "name": "The spongy room",
      "exits": {
        "East": 7412,
        "West": 7445
      }
    },
    {
      "id": 7414,
      "name": "The stalagmite T-cross",
      "exits": {
        "North": 7417,
        "East": 7415,
        "South": 7411
      }
    },
    {
      "id": 7415,
      "name": "The blind end room",
      "exits": {
        "North": 7416,
        "West": 7414
      }
    },
    {
      "id": 7416,
      "name": "The treasure room",
      "exits": {
        "South": 7415
      }
    },
    {
      "id": 7417,
      "name": "The square lair",
      "exits": {
        "North": 7418,
        "South": 7414,
        "West": 7420
      }
    },
    {
      "id": 7418,
      "name": "The square lair",
      "exits": {
        "East": 7421,
        "South": 7417,
        "West": 7419
      }
    },
    {
      "id": 7419,
      "name": "The square lair",
      "exits": {
        "North": 7422,
        "East": 7418,
        "South": 7420
      }
    },
    {
      "id": 7420,
      "name": "The lair end",
      "exits": {
        "North": 7419,
        "East": 7417
      }
    },
    {
      "id": 7421,
      "name": "East tunnel",
      "exits": {
        "East": 7402,
        "West": 7418
      }
    },
    {
      "id": 7422,
      "name": "North tunnel",
      "exits": {
        "North": 7423,
        "South": 7419,
        "West": 7436
      }
    },
    {
      "id": 7423,
      "name": "The L-shaped room.",
      "exits": {
        "East": 7424,
        "South": 7422
      }
    },
    {
      "id": 7424,
      "name": "The Circular hall.",
      "exits": {
        "East": 7425,
        "West": 7423
      }
    },
    {
      "id": 7425,
      "name": "Dusty tunnel",
      "exits": {
        "East": 7426,
        "West": 7424
      }
    },
    {
      "id": 7426,
      "name": "The crossing",
      "exits": {
        "North": 7431,
        "East": 7430,
        "South": 7427,
        "West": 7425
      }
    },
    {
      "id": 7427,
      "name": "The L-shaped room",
      "exits": {
        "North": 7426,
        "East": 7428
      }
    },
    {
      "id": 7428,
      "name": "Dragons lair",
      "exits": {
        "North": 7429,
        "West": 7427
      }
    },
    {
      "id": 7429,
      "name": "The burned room",
      "exits": {
        "South": 7428,
        "West": 7430
      }
    },
    {
      "id": 7430,
      "name": "The wind tunnel",
      "exits": {
        "East": 7429,
        "West": 7426
      }
    },
    {
      "id": 7431,
      "name": "The glittering room",
      "exits": {
        "East": 7432,
        "South": 7426,
        "West": 7433
      }
    },
    {
      "id": 7432,
      "name": "The secret passageroom",
      "exits": {
        "West": 7431,
        "Up": 19048
      }
    },
    {
      "id": 7433,
      "name": "End of long tunnel",
      "exits": {
        "East": 7431,
        "West": 7434
      }
    },
    {
      "id": 7434,
      "name": "Stair-room",
      "exits": {
        "South": 7435
      }
    },
    {
      "id": 7435,
      "name": "Dark tunnel",
      "exits": {
        "North": 7434,
        "South": 7436
      }
    },
    {
      "id": 7436,
      "name": "Entrance to lair",
      "exits": {
        "North": 7435,
        "East": 7422,
        "South": 7437
      }
    },
    {
      "id": 7437,
      "name": "North-eastern part of Basilisks cave",
      "exits": {
        "North": 7436,
        "South": 7438,
        "West": 7439
      }
    },
    {
      "id": 7438,
      "name": "South-eastern part of basilisks cave",
      "exits": {
        "North": 7437,
        "West": 7440
      }
    },
    {
      "id": 7439,
      "name": "North-western part of basilisks cave",
      "exits": {
        "East": 7437,
        "South": 7440
      }
    },
    {
      "id": 7440,
      "name": "South-western part of basilisks cave",
      "exits": {
        "North": 7439,
        "East": 7438,
        "South": 7441
      }
    },
    {
      "id": 7441,
      "name": "The small cave",
      "exits": {
        "North": 7440,
        "South": 7442,
        "Up": 19069
      }
    },
    {
      "id": 7442,
      "name": "The northern end of the pool",
      "exits": {
        "North": 7441,
        "East": 7443,
        "South": 7444
      }
    },
    {
      "id": 7443,
      "name": "The pool",
      "exits": {
        "South": 7445,
        "West": 7442
      }
    },
    {
      "id": 7444,
      "name": "The south end of the pool",
      "exits": {
        "North": 7442,
        "East": 7445
      }
    },
    {
      "id": 7445,
      "name": "The pool",
      "exits": {
        "North": 7443,
        "East": 7413,
        "West": 7444
      }
    },
    {
      "id": 19085,
      "name": "To Astoria",
      "otherAreaExit": true,
      "exits": {
        "South": 19084,
        "Down": 7001
      }
    },
    {
      "id": 19066,
      "name": "To Astoria",
      "otherAreaExit": true,
      "exits": {
        "South": 19065,
        "Down": 7010
      }
    },
    {
      "id": 19096,
      "name": "To Astoria",
      "otherAreaExit": true,
      "exits": {
        "North": 19095,
        "South": 19097,
        "Down": 7030
      }
    },
    {
      "id": 19032,
      "name": "To Astoria",
      "otherAreaExit": true,
      "exits": {
        "South": 19027,
        "Down": 7062
      }
    },
    {
      "id": 19030,
      "name": "To Astoria",
      "otherAreaExit": true,
      "exits": {
        "South": 19026,
        "Down": 7065
      }
    },
    {
      "id": 19028,
      "name": "To Astoria",
      "otherAreaExit": true,
      "exits": {
        "South": 19025,
        "Down": 7068
      }
    },
    {
      "id": 19082,
      "name": "To Astoria",
      "otherAreaExit": true,
      "exits": {
        "South": 19081,
        "Down": 7110
      }
    },
    {
      "id": 19050,
      "name": "To Astoria",
      "otherAreaExit": true,
      "exits": {
        "South": 19046,
        "Down": 7403
      }
    },
    {
      "id": 19052,
      "name": "To Astoria",
      "otherAreaExit": true,
      "exits": {
        "South": 19047,
        "Down": 7409
      }
    },
    {
      "id": 19048,
      "name": "To Astoria",
      "otherAreaExit": true,
      "exits": {
        "South": 19045,
        "Down": 7432
      }
    },
    {
      "id": 19069,
      "name": "To Astoria",
      "otherAreaExit": true,
      "exits": {
        "South": 19068,
        "Down": 7441
      }
    }
  ]
}