{
  "name": "Shadowlands",
  "buildOptions": {
    "maxSteps": 1000,
    "fixObstacles": false,
    "fixNonStraight": false,
    "fixIntersected": false,
    "compactMap": true,
    "addDebugInfo": false,
    "colorizeConnectionIssues": true
  },
  "rooms": [
    {
      "id": 14000,
      "name": "At the base of a mountain",
      "exits": {
        "Up": 14001,
        "Down": 14172
      }
    },
    {
      "id": 14001,
      "name": "On a rocky mountain",
      "exits": {
        "Up": 14002,
        "Down": 14000
      }
    },
    {
      "id": 14002,
      "name": "On a rocky mountain",
      "exits": {
        "Up": 14003,
        "Down": 14001
      }
    },
    {
      "id": 14003,
      "name": "On a ledge on a high mountain",
      "exits": {
        "East": 14004,
        "Down": 14002
      }
    },
    {
      "id": 14004,
      "name": "On a ledge on a high mountain",
      "exits": {
        "East": 14005,
        "West": 14003
      }
    },
    {
      "id": 14005,
      "name": "On a ledge on a high mountain",
      "exits": {
        "West": 14004,
        "Down": 14007
      }
    },
    {
      "id": 14007,
      "name": "On a rocky mountain",
      "exits": {
        "Up": 14005,
        "Down": 14008
      }
    },
    {
      "id": 14008,
      "name": "At the base of a mountain",
      "exits": {
        "East": 14013,
        "Up": 14007
      }
    },
    {
      "id": 14013,
      "name": "On an unused road in a misty valley",
      "exits": {
        "East": 14014,
        "West": 14008
      }
    },
    {
      "id": 14014,
      "name": "Outside a desolate town in a misty valley",
      "exits": {
        "East": 14015,
        "West": 14013
      }
    },
    {
      "id": 14015,
      "name": "On a town road covered by mist",
      "exits": {
        "North": 14016,
        "East": 14017,
        "West": 14014
      }
    },
    {
      "id": 14016,
      "name": "In a collapsed building",
      "exits": {
        "South": 14015
      }
    },
    {
      "id": 14017,
      "name": "At an accursed common square in a misty town.",
      "exits": {
        "North": 14026,
        "East": 14018,
        "South": 14049,
        "West": 14015
      }
    },
    {
      "id": 14018,
      "name": "On a town road covered by mist",
      "exits": {
        "East": 14020,
        "South": 14019,
        "West": 14017
      }
    },
    {
      "id": 14019,
      "name": "In a burnt out house",
      "exits": {
        "North": 14018
      }
    },
    {
      "id": 14020,
      "name": "On a town road covered by mist",
      "exits": {
        "North": 14021,
        "East": 14022,
        "West": 14018
      }
    },
    {
      "id": 14021,
      "name": "In a blocked up room",
      "exits": {
        "South": 14020
      }
    },
    {
      "id": 14022,
      "name": "On a town road covered by mist",
      "exits": {
        "North": 14023,
        "East": 14025,
        "South": 14024,
        "West": 14020
      }
    },
    {
      "id": 14023,
      "name": "In a blocked up room",
      "exits": {
        "South": 14022
      }
    },
    {
      "id": 14024,
      "name": "In a blocked up room",
      "exits": {
        "North": 14022
      }
    },
    {
      "id": 14025,
      "name": "On a town road covered by mist",
      "exits": {
        "East": 14054,
        "West": 14022
      }
    },
    {
      "id": 14026,
      "name": "On a town road covered by mist",
      "exits": {
        "North": 14027,
        "South": 14017
      }
    },
    {
      "id": 14027,
      "name": "On a town road covered by mist",
      "exits": {
        "North": 14029,
        "East": 14028,
        "South": 14026
      }
    },
    {
      "id": 14028,
      "name": "Inside a badly kept building",
      "exits": {
        "West": 14027
      }
    },
    {
      "id": 14029,
      "name": "On a town road covered by mist",
      "exits": {
        "North": 14030,
        "South": 14027
      }
    },
    {
      "id": 14030,
      "name": "On an unused road in a misty valley",
      "exits": {
        "East": 14031,
        "South": 14029,
        "West": 14088
      }
    },
    {
      "id": 14031,
      "name": "On an unused road in a misty valley",
      "exits": {
        "East": 14032,
        "West": 14030
      }
    },
    {
      "id": 14032,
      "name": "On an unused road in a misty valley",
      "exits": {
        "North": 14033,
        "West": 14031
      }
    },
    {
      "id": 14033,
      "name": "On an unused road in a misty valley",
      "exits": {
        "North": 14036,
        "South": 14032
      }
    },
    {
      "id": 14034,
      "name": "On the banks of a black lake",
      "exits": {
        "West": 14035
      }
    },
    {
      "id": 14035,
      "name": "On the banks of a black lake",
      "exits": {
        "East": 14034,
        "West": 14036
      }
    },
    {
      "id": 14036,
      "name": "At the edge of a black lake",
      "exits": {
        "North": 14038,
        "East": 14035,
        "South": 14033,
        "West": 14037
      }
    },
    {
      "id": 14037,
      "name": "On the banks of a black lake",
      "exits": {
        "East": 14036,
        "West": 14041
      }
    },
    {
      "id": 14038,
      "name": "On a pier over a black lake",
      "exits": {
        "East": 14039,
        "South": 14036
      }
    },
    {
      "id": 14039,
      "name": "On a pier over a black lake",
      "exits": {
        "East": 14040,
        "West": 14038
      }
    },
    {
      "id": 14040,
      "name": "On a pier over a black lake",
      "exits": {
        "East": 14087,
        "West": 14039
      }
    },
    {
      "id": 14041,
      "name": "On the banks of a black lake",
      "exits": {
        "North": 14042,
        "East": 14037
      }
    },
    {
      "id": 14042,
      "name": "On the banks of a black lake",
      "exits": {
        "South": 14041,
        "West": 14043
      }
    },
    {
      "id": 14043,
      "name": "On the banks of a black lake",
      "exits": {
        "East": 14042,
        "West": 14044
      }
    },
    {
      "id": 14044,
      "name": "On the banks of a black lake",
      "exits": {
        "North": 14045,
        "East": 14043
      }
    },
    {
      "id": 14045,
      "name": "On the banks of a black lake",
      "exits": {
        "North": 14046,
        "South": 14044
      }
    },
    {
      "id": 14046,
      "name": "On the banks of a black lake",
      "exits": {
        "East": 14047,
        "South": 14045
      }
    },
    {
      "id": 14047,
      "name": "The black dragon\u0027s wading pool",
      "exits": {
        "West": 14046
      }
    },
    {
      "id": 14048,
      "name": "A burnt out reception room",
      "exits": {
        "East": 14049
      }
    },
    {
      "id": 14049,
      "name": "Inside a collapsed hallway",
      "exits": {
        "North": 14017,
        "South": 14051,
        "West": 14048
      }
    },
    {
      "id": 14050,
      "name": "In a collapsed room",
      "exits": {
        "East": 14051
      }
    },
    {
      "id": 14051,
      "name": "In a gutted hallway",
      "exits": {
        "North": 14049,
        "East": 14052,
        "West": 14050
      }
    },
    {
      "id": 14052,
      "name": "In a gutted hallway",
      "exits": {
        "East": 14053,
        "West": 14051
      }
    },
    {
      "id": 14053,
      "name": "In a gutted hallway",
      "exits": {
        "East": 14068,
        "South": 14071,
        "West": 14052
      }
    },
    {
      "id": 14054,
      "name": "Outside a desolate town in a misty valley",
      "exits": {
        "East": 14055,
        "West": 14025
      }
    },
    {
      "id": 14055,
      "name": "On an unused road in a misty valley",
      "exits": {
        "South": 14056,
        "West": 14054
      }
    },
    {
      "id": 14056,
      "name": "On an unused road in a misty valley",
      "exits": {
        "North": 14055,
        "East": 14057
      }
    },
    {
      "id": 14057,
      "name": "On an unused road in a misty valley",
      "exits": {
        "East": 14058,
        "West": 14056
      }
    },
    {
      "id": 14058,
      "name": "At the base of a mountain",
      "exits": {
        "West": 14057,
        "Up": 14059
      }
    },
    {
      "id": 14059,
      "name": "On a mist enshrouded mountain",
      "exits": {
        "Up": 14060,
        "Down": 14058
      }
    },
    {
      "id": 14060,
      "name": "On a mist enshrouded mountain",
      "exits": {
        "Up": 14061,
        "Down": 14059
      }
    },
    {
      "id": 14061,
      "name": "On a mist enshrouded ledge",
      "exits": {
        "East": 14065,
        "Up": 14062,
        "Down": 14060
      }
    },
    {
      "id": 14062,
      "name": "On a mist enshrouded mountain",
      "exits": {
        "Up": 14063,
        "Down": 14061
      }
    },
    {
      "id": 14063,
      "name": "On a snowy mist enshrouded mountain",
      "exits": {
        "Up": 14064,
        "Down": 14062
      }
    },
    {
      "id": 14064,
      "name": "On a snowy mist enshrouded mountain",
      "exits": {
        "Up": 14074,
        "Down": 14063
      }
    },
    {
      "id": 14065,
      "name": "On a mist enshrouded ledge",
      "exits": {
        "West": 14061,
        "Down": 14066
      }
    },
    {
      "id": 14066,
      "name": "On a mist enshrouded mountain",
      "exits": {
        "Up": 14065,
        "Down": 14067
      }
    },
    {
      "id": 14067,
      "name": "On a mist enshrouded mountain",
      "exits": {
        "Up": 14066,
        "Down": 14173
      }
    },
    {
      "id": 14068,
      "name": "In a gutted hallway",
      "exits": {
        "East": 14070,
        "South": 14072,
        "West": 14053
      }
    },
    {
      "id": 14070,
      "name": "The mayor\u0027s office",
      "exits": {
        "West": 14068
      }
    },
    {
      "id": 14071,
      "name": "A collapsed workroom",
      "exits": {
        "North": 14053,
        "East": 14072
      }
    },
    {
      "id": 14072,
      "name": "A collapsed workroom",
      "exits": {
        "North": 14068,
        "West": 14071
      }
    },
    {
      "id": 14073,
      "name": "A clearing in a the dark rocky pathway",
      "exits": {
        "North": 14174
      }
    },
    {
      "id": 14074,
      "name": "On a snowy mist enshrouded mountain",
      "exits": {
        "West": 14075,
        "Down": 14064
      }
    },
    {
      "id": 14075,
      "name": "On an ice-covered ledge",
      "exits": {
        "East": 14074,
        "South": 14076
      }
    },
    {
      "id": 14076,
      "name": "On an ice-covered ledge",
      "exits": {
        "North": 14075,
        "West": 14077
      }
    },
    {
      "id": 14077,
      "name": "An snowbound mountainside",
      "exits": {
        "North": 14076,
        "East": 14085,
        "South": 14082,
        "West": 14078
      }
    },
    {
      "id": 14078,
      "name": "An snowbound mountainside",
      "exits": {
        "North": 14081,
        "East": 14084,
        "South": 14077,
        "West": 14079
      }
    },
    {
      "id": 14079,
      "name": "An snowbound mountainside",
      "exits": {
        "North": 14078,
        "East": 14080,
        "South": 14083,
        "West": 14077
      }
    },
    {
      "id": 14080,
      "name": "An snowbound mountainside",
      "exits": {
        "North": 14083,
        "East": 14081,
        "South": 14079,
        "West": 14082
      }
    },
    {
      "id": 14081,
      "name": "An snowbound mountainside",
      "exits": {
        "North": 14086,
        "East": 14078,
        "South": 14082,
        "West": 14080
      }
    },
    {
      "id": 14082,
      "name": "An snowbound mountainside",
      "exits": {
        "North": 14080,
        "East": 14085,
        "South": 14077,
        "West": 14081
      }
    },
    {
      "id": 14083,
      "name": "An snowbound mountainside",
      "exits": {
        "North": 14079,
        "East": 14084,
        "South": 14080,
        "West": 14085
      }
    },
    {
      "id": 14084,
      "name": "An snowbound mountainside",
      "exits": {
        "North": 14085,
        "East": 14078,
        "South": 14081,
        "West": 14083
      }
    },
    {
      "id": 14085,
      "name": "An snowbound mountainside",
      "exits": {
        "North": 14083,
        "East": 14082,
        "South": 14077,
        "West": 14084
      }
    },
    {
      "id": 14086,
      "name": "The lair of the white dragon",
      "exits": {
        "South": 14081
      }
    },
    {
      "id": 14087,
      "name": "At the end of a pier over the black lake",
      "exits": {
        "West": 14040
      }
    },
    {
      "id": 14088,
      "name": "On an unused road in a misty valley",
      "exits": {
        "East": 14030,
        "West": 14089
      }
    },
    {
      "id": 14089,
      "name": "At a gate in the misty road",
      "exits": {
        "East": 14088,
        "West": 14095
      }
    },
    {
      "id": 14090,
      "name": "Lost in a misty field",
      "exits": {
        "North": 14099,
        "East": 14091,
        "South": 14093,
        "West": 14092
      }
    },
    {
      "id": 14091,
      "name": "Lost in a misty field",
      "exits": {
        "North": 14279,
        "East": 14094,
        "South": 14092,
        "West": 14090
      }
    },
    {
      "id": 14092,
      "name": "Lost in a misty field",
      "exits": {
        "North": 14280,
        "East": 14090,
        "South": 14095,
        "West": 14091
      }
    },
    {
      "id": 14093,
      "name": "Lost in a misty field",
      "exits": {
        "North": 14096,
        "East": 14094,
        "South": 14090,
        "West": 14095
      }
    },
    {
      "id": 14094,
      "name": "Lost in a misty field",
      "exits": {
        "North": 14097,
        "East": 14091,
        "South": 14095,
        "West": 14093
      }
    },
    {
      "id": 14095,
      "name": "Lost in a misty field",
      "exits": {
        "North": 14092,
        "East": 14089,
        "South": 14098,
        "West": 14094
      }
    },
    {
      "id": 14096,
      "name": "Lost in a misty field",
      "exits": {
        "North": 14093,
        "East": 14097,
        "South": 14099,
        "West": 14098
      }
    },
    {
      "id": 14097,
      "name": "Lost in a misty field",
      "exits": {
        "North": 14094,
        "East": 14279,
        "South": 14098,
        "West": 14096
      }
    },
    {
      "id": 14098,
      "name": "Lost in a misty field",
      "exits": {
        "North": 14096,
        "East": 14095,
        "South": 14280,
        "West": 14097
      }
    },
    {
      "id": 14099,
      "name": "Lost in a misty field",
      "exits": {
        "North": 9743,
        "East": 14096,
        "South": 14090,
        "West": 14281
      }
    },
    {
      "id": 14101,
      "name": "A pitch-black tunnel",
      "exits": {
        "South": 14102,
        "Up": 14291
      }
    },
    {
      "id": 14102,
      "name": "A pitch-black tunnel",
      "exits": {
        "North": 14101,
        "South": 14103
      }
    },
    {
      "id": 14103,
      "name": "A pitch-black tunnel",
      "exits": {
        "North": 14102,
        "East": 14104
      }
    },
    {
      "id": 14104,
      "name": "A pitch-black tunnel",
      "exits": {
        "South": 14105,
        "West": 14103
      }
    },
    {
      "id": 14105,
      "name": "A pitch-black tunnel",
      "exits": {
        "North": 14104,
        "East": 14106,
        "South": 14108
      }
    },
    {
      "id": 14106,
      "name": "A pitch-black tunnel",
      "exits": {
        "East": 14107,
        "West": 14105
      }
    },
    {
      "id": 14107,
      "name": "A pitch-black tunnel",
      "exits": {
        "South": 14109,
        "West": 14106
      }
    },
    {
      "id": 14108,
      "name": "A pitch-black tunnel",
      "exits": {
        "North": 14105,
        "South": 14111
      }
    },
    {
      "id": 14109,
      "name": "A pitch-black tunnel",
      "exits": {
        "North": 14107,
        "East": 14110
      }
    },
    {
      "id": 14110,
      "name": "A pitch-black tunnel",
      "exits": {
        "South": 14113,
        "West": 14109
      }
    },
    {
      "id": 14111,
      "name": "A pitch-black tunnel",
      "exits": {
        "North": 14108,
        "East": 14112
      }
    },
    {
      "id": 14112,
      "name": "A pitch-black tunnel",
      "exits": {
        "South": 14115,
        "West": 14111
      }
    },
    {
      "id": 14113,
      "name": "A pitch-black tunnel",
      "exits": {
        "North": 14110,
        "East": 14114
      }
    },
    {
      "id": 14114,
      "name": "A pitch-black tunnel",
      "exits": {
        "West": 14113
      }
    },
    {
      "id": 14115,
      "name": "A pitch-black tunnel",
      "exits": {
        "North": 14112,
        "South": 14119
      }
    },
    {
      "id": 14116,
      "name": "A pitch-black tunnel",
      "exits": {
        "East": 14117,
        "South": 14122
      }
    },
    {
      "id": 14117,
      "name": "A pitch-black tunnel",
      "exits": {
        "South": 14123,
        "West": 14116
      }
    },
    {
      "id": 14118,
      "name": "A pitch-black tunnel",
      "exits": {
        "East": 14119,
        "South": 14127
      }
    },
    {
      "id": 14119,
      "name": "A pitch-black tunnel",
      "exits": {
        "North": 14115,
        "East": 14120,
        "South": 14128,
        "West": 14118
      }
    },
    {
      "id": 14120,
      "name": "A pitch-black tunnel",
      "exits": {
        "East": 14121,
        "West": 14119
      }
    },
    {
      "id": 14121,
      "name": "A pitch-black tunnel",
      "exits": {
        "South": 14129,
        "West": 14120
      }
    },
    {
      "id": 14122,
      "name": "A small underground pool",
      "exits": {
        "North": 14116
      }
    },
    {
      "id": 14123,
      "name": "A pitch-black tunnel",
      "exits": {
        "North": 14117,
        "South": 14130
      }
    },
    {
      "id": 14124,
      "name": "A pitch-black tunnel",
      "exits": {
        "East": 14125,
        "South": 14133
      }
    },
    {
      "id": 14125,
      "name": "A pitch-black tunnel",
      "exits": {
        "South": 14134,
        "West": 14124
      }
    },
    {
      "id": 14126,
      "name": "A pitch-black tunnel",
      "exits": {
        "East": 14127,
        "South": 14135
      }
    },
    {
      "id": 14127,
      "name": "A pitch-black tunnel",
      "exits": {
        "North": 14118,
        "West": 14126
      }
    },
    {
      "id": 14128,
      "name": "A pitch-black tunnel",
      "exits": {
        "North": 14119,
        "South": 14137
      }
    },
    {
      "id": 14129,
      "name": "A pitch-black tunnel",
      "exits": {
        "North": 14121,
        "South": 14138
      }
    },
    {
      "id": 14130,
      "name": "A pitch-black tunnel",
      "exits": {
        "North": 14123,
        "East": 14131,
        "South": 14140
      }
    },
    {
      "id": 14131,
      "name": "A pitch-black tunnel",
      "exits": {
        "East": 14132,
        "West": 14130
      }
    },
    {
      "id": 14132,
      "name": "A pitch-black tunnel",
      "exits": {
        "North": 9888,
        "South": 14142,
        "West": 14131
      }
    },
    {
      "id": 14133,
      "name": "A pitch-black tunnel",
      "exits": {
        "North": 14124,
        "East": 14134
      }
    },
    {
      "id": 14134,
      "name": "A pitch-black tunnel",
      "exits": {
        "North": 14125,
        "East": 14135,
        "South": 14143,
        "West": 14133
      }
    },
    {
      "id": 14135,
      "name": "A pitch-black tunnel",
      "exits": {
        "North": 14126,
        "West": 14134
      }
    },
    {
      "id": 14136,
      "name": "A pitch-black tunnel",
      "exits": {
        "East": 14137
      }
    },
    {
      "id": 14137,
      "name": "A pitch-black tunnel",
      "exits": {
        "North": 14128,
        "West": 14136
      }
    },
    {
      "id": 14138,
      "name": "A pitch-black tunnel",
      "exits": {
        "North": 14129,
        "East": 14139
      }
    },
    {
      "id": 14139,
      "name": "A pitch-black tunnel",
      "exits": {
        "East": 14140,
        "South": 14144,
        "West": 14138
      }
    },
    {
      "id": 14140,
      "name": "A pitch-black tunnel",
      "exits": {
        "North": 14130,
        "West": 14139
      }
    },
    {
      "id": 14141,
      "name": "A pitch-black tunnel",
      "exits": {
        "East": 14142
      }
    },
    {
      "id": 14142,
      "name": "A pitch-black tunnel",
      "exits": {
        "North": 14132,
        "West": 14141
      }
    },
    {
      "id": 14143,
      "name": "A pitch-black tunnel",
      "exits": {
        "North": 14134
      }
    },
    {
      "id": 14144,
      "name": "A pitch-black tunnel",
      "exits": {
        "North": 14139,
        "South": 14148
      }
    },
    {
      "id": 14145,
      "name": "A pitch-black tunnel",
      "exits": {
        "East": 14146,
        "South": 14151
      }
    },
    {
      "id": 14146,
      "name": "A pitch-black tunnel",
      "exits": {
        "South": 14152,
        "West": 14145
      }
    },
    {
      "id": 14147,
      "name": "A pitch-black tunnel",
      "exits": {
        "East": 14148
      }
    },
    {
      "id": 14148,
      "name": "A pitch-black tunnel",
      "exits": {
        "North": 14144,
        "East": 14149,
        "South": 14153,
        "West": 14147
      }
    },
    {
      "id": 14149,
      "name": "A pitch-black tunnel",
      "exits": {
        "East": 14150,
        "West": 14148
      }
    },
    {
      "id": 14150,
      "name": "A pitch-black tunnel",
      "exits": {
        "East": 14151,
        "South": 14154,
        "West": 14149
      }
    },
    {
      "id": 14151,
      "name": "A pitch-black tunnel",
      "exits": {
        "North": 14145,
        "East": 14152,
        "West": 14150
      }
    },
    {
      "id": 14152,
      "name": "A pitch-black tunnel",
      "exits": {
        "North": 14146,
        "West": 14151
      }
    },
    {
      "id": 14153,
      "name": "A pitch-black tunnel",
      "exits": {
        "North": 14148
      }
    },
    {
      "id": 14154,
      "name": "A pitch-black tunnel",
      "exits": {
        "North": 14150,
        "South": 14159
      }
    },
    {
      "id": 14155,
      "name": "In a dimly lit tunnel",
      "exits": {
        "North": 14276,
        "East": 14156,
        "South": 14277,
        "West": 14274
      }
    },
    {
      "id": 14156,
      "name": "A dimly lit tunnel",
      "exits": {
        "East": 14157,
        "West": 14155
      }
    },
    {
      "id": 14157,
      "name": "A pitch-black tunnel",
      "exits": {
        "East": 14158,
        "West": 14156
      }
    },
    {
      "id": 14158,
      "name": "A pitch-black tunnel",
      "exits": {
        "East": 14159,
        "West": 14157
      }
    },
    {
      "id": 14159,
      "name": "A pitch-black tunnel",
      "exits": {
        "North": 14154,
        "East": 14160,
        "West": 14158
      }
    },
    {
      "id": 14160,
      "name": "A pitch-black tunnel",
      "exits": {
        "East": 14161,
        "West": 14159
      }
    },
    {
      "id": 14161,
      "name": "A pitch-black tunnel",
      "exits": {
        "East": 14162,
        "West": 14160
      }
    },
    {
      "id": 14162,
      "name": "A pitch-black tunnel",
      "exits": {
        "South": 14163,
        "West": 14161
      }
    },
    {
      "id": 14163,
      "name": "In a darkened tunnel",
      "exits": {
        "North": 14162,
        "South": 14164
      }
    },
    {
      "id": 14164,
      "name": "Beneath a hole",
      "exits": {
        "North": 14163,
        "Up": 14165
      }
    },
    {
      "id": 14165,
      "name": "Outside a dark cave",
      "exits": {
        "East": 14166,
        "Down": 14164
      }
    },
    {
      "id": 14166,
      "name": "A dark rocky pathway",
      "exits": {
        "East": 14167,
        "West": 14165
      }
    },
    {
      "id": 14167,
      "name": "A dark rocky pathway",
      "exits": {
        "North": 14168,
        "West": 14166
      }
    },
    {
      "id": 14168,
      "name": "A dark rocky pathway",
      "exits": {
        "North": 14169,
        "South": 14167
      }
    },
    {
      "id": 14169,
      "name": "A dark rocky pathway",
      "exits": {
        "East": 14170,
        "South": 14168
      }
    },
    {
      "id": 14170,
      "name": "A dark rocky pathway",
      "exits": {
        "North": 14171,
        "West": 14169
      }
    },
    {
      "id": 14171,
      "name": "A dark rocky pathway",
      "exits": {
        "East": 14172,
        "South": 14170
      }
    },
    {
      "id": 14172,
      "name": "At the base of a mountain in a dark rocky pathway",
      "exits": {
        "West": 14171,
        "Up": 14000
      }
    },
    {
      "id": 14173,
      "name": "At the base of a mist enshrouded mountain",
      "exits": {
        "East": 14174,
        "Up": 14067
      }
    },
    {
      "id": 14174,
      "name": "A dark rocky pathway",
      "exits": {
        "East": 14175,
        "South": 14073,
        "West": 14173
      }
    },
    {
      "id": 14175,
      "name": "A bend in the dark rocky pathway",
      "exits": {
        "South": 14176,
        "West": 14174
      }
    },
    {
      "id": 14176,
      "name": "A dark rocky pathway",
      "exits": {
        "North": 14175,
        "East": 13653,
        "South": 14177
      }
    },
    {
      "id": 14177,
      "name": "Before the bone gates",
      "exits": {
        "North": 14176,
        "South": 14178
      }
    },
    {
      "id": 14178,
      "name": "Entrance to the courtyards",
      "exits": {
        "North": 14177,
        "South": 14180
      }
    },
    {
      "id": 14179,
      "name": "Northwest corner of a courtyard",
      "exits": {
        "East": 14180,
        "South": 14182
      }
    },
    {
      "id": 14180,
      "name": "Northern end of courtyard",
      "exits": {
        "North": 14178,
        "East": 14181,
        "South": 14183,
        "West": 14179
      }
    },
    {
      "id": 14181,
      "name": "In a courtyard",
      "exits": {
        "South": 14184,
        "West": 14180
      }
    },
    {
      "id": 14182,
      "name": "In a courtyard",
      "exits": {
        "North": 14179,
        "East": 14183,
        "South": 14186
      }
    },
    {
      "id": 14183,
      "name": "In a courtyard",
      "exits": {
        "North": 14180,
        "East": 14184,
        "South": 14187,
        "West": 14182
      }
    },
    {
      "id": 14184,
      "name": "In a courtyard",
      "exits": {
        "North": 14181,
        "South": 14188,
        "West": 14183
      }
    },
    {
      "id": 14185,
      "name": "Below a staircase",
      "exits": {
        "East": 14186,
        "Up": 14207
      }
    },
    {
      "id": 14186,
      "name": "In a courtyard",
      "exits": {
        "North": 14182,
        "East": 14187,
        "South": 14190,
        "West": 14185
      }
    },
    {
      "id": 14187,
      "name": "In a courtyard",
      "exits": {
        "North": 14183,
        "East": 14188,
        "South": 14191,
        "West": 14186
      }
    },
    {
      "id": 14188,
      "name": "In a courtyard",
      "exits": {
        "North": 14184,
        "East": 14189,
        "South": 14192,
        "West": 14187
      }
    },
    {
      "id": 14189,
      "name": "Below a staircase",
      "exits": {
        "West": 14188,
        "Up": 14208
      }
    },
    {
      "id": 14190,
      "name": "In a courtyard",
      "exits": {
        "North": 14186,
        "East": 14191,
        "South": 14193
      }
    },
    {
      "id": 14191,
      "name": "In a courtyard",
      "exits": {
        "North": 14187,
        "East": 14192,
        "South": 14194,
        "West": 14190
      }
    },
    {
      "id": 14192,
      "name": "In a courtyard",
      "exits": {
        "North": 14188,
        "South": 14195,
        "West": 14191
      }
    },
    {
      "id": 14193,
      "name": "Southwestern corner of a courtyard",
      "exits": {
        "North": 14190,
        "East": 14194
      }
    },
    {
      "id": 14194,
      "name": "Southern end of a courtyard",
      "exits": {
        "North": 14191,
        "East": 14195,
        "South": 14196,
        "West": 14193
      }
    },
    {
      "id": 14195,
      "name": "Southeastern corner of a courtyard",
      "exits": {
        "North": 14192,
        "West": 14194
      }
    },
    {
      "id": 14196,
      "name": "Below a staircase",
      "exits": {
        "North": 14194,
        "Up": 14220
      }
    },
    {
      "id": 14197,
      "name": "Top of the northwest battlement tower",
      "exits": {
        "Down": 14269
      }
    },
    {
      "id": 14198,
      "name": "On the northern battlements",
      "exits": {
        "East": 14199,
        "West": 14269
      }
    },
    {
      "id": 14199,
      "name": "On the northern battlements",
      "exits": {
        "East": 14200,
        "West": 14198
      }
    },
    {
      "id": 14200,
      "name": "On the northern battlements",
      "exits": {
        "East": 14201,
        "West": 14199
      }
    },
    {
      "id": 14201,
      "name": "On the northeastern battlements",
      "exits": {
        "South": 14204,
        "West": 14200,
        "Up": 14202
      }
    },
    {
      "id": 14202,
      "name": "Top of the northeast battlement tower",
      "exits": {
        "Down": 14201
      }
    },
    {
      "id": 14203,
      "name": "On the western battlements",
      "exits": {
        "North": 14269,
        "South": 14205
      }
    },
    {
      "id": 14204,
      "name": "On the eastern battlements",
      "exits": {
        "North": 14201,
        "South": 14206
      }
    },
    {
      "id": 14205,
      "name": "On the western battlements",
      "exits": {
        "North": 14203,
        "South": 14207
      }
    },
    {
      "id": 14206,
      "name": "On the eastern battlements",
      "exits": {
        "North": 14204,
        "South": 14208
      }
    },
    {
      "id": 14207,
      "name": "On the western battlements",
      "exits": {
        "North": 14205,
        "South": 14209,
        "Down": 14185
      }
    },
    {
      "id": 14208,
      "name": "On the eastern battlements",
      "exits": {
        "North": 14206,
        "South": 14210,
        "Down": 14189
      }
    },
    {
      "id": 14209,
      "name": "On the western battlements",
      "exits": {
        "North": 14207,
        "South": 14211
      }
    },
    {
      "id": 14210,
      "name": "On the eastern battlements",
      "exits": {
        "North": 14208,
        "South": 14212
      }
    },
    {
      "id": 14211,
      "name": "On the western battlements",
      "exits": {
        "North": 14209,
        "South": 14213
      }
    },
    {
      "id": 14212,
      "name": "On the eastern battlements",
      "exits": {
        "North": 14210,
        "South": 14217
      }
    },
    {
      "id": 14213,
      "name": "On the southwestern battlements",
      "exits": {
        "North": 14211,
        "East": 14214,
        "Up": 14218
      }
    },
    {
      "id": 14214,
      "name": "On the southern battlements",
      "exits": {
        "East": 14215,
        "West": 14213
      }
    },
    {
      "id": 14215,
      "name": "On the southern battlements",
      "exits": {
        "East": 14216,
        "West": 14214
      }
    },
    {
      "id": 14216,
      "name": "On the southern battlements",
      "exits": {
        "East": 14217,
        "West": 14215
      }
    },
    {
      "id": 14217,
      "name": "On the southeastern battlements",
      "exits": {
        "North": 14212,
        "West": 14216,
        "Up": 14219
      }
    },
    {
      "id": 14218,
      "name": "Top of the southwest battlement tower",
      "exits": {
        "Down": 14213
      }
    },
    {
      "id": 14219,
      "name": "Top of the southeast battlement tower",
      "exits": {
        "Down": 14217
      }
    },
    {
      "id": 14220,
      "name": "Top of a stairwell",
      "exits": {
        "North": 14223,
        "Down": 14196
      }
    },
    {
      "id": 14221,
      "name": "A small alcove in the torture chambers",
      "exits": {
        "East": 14222
      }
    },
    {
      "id": 14222,
      "name": "The torture chambers",
      "exits": {
        "North": 14227,
        "East": 14223,
        "West": 14221
      }
    },
    {
      "id": 14223,
      "name": "In The torture chambers",
      "exits": {
        "North": 14228,
        "East": 14224,
        "South": 14220,
        "West": 14222
      }
    },
    {
      "id": 14224,
      "name": "The torture chambers",
      "exits": {
        "North": 14229,
        "East": 14225,
        "West": 14223
      }
    },
    {
      "id": 14225,
      "name": "A small alcove in the torture chambers",
      "exits": {
        "West": 14224
      }
    },
    {
      "id": 14226,
      "name": "A small alcove in the torture chambers",
      "exits": {
        "East": 14227
      }
    },
    {
      "id": 14227,
      "name": "The torture chambers",
      "exits": {
        "North": 14232,
        "East": 14228,
        "South": 14222,
        "West": 14226
      }
    },
    {
      "id": 14228,
      "name": "The torture chambers",
      "exits": {
        "North": 14233,
        "East": 14229,
        "South": 14223,
        "West": 14227
      }
    },
    {
      "id": 14229,
      "name": "The torture chambers",
      "exits": {
        "North": 14234,
        "East": 14230,
        "South": 14224,
        "West": 14228
      }
    },
    {
      "id": 14230,
      "name": "A small alcove in the torture chambers",
      "exits": {
        "West": 14229
      }
    },
    {
      "id": 14231,
      "name": "A small alcove in the torture chambers",
      "exits": {
        "East": 14232
      }
    },
    {
      "id": 14232,
      "name": "The torture chambers",
      "exits": {
        "North": 14236,
        "East": 14233,
        "South": 14227,
        "West": 14231
      }
    },
    {
      "id": 14233,
      "name": "The torture chambers",
      "exits": {
        "North": 14237,
        "East": 14234,
        "South": 14228,
        "West": 14232
      }
    },
    {
      "id": 14234,
      "name": "The torture chambers",
      "exits": {
        "North": 14238,
        "East": 14235,
        "South": 14229,
        "West": 14233
      }
    },
    {
      "id": 14235,
      "name": "A small alcove in the torture chambers",
      "exits": {
        "West": 14234
      }
    },
    {
      "id": 14236,
      "name": "A blood soaked workroom",
      "exits": {
        "South": 14232
      }
    },
    {
      "id": 14237,
      "name": "The end of the torture chambers",
      "exits": {
        "North": 14239,
        "South": 14233
      }
    },
    {
      "id": 14238,
      "name": "In a corpse filled room",
      "exits": {
        "South": 14234
      }
    },
    {
      "id": 14239,
      "name": "Under a staircase",
      "exits": {
        "South": 14237,
        "Up": 14240
      }
    },
    {
      "id": 14240,
      "name": "At the top of a staircase",
      "exits": {
        "South": 14242,
        "Down": 14239
      }
    },
    {
      "id": 14241,
      "name": "At a corner in the corridor",
      "exits": {
        "East": 14242,
        "South": 14245
      }
    },
    {
      "id": 14242,
      "name": "In a corridor",
      "exits": {
        "North": 14240,
        "East": 14243,
        "West": 14241
      }
    },
    {
      "id": 14243,
      "name": "At a corner in the corridor",
      "exits": {
        "South": 14248,
        "West": 14242
      }
    },
    {
      "id": 14244,
      "name": "In a bare room",
      "exits": {
        "East": 14245
      }
    },
    {
      "id": 14245,
      "name": "In a corridor",
      "exits": {
        "North": 14241,
        "East": 14246,
        "South": 14250,
        "West": 14244
      }
    },
    {
      "id": 14246,
      "name": "In a desecrated room",
      "exits": {
        "West": 14245
      }
    },
    {
      "id": 14247,
      "name": "In a dark room",
      "exits": {
        "East": 14248
      }
    },
    {
      "id": 14248,
      "name": "In a corridor",
      "exits": {
        "North": 14243,
        "East": 14249,
        "South": 14251,
        "West": 14247
      }
    },
    {
      "id": 14249,
      "name": "In a bare room",
      "exits": {
        "West": 14248
      }
    },
    {
      "id": 14250,
      "name": "In a corridor",
      "exits": {
        "North": 14245,
        "South": 14253
      }
    },
    {
      "id": 14251,
      "name": "In a corridor",
      "exits": {
        "North": 14248,
        "South": 14256
      }
    },
    {
      "id": 14252,
      "name": "In a burnt out room",
      "exits": {
        "East": 14253
      }
    },
    {
      "id": 14253,
      "name": "In a corridor",
      "exits": {
        "North": 14250,
        "East": 14254,
        "South": 14258,
        "West": 14252
      }
    },
    {
      "id": 14254,
      "name": "In a bare room",
      "exits": {
        "West": 14253
      }
    },
    {
      "id": 14255,
      "name": "In a well well furnished room",
      "exits": {
        "East": 14256
      }
    },
    {
      "id": 14256,
      "name": "In a corridor",
      "exits": {
        "North": 14251,
        "East": 14257,
        "South": 14260,
        "West": 14255
      }
    },
    {
      "id": 14257,
      "name": "In a bare room",
      "exits": {
        "West": 14256
      }
    },
    {
      "id": 14258,
      "name": "At a corner in the corridor",
      "exits": {
        "North": 14253,
        "East": 14259
      }
    },
    {
      "id": 14259,
      "name": "In a corridor",
      "exits": {
        "East": 14260,
        "South": 14261,
        "West": 14258
      }
    },
    {
      "id": 14260,
      "name": "At a corner in the corridor",
      "exits": {
        "North": 14256,
        "West": 14259
      }
    },
    {
      "id": 14261,
      "name": "Below a staircase",
      "exits": {
        "North": 14259,
        "Up": 14262
      }
    },
    {
      "id": 14262,
      "name": "On a small landing",
      "exits": {
        "North": 14263,
        "Down": 14261
      }
    },
    {
      "id": 14263,
      "name": "On a small landing",
      "exits": {
        "North": 14267,
        "South": 14262,
        "Up": 14264
      }
    },
    {
      "id": 14264,
      "name": "Out on the roof",
      "exits": {
        "East": 14265,
        "Down": 14263
      }
    },
    {
      "id": 14265,
      "name": "A broad open platform",
      "exits": {
        "West": 14264
      }
    },
    {
      "id": 14267,
      "name": "Antechamber to the shadowlord\u0027s room",
      "exits": {
        "East": 14268,
        "South": 14263
      }
    },
    {
      "id": 14268,
      "name": "Inside the shadowlord\u0027s room",
      "exits": {
        "West": 14267
      }
    },
    {
      "id": 14269,
      "name": "On the northwestern battlements",
      "exits": {
        "East": 14198,
        "South": 14203,
        "Up": 14197
      }
    },
    {
      "id": 14270,
      "name": "A blocked passage way",
      "exits": {
        "East": 14272
      }
    },
    {
      "id": 14271,
      "name": "In a dimly lit room",
      "exits": {
        "South": 14272
      }
    },
    {
      "id": 14272,
      "name": "In a dimly lit tunnel",
      "exits": {
        "North": 14271,
        "East": 14274,
        "South": 14278,
        "West": 14270
      }
    },
    {
      "id": 14273,
      "name": "In a dimly lit room",
      "exits": {
        "East": 14275,
        "South": 14274
      }
    },
    {
      "id": 14274,
      "name": "In a dimly lit tunnel",
      "exits": {
        "North": 14273,
        "East": 14155,
        "West": 14272
      }
    },
    {
      "id": 14275,
      "name": "The captains room",
      "exits": {
        "West": 14273
      }
    },
    {
      "id": 14276,
      "name": "A store room",
      "exits": {
        "South": 14155
      }
    },
    {
      "id": 14277,
      "name": "A store room",
      "exits": {
        "North": 14155
      }
    },
    {
      "id": 14278,
      "name": "At a small campfire in the tunnels",
      "exits": {
        "North": 14272
      }
    },
    {
      "id": 14279,
      "name": "Lost in a misty field",
      "exits": {
        "North": 14091,
        "East": 14280,
        "South": 14097,
        "West": 14099
      }
    },
    {
      "id": 14280,
      "name": "Lost in a misty field",
      "exits": {
        "North": 14099,
        "East": 14092,
        "South": 14098,
        "West": 14279
      }
    },
    {
      "id": 14281,
      "name": "Outside a small farmhouse",
      "exits": {
        "East": 14099,
        "South": 14282
      }
    },
    {
      "id": 14282,
      "name": "In a small farmhouse",
      "exits": {
        "North": 14281,
        "South": 14283,
        "West": 14284
      }
    },
    {
      "id": 14283,
      "name": "In a backyard of a farmhouse",
      "exits": {
        "North": 14282
      }
    },
    {
      "id": 14284,
      "name": "In the shephard\u0027s room",
      "exits": {
        "East": 14282
      }
    },
    {
      "id": 9743,
      "name": "To New Thalos",
      "otherAreaExit": true,
      "exits": {
        "North": 9742,
        "South": 14099,
        "West": 9878
      }
    },
    {
      "id": 14291,
      "name": "To Eastern Road",
      "otherAreaExit": true,
      "exits": {
        "North": 14290,
        "Down": 14101
      }
    },
    {
      "id": 9888,
      "name": "To New Thalos",
      "otherAreaExit": true,
      "exits": {
        "East": 9887,
        "South": 14132
      }
    },
    {
      "id": 13653,
      "name": "To The Dale",
      "otherAreaExit": true,
      "exits": {
        "North": 13652,
        "West": 14176
      }
    }
  ]
}