{
  "name": "Shire",
  "buildOptions": {
    "maxSteps": 1000,
    "fixObstacles": true,
    "fixNonStraight": true,
    "fixIntersected": true,
    "compactMap": true,
    "addDebugInfo": false,
    "colorizeConnectionIssues": true
  },
  "rooms": [
    {
      "id": 1100,
      "name": "A dimly lit path",
      "exits": {
        "North": 1101,
        "South": 50131
      }
    },
    {
      "id": 1101,
      "name": "A dimly lit path",
      "exits": {
        "North": 1102,
        "South": 1100
      }
    },
    {
      "id": 1102,
      "name": "A dimly lit path",
      "exits": {
        "North": 1103,
        "South": 1101
      }
    },
    {
      "id": 1103,
      "name": "Entrance to the Shire",
      "exits": {
        "East": 1104,
        "South": 1102,
        "West": 1118
      }
    },
    {
      "id": 1104,
      "name": "Bywater Road",
      "exits": {
        "North": 1105,
        "East": 1106,
        "West": 1103
      }
    },
    {
      "id": 1105,
      "name": "The General Store",
      "exits": {
        "South": 1104
      }
    },
    {
      "id": 1106,
      "name": "Bywater Road",
      "exits": {
        "North": 1107,
        "East": 1109,
        "South": 1108,
        "West": 1104
      }
    },
    {
      "id": 1107,
      "name": "The House of Arms",
      "exits": {
        "South": 1106
      }
    },
    {
      "id": 1108,
      "name": "Kid\u0027n Keep",
      "exits": {
        "North": 1106
      }
    },
    {
      "id": 1109,
      "name": "A bend in the road",
      "exits": {
        "East": 1110,
        "South": 1112,
        "West": 1106
      }
    },
    {
      "id": 1110,
      "name": "Shiriff Post of the Eastern Shire",
      "exits": {
        "East": 1111,
        "West": 1109
      }
    },
    {
      "id": 1111,
      "name": "Thain\u0027s Office",
      "exits": {
        "North": 1159,
        "West": 1110
      }
    },
    {
      "id": 1112,
      "name": "Bywater Road",
      "exits": {
        "North": 1109,
        "East": 1117,
        "South": 1113
      }
    },
    {
      "id": 1113,
      "name": "Bywater Road",
      "exits": {
        "North": 1112,
        "East": 1115,
        "South": 1116,
        "West": 1114
      }
    },
    {
      "id": 1114,
      "name": "A smial",
      "exits": {
        "East": 1113
      }
    },
    {
      "id": 1115,
      "name": "A smial",
      "exits": {
        "West": 1113
      }
    },
    {
      "id": 1116,
      "name": "The Ivy Bush",
      "exits": {
        "North": 1113
      }
    },
    {
      "id": 1117,
      "name": "Shiriff Training Grounds",
      "exits": {
        "West": 1112
      }
    },
    {
      "id": 1118,
      "name": "Bywater Road",
      "exits": {
        "East": 1103,
        "South": 1119,
        "West": 1120
      }
    },
    {
      "id": 1119,
      "name": "Shiriff Post of the Bridge",
      "exits": {
        "North": 1118
      }
    },
    {
      "id": 1120,
      "name": "Bywater Road",
      "exits": {
        "North": 1131,
        "East": 1118,
        "South": 1121,
        "West": 1122
      }
    },
    {
      "id": 1121,
      "name": "The Grocer\u0027s Delight",
      "exits": {
        "North": 1120
      }
    },
    {
      "id": 1122,
      "name": "Bywater Road",
      "exits": {
        "East": 1120,
        "South": 1123,
        "West": 1126
      }
    },
    {
      "id": 1123,
      "name": "Entrance to Watermill",
      "exits": {
        "North": 1122,
        "South": 1124
      }
    },
    {
      "id": 1124,
      "name": "The Watermill",
      "exits": {
        "North": 1123,
        "South": 1125
      }
    },
    {
      "id": 1125,
      "name": "Rear of watermill",
      "exits": {
        "North": 1124,
        "Down": 1146
      }
    },
    {
      "id": 1126,
      "name": "Took Hill",
      "exits": {
        "East": 1122,
        "West": 1128
      }
    },
    {
      "id": 1127,
      "name": "Northern end of grassy field",
      "exits": {
        "South": 1128
      }
    },
    {
      "id": 1128,
      "name": "A grassy field",
      "exits": {
        "North": 1127,
        "East": 1126,
        "South": 1129,
        "West": 1130
      }
    },
    {
      "id": 1129,
      "name": "Southern end of grassy field",
      "exits": {
        "North": 1128
      }
    },
    {
      "id": 1130,
      "name": "Western end of grassy field",
      "exits": {
        "East": 1128,
        "West": 18200
      }
    },
    {
      "id": 1131,
      "name": "Brandywine Bridge",
      "exits": {
        "North": 1132,
        "South": 1120
      }
    },
    {
      "id": 1132,
      "name": "Delving Lane",
      "exits": {
        "North": 1133,
        "East": 1144,
        "South": 1131
      }
    },
    {
      "id": 1133,
      "name": "Delving Lane",
      "exits": {
        "North": 1134,
        "East": 1145,
        "South": 1132,
        "West": 1138
      }
    },
    {
      "id": 1134,
      "name": "Delving Lane",
      "exits": {
        "North": 1135,
        "South": 1133
      }
    },
    {
      "id": 1135,
      "name": "Bag End",
      "exits": {
        "East": 1137,
        "South": 1134,
        "West": 1136
      }
    },
    {
      "id": 1136,
      "name": "Bedroom",
      "exits": {
        "East": 1135
      }
    },
    {
      "id": 1137,
      "name": "Pantry",
      "exits": {
        "West": 1135,
        "Down": 1156
      }
    },
    {
      "id": 1138,
      "name": "A grassy field",
      "exits": {
        "North": 1142,
        "East": 1133,
        "South": 1139
      }
    },
    {
      "id": 1139,
      "name": "Pig pen",
      "exits": {
        "North": 1138,
        "West": 1140
      }
    },
    {
      "id": 1140,
      "name": "A stony path",
      "exits": {
        "North": 1141,
        "East": 1139
      }
    },
    {
      "id": 1141,
      "name": "Gamgee Residence",
      "exits": {
        "South": 1140
      }
    },
    {
      "id": 1142,
      "name": "A barn",
      "exits": {
        "North": 1143,
        "South": 1138
      }
    },
    {
      "id": 1143,
      "name": "A chicken coop",
      "exits": {
        "South": 1142
      }
    },
    {
      "id": 1144,
      "name": "The Green Dragon",
      "exits": {
        "West": 1132,
        "Up": 1157
      }
    },
    {
      "id": 1145,
      "name": "Shiriff Post of Delving Lane",
      "exits": {
        "West": 1133
      }
    },
    {
      "id": 1146,
      "name": "A dark tunnel",
      "exits": {
        "East": 1147,
        "Up": 1125
      }
    },
    {
      "id": 1147,
      "name": "A dark tunnel",
      "exits": {
        "East": 1148,
        "West": 1146
      }
    },
    {
      "id": 1148,
      "name": "A dark tunnel",
      "exits": {
        "East": 1149,
        "West": 1147
      }
    },
    {
      "id": 1149,
      "name": "A three way intersection",
      "exits": {
        "North": 1151,
        "East": 1150,
        "West": 1148
      }
    },
    {
      "id": 1150,
      "name": "End of a dark tunnel",
      "exits": {
        "West": 1149
      }
    },
    {
      "id": 1151,
      "name": "A dark tunnel",
      "exits": {
        "North": 1152,
        "East": 1154,
        "South": 1149,
        "West": 1153
      }
    },
    {
      "id": 1152,
      "name": "A dark tunnel",
      "exits": {
        "North": 1156,
        "South": 1151,
        "West": 1155
      }
    },
    {
      "id": 1153,
      "name": "Shiriff Post of the Lower Shire",
      "exits": {
        "East": 1151
      }
    },
    {
      "id": 1154,
      "name": "A halfling hole",
      "exits": {
        "West": 1151
      }
    },
    {
      "id": 1155,
      "name": "A halfling hole",
      "exits": {
        "East": 1152
      }
    },
    {
      "id": 1156,
      "name": "End of a dark tunnel",
      "exits": {
        "South": 1152,
        "Up": 1137
      }
    },
    {
      "id": 1157,
      "name": "The Inn of the Green Dragon",
      "exits": {
        "Down": 1144
      }
    },
    {
      "id": 1159,
      "name": "Behind the Sheriff\u0027s Office",
      "exits": {
        "East": 1160,
        "South": 1111
      }
    },
    {
      "id": 1160,
      "name": "Ascending Mountain Trail",
      "exits": {
        "East": 1161,
        "West": 1159
      }
    },
    {
      "id": 1161,
      "name": "Ascending Mountain Trail",
      "exits": {
        "South": 1162,
        "West": 1160
      }
    },
    {
      "id": 1162,
      "name": "Ascending Mountain Trail",
      "exits": {
        "North": 1161,
        "East": 26148
      }
    },
    {
      "id": 50131,
      "name": "To Western Shatar Road",
      "otherAreaExit": true,
      "exits": {
        "North": 1100,
        "East": 50130
      }
    },
    {
      "id": 18200,
      "name": "To Castle of Trials",
      "otherAreaExit": true,
      "exits": {
        "East": 1130,
        "West": 18201
      }
    },
    {
      "id": 26148,
      "name": "To Sywilm Woods",
      "otherAreaExit": true,
      "exits": {
        "North": 26147,
        "East": 26146,
        "West": 1162
      }
    }
  ]
}