{
  "name": "Shrine of Erifdel",
  "buildOptions": {
    "maxSteps": 1000,
    "fixObstacles": true,
    "fixNonStraight": true,
    "fixIntersected": true,
    "compactMap": true,
    "addDebugInfo": false,
    "colorizeConnectionIssues": true
  },
  "rooms": [
    {
      "id": 4700,
      "name": "An enormous archway",
      "exits": {
        "North": 4701
      }
    },
    {
      "id": 4701,
      "name": "A wide cavern",
      "exits": {
        "South": 4700
      }
    },
    {
      "id": 4702,
      "name": "Back of a wide cavern",
      "exits": {
        "Down": 4703
      }
    },
    {
      "id": 4703,
      "name": "A tunnel",
      "exits": {
        "Up": 4702,
        "Down": 4704
      }
    },
    {
      "id": 4704,
      "name": "A tunnel",
      "exits": {
        "North": 4705,
        "Up": 4703
      }
    },
    {
      "id": 4705,
      "name": "A large chamber",
      "exits": {
        "North": 4706,
        "South": 4704
      }
    },
    {
      "id": 4706,
      "name": "An unholy altar",
      "exits": {
        "South": 4705
      }
    },
    {
      "id": 4707,
      "name": "A strange cell",
      "exits": {}
    }
  ]
}