{
  "name": "strange carnival.are",
  "buildOptions": {
    "maxSteps": 1000,
    "fixObstacles": true,
    "fixNonStraight": true,
    "fixIntersected": true,
    "compactMap": true,
    "addDebugInfo": false,
    "colorizeConnectionIssues": true
  },
  "rooms": [
    {
      "id": 24400,
      "name": "On the Banks of a Misty River",
      "exits": {
        "East": 24401,
        "West": 24483
      }
    },
    {
      "id": 24401,
      "name": "On the Banks of a Misty River",
      "exits": {
        "East": 24402,
        "West": 24400
      }
    },
    {
      "id": 24402,
      "name": "On the Banks of a Misty River",
      "exits": {
        "North": 24403,
        "West": 24401
      }
    },
    {
      "id": 24403,
      "name": "On a muddy path",
      "exits": {
        "North": 24405,
        "South": 24402
      }
    },
    {
      "id": 24404,
      "name": "SW corner of the Carnival",
      "exits": {
        "North": 24407,
        "East": 24405,
        "West": 24416
      }
    },
    {
      "id": 24405,
      "name": "Southern clearing of the Carnival",
      "exits": {
        "North": 24408,
        "East": 24406,
        "South": 24403,
        "West": 24404
      }
    },
    {
      "id": 24406,
      "name": "SE corner of the Carnival",
      "exits": {
        "North": 24409,
        "East": 24423,
        "West": 24405
      }
    },
    {
      "id": 24407,
      "name": "Western side of the Carnival",
      "exits": {
        "North": 24410,
        "East": 24408,
        "South": 24404
      }
    },
    {
      "id": 24408,
      "name": "Central main Carnival",
      "exits": {
        "North": 24411,
        "East": 24409,
        "South": 24405,
        "West": 24407
      }
    },
    {
      "id": 24409,
      "name": "Eastern side of the Carnival",
      "exits": {
        "North": 24412,
        "South": 24406,
        "West": 24408
      }
    },
    {
      "id": 24410,
      "name": "Western side of the Carnival",
      "exits": {
        "North": 24413,
        "East": 24411,
        "South": 24407,
        "West": 24420
      }
    },
    {
      "id": 24411,
      "name": "Beneath a Billowing Calliope",
      "exits": {
        "North": 24414,
        "East": 24412,
        "South": 24408,
        "West": 24410
      }
    },
    {
      "id": 24412,
      "name": "Eastern Side of the Carnival",
      "exits": {
        "North": 24415,
        "East": 24421,
        "South": 24409,
        "West": 24411
      }
    },
    {
      "id": 24413,
      "name": "NW corner of the Carnival",
      "exits": {
        "East": 24414,
        "South": 24410
      }
    },
    {
      "id": 24414,
      "name": "Northern clearing of the Carnival",
      "exits": {
        "North": 24433,
        "East": 24415,
        "South": 24411,
        "West": 24413
      }
    },
    {
      "id": 24415,
      "name": "NE corner of the Carnival",
      "exits": {
        "South": 24412,
        "West": 24414
      }
    },
    {
      "id": 24416,
      "name": "Amidst the Stalls",
      "exits": {
        "East": 24404,
        "South": 24424,
        "West": 24417
      }
    },
    {
      "id": 24417,
      "name": "Amidst the Stalls",
      "exits": {
        "North": 24418,
        "East": 24416,
        "West": 24425
      }
    },
    {
      "id": 24418,
      "name": "Amidst the Stalls",
      "exits": {
        "North": 24419,
        "East": 24429,
        "South": 24417,
        "West": 24426
      }
    },
    {
      "id": 24419,
      "name": "Amidst the Stalls",
      "exits": {
        "East": 24420,
        "South": 24418
      }
    },
    {
      "id": 24420,
      "name": "Amidst the Stalls",
      "exits": {
        "North": 24428,
        "East": 24410,
        "West": 24419
      }
    },
    {
      "id": 24421,
      "name": "Amidst the Stalls",
      "exits": {
        "East": 24432,
        "South": 24422,
        "West": 24412
      }
    },
    {
      "id": 24422,
      "name": "Amidst the Stalls",
      "exits": {
        "North": 24421,
        "East": 24431,
        "South": 24423
      }
    },
    {
      "id": 24423,
      "name": "Amidst the Stalls",
      "exits": {
        "North": 24422,
        "South": 24430,
        "West": 24406
      }
    },
    {
      "id": 24424,
      "name": "The Swordmaster\u0027s Tent",
      "exits": {
        "North": 24416
      }
    },
    {
      "id": 24425,
      "name": "In a Clearing of Nails",
      "exits": {
        "East": 24417
      }
    },
    {
      "id": 24426,
      "name": "The Gypsy\u0027s Stall",
      "exits": {
        "East": 24418
      }
    },
    {
      "id": 24427,
      "name": "Inside the Cage of Freaks",
      "exits": {
        "East": 24428
      }
    },
    {
      "id": 24428,
      "name": "The Freak House",
      "exits": {
        "South": 24420,
        "West": 24427
      }
    },
    {
      "id": 24429,
      "name": "In a Star covered Tent",
      "exits": {
        "West": 24418
      }
    },
    {
      "id": 24430,
      "name": "In a Blood-stained Stall",
      "exits": {
        "North": 24423
      }
    },
    {
      "id": 24431,
      "name": "The Tent of Ill-fortune",
      "exits": {
        "West": 24422
      }
    },
    {
      "id": 24432,
      "name": "A Gold-lined Tent",
      "exits": {
        "West": 24421
      }
    },
    {
      "id": 24433,
      "name": "A cleared pathway",
      "exits": {
        "North": 24434,
        "South": 24414
      }
    },
    {
      "id": 24434,
      "name": "Before the Grand Tent",
      "exits": {
        "North": 24458,
        "East": 24435,
        "South": 24433,
        "West": 24451
      }
    },
    {
      "id": 24435,
      "name": "Southern end of the Grand Tent",
      "exits": {
        "East": 24436,
        "West": 24434
      }
    },
    {
      "id": 24436,
      "name": "A corner of the Grand Tent",
      "exits": {
        "North": 24437,
        "West": 24435
      }
    },
    {
      "id": 24437,
      "name": "Eastern side of the Grand Tent",
      "exits": {
        "North": 24438,
        "South": 24436
      }
    },
    {
      "id": 24438,
      "name": "Eastern side of the Grand Tend",
      "exits": {
        "North": 24439,
        "South": 24437
      }
    },
    {
      "id": 24439,
      "name": "Eastern side of the Grand Tent",
      "exits": {
        "North": 24440,
        "South": 24438
      }
    },
    {
      "id": 24440,
      "name": "Eastern side of the Grand Tent",
      "exits": {
        "North": 24441,
        "South": 24439
      }
    },
    {
      "id": 24441,
      "name": "A Corner of the Grand Tent",
      "exits": {
        "South": 24440,
        "West": 24442
      }
    },
    {
      "id": 24442,
      "name": "Northern side of the Grand Tent",
      "exits": {
        "East": 24441,
        "West": 24443
      }
    },
    {
      "id": 24443,
      "name": "Northern side of the Grand Tent",
      "exits": {
        "North": 24479,
        "East": 24442,
        "West": 24444
      }
    },
    {
      "id": 24444,
      "name": "Northern side of the Grand Tent",
      "exits": {
        "East": 24443,
        "West": 24445
      }
    },
    {
      "id": 24445,
      "name": "A Corner of the Grand Tent",
      "exits": {
        "East": 24444,
        "South": 24446
      }
    },
    {
      "id": 24446,
      "name": "Western side of the Grand Tent",
      "exits": {
        "North": 24445,
        "South": 24447
      }
    },
    {
      "id": 24447,
      "name": "Western side of the Grand Tent",
      "exits": {
        "North": 24446,
        "South": 24448,
        "West": 24452
      }
    },
    {
      "id": 24448,
      "name": "Western side of the Grand Tent",
      "exits": {
        "North": 24447,
        "South": 24449
      }
    },
    {
      "id": 24449,
      "name": "Western side of the Grand Tent",
      "exits": {
        "North": 24448,
        "South": 24450
      }
    },
    {
      "id": 24450,
      "name": "A Corner of the Grand Tent",
      "exits": {
        "North": 24449,
        "East": 24451
      }
    },
    {
      "id": 24451,
      "name": "Southern side of the Grand Tent",
      "exits": {
        "East": 24434,
        "West": 24450
      }
    },
    {
      "id": 24452,
      "name": "A path through the mist",
      "exits": {
        "East": 24447,
        "West": 24453
      }
    },
    {
      "id": 24453,
      "name": "A path through the mist",
      "exits": {
        "East": 24452,
        "South": 24454
      }
    },
    {
      "id": 24454,
      "name": "A path through the mist",
      "exits": {
        "North": 24453,
        "West": 24455
      }
    },
    {
      "id": 24455,
      "name": "A path through the mist",
      "exits": {
        "East": 24454,
        "West": 24456
      }
    },
    {
      "id": 24456,
      "name": "Beneath a Strange Hut",
      "exits": {
        "East": 24455,
        "Up": 24457
      }
    },
    {
      "id": 24457,
      "name": "Inside Baba-Yaga\u0027s Hut",
      "exits": {
        "Down": 24456
      }
    },
    {
      "id": 24458,
      "name": "Entrance to the Grand Tent",
      "exits": {
        "East": 24464,
        "South": 24434,
        "West": 24459
      }
    },
    {
      "id": 24459,
      "name": "In the Stands of the Grand Tent",
      "exits": {
        "North": 24460,
        "East": 24458
      }
    },
    {
      "id": 24460,
      "name": "In the Stands of the Grand Tent",
      "exits": {
        "North": 24461,
        "South": 24459
      }
    },
    {
      "id": 24461,
      "name": "In the Stands of the Grand Tent",
      "exits": {
        "North": 24462,
        "South": 24460
      }
    },
    {
      "id": 24462,
      "name": "In the Stands of the Grand Tent",
      "exits": {
        "East": 24463,
        "South": 24461
      }
    },
    {
      "id": 24463,
      "name": "Above the Main Ring",
      "exits": {
        "West": 24462,
        "Down": 24471
      }
    },
    {
      "id": 24464,
      "name": "In the Stands of the Grand Tent",
      "exits": {
        "North": 24465,
        "West": 24458
      }
    },
    {
      "id": 24465,
      "name": "In the Stands of the Grand Tent",
      "exits": {
        "North": 24466,
        "South": 24464
      }
    },
    {
      "id": 24466,
      "name": "In the Stands of the Grand Tent",
      "exits": {
        "South": 24465
      }
    },
    {
      "id": 24467,
      "name": "Lost in the Misty Ring",
      "exits": {
        "North": 24473,
        "East": 24468,
        "South": 24470,
        "West": 24469
      }
    },
    {
      "id": 24468,
      "name": "Lost in the Misty Ring",
      "exits": {
        "North": 24477,
        "East": 24469,
        "South": 24471,
        "West": 24467
      }
    },
    {
      "id": 24469,
      "name": "Lost in the Misty Ring",
      "exits": {
        "North": 24475,
        "East": 24467,
        "South": 24472,
        "West": 24468
      }
    },
    {
      "id": 24470,
      "name": "Lost in the Misty Ring",
      "exits": {
        "North": 24467,
        "East": 24471,
        "South": 24473,
        "West": 24472
      }
    },
    {
      "id": 24471,
      "name": "Lost in the Misty Ring",
      "exits": {
        "North": 24468,
        "East": 24472,
        "South": 24474,
        "West": 24470,
        "Up": 24463
      }
    },
    {
      "id": 24472,
      "name": "Lost in the Misty Ring",
      "exits": {
        "North": 24469,
        "East": 24476,
        "South": 24475,
        "West": 24471
      }
    },
    {
      "id": 24473,
      "name": "Lost in the Misty Ring",
      "exits": {
        "North": 24470,
        "East": 24474,
        "South": 24467,
        "West": 24478
      }
    },
    {
      "id": 24474,
      "name": "Lost in the Misty Ring",
      "exits": {
        "North": 24471,
        "East": 24475,
        "South": 24468,
        "West": 24473
      }
    },
    {
      "id": 24475,
      "name": "Lost in the Misty Ring",
      "exits": {
        "North": 24472,
        "East": 24473,
        "South": 24469,
        "West": 24474
      }
    },
    {
      "id": 24476,
      "name": "Before the Turning Wheel",
      "exits": {
        "North": 24469,
        "East": 24470,
        "South": 24475,
        "West": 24472
      }
    },
    {
      "id": 24477,
      "name": "In the Clown Corner",
      "exits": {
        "North": 24474,
        "East": 24469,
        "South": 24468,
        "West": 24467
      }
    },
    {
      "id": 24478,
      "name": "In the Burning Pentegram",
      "exits": {
        "North": 24470,
        "East": 24473,
        "South": 24467,
        "West": 24475
      }
    },
    {
      "id": 24479,
      "name": "A Blackened path",
      "exits": {
        "North": 24480,
        "South": 24443
      }
    },
    {
      "id": 24480,
      "name": "On a burnt path",
      "exits": {
        "East": 24481,
        "South": 24479
      }
    },
    {
      "id": 24481,
      "name": "On a burnt path",
      "exits": {
        "East": 24482,
        "West": 24480
      }
    },
    {
      "id": 24482,
      "name": "Above a Black Pit",
      "exits": {
        "West": 24481,
        "Down": 28100
      }
    },
    {
      "id": 24483,
      "name": "On the Banks of a Misty River",
      "exits": {
        "East": 24400,
        "West": 24484
      }
    },
    {
      "id": 24484,
      "name": "On the Banks of a Misty River",
      "exits": {
        "East": 24483,
        "West": 24485
      }
    },
    {
      "id": 24485,
      "name": "On the Banks of a Misty River",
      "exits": {
        "East": 24484,
        "South": 24486
      }
    },
    {
      "id": 24486,
      "name": "On the Banks of a Misty River",
      "exits": {
        "North": 24485,
        "West": 24487
      }
    },
    {
      "id": 24487,
      "name": "On the Banks of a Misty River",
      "exits": {
        "East": 24486,
        "West": 24488
      }
    },
    {
      "id": 24488,
      "name": "On the Banks of a Misty River",
      "exits": {
        "East": 24487,
        "West": 24489
      }
    },
    {
      "id": 24489,
      "name": "On the Banks of a Misty River",
      "exits": {
        "East": 24488,
        "West": 24490
      }
    },
    {
      "id": 24490,
      "name": "On the Banks of a Misty River",
      "exits": {
        "East": 24489,
        "West": 9822
      }
    },
    {
      "id": 28100,
      "name": "To The Pit of Despair",
      "otherAreaExit": true,
      "exits": {
        "Up": 24482,
        "Down": 28101
      }
    },
    {
      "id": 9822,
      "name": "To New Thalos",
      "otherAreaExit": true,
      "exits": {
        "North": 9823,
        "East": 24490,
        "South": 9821
      }
    }
  ]
}