{
  "name": "Summer Road",
  "buildOptions": {
    "maxSteps": 1000,
    "fixObstacles": true,
    "fixNonStraight": true,
    "fixIntersected": true,
    "compactMap": true,
    "addDebugInfo": false,
    "colorizeConnectionIssues": true
  },
  "rooms": [
    {
      "id": 60600,
      "name": "The Summer Road",
      "exits": {
        "East": 60626,
        "West": 60601
      }
    },
    {
      "id": 60601,
      "name": "The Summer Road",
      "exits": {
        "East": 60600,
        "West": 60602
      }
    },
    {
      "id": 60602,
      "name": "The Summer Road",
      "exits": {
        "North": 60603,
        "East": 60601,
        "South": 60629
      }
    },
    {
      "id": 60603,
      "name": "The Summer Road",
      "exits": {
        "North": 60604,
        "South": 60602
      }
    },
    {
      "id": 60604,
      "name": "The Summer Road",
      "exits": {
        "North": 60605,
        "South": 60603
      }
    },
    {
      "id": 60605,
      "name": "The Summer Road",
      "exits": {
        "North": 60606,
        "South": 60604
      }
    },
    {
      "id": 60606,
      "name": "The Summer Road",
      "exits": {
        "South": 60605,
        "West": 60607
      }
    },
    {
      "id": 60607,
      "name": "The Summer Road",
      "exits": {
        "North": 60608,
        "East": 60606
      }
    },
    {
      "id": 60608,
      "name": "The Summer Road",
      "exits": {
        "North": 60609,
        "South": 60607
      }
    },
    {
      "id": 60609,
      "name": "The Summer Road",
      "exits": {
        "North": 60610,
        "South": 60608
      }
    },
    {
      "id": 60610,
      "name": "The Summer Road",
      "exits": {
        "North": 60611,
        "South": 60609
      }
    },
    {
      "id": 60611,
      "name": "The Summer Road",
      "exits": {
        "South": 60610,
        "West": 60618
      }
    },
    {
      "id": 60612,
      "name": "The Summer Road",
      "exits": {
        "North": 60613,
        "South": 60611
      }
    },
    {
      "id": 60613,
      "name": "The Summer Road",
      "exits": {
        "South": 60612,
        "West": 60614
      }
    },
    {
      "id": 60614,
      "name": "The Summer Road",
      "exits": {
        "East": 60613,
        "West": 60615
      }
    },
    {
      "id": 60615,
      "name": "The Summer Road",
      "exits": {
        "North": 60616,
        "East": 60614
      }
    },
    {
      "id": 60616,
      "name": "The Summer Road",
      "exits": {
        "North": 60617,
        "South": 60615
      }
    },
    {
      "id": 60617,
      "name": "The Summer Road",
      "exits": {
        "South": 60616
      }
    },
    {
      "id": 60618,
      "name": "The Summer Road",
      "exits": {
        "East": 60611,
        "West": 60619
      }
    },
    {
      "id": 60619,
      "name": "The Summer Road",
      "exits": {
        "East": 60618,
        "West": 60620
      }
    },
    {
      "id": 60620,
      "name": "The Summer Road",
      "exits": {
        "East": 60619,
        "West": 60621
      }
    },
    {
      "id": 60621,
      "name": "The Summer Road",
      "exits": {
        "East": 60620,
        "West": 60622
      }
    },
    {
      "id": 60622,
      "name": "The Summer Road",
      "exits": {
        "East": 60621,
        "West": 60623
      }
    },
    {
      "id": 60623,
      "name": "The Summer Road",
      "exits": {
        "East": 60622,
        "West": 60624
      }
    },
    {
      "id": 60624,
      "name": "The Summer Road",
      "exits": {
        "East": 60623,
        "West": 60625
      }
    },
    {
      "id": 60625,
      "name": "The Summer Road",
      "exits": {
        "East": 60624,
        "West": 1930
      }
    },
    {
      "id": 60626,
      "name": "The Summer Road",
      "exits": {
        "East": 60627,
        "West": 60600
      }
    },
    {
      "id": 60627,
      "name": "The Summer Road",
      "exits": {
        "East": 60628,
        "West": 60626
      }
    },
    {
      "id": 60628,
      "name": "The Summer Road",
      "exits": {
        "East": 1851,
        "West": 60627
      }
    },
    {
      "id": 60629,
      "name": "The Summer Road",
      "exits": {
        "North": 60602,
        "South": 60630
      }
    },
    {
      "id": 60630,
      "name": "The Summer Road",
      "exits": {
        "North": 60629,
        "South": 40929
      }
    },
    {
      "id": 1930,
      "name": "To Tarvalon",
      "otherAreaExit": true,
      "exits": {
        "East": 60625,
        "West": 1931
      }
    },
    {
      "id": 1851,
      "name": "To Tarvalon",
      "otherAreaExit": true,
      "exits": {
        "East": 1850,
        "West": 60628
      }
    },
    {
      "id": 40929,
      "name": "To Eastern Shatar Road",
      "otherAreaExit": true,
      "exits": {
        "North": 60630,
        "East": 40937,
        "West": 40928
      }
    }
  ]
}