{
  "name": "Sywilm Woods",
  "buildOptions": {
    "maxSteps": 1000,
    "fixObstacles": true,
    "fixNonStraight": true,
    "fixIntersected": false,
    "compactMap": true,
    "addDebugInfo": false,
    "colorizeConnectionIssues": true
  },
  "rooms": [
    {
      "id": 26100,
      "name": "On the trail to moria",
      "exits": {
        "West": 26101
      }
    },
    {
      "id": 26101,
      "name": "On the Edge of the Downs",
      "exits": {
        "North": 26102,
        "South": 26103,
        "West": 26106
      }
    },
    {
      "id": 26102,
      "name": "Upon the Grassy Hills of the Downs",
      "exits": {
        "South": 26101,
        "West": 26104
      }
    },
    {
      "id": 26103,
      "name": "Upon the Grassy Hills of the Downs",
      "exits": {
        "North": 26101,
        "South": 26111,
        "West": 26105
      }
    },
    {
      "id": 26104,
      "name": "A Dirt Path through the Downs",
      "exits": {
        "North": 26107,
        "East": 26102,
        "South": 26106
      }
    },
    {
      "id": 26105,
      "name": "A Dirt Path Through the Downs",
      "exits": {
        "North": 26106,
        "East": 26103,
        "South": 26112,
        "West": 26110
      }
    },
    {
      "id": 26106,
      "name": "A Dirt Path Through the Downs",
      "exits": {
        "North": 26104,
        "East": 26101,
        "South": 26105,
        "West": 26109
      }
    },
    {
      "id": 26107,
      "name": "A Dirt Path through the Downs",
      "exits": {
        "East": 26108,
        "South": 26104
      }
    },
    {
      "id": 26108,
      "name": "A Dirt Path through the Downs",
      "exits": {
        "East": 51234,
        "West": 26107
      }
    },
    {
      "id": 26109,
      "name": "Upon the Grassy Hills of the Downs",
      "exits": {
        "East": 26106,
        "South": 26110
      }
    },
    {
      "id": 26110,
      "name": "A Dirt Path Through the Downs",
      "exits": {
        "North": 26109,
        "East": 26105,
        "West": 26176
      }
    },
    {
      "id": 26111,
      "name": "Upon the Grassy Hills of the Downs",
      "exits": {
        "North": 26103,
        "South": 26116,
        "West": 26112
      }
    },
    {
      "id": 26112,
      "name": "A Winding Trail Through the Downs",
      "exits": {
        "North": 26105,
        "East": 26111,
        "South": 26115,
        "West": 26113
      }
    },
    {
      "id": 26113,
      "name": "A Winding Trail Through the Downs",
      "exits": {
        "East": 26112,
        "South": 26114
      }
    },
    {
      "id": 26114,
      "name": "Nearing a Stone Bridge",
      "exits": {
        "North": 26113,
        "East": 26115,
        "West": 26117
      }
    },
    {
      "id": 26115,
      "name": "Upon the Grassy Hills of the Downs",
      "exits": {
        "North": 26112,
        "East": 26116,
        "West": 26114
      }
    },
    {
      "id": 26116,
      "name": "Upon the Grassy Hills of the Downs",
      "exits": {
        "North": 26111,
        "West": 26115
      }
    },
    {
      "id": 26117,
      "name": "A Stone Bridge Crossing",
      "exits": {
        "North": 26177,
        "East": 26114,
        "South": 26188,
        "West": 26118
      }
    },
    {
      "id": 26118,
      "name": "Nearing a Stone Bridge",
      "exits": {
        "East": 26117,
        "West": 26119
      }
    },
    {
      "id": 26119,
      "name": "On the Edge of the Woodlands",
      "exits": {
        "East": 26118,
        "South": 26120
      }
    },
    {
      "id": 26120,
      "name": "A Stoney Clearing Within the Woodlands",
      "exits": {
        "North": 26119,
        "East": 26121,
        "South": 26123,
        "West": 26122
      }
    },
    {
      "id": 26121,
      "name": "A Stoney Clearing Within the Woodlands",
      "exits": {
        "South": 26124,
        "West": 26120
      }
    },
    {
      "id": 26122,
      "name": "A Stoney Clearing Within the Woodlands",
      "exits": {
        "East": 26120,
        "South": 26125
      }
    },
    {
      "id": 26123,
      "name": "A Stoney Clearing Within the Woodlands",
      "exits": {
        "North": 26120,
        "East": 26124,
        "West": 26125
      }
    },
    {
      "id": 26124,
      "name": "A Stoney Clearing Within the Woodlands",
      "exits": {
        "North": 26121,
        "East": 26126,
        "West": 26123
      }
    },
    {
      "id": 26125,
      "name": "A Stoney Clearing Within the Woodlands",
      "exits": {
        "North": 26122,
        "East": 26123,
        "West": 26129
      }
    },
    {
      "id": 26126,
      "name": "A Muddy Path Through the Waterlogged Timber",
      "exits": {
        "South": 26127,
        "West": 26124
      }
    },
    {
      "id": 26127,
      "name": "A Muddy Path Through the Waterlogged Timber",
      "exits": {
        "North": 26126,
        "East": 26128
      }
    },
    {
      "id": 26128,
      "name": "A Muddy Path Through the Waterlogged Timber",
      "exits": {
        "West": 26127
      }
    },
    {
      "id": 26129,
      "name": "A Mossy Trail Through the Thick Underwood",
      "exits": {
        "North": 26130,
        "East": 26125
      }
    },
    {
      "id": 26130,
      "name": "A Mossy Trail through the Thick Underwood",
      "exits": {
        "South": 26129,
        "West": 26131
      }
    },
    {
      "id": 26131,
      "name": "A Mossy Trail Through the Thick Underwood",
      "exits": {
        "East": 26130,
        "West": 26132
      }
    },
    {
      "id": 26132,
      "name": "A Mossy Trail Through the Thick Underwood",
      "exits": {
        "East": 26131,
        "South": 26133
      }
    },
    {
      "id": 26133,
      "name": "A Mossy Trail Through the Thick Underwood",
      "exits": {
        "North": 26132,
        "South": 26136,
        "West": 26134
      }
    },
    {
      "id": 26134,
      "name": "A Mossy Trail Through the Thick Underwood",
      "exits": {
        "North": 26135,
        "East": 26133
      }
    },
    {
      "id": 26135,
      "name": "On the Fringe of a Shadowy Grove",
      "exits": {
        "South": 26134
      }
    },
    {
      "id": 26136,
      "name": "A Mossy Trail Through the Thick Underwood",
      "exits": {
        "North": 26133,
        "West": 26137
      }
    },
    {
      "id": 26137,
      "name": "On the Edge of the Woodlands",
      "exits": {
        "East": 26136,
        "West": 26138
      }
    },
    {
      "id": 26138,
      "name": "A Grassy Path Through a Deep Vale",
      "exits": {
        "North": 26139,
        "East": 26137,
        "South": 26140,
        "West": 26141
      }
    },
    {
      "id": 26139,
      "name": "Within a Deep Vale",
      "exits": {
        "South": 26138,
        "West": 26142
      }
    },
    {
      "id": 26140,
      "name": "Within a Deep Vale",
      "exits": {
        "North": 26138,
        "West": 26143
      }
    },
    {
      "id": 26141,
      "name": "A Grassy Path Through a Deep Vale",
      "exits": {
        "North": 26142,
        "East": 26138,
        "South": 26143,
        "West": 26144
      }
    },
    {
      "id": 26142,
      "name": "Within a Deep Vale",
      "exits": {
        "East": 26139,
        "South": 26141,
        "West": 26145
      }
    },
    {
      "id": 26143,
      "name": "Within a Deep Vale",
      "exits": {
        "North": 26141,
        "East": 26140,
        "West": 26146
      }
    },
    {
      "id": 26144,
      "name": "A Grassy Path Through a Deep Vale",
      "exits": {
        "North": 26145,
        "East": 26141,
        "South": 26146,
        "West": 26147
      }
    },
    {
      "id": 26145,
      "name": "A Grassy Path Through a Deep Vale",
      "exits": {
        "East": 26142,
        "South": 26144,
        "West": 26149
      }
    },
    {
      "id": 26146,
      "name": "Within a Deep Vale",
      "exits": {
        "North": 26144,
        "East": 26143,
        "West": 26148
      }
    },
    {
      "id": 26147,
      "name": "Within a Deep Vale",
      "exits": {
        "North": 26149,
        "East": 26144,
        "South": 26148
      }
    },
    {
      "id": 26148,
      "name": "Within a Deep Vale",
      "exits": {
        "North": 26147,
        "East": 26146,
        "West": 1162
      }
    },
    {
      "id": 26149,
      "name": "A Grassy Path Through a Deep Vale",
      "exits": {
        "North": 26150,
        "East": 26145,
        "South": 26147
      }
    },
    {
      "id": 26150,
      "name": "A Rough Path Sloping Towards a Vale",
      "exits": {
        "South": 26149,
        "West": 26151
      }
    },
    {
      "id": 26151,
      "name": "A Rough Path Sloping Towards a Vale",
      "exits": {
        "North": 26152,
        "East": 26150
      }
    },
    {
      "id": 26152,
      "name": "On the Fringe of a Quiet Meadow",
      "exits": {
        "North": 26153,
        "South": 26151
      }
    },
    {
      "id": 26153,
      "name": "Upon a Windswept Meadow",
      "exits": {
        "North": 26155,
        "East": 26154,
        "South": 26152
      }
    },
    {
      "id": 26154,
      "name": "Upon a Windswept Meadow",
      "exits": {
        "North": 26156,
        "East": 26158,
        "West": 26153
      }
    },
    {
      "id": 26155,
      "name": "Upon a Windswept Meadow",
      "exits": {
        "East": 26156,
        "South": 26153
      }
    },
    {
      "id": 26156,
      "name": "Upon a Windswept Meadow",
      "exits": {
        "East": 26157,
        "South": 26154,
        "West": 26155
      }
    },
    {
      "id": 26157,
      "name": "Upon a Windswept Meadow",
      "exits": {
        "East": 26159,
        "South": 26158,
        "West": 26156
      }
    },
    {
      "id": 26158,
      "name": "Upon a Windswept Meadow",
      "exits": {
        "North": 26157,
        "West": 26154
      }
    },
    {
      "id": 26159,
      "name": "On the Fringe of a Quiet Meadow",
      "exits": {
        "North": 26160,
        "West": 26157
      }
    },
    {
      "id": 26160,
      "name": "A Steep Trail Winding Down Towards a Meadow",
      "exits": {
        "East": 26161,
        "South": 26159
      }
    },
    {
      "id": 26161,
      "name": "A Rocky Trail Through the Highlands",
      "exits": {
        "East": 26162,
        "West": 26160
      }
    },
    {
      "id": 26162,
      "name": "A Rocky Trail Through the Highlands",
      "exits": {
        "North": 26163,
        "West": 26161
      }
    },
    {
      "id": 26163,
      "name": "A Rocky Trail Through the Highlands",
      "exits": {
        "East": 26164,
        "South": 26162
      }
    },
    {
      "id": 26164,
      "name": "A Rocky Trail Through the Highlands",
      "exits": {
        "North": 26165,
        "West": 26163
      }
    },
    {
      "id": 26165,
      "name": "On the Stoney Banks of the Sywilm",
      "exits": {
        "East": 26166,
        "South": 26164
      }
    },
    {
      "id": 26166,
      "name": "Atop the Falls of the Sywilm",
      "exits": {
        "East": 26167,
        "West": 26165,
        "Down": 26199
      }
    },
    {
      "id": 26167,
      "name": "On the Stoney Banks of the Sywilm",
      "exits": {
        "East": 26168,
        "West": 26166
      }
    },
    {
      "id": 26168,
      "name": "A Rocky Trail Through the Highlands",
      "exits": {
        "South": 26169,
        "West": 26167
      }
    },
    {
      "id": 26169,
      "name": "A Rocky Trail Through the Highlands",
      "exits": {
        "North": 26168,
        "South": 26170
      }
    },
    {
      "id": 26170,
      "name": "A Rocky Trail Through the Highlands",
      "exits": {
        "North": 26169,
        "East": 26171
      }
    },
    {
      "id": 26171,
      "name": "A Narrow Trail Through the Foothills",
      "exits": {
        "East": 26173,
        "South": 26172,
        "West": 26170
      }
    },
    {
      "id": 26172,
      "name": "A Rock Shelf Overlooking the Downs",
      "exits": {
        "North": 26171
      }
    },
    {
      "id": 26173,
      "name": "A Narrow Trail Through the Foothills",
      "exits": {
        "North": 26174,
        "South": 26175,
        "West": 26171
      }
    },
    {
      "id": 26174,
      "name": "A Narrow Trail Through the Foothills",
      "exits": {
        "South": 26173
      }
    },
    {
      "id": 26175,
      "name": "A Narrow Trail Through the Foothills",
      "exits": {
        "North": 26173,
        "East": 26176
      }
    },
    {
      "id": 26176,
      "name": "On the Threshold of the Foothills of Mount Cim",
      "exits": {
        "East": 26110,
        "West": 26175
      }
    },
    {
      "id": 26177,
      "name": "High Above the Rushing River",
      "exits": {
        "South": 26117,
        "Down": 26178
      }
    },
    {
      "id": 26178,
      "name": "Upon the Waters of the Sywilm",
      "exits": {
        "North": 26179,
        "South": 26189,
        "Up": 26177
      }
    },
    {
      "id": 26179,
      "name": "A Bend in the Sywilm",
      "exits": {
        "South": 26178,
        "West": 26180
      }
    },
    {
      "id": 26180,
      "name": "Upon the Waters of the Sywilm",
      "exits": {
        "East": 26179,
        "West": 26181
      }
    },
    {
      "id": 26181,
      "name": "Upon the Waters of the Sywilm",
      "exits": {
        "East": 26180,
        "West": 26182
      }
    },
    {
      "id": 26182,
      "name": "A Bend in the Sywilm",
      "exits": {
        "North": 26183,
        "East": 26181
      }
    },
    {
      "id": 26183,
      "name": "A Bend in the Sywilm",
      "exits": {
        "South": 26182,
        "West": 26184
      }
    },
    {
      "id": 26184,
      "name": "Upon the Waters of the Sywilm",
      "exits": {
        "East": 26183,
        "West": 26185
      }
    },
    {
      "id": 26185,
      "name": "A Bend in the Sywilm",
      "exits": {
        "North": 26186,
        "East": 26184
      }
    },
    {
      "id": 26186,
      "name": "Upon the Waters of the Sywilm",
      "exits": {
        "North": 26187,
        "South": 26185
      }
    },
    {
      "id": 26187,
      "name": "At the Base of a Magnificent Waterfall",
      "exits": {
        "North": 26198,
        "South": 26186,
        "Up": 26199
      }
    },
    {
      "id": 26188,
      "name": "High Above the Rushing River",
      "exits": {
        "North": 26117,
        "Down": 26189
      }
    },
    {
      "id": 26189,
      "name": "Upon the Waters of the Sywilm",
      "exits": {
        "North": 26178,
        "South": 26190,
        "Up": 26188
      }
    },
    {
      "id": 26190,
      "name": "A Bend in the Sywilm",
      "exits": {
        "North": 26189,
        "East": 26191
      }
    },
    {
      "id": 26191,
      "name": "Upon the Waters of the Sywilm",
      "exits": {
        "East": 26192,
        "West": 26190
      }
    },
    {
      "id": 26192,
      "name": "A Bend in the Sywilm",
      "exits": {
        "South": 26193,
        "West": 26191
      }
    },
    {
      "id": 26193,
      "name": "A Bend in the Sywilm",
      "exits": {
        "North": 26192,
        "East": 26194
      }
    },
    {
      "id": 26194,
      "name": "A Bend in the Sywilm",
      "exits": {
        "South": 26195,
        "West": 26193
      }
    },
    {
      "id": 26195,
      "name": "A Bend in the Sywilm",
      "exits": {
        "North": 26194,
        "East": 26196
      }
    },
    {
      "id": 26196,
      "name": "Upon the Waters of the Sywilm",
      "exits": {
        "South": 26197,
        "West": 26195
      }
    },
    {
      "id": 26197,
      "name": "A Widening in the Sywilm",
      "exits": {
        "North": 26196
      }
    },
    {
      "id": 26198,
      "name": "A Damp Cavern Behind the Falls",
      "exits": {
        "South": 26187
      }
    },
    {
      "id": 26199,
      "name": "Mid-air Near the Falls",
      "exits": {
        "Up": 26166,
        "Down": 26187
      }
    },
    {
      "id": 51234,
      "name": "To Western Shatar Road",
      "otherAreaExit": true,
      "exits": {
        "South": 51233,
        "West": 26108
      }
    },
    {
      "id": 1162,
      "name": "To Shire",
      "otherAreaExit": true,
      "exits": {
        "North": 1161,
        "East": 26148
      }
    }
  ]
}