{
  "name": "Tarvalon",
  "buildOptions": {
    "maxSteps": 1000,
    "fixObstacles": true,
    "fixNonStraight": true,
    "fixIntersected": true,
    "compactMap": true,
    "addDebugInfo": false,
    "colorizeConnectionIssues": true
  },
  "rooms": [
    {
      "id": 1800,
      "name": "City Hall",
      "exits": {
        "South": 1883,
        "West": 1801
      }
    },
    {
      "id": 1801,
      "name": "Harbor Road",
      "exits": {
        "North": 1802,
        "East": 1800,
        "South": 1818,
        "West": 1879
      }
    },
    {
      "id": 1802,
      "name": "Wall Road",
      "exits": {
        "East": 1803,
        "South": 1801,
        "West": 1817
      }
    },
    {
      "id": 1803,
      "name": "Wall Road",
      "exits": {
        "East": 1804,
        "West": 1802
      }
    },
    {
      "id": 1804,
      "name": "Southeast Corner of White Tower Wall",
      "exits": {
        "North": 1805,
        "West": 1803
      }
    },
    {
      "id": 1805,
      "name": "Wall Road",
      "exits": {
        "North": 1806,
        "South": 1804
      }
    },
    {
      "id": 1806,
      "name": "Wall Road",
      "exits": {
        "North": 1807,
        "East": 1902,
        "South": 1805
      }
    },
    {
      "id": 1807,
      "name": "Wall Road",
      "exits": {
        "North": 1808,
        "South": 1806
      }
    },
    {
      "id": 1808,
      "name": "Northeast Corner of White Tower Wall",
      "exits": {
        "North": 1915,
        "South": 1807,
        "West": 1809
      }
    },
    {
      "id": 1809,
      "name": "Wall Road",
      "exits": {
        "East": 1808,
        "West": 1810
      }
    },
    {
      "id": 1810,
      "name": "Wall Road",
      "exits": {
        "North": 1855,
        "East": 1809,
        "West": 1811
      }
    },
    {
      "id": 1811,
      "name": "Wall Road",
      "exits": {
        "North": 1860,
        "East": 1810,
        "West": 1812
      }
    },
    {
      "id": 1812,
      "name": "Northwest Corner of White Tower Wall",
      "exits": {
        "North": 1853,
        "East": 1811,
        "South": 1813
      }
    },
    {
      "id": 1813,
      "name": "Wall Road",
      "exits": {
        "North": 1812,
        "South": 1814
      }
    },
    {
      "id": 1814,
      "name": "Gate of the White Tower",
      "exits": {
        "North": 1813,
        "South": 1815,
        "West": 1842
      }
    },
    {
      "id": 1815,
      "name": "Wall Road",
      "exits": {
        "North": 1814,
        "South": 1816
      }
    },
    {
      "id": 1816,
      "name": "Southwest Corner of White Tower Wall",
      "exits": {
        "North": 1815,
        "East": 1817
      }
    },
    {
      "id": 1817,
      "name": "Kitchens Entrance",
      "exits": {
        "East": 1802,
        "West": 1816
      }
    },
    {
      "id": 1818,
      "name": "Common Square",
      "exits": {
        "North": 1801,
        "East": 1883,
        "South": 1819,
        "West": 1880,
        "Down": 3757
      }
    },
    {
      "id": 1819,
      "name": "Harbor Road",
      "exits": {
        "North": 1818,
        "East": 1918,
        "South": 1820,
        "West": 1917
      }
    },
    {
      "id": 1820,
      "name": "Harbor Road",
      "exits": {
        "North": 1819,
        "East": 1920,
        "South": 1821,
        "West": 1919
      }
    },
    {
      "id": 1821,
      "name": "On the Docks",
      "exits": {
        "North": 1820,
        "South": 60303,
        "West": 1822
      }
    },
    {
      "id": 1822,
      "name": "On the Docks",
      "exits": {
        "East": 1821,
        "South": 60302,
        "West": 1823
      }
    },
    {
      "id": 1823,
      "name": "On the Docks",
      "exits": {
        "East": 1822,
        "South": 60301,
        "West": 1824
      }
    },
    {
      "id": 1824,
      "name": "On the Docks",
      "exits": {
        "North": 1825,
        "East": 1823,
        "South": 60300,
        "West": 1924
      }
    },
    {
      "id": 1825,
      "name": "Merchant Way",
      "exits": {
        "North": 1828,
        "East": 1827,
        "South": 1824,
        "West": 1826
      }
    },
    {
      "id": 1826,
      "name": "The Leaping Trout",
      "exits": {
        "East": 1825
      }
    },
    {
      "id": 1827,
      "name": "The Tairen Fishmonger",
      "exits": {
        "West": 1825
      }
    },
    {
      "id": 1828,
      "name": "Merchant Way",
      "exits": {
        "North": 1831,
        "East": 1830,
        "South": 1825,
        "West": 1829
      }
    },
    {
      "id": 1829,
      "name": "The Woman of Tanchico",
      "exits": {
        "East": 1828
      }
    },
    {
      "id": 1830,
      "name": "The Tremalking Splice",
      "exits": {
        "North": 1881,
        "West": 1828
      }
    },
    {
      "id": 1831,
      "name": "Midean\u0027s Square",
      "exits": {
        "North": 1832,
        "East": 1881,
        "South": 1828,
        "West": 1882
      }
    },
    {
      "id": 1832,
      "name": "Merchant Way",
      "exits": {
        "North": 1836,
        "East": 1834,
        "South": 1831,
        "West": 1833
      }
    },
    {
      "id": 1833,
      "name": "The Common Man\u0027s Inn",
      "exits": {
        "East": 1832
      }
    },
    {
      "id": 1834,
      "name": "The Andoran Guard",
      "exits": {
        "West": 1832,
        "Up": 1835
      }
    },
    {
      "id": 1835,
      "name": "Upstairs Room",
      "exits": {
        "Down": 1834
      }
    },
    {
      "id": 1836,
      "name": "Merchant Way",
      "exits": {
        "North": 1839,
        "East": 1838,
        "South": 1832,
        "West": 1837
      }
    },
    {
      "id": 1837,
      "name": "Smithy",
      "exits": {
        "East": 1836
      }
    },
    {
      "id": 1838,
      "name": "Armory",
      "exits": {
        "West": 1836
      }
    },
    {
      "id": 1839,
      "name": "Merchant Way",
      "exits": {
        "North": 1842,
        "East": 1841,
        "South": 1836,
        "West": 1840
      }
    },
    {
      "id": 1840,
      "name": "Bakery",
      "exits": {
        "East": 1839
      }
    },
    {
      "id": 1841,
      "name": "Farmer\u0027s Market",
      "exits": {
        "West": 1839
      }
    },
    {
      "id": 1842,
      "name": "Market Square",
      "exits": {
        "North": 1844,
        "East": 1814,
        "South": 1839,
        "West": 1843
      }
    },
    {
      "id": 1843,
      "name": "Bridge Gate",
      "exits": {
        "East": 1842,
        "West": 1922
      }
    },
    {
      "id": 1844,
      "name": "Merchant Way",
      "exits": {
        "North": 1847,
        "East": 1846,
        "South": 1842,
        "West": 1845
      }
    },
    {
      "id": 1845,
      "name": "Meat Market",
      "exits": {
        "East": 1844
      }
    },
    {
      "id": 1846,
      "name": "General Store",
      "exits": {
        "West": 1844
      }
    },
    {
      "id": 1847,
      "name": "Merchant Way",
      "exits": {
        "North": 1850,
        "East": 1849,
        "South": 1844,
        "West": 1848
      }
    },
    {
      "id": 1848,
      "name": "Jeweller\u0027s Store",
      "exits": {
        "East": 1847
      }
    },
    {
      "id": 1849,
      "name": "Clockmaker\u0027s Shop",
      "exits": {
        "West": 1847
      }
    },
    {
      "id": 1850,
      "name": "Tarlomen\u0027s Square",
      "exits": {
        "North": 1852,
        "East": 1853,
        "South": 1847,
        "West": 1851
      }
    },
    {
      "id": 1851,
      "name": "Bridge Gate",
      "exits": {
        "East": 1850,
        "West": 60628
      }
    },
    {
      "id": 1852,
      "name": "The Illianer Maid",
      "exits": {
        "South": 1850
      }
    },
    {
      "id": 1853,
      "name": "Bridge Road",
      "exits": {
        "North": 1854,
        "South": 1812,
        "West": 1850
      }
    },
    {
      "id": 1854,
      "name": "The White Swan",
      "exits": {
        "South": 1853
      }
    },
    {
      "id": 1855,
      "name": "Sailor Way",
      "exits": {
        "North": 1856,
        "South": 1810
      }
    },
    {
      "id": 1856,
      "name": "The Great Square",
      "exits": {
        "North": 1866,
        "East": 1862,
        "South": 1855,
        "West": 1857
      }
    },
    {
      "id": 1857,
      "name": "The Great Road",
      "exits": {
        "North": 1861,
        "East": 1856,
        "South": 1859,
        "West": 1858
      }
    },
    {
      "id": 1858,
      "name": "The Mayene Mistress",
      "exits": {
        "East": 1857
      }
    },
    {
      "id": 1859,
      "name": "The Good Rest",
      "exits": {
        "North": 1857,
        "South": 1860
      }
    },
    {
      "id": 1860,
      "name": "The Inn\u0027s Kitchen",
      "exits": {
        "North": 1859,
        "South": 1811
      }
    },
    {
      "id": 1861,
      "name": "The Rising Sun",
      "exits": {
        "South": 1857
      }
    },
    {
      "id": 1862,
      "name": "The Great Road",
      "exits": {
        "North": 1865,
        "East": 1863,
        "South": 1864,
        "West": 1856
      }
    },
    {
      "id": 1863,
      "name": "The Good Wind",
      "exits": {
        "West": 1862
      }
    },
    {
      "id": 1864,
      "name": "The Musician\u0027s Itch",
      "exits": {
        "North": 1862
      }
    },
    {
      "id": 1865,
      "name": "The Whistling Dragon",
      "exits": {
        "South": 1862
      }
    },
    {
      "id": 1866,
      "name": "Sailor Way",
      "exits": {
        "North": 1869,
        "East": 1868,
        "South": 1856,
        "West": 1867
      }
    },
    {
      "id": 1867,
      "name": "The Fiery Wake",
      "exits": {
        "East": 1866
      }
    },
    {
      "id": 1868,
      "name": "The Whispering Mountain",
      "exits": {
        "West": 1866
      }
    },
    {
      "id": 1869,
      "name": "On the Docks",
      "exits": {
        "North": 8113,
        "East": 1874,
        "South": 1866,
        "West": 1870
      }
    },
    {
      "id": 1870,
      "name": "On the Docks",
      "exits": {
        "East": 1869,
        "South": 1873,
        "West": 1871
      }
    },
    {
      "id": 1871,
      "name": "On the Docks",
      "exits": {
        "East": 1870,
        "South": 1872
      }
    },
    {
      "id": 1872,
      "name": "Inside a Warehouse",
      "exits": {
        "North": 1871
      }
    },
    {
      "id": 1873,
      "name": "Inside a Warehouse",
      "exits": {
        "North": 1870
      }
    },
    {
      "id": 1874,
      "name": "On the Docks",
      "exits": {
        "East": 1875,
        "South": 1878,
        "West": 1869
      }
    },
    {
      "id": 1875,
      "name": "On the Docks",
      "exits": {
        "East": 1876,
        "South": 1877,
        "West": 1874
      }
    },
    {
      "id": 1876,
      "name": "The Dockmaster\u0027s Office",
      "exits": {
        "West": 1875
      }
    },
    {
      "id": 1877,
      "name": "Inside a Warehouse",
      "exits": {
        "North": 1875
      }
    },
    {
      "id": 1878,
      "name": "Inside a Warehouse",
      "exits": {
        "North": 1874
      }
    },
    {
      "id": 1879,
      "name": "Headquarters of the Guards",
      "exits": {
        "East": 1801,
        "South": 1880
      }
    },
    {
      "id": 1880,
      "name": "Common Road",
      "exits": {
        "North": 1879,
        "East": 1818,
        "West": 1881
      }
    },
    {
      "id": 1881,
      "name": "Common Road",
      "exits": {
        "East": 1880,
        "South": 1830,
        "West": 1831
      }
    },
    {
      "id": 1882,
      "name": "Bridge Gate",
      "exits": {
        "East": 1831,
        "West": 1921
      }
    },
    {
      "id": 1883,
      "name": "Common Road",
      "exits": {
        "North": 1800,
        "East": 1884,
        "West": 1818
      }
    },
    {
      "id": 1884,
      "name": "Ogier Road",
      "exits": {
        "East": 1893,
        "South": 1885,
        "West": 1883
      }
    },
    {
      "id": 1885,
      "name": "Ogier Road",
      "exits": {
        "North": 1884,
        "East": 1892,
        "South": 1886
      }
    },
    {
      "id": 1886,
      "name": "Ogier Road",
      "exits": {
        "North": 1885,
        "East": 1887
      }
    },
    {
      "id": 1887,
      "name": "Ogier Grove",
      "exits": {
        "North": 1892,
        "East": 1888,
        "West": 1886
      }
    },
    {
      "id": 1888,
      "name": "Ogier Grove",
      "exits": {
        "North": 1891,
        "East": 1889,
        "West": 1887
      }
    },
    {
      "id": 1889,
      "name": "Ogier Grove",
      "exits": {
        "North": 1890,
        "West": 1888
      }
    },
    {
      "id": 1890,
      "name": "Ogier Grove",
      "exits": {
        "South": 1889,
        "West": 1891
      }
    },
    {
      "id": 1891,
      "name": "Ogier Grove",
      "exits": {
        "East": 1890,
        "South": 1888,
        "West": 1892
      }
    },
    {
      "id": 1892,
      "name": "Ogier Grove",
      "exits": {
        "North": 1893,
        "East": 1891,
        "South": 1887,
        "West": 1885
      }
    },
    {
      "id": 1893,
      "name": "Ogier Square",
      "exits": {
        "North": 1895,
        "East": 1894,
        "South": 1892,
        "West": 1884
      }
    },
    {
      "id": 1894,
      "name": "Bridge Gate",
      "exits": {
        "East": 1926,
        "West": 1893
      }
    },
    {
      "id": 1895,
      "name": "Tower Road",
      "exits": {
        "North": 1896,
        "South": 1893
      }
    },
    {
      "id": 1896,
      "name": "Tower Road",
      "exits": {
        "North": 1899,
        "East": 1897,
        "South": 1895,
        "West": 1898
      }
    },
    {
      "id": 1897,
      "name": "In a House",
      "exits": {
        "West": 1896
      }
    },
    {
      "id": 1898,
      "name": "In a House",
      "exits": {
        "East": 1896
      }
    },
    {
      "id": 1899,
      "name": "Tower Road",
      "exits": {
        "North": 1902,
        "East": 1900,
        "South": 1896,
        "West": 1901
      }
    },
    {
      "id": 1900,
      "name": "In a House",
      "exits": {
        "West": 1899
      }
    },
    {
      "id": 1901,
      "name": "In a House",
      "exits": {
        "East": 1899
      }
    },
    {
      "id": 1902,
      "name": "Tower Square",
      "exits": {
        "North": 1905,
        "East": 1903,
        "South": 1899,
        "West": 1806
      }
    },
    {
      "id": 1903,
      "name": "Bridge Gate",
      "exits": {
        "East": 1904,
        "West": 1902
      }
    },
    {
      "id": 1904,
      "name": "On the Eastern Bridge",
      "exits": {
        "West": 1903
      }
    },
    {
      "id": 1905,
      "name": "Tower Road",
      "exits": {
        "North": 1908,
        "East": 1906,
        "South": 1902,
        "West": 1907
      }
    },
    {
      "id": 1906,
      "name": "In a House",
      "exits": {
        "West": 1905
      }
    },
    {
      "id": 1907,
      "name": "In a House",
      "exits": {
        "East": 1905
      }
    },
    {
      "id": 1908,
      "name": "Tower Road",
      "exits": {
        "North": 1911,
        "East": 1909,
        "South": 1905,
        "West": 1910
      }
    },
    {
      "id": 1909,
      "name": "In a House",
      "exits": {
        "West": 1908
      }
    },
    {
      "id": 1910,
      "name": "In a House",
      "exits": {
        "East": 1908
      }
    },
    {
      "id": 1911,
      "name": "Rogosh\u0027s Square",
      "exits": {
        "North": 1912,
        "East": 1913,
        "South": 1908,
        "West": 1915
      }
    },
    {
      "id": 1912,
      "name": "The Charging Bull",
      "exits": {
        "South": 1911
      }
    },
    {
      "id": 1913,
      "name": "Bridge Gate",
      "exits": {
        "East": 1914,
        "West": 1911
      }
    },
    {
      "id": 1914,
      "name": "On the Northeast Bridge",
      "exits": {
        "East": 28740,
        "West": 1913
      }
    },
    {
      "id": 1915,
      "name": "Bridge Road",
      "exits": {
        "North": 1916,
        "East": 1911,
        "South": 1808
      }
    },
    {
      "id": 1916,
      "name": "The Golden Lion",
      "exits": {
        "South": 1915
      }
    },
    {
      "id": 1917,
      "name": "Woodworking Shop",
      "exits": {
        "East": 1819
      }
    },
    {
      "id": 1918,
      "name": "Garment Shop",
      "exits": {
        "West": 1819
      }
    },
    {
      "id": 1919,
      "name": "Wine Shop",
      "exits": {
        "East": 1820
      }
    },
    {
      "id": 1920,
      "name": "Trader\u0027s Shop",
      "exits": {
        "West": 1820
      }
    },
    {
      "id": 1921,
      "name": "On the Southwest Bridge",
      "exits": {
        "East": 1882,
        "West": 24266
      }
    },
    {
      "id": 1922,
      "name": "On the Western Bridge",
      "exits": {
        "East": 1843,
        "West": 40940
      }
    },
    {
      "id": 1923,
      "name": "On the Northwest Bridge",
      "exits": {
        "East": 1851,
        "West": 312
      }
    },
    {
      "id": 1924,
      "name": "Large Square",
      "exits": {
        "East": 1824
      }
    },
    {
      "id": 1925,
      "name": "Ogier Glade",
      "exits": {}
    },
    {
      "id": 1926,
      "name": "On the Southeast Bridge",
      "exits": {
        "East": 1927,
        "West": 1894
      }
    },
    {
      "id": 1927,
      "name": "A Road Through The Plains",
      "exits": {
        "East": 1936,
        "South": 1928,
        "West": 1926
      }
    },
    {
      "id": 1928,
      "name": "The Path to Tar Valon",
      "exits": {
        "North": 1927,
        "South": 1929
      }
    },
    {
      "id": 1929,
      "name": "A Dead End",
      "exits": {
        "North": 1928
      }
    },
    {
      "id": 1930,
      "name": "The Summer Road",
      "exits": {
        "East": 60625,
        "West": 1931
      }
    },
    {
      "id": 1931,
      "name": "The Summer Road",
      "exits": {
        "East": 1930,
        "West": 1932
      }
    },
    {
      "id": 1932,
      "name": "Bend in the Summer Road",
      "exits": {
        "North": 1933,
        "East": 1931
      }
    },
    {
      "id": 1933,
      "name": "Bend in the Summer Road",
      "exits": {
        "South": 1932,
        "West": 1934
      }
    },
    {
      "id": 1934,
      "name": "The Summer Road",
      "exits": {
        "East": 1933,
        "West": 1935
      }
    },
    {
      "id": 1935,
      "name": "The Summer Road ",
      "exits": {
        "North": 24291,
        "East": 1934
      }
    },
    {
      "id": 1936,
      "name": "Road Through the Farmlands",
      "exits": {
        "East": 1937,
        "West": 1927
      }
    },
    {
      "id": 1937,
      "name": "Road Through the Farmlands",
      "exits": {
        "East": 1938,
        "South": 1940,
        "West": 1936
      }
    },
    {
      "id": 1938,
      "name": "Road Through the Farmlands",
      "exits": {
        "South": 1939,
        "West": 1937
      }
    },
    {
      "id": 1939,
      "name": "Road Through the Farmlands",
      "exits": {
        "North": 1938,
        "South": 1942,
        "West": 1940
      }
    },
    {
      "id": 1940,
      "name": "Some Open Plains",
      "exits": {
        "North": 1937,
        "East": 1939,
        "South": 1941
      }
    },
    {
      "id": 1941,
      "name": "Some Open Plains",
      "exits": {
        "North": 1940,
        "East": 1942,
        "South": 1944
      }
    },
    {
      "id": 1942,
      "name": "Road Through the Farmlands",
      "exits": {
        "North": 1939,
        "South": 1944,
        "West": 1941
      }
    },
    {
      "id": 1943,
      "name": "A Road Through The Plains",
      "exits": {
        "North": 1942,
        "South": 1945,
        "West": 1944
      }
    },
    {
      "id": 1944,
      "name": "Road Through the Farmlands",
      "exits": {
        "North": 1942,
        "East": 1969,
        "South": 1945
      }
    },
    {
      "id": 1945,
      "name": "The Farm House",
      "exits": {
        "North": 1944,
        "East": 1986
      }
    },
    {
      "id": 1946,
      "name": "A Road Through The Plains",
      "exits": {
        "North": 1956,
        "South": 1947
      }
    },
    {
      "id": 1947,
      "name": "A Road Through The Plains",
      "exits": {
        "North": 1946,
        "South": 1948
      }
    },
    {
      "id": 198,
      "name": "",
      "exits": {
        "North": 1947
      }
    },
    {
      "id": 1948,
      "name": "A Road Through The Plains",
      "exits": {
        "North": 1947,
        "South": 1949
      }
    },
    {
      "id": 1949,
      "name": "A Road Through The Plains",
      "exits": {
        "North": 1948,
        "East": 1950
      }
    },
    {
      "id": 1950,
      "name": "A Road Through The Plains",
      "exits": {
        "East": 1951,
        "West": 1949
      }
    },
    {
      "id": 1951,
      "name": "A Road Through The Plains",
      "exits": {
        "East": 1952,
        "West": 1950
      }
    },
    {
      "id": 1952,
      "name": "A Road Through The Plains",
      "exits": {
        "South": 1953,
        "West": 1951
      }
    },
    {
      "id": 1953,
      "name": "A Road Through The Plains",
      "exits": {
        "North": 1952,
        "South": 1954
      }
    },
    {
      "id": 1954,
      "name": "A Road Through The Plains",
      "exits": {
        "North": 1953,
        "South": 1955
      }
    },
    {
      "id": 1955,
      "name": "A Road Through The Plains",
      "exits": {
        "North": 1954,
        "South": 19650
      }
    },
    {
      "id": 1956,
      "name": "A Road Through the Plains",
      "exits": {
        "North": 1957,
        "South": 1946
      }
    },
    {
      "id": 1957,
      "name": "A Road Through the Plains",
      "exits": {
        "North": 1958,
        "South": 1956
      }
    },
    {
      "id": 1958,
      "name": "A Road Through the Plains",
      "exits": {
        "North": 1959,
        "South": 1957
      }
    },
    {
      "id": 1959,
      "name": "Road Through a Cypress Forest",
      "exits": {
        "North": 1960,
        "South": 1958
      }
    },
    {
      "id": 1960,
      "name": "Road Through a Cypress Forest",
      "exits": {
        "North": 1961,
        "South": 1959
      }
    },
    {
      "id": 1961,
      "name": "Road Through a Cypress Forest",
      "exits": {
        "North": 1962,
        "South": 1960
      }
    },
    {
      "id": 1962,
      "name": "Road Through a Cypress Forest",
      "exits": {
        "North": 1963,
        "South": 1961
      }
    },
    {
      "id": 1963,
      "name": "Road Through a Cypress Forest",
      "exits": {
        "North": 1964,
        "South": 1962
      }
    },
    {
      "id": 1964,
      "name": "Road Through a Cypress Forest",
      "exits": {
        "North": 1965,
        "South": 1963
      }
    },
    {
      "id": 1965,
      "name": "Road Through a Cypress Forest",
      "exits": {
        "North": 1966,
        "South": 1964
      }
    },
    {
      "id": 1966,
      "name": "Road Through a Cypress Forest",
      "exits": {
        "North": 1967,
        "South": 1965
      }
    },
    {
      "id": 1967,
      "name": "Road Through a Cypress Forest",
      "exits": {
        "South": 1966,
        "West": 1971
      }
    },
    {
      "id": 1968,
      "name": "Road Through the Farmlands",
      "exits": {
        "South": 1985,
        "West": 1969
      }
    },
    {
      "id": 1969,
      "name": "Road Through the Farmlands",
      "exits": {
        "East": 1968,
        "South": 1986,
        "West": 1944
      }
    },
    {
      "id": 1971,
      "name": "Road Through a Cypress Forest",
      "exits": {
        "East": 1967,
        "West": 1972
      }
    },
    {
      "id": 1972,
      "name": "Road Through a Cypress Forest",
      "exits": {
        "East": 1971,
        "West": 1973
      }
    },
    {
      "id": 1973,
      "name": "Road Through a Cypress Forest",
      "exits": {
        "East": 1972,
        "West": 1974
      }
    },
    {
      "id": 1974,
      "name": "Road Through the Farmlands",
      "exits": {
        "East": 1973,
        "West": 1975
      }
    },
    {
      "id": 1975,
      "name": "Road Through the Farmlands",
      "exits": {
        "East": 1974,
        "West": 1976
      }
    },
    {
      "id": 1976,
      "name": "Road Through the Farmlands",
      "exits": {
        "East": 1975,
        "West": 1977
      }
    },
    {
      "id": 1977,
      "name": "Road Through the Farmlands",
      "exits": {
        "East": 1976,
        "West": 1978
      }
    },
    {
      "id": 1978,
      "name": "Road Through the Farmlands",
      "exits": {
        "East": 1977,
        "West": 1979
      }
    },
    {
      "id": 1979,
      "name": "Road Through the Farmlands",
      "exits": {
        "East": 1978,
        "West": 1980
      }
    },
    {
      "id": 1980,
      "name": "Road Through the Farmlands",
      "exits": {
        "East": 1979,
        "West": 1981
      }
    },
    {
      "id": 1981,
      "name": "Road Through the Farmlands",
      "exits": {
        "East": 1980,
        "West": 1982
      }
    },
    {
      "id": 1982,
      "name": "Road Through the Farmlands",
      "exits": {
        "North": 1983,
        "East": 1981
      }
    },
    {
      "id": 1983,
      "name": "Road Through the Farmlands",
      "exits": {
        "North": 1984,
        "South": 1982
      }
    },
    {
      "id": 1984,
      "name": "Road Through the Farmlands",
      "exits": {
        "North": 1985,
        "South": 1983
      }
    },
    {
      "id": 1985,
      "name": "Road Through the Farmlands",
      "exits": {
        "North": 1968,
        "South": 1984,
        "West": 1986
      }
    },
    {
      "id": 1986,
      "name": "The Farm House",
      "exits": {
        "North": 1969,
        "East": 1985,
        "West": 1945
      }
    },
    {
      "id": 24266,
      "name": "A Well-Worn Path ",
      "exits": {
        "East": 1921,
        "West": 24267
      }
    },
    {
      "id": 24267,
      "name": "A Well-Worn Path",
      "exits": {
        "East": 24266,
        "South": 24279,
        "West": 24268
      }
    },
    {
      "id": 24268,
      "name": "A Well-Worn Path ",
      "exits": {
        "East": 24267,
        "West": 24269
      }
    },
    {
      "id": 24269,
      "name": "A Well-Worn Path ",
      "exits": {
        "East": 24268,
        "West": 24270
      }
    },
    {
      "id": 24270,
      "name": "A Well-Worn Path ",
      "exits": {
        "East": 24269,
        "West": 24271
      }
    },
    {
      "id": 24271,
      "name": "A Well-Worn Path ",
      "exits": {
        "East": 24270,
        "West": 24272
      }
    },
    {
      "id": 24272,
      "name": "A Well-Worn Path ",
      "exits": {
        "East": 24271,
        "West": 24273
      }
    },
    {
      "id": 24273,
      "name": "A Well-Worn Path ",
      "exits": {
        "East": 24272,
        "West": 24274
      }
    },
    {
      "id": 24274,
      "name": "A Well-Worn Path ",
      "exits": {
        "North": 24277,
        "East": 24273,
        "West": 24275
      }
    },
    {
      "id": 24275,
      "name": "A Dying Forest Trail ",
      "exits": {
        "East": 24274,
        "West": 24276
      }
    },
    {
      "id": 24276,
      "name": "A Dying Forest Trail ",
      "exits": {
        "East": 24275,
        "South": 24224,
        "West": 24221
      }
    },
    {
      "id": 24277,
      "name": "A Well-Worn Path ",
      "exits": {
        "North": 24278,
        "South": 24274
      }
    },
    {
      "id": 24278,
      "name": "A Well-Worn Path ",
      "exits": {
        "North": 40926,
        "South": 24277
      }
    },
    {
      "id": 24279,
      "name": "A Woodland Forest Trail",
      "exits": {
        "North": 24267,
        "South": 24280
      }
    },
    {
      "id": 24280,
      "name": "A Woodland Forest Trail",
      "exits": {
        "North": 24279,
        "South": 24281
      }
    },
    {
      "id": 24281,
      "name": "A Woodland Forest Trail",
      "exits": {
        "North": 24280,
        "South": 24282
      }
    },
    {
      "id": 24282,
      "name": "A Woodland Forest Trail",
      "exits": {
        "North": 24281,
        "South": 24283
      }
    },
    {
      "id": 24283,
      "name": "A Woodland Forest Trail",
      "exits": {
        "North": 24282,
        "South": 24284
      }
    },
    {
      "id": 24284,
      "name": "A Woodland Forest Trail",
      "exits": {
        "North": 24283,
        "South": 24285
      }
    },
    {
      "id": 24285,
      "name": "A Woodland Forest Trail",
      "exits": {
        "North": 24284,
        "South": 24286
      }
    },
    {
      "id": 24286,
      "name": "A Woodland Forest Trail",
      "exits": {
        "North": 24285,
        "South": 24287
      }
    },
    {
      "id": 24287,
      "name": "A Woodland Forest Trail",
      "exits": {
        "North": 24286,
        "South": 24288
      }
    },
    {
      "id": 24288,
      "name": "A Woodland Forest Trail",
      "exits": {
        "North": 24287,
        "South": 24289
      }
    },
    {
      "id": 24289,
      "name": "A Woodland Forest Trail",
      "exits": {
        "North": 24288,
        "South": 24290
      }
    },
    {
      "id": 24290,
      "name": "Banks of the Tigris River",
      "exits": {
        "North": 24289,
        "South": 60317
      }
    },
    {
      "id": 24291,
      "name": "The Summer Road ",
      "exits": {
        "South": 1935,
        "West": 40749
      }
    },
    {
      "id": 3757,
      "name": "To mud school",
      "otherAreaExit": true,
      "exits": {
        "North": 3701,
        "East": 3759,
        "South": 3700,
        "West": 3758
      }
    },
    {
      "id": 60303,
      "name": "To Tigris River",
      "otherAreaExit": true,
      "exits": {
        "North": 1821,
        "West": 60302
      }
    },
    {
      "id": 60302,
      "name": "To Tigris River",
      "otherAreaExit": true,
      "exits": {
        "North": 1822,
        "East": 60303,
        "West": 60301
      }
    },
    {
      "id": 60301,
      "name": "To Tigris River",
      "otherAreaExit": true,
      "exits": {
        "North": 1823,
        "East": 60302,
        "West": 60300
      }
    },
    {
      "id": 60300,
      "name": "To Tigris River",
      "otherAreaExit": true,
      "exits": {
        "North": 1824,
        "East": 60301,
        "South": 60305,
        "West": 60304
      }
    },
    {
      "id": 60628,
      "name": "To Summer Road",
      "otherAreaExit": true,
      "exits": {
        "East": 1851,
        "West": 60627
      }
    },
    {
      "id": 8113,
      "name": "To Empire Cabal",
      "otherAreaExit": true,
      "exits": {
        "North": 8112,
        "South": 1869
      }
    },
    {
      "id": 28740,
      "name": "To Ramadahn",
      "otherAreaExit": true,
      "exits": {
        "East": 28739,
        "West": 1914
      }
    },
    {
      "id": 40940,
      "name": "To Eastern Shatar Road",
      "otherAreaExit": true,
      "exits": {
        "East": 1922,
        "West": 40939
      }
    },
    {
      "id": 312,
      "name": "To Plains",
      "otherAreaExit": true,
      "exits": {
        "North": 308,
        "East": 361,
        "South": 332,
        "West": 321
      }
    },
    {
      "id": 60625,
      "name": "To Summer Road",
      "otherAreaExit": true,
      "exits": {
        "East": 60624,
        "West": 1930
      }
    },
    {
      "id": 19650,
      "name": "To Eastern Road",
      "otherAreaExit": true,
      "exits": {
        "North": 1955,
        "East": 19651,
        "South": 19706,
        "West": 19649
      }
    },
    {
      "id": 24224,
      "name": "To Dead Forest",
      "otherAreaExit": true,
      "exits": {
        "North": 24276,
        "South": 24227,
        "West": 24223
      }
    },
    {
      "id": 24221,
      "name": "To Dead Forest",
      "otherAreaExit": true,
      "exits": {
        "East": 24276,
        "South": 24223,
        "West": 24220
      }
    },
    {
      "id": 40926,
      "name": "To Eastern Shatar Road",
      "otherAreaExit": true,
      "exits": {
        "East": 40927,
        "South": 24278,
        "West": 40925
      }
    },
    {
      "id": 60317,
      "name": "To Tigris River",
      "otherAreaExit": true,
      "exits": {
        "North": 24290,
        "East": 60316,
        "West": 60318
      }
    },
    {
      "id": 40749,
      "name": "To The North Road",
      "otherAreaExit": true,
      "exits": {
        "North": 40750,
        "East": 24291,
        "South": 40748
      }
    }
  ]
}