{
  "name": "Thalos",
  "buildOptions": {
    "maxSteps": 1000,
    "fixObstacles": true,
    "fixNonStraight": true,
    "fixIntersected": true,
    "compactMap": true,
    "addDebugInfo": false,
    "colorizeConnectionIssues": true
  },
  "rooms": [
    {
      "id": 60700,
      "name": "The Grand Gate of Thalos",
      "exits": {
        "East": 60756,
        "West": 60701
      }
    },
    {
      "id": 60701,
      "name": "Main Street",
      "exits": {
        "North": 60739,
        "East": 60700,
        "South": 60755,
        "West": 60702
      }
    },
    {
      "id": 60702,
      "name": "Main Street",
      "exits": {
        "North": 60736,
        "East": 60701,
        "South": 60732,
        "West": 60703
      }
    },
    {
      "id": 60703,
      "name": "A Garden Path",
      "exits": {
        "North": 60704,
        "East": 60702,
        "South": 60706,
        "West": 60750
      }
    },
    {
      "id": 60704,
      "name": "A Garden Path",
      "exits": {
        "North": 60711,
        "South": 60703,
        "West": 60705
      }
    },
    {
      "id": 60705,
      "name": "A Garden Path",
      "exits": {
        "East": 60704,
        "South": 60750
      }
    },
    {
      "id": 60706,
      "name": "A Garden Path",
      "exits": {
        "North": 60703,
        "South": 60712
      }
    },
    {
      "id": 60707,
      "name": "The market place",
      "exits": {
        "North": 60725,
        "South": 60720,
        "West": 60708
      }
    },
    {
      "id": 60708,
      "name": "The market place",
      "exits": {
        "North": 60722,
        "East": 60707,
        "South": 60717
      }
    },
    {
      "id": 60709,
      "name": "A Side Street",
      "exits": {
        "East": 60743,
        "South": 60710,
        "West": 60728
      }
    },
    {
      "id": 60710,
      "name": "A Side Street",
      "exits": {
        "North": 60709,
        "East": 60744,
        "South": 60711,
        "West": 60726
      }
    },
    {
      "id": 60711,
      "name": "A Side Street",
      "exits": {
        "North": 60710,
        "East": 60737,
        "South": 60704,
        "West": 60727
      }
    },
    {
      "id": 60712,
      "name": "A side street",
      "exits": {
        "North": 60706,
        "East": 60732,
        "South": 60713,
        "West": 60721
      }
    },
    {
      "id": 60713,
      "name": "A side street",
      "exits": {
        "North": 60712,
        "East": 60730,
        "South": 60714,
        "West": 60719
      }
    },
    {
      "id": 60714,
      "name": "A side street",
      "exits": {
        "North": 60713,
        "East": 60751,
        "South": 60729,
        "West": 60718
      }
    },
    {
      "id": 60715,
      "name": "Under a ruined watchtower",
      "exits": {
        "North": 60716,
        "East": 60718,
        "Up": 60747
      }
    },
    {
      "id": 60716,
      "name": "A back alley",
      "exits": {
        "North": 60717,
        "South": 60715,
        "West": 17223
      }
    },
    {
      "id": 60717,
      "name": "The meat stand",
      "exits": {
        "North": 60708,
        "East": 60720,
        "South": 60716
      }
    },
    {
      "id": 60718,
      "name": "A back alley",
      "exits": {
        "East": 60714,
        "West": 60715
      }
    },
    {
      "id": 60719,
      "name": "The guild house",
      "exits": {
        "East": 60713
      }
    },
    {
      "id": 60720,
      "name": "The produce stand",
      "exits": {
        "North": 60707,
        "West": 60717
      }
    },
    {
      "id": 60721,
      "name": "The smithy",
      "exits": {
        "East": 60712
      }
    },
    {
      "id": 60722,
      "name": "The tapestry stand",
      "exits": {
        "North": 60723,
        "East": 60725,
        "South": 60708
      }
    },
    {
      "id": 60723,
      "name": "A back alley",
      "exits": {
        "North": 60724,
        "South": 60722
      }
    },
    {
      "id": 60724,
      "name": "Under the watchtower",
      "exits": {
        "East": 60728,
        "South": 60723,
        "Up": 60746
      }
    },
    {
      "id": 60725,
      "name": "The jewelery stand",
      "exits": {
        "South": 60707,
        "West": 60722
      }
    },
    {
      "id": 60726,
      "name": "A ruined clay dwelling",
      "exits": {
        "East": 60710
      }
    },
    {
      "id": 60727,
      "name": "A collapsed stone dwelling",
      "exits": {
        "East": 60711
      }
    },
    {
      "id": 60728,
      "name": "A back alley",
      "exits": {
        "East": 60709,
        "West": 60724
      }
    },
    {
      "id": 60729,
      "name": "An abandoned shop",
      "exits": {
        "North": 60714
      }
    },
    {
      "id": 60730,
      "name": "The Tavern of the Sun",
      "exits": {
        "West": 60713
      }
    },
    {
      "id": 60731,
      "name": "South wing of the city hall",
      "exits": {
        "North": 60732,
        "East": 60734
      }
    },
    {
      "id": 60732,
      "name": "The city hall",
      "exits": {
        "North": 60702,
        "East": 60733,
        "South": 60731,
        "West": 60712
      }
    },
    {
      "id": 60733,
      "name": "East wing of the city hall",
      "exits": {
        "South": 60734,
        "West": 60732
      }
    },
    {
      "id": 60734,
      "name": "The private gardens and courtyard of Thalos",
      "exits": {
        "North": 60733,
        "West": 60731
      }
    },
    {
      "id": 60735,
      "name": "A small guard house",
      "exits": {
        "East": 60755
      }
    },
    {
      "id": 60736,
      "name": "A collapsed home",
      "exits": {
        "South": 60702
      }
    },
    {
      "id": 60737,
      "name": "A tall dwelling",
      "exits": {
        "East": 60738,
        "West": 60711,
        "Up": 60745
      }
    },
    {
      "id": 60738,
      "name": "A small shack",
      "exits": {
        "West": 60737
      }
    },
    {
      "id": 60739,
      "name": "A back alley",
      "exits": {
        "North": 60740,
        "South": 60701
      }
    },
    {
      "id": 60740,
      "name": "A back alley",
      "exits": {
        "North": 60741,
        "South": 60739
      }
    },
    {
      "id": 60741,
      "name": "Under a watchtower",
      "exits": {
        "South": 60740,
        "West": 60743,
        "Up": 60748
      }
    },
    {
      "id": 60742,
      "name": "A bath house",
      "exits": {
        "North": 60743,
        "West": 60744
      }
    },
    {
      "id": 60743,
      "name": "A back alley",
      "exits": {
        "East": 60741,
        "South": 60742,
        "West": 60709
      }
    },
    {
      "id": 60744,
      "name": "An upright house",
      "exits": {
        "East": 60742,
        "West": 60710
      }
    },
    {
      "id": 60745,
      "name": "On the second floor",
      "exits": {}
    },
    {
      "id": 60746,
      "name": "The north-west watchtower",
      "exits": {
        "Down": 60724
      }
    },
    {
      "id": 60747,
      "name": "The south-west watchtower",
      "exits": {
        "Down": 60715
      }
    },
    {
      "id": 60748,
      "name": "The north-east watchtower",
      "exits": {
        "Down": 60741
      }
    },
    {
      "id": 60750,
      "name": "The Temple of Thalos",
      "exits": {
        "North": 60705,
        "East": 60703
      }
    },
    {
      "id": 60751,
      "name": "A back alley",
      "exits": {
        "East": 60752,
        "West": 60714
      }
    },
    {
      "id": 60752,
      "name": "Under a ruined watchtower",
      "exits": {
        "North": 60753,
        "West": 60751,
        "Up": 60754
      }
    },
    {
      "id": 60753,
      "name": "A back alley",
      "exits": {
        "North": 60755,
        "South": 60752
      }
    },
    {
      "id": 60754,
      "name": "The south-east watchtower",
      "exits": {
        "Down": 60752
      }
    },
    {
      "id": 60755,
      "name": "A back alley",
      "exits": {
        "North": 60701,
        "South": 60753,
        "West": 60735
      }
    },
    {
      "id": 60756,
      "name": "The Trail to Thalos ",
      "exits": {
        "East": 60808,
        "West": 60700
      }
    },
    {
      "id": 60757,
      "name": "The Trail to Thalos ",
      "exits": {
        "East": 60758,
        "West": 60799
      }
    },
    {
      "id": 60758,
      "name": "The Dwarf Forest",
      "exits": {
        "North": 60759,
        "East": 60762,
        "West": 60757
      }
    },
    {
      "id": 60759,
      "name": "The Dwarf Forest",
      "exits": {
        "North": 60760,
        "South": 60758
      }
    },
    {
      "id": 60760,
      "name": "The Dwarf Forest",
      "exits": {
        "North": 60761,
        "South": 60759
      }
    },
    {
      "id": 60761,
      "name": "The Dwarf Forest",
      "exits": {
        "North": 19715,
        "South": 60760
      }
    },
    {
      "id": 60762,
      "name": "The Dwarf Forest",
      "exits": {
        "East": 60763,
        "West": 60758
      }
    },
    {
      "id": 60763,
      "name": "The Darker Dwarf Forest",
      "exits": {
        "South": 60764,
        "West": 60762
      }
    },
    {
      "id": 60764,
      "name": "The Darker Dwarf Forest",
      "exits": {
        "North": 60763,
        "East": 60765
      }
    },
    {
      "id": 60765,
      "name": "The Darker Dwarf Forest",
      "exits": {
        "East": 60766,
        "West": 60764
      }
    },
    {
      "id": 60766,
      "name": "The Darker Dwarf Forest",
      "exits": {
        "West": 60765,
        "Down": 60767
      }
    },
    {
      "id": 60767,
      "name": "A valley in the dark dwarf forest",
      "exits": {
        "North": 60771,
        "East": 1724,
        "South": 60782,
        "Up": 60766
      }
    },
    {
      "id": 60768,
      "name": "A small ugly cave",
      "exits": {
        "East": 60792,
        "South": 60769
      }
    },
    {
      "id": 60769,
      "name": "A small ugly cave",
      "exits": {
        "North": 60768,
        "Down": 60770
      }
    },
    {
      "id": 60770,
      "name": "Down the path into a dead end",
      "exits": {
        "Up": 60769,
        "Down": 5100
      }
    },
    {
      "id": 60771,
      "name": "The Valley in the dark dwarf forest",
      "exits": {
        "North": 60772,
        "South": 60767
      }
    },
    {
      "id": 60772,
      "name": "A dim trail in the dwarf forest",
      "exits": {
        "North": 60773,
        "South": 60771
      }
    },
    {
      "id": 60773,
      "name": "A dim trail in the dwarf forest",
      "exits": {
        "North": 60774,
        "East": 60780,
        "South": 60772
      }
    },
    {
      "id": 60774,
      "name": "A dim trail in the dwarf forest",
      "exits": {
        "North": 60775,
        "South": 60773
      }
    },
    {
      "id": 60775,
      "name": "A bend in the dim trail in the dwarf forest",
      "exits": {
        "South": 60774,
        "West": 60776
      }
    },
    {
      "id": 60776,
      "name": "A trail in the dwarf forest",
      "exits": {
        "East": 60775,
        "West": 60777
      }
    },
    {
      "id": 60777,
      "name": "A trail in the dwarf forest",
      "exits": {
        "East": 60776,
        "West": 60778
      }
    },
    {
      "id": 60778,
      "name": "A trail in the dwarf forest",
      "exits": {
        "East": 60777,
        "West": 60779
      }
    },
    {
      "id": 60779,
      "name": "The bend in the trail in the dwarf forest",
      "exits": {
        "East": 60778,
        "South": 60781
      }
    },
    {
      "id": 60780,
      "name": "A dark bend in the forest",
      "exits": {
        "West": 60773
      }
    },
    {
      "id": 60781,
      "name": "By the beautiful waterfall",
      "exits": {
        "North": 60779
      }
    },
    {
      "id": 60782,
      "name": "A Valley in the Dwarf Forest",
      "exits": {
        "North": 60767,
        "South": 60783
      }
    },
    {
      "id": 60783,
      "name": "A Valley in the Dwarf Forest",
      "exits": {
        "North": 60782,
        "South": 60784
      }
    },
    {
      "id": 60784,
      "name": "A Valley in the Dwarf Forest",
      "exits": {
        "North": 60783,
        "South": 60785
      }
    },
    {
      "id": 60785,
      "name": "A Valley in the Dwarf Forest",
      "exits": {
        "North": 60784,
        "South": 60786
      }
    },
    {
      "id": 60786,
      "name": "A Valley in the Dwarf Forest",
      "exits": {
        "North": 60785,
        "South": 60787
      }
    },
    {
      "id": 60787,
      "name": "A Valley in the Dwarf Forest",
      "exits": {
        "North": 60786,
        "South": 60788
      }
    },
    {
      "id": 60788,
      "name": "A Valley in the Dwarf Forest",
      "exits": {
        "North": 60787,
        "South": 60789
      }
    },
    {
      "id": 60789,
      "name": "A Valley in the Dwarf Forest",
      "exits": {
        "North": 60788,
        "East": 5001,
        "South": 60790
      }
    },
    {
      "id": 60790,
      "name": "A Valley in the Dwarf Forest",
      "exits": {
        "North": 60789,
        "South": 60791
      }
    },
    {
      "id": 60791,
      "name": "A Valley in the Dwarf Forest",
      "exits": {
        "North": 60790,
        "South": 60792
      }
    },
    {
      "id": 60792,
      "name": "A Valley in the Dwarf Forest",
      "exits": {
        "North": 60791,
        "South": 60793,
        "West": 60768
      }
    },
    {
      "id": 60793,
      "name": "A Valley in the Dwarf Forest",
      "exits": {
        "North": 60792,
        "South": 60794
      }
    },
    {
      "id": 60794,
      "name": "A Valley in the Dwarf Forest",
      "exits": {
        "North": 60793,
        "South": 60795
      }
    },
    {
      "id": 60795,
      "name": "A Valley in the Dwarf Forest",
      "exits": {
        "North": 60794,
        "South": 60796
      }
    },
    {
      "id": 60796,
      "name": "A Valley in the Dwarf Forest",
      "exits": {
        "North": 60795,
        "West": 60797
      }
    },
    {
      "id": 60797,
      "name": "A Valley in the Dwarf Forest",
      "exits": {
        "East": 60796,
        "South": 60798
      }
    },
    {
      "id": 60798,
      "name": "A Valley in the Dwarf Forest",
      "exits": {
        "North": 60797,
        "South": 2300
      }
    },
    {
      "id": 60799,
      "name": "The Trail to Thalos ",
      "exits": {
        "East": 60757,
        "West": 60800
      }
    },
    {
      "id": 60800,
      "name": "The Trail to Thalos ",
      "exits": {
        "East": 60799,
        "West": 60801
      }
    },
    {
      "id": 60801,
      "name": "The Trail to Thalos ",
      "exits": {
        "East": 60800,
        "West": 60802
      }
    },
    {
      "id": 60802,
      "name": "The Trail to Thalos ",
      "exits": {
        "East": 60801,
        "West": 60803
      }
    },
    {
      "id": 60803,
      "name": "The Trail to Thalos ",
      "exits": {
        "East": 60802,
        "West": 60804
      }
    },
    {
      "id": 60804,
      "name": "The Trail to Thalos ",
      "exits": {
        "East": 60803,
        "West": 60805
      }
    },
    {
      "id": 60805,
      "name": "The Trail to Thalos ",
      "exits": {
        "East": 60804,
        "West": 60806
      }
    },
    {
      "id": 60806,
      "name": "The Trail to Thalos ",
      "exits": {
        "East": 60805,
        "West": 60807
      }
    },
    {
      "id": 60807,
      "name": "The Trail to Thalos ",
      "exits": {
        "East": 60806,
        "West": 60808
      }
    },
    {
      "id": 60808,
      "name": "The Trail to Thalos ",
      "exits": {
        "East": 60807,
        "West": 60756
      }
    },
    {
      "id": 17223,
      "name": "To UnderDark",
      "otherAreaExit": true,
      "exits": {
        "East": 60716,
        "Down": 17224
      }
    },
    {
      "id": 19715,
      "name": "To Eastern Road",
      "otherAreaExit": true,
      "exits": {
        "North": 19714,
        "South": 60761
      }
    },
    {
      "id": 1724,
      "name": "To Wyvern\u0027s Tower",
      "otherAreaExit": true,
      "exits": {
        "East": 1723,
        "West": 60767
      }
    },
    {
      "id": 5100,
      "name": "To Drow City",
      "otherAreaExit": true,
      "exits": {
        "West": 5101,
        "Up": 60770
      }
    },
    {
      "id": 5001,
      "name": "To Sands of Sorrow",
      "otherAreaExit": true,
      "exits": {
        "East": 5002,
        "West": 60789
      }
    },
    {
      "id": 2300,
      "name": "To Mahn-Tor",
      "otherAreaExit": true,
      "exits": {
        "North": 60798,
        "South": 2301
      }
    }
  ]
}