{
  "name": "The Dragon Tower",
  "buildOptions": {
    "maxSteps": 1000,
    "fixObstacles": true,
    "fixNonStraight": true,
    "fixIntersected": true,
    "compactMap": true,
    "addDebugInfo": false,
    "colorizeConnectionIssues": true
  },
  "rooms": [
    {
      "id": 11400,
      "name": "The Gate Before the Tower",
      "exits": {
        "North": 11401,
        "West": 1304
      }
    },
    {
      "id": 11401,
      "name": "The Foyer of the Tower",
      "exits": {
        "North": 11402,
        "East": 11412,
        "South": 11400,
        "West": 11413
      }
    },
    {
      "id": 11402,
      "name": "the hallway",
      "exits": {
        "North": 11403,
        "South": 11401
      }
    },
    {
      "id": 11403,
      "name": "the hallway",
      "exits": {
        "North": 11404,
        "South": 11402
      }
    },
    {
      "id": 11404,
      "name": "the hallway",
      "exits": {
        "North": 11405,
        "South": 11403
      }
    },
    {
      "id": 11405,
      "name": "Hall\u0027s end",
      "exits": {
        "East": 11406,
        "South": 11404,
        "West": 11424
      }
    },
    {
      "id": 11406,
      "name": "the hallway",
      "exits": {
        "East": 11407,
        "West": 11405
      }
    },
    {
      "id": 11407,
      "name": "A turn in the hallway",
      "exits": {
        "South": 11408,
        "West": 11406
      }
    },
    {
      "id": 11408,
      "name": "the hallway",
      "exits": {
        "North": 11407,
        "South": 11409
      }
    },
    {
      "id": 11409,
      "name": "At a junction",
      "exits": {
        "North": 11408,
        "East": 11425,
        "South": 11410
      }
    },
    {
      "id": 11410,
      "name": "the hallway",
      "exits": {
        "North": 11409,
        "South": 11411
      }
    },
    {
      "id": 11411,
      "name": "A turn in the hallway",
      "exits": {
        "North": 11410,
        "West": 11412
      }
    },
    {
      "id": 11412,
      "name": "the hallway",
      "exits": {
        "East": 11411,
        "West": 11401
      }
    },
    {
      "id": 11413,
      "name": "the hallway",
      "exits": {
        "East": 11401,
        "West": 11414
      }
    },
    {
      "id": 11414,
      "name": "A turn in the hallway",
      "exits": {
        "North": 11415,
        "East": 11413
      }
    },
    {
      "id": 11415,
      "name": "the hallway",
      "exits": {
        "North": 11416,
        "South": 11414
      }
    },
    {
      "id": 11416,
      "name": "the hallway",
      "exits": {
        "North": 11417,
        "South": 11415
      }
    },
    {
      "id": 11417,
      "name": "the hallway",
      "exits": {
        "North": 11418,
        "South": 11416
      }
    },
    {
      "id": 11418,
      "name": "At a junction",
      "exits": {
        "East": 11424,
        "South": 11417,
        "West": 11419
      }
    },
    {
      "id": 11419,
      "name": "the hallway",
      "exits": {
        "East": 11418,
        "West": 11420
      }
    },
    {
      "id": 11420,
      "name": "the dead end",
      "exits": {
        "East": 11419,
        "Down": 11421
      }
    },
    {
      "id": 11421,
      "name": "a small tunnel",
      "exits": {
        "West": 11422,
        "Up": 11420
      }
    },
    {
      "id": 11422,
      "name": "a small tunnel",
      "exits": {
        "East": 11421,
        "West": 11423
      }
    },
    {
      "id": 11423,
      "name": "a small tunnel\u0027s end",
      "exits": {
        "East": 11422
      }
    },
    {
      "id": 11424,
      "name": "the hallway",
      "exits": {
        "North": 11474,
        "East": 11405,
        "West": 11418
      }
    },
    {
      "id": 11425,
      "name": "the hallway",
      "exits": {
        "East": 11426,
        "West": 11409
      }
    },
    {
      "id": 11426,
      "name": "the hallway",
      "exits": {
        "East": 11427,
        "West": 11425
      }
    },
    {
      "id": 11427,
      "name": "the hallway",
      "exits": {
        "East": 11428,
        "West": 11426
      }
    },
    {
      "id": 11428,
      "name": "the hallway",
      "exits": {
        "East": 11429,
        "West": 11427
      }
    },
    {
      "id": 11429,
      "name": "At a junction",
      "exits": {
        "North": 11440,
        "South": 11430,
        "West": 11428
      }
    },
    {
      "id": 11430,
      "name": "an ice-covered tunnel",
      "exits": {
        "North": 11429,
        "South": 11431
      }
    },
    {
      "id": 11431,
      "name": "an ice-covered tunnel",
      "exits": {
        "North": 11430,
        "South": 11432
      }
    },
    {
      "id": 11432,
      "name": "an ice-covered tunnel",
      "exits": {
        "North": 11431,
        "East": 11433
      }
    },
    {
      "id": 11433,
      "name": "an ice-covered Stairway",
      "exits": {
        "West": 11432,
        "Down": 11434
      }
    },
    {
      "id": 11434,
      "name": "an ice-covered Stairway",
      "exits": {
        "Up": 11433,
        "Down": 11435
      }
    },
    {
      "id": 11435,
      "name": "an ice-covered Stairway",
      "exits": {
        "East": 11436,
        "Up": 11434
      }
    },
    {
      "id": 11436,
      "name": "an ice-covered tunnel",
      "exits": {
        "East": 11437,
        "West": 11435
      }
    },
    {
      "id": 11437,
      "name": "an ice-covered tunnel",
      "exits": {
        "East": 11438,
        "West": 11436
      }
    },
    {
      "id": 11438,
      "name": "an ice-covered tunnel",
      "exits": {
        "East": 11439,
        "West": 11437
      }
    },
    {
      "id": 11439,
      "name": "The Ice-Covered Cave",
      "exits": {
        "West": 11438
      }
    },
    {
      "id": 11440,
      "name": "the hallway",
      "exits": {
        "North": 11441,
        "South": 11429
      }
    },
    {
      "id": 11441,
      "name": "A turn in the hallway",
      "exits": {
        "East": 11442,
        "South": 11440
      }
    },
    {
      "id": 11442,
      "name": "the hallway",
      "exits": {
        "East": 11443,
        "West": 11441
      }
    },
    {
      "id": 11443,
      "name": "the hallway",
      "exits": {
        "East": 11444,
        "West": 11442
      }
    },
    {
      "id": 11444,
      "name": "the hallway",
      "exits": {
        "East": 11445,
        "West": 11443
      }
    },
    {
      "id": 11445,
      "name": "A turn in the hallway",
      "exits": {
        "South": 11446,
        "West": 11444
      }
    },
    {
      "id": 11446,
      "name": "the hallway",
      "exits": {
        "North": 11445,
        "South": 11447
      }
    },
    {
      "id": 11447,
      "name": "the hallway",
      "exits": {
        "North": 11446,
        "South": 11448
      }
    },
    {
      "id": 11448,
      "name": "A turn in the hallway",
      "exits": {
        "North": 11447,
        "West": 11449
      }
    },
    {
      "id": 11449,
      "name": "A stairway",
      "exits": {
        "East": 11448,
        "Up": 11450
      }
    },
    {
      "id": 11450,
      "name": "Top of a stairway",
      "exits": {
        "West": 11451,
        "Down": 11449
      }
    },
    {
      "id": 11451,
      "name": "the hallway",
      "exits": {
        "East": 11450,
        "West": 11452
      }
    },
    {
      "id": 11452,
      "name": "A turn in the hallway",
      "exits": {
        "North": 11453,
        "East": 11451
      }
    },
    {
      "id": 11453,
      "name": "the hallway",
      "exits": {
        "North": 11454,
        "South": 11452
      }
    },
    {
      "id": 11454,
      "name": "At a junction",
      "exits": {
        "East": 11461,
        "South": 11453,
        "West": 11455
      }
    },
    {
      "id": 11455,
      "name": "the hallway",
      "exits": {
        "East": 11454,
        "West": 11456
      }
    },
    {
      "id": 11456,
      "name": "the hallway",
      "exits": {
        "East": 11455,
        "West": 11457
      }
    },
    {
      "id": 11457,
      "name": "the bottom of a stairway",
      "exits": {
        "East": 11456,
        "Up": 11458
      }
    },
    {
      "id": 11458,
      "name": "A hallway",
      "exits": {
        "East": 11459,
        "Down": 11457
      }
    },
    {
      "id": 11459,
      "name": "A hallway",
      "exits": {
        "North": 11460,
        "West": 11458
      }
    },
    {
      "id": 11460,
      "name": "The Flaming Cave",
      "exits": {
        "South": 11459
      }
    },
    {
      "id": 11461,
      "name": "the hallway",
      "exits": {
        "East": 11462,
        "West": 11454
      }
    },
    {
      "id": 11462,
      "name": "the hallway",
      "exits": {
        "East": 11463,
        "West": 11461
      }
    },
    {
      "id": 11463,
      "name": "the hallway",
      "exits": {
        "East": 11464,
        "West": 11462
      }
    },
    {
      "id": 11464,
      "name": "the hallway",
      "exits": {
        "East": 11465,
        "West": 11463
      }
    },
    {
      "id": 11465,
      "name": "A turn in the hallway",
      "exits": {
        "South": 11466,
        "West": 11464
      }
    },
    {
      "id": 11466,
      "name": "the hallway",
      "exits": {
        "North": 11465,
        "South": 11467
      }
    },
    {
      "id": 11467,
      "name": "the hallway",
      "exits": {
        "North": 11466,
        "South": 11468
      }
    },
    {
      "id": 11468,
      "name": "the hallway",
      "exits": {
        "North": 11467,
        "South": 11469
      }
    },
    {
      "id": 11469,
      "name": "the hallway",
      "exits": {
        "North": 11468,
        "Down": 11470
      }
    },
    {
      "id": 11470,
      "name": "a Long, Dark Ladder",
      "exits": {
        "Up": 11469,
        "Down": 11471
      }
    },
    {
      "id": 11471,
      "name": "a Long, Dark Ladder",
      "exits": {
        "Up": 11470,
        "Down": 11472
      }
    },
    {
      "id": 11472,
      "name": "a dark tunnel",
      "exits": {
        "South": 11473,
        "Up": 11471
      }
    },
    {
      "id": 11473,
      "name": "The Dark Cave",
      "exits": {
        "North": 11472
      }
    },
    {
      "id": 11474,
      "name": "the hallway",
      "exits": {
        "North": 11475,
        "South": 11424
      }
    },
    {
      "id": 11475,
      "name": "the hallway",
      "exits": {
        "South": 11474,
        "West": 11476
      }
    },
    {
      "id": 11476,
      "name": "the hallway",
      "exits": {
        "North": 11477,
        "East": 11475
      }
    },
    {
      "id": 11477,
      "name": "the hallway",
      "exits": {
        "North": 11478,
        "South": 11476
      }
    },
    {
      "id": 11478,
      "name": "the hallway",
      "exits": {
        "East": 11483,
        "South": 11477,
        "West": 11479
      }
    },
    {
      "id": 11479,
      "name": "the hallway",
      "exits": {
        "North": 11480,
        "East": 11478,
        "South": 11482,
        "West": 11481
      }
    },
    {
      "id": 11480,
      "name": "the Royal Quarters",
      "exits": {
        "South": 11479
      }
    },
    {
      "id": 11481,
      "name": "The Guest Room",
      "exits": {
        "East": 11479
      }
    },
    {
      "id": 11482,
      "name": "The Guest Room",
      "exits": {
        "North": 11479
      }
    },
    {
      "id": 11483,
      "name": "the hallway",
      "exits": {
        "East": 11484,
        "West": 11478
      }
    },
    {
      "id": 11484,
      "name": "At a junction",
      "exits": {
        "North": 11494,
        "East": 11485,
        "West": 11483
      }
    },
    {
      "id": 11485,
      "name": "the hallway",
      "exits": {
        "East": 11487,
        "South": 11486,
        "West": 11484
      }
    },
    {
      "id": 11486,
      "name": "The Guest Room",
      "exits": {
        "North": 11485
      }
    },
    {
      "id": 11487,
      "name": "the hallway",
      "exits": {
        "East": 11488,
        "West": 11485
      }
    },
    {
      "id": 11488,
      "name": "the hallway",
      "exits": {
        "West": 11487,
        "Down": 11489
      }
    },
    {
      "id": 11489,
      "name": "the dark corridor",
      "exits": {
        "East": 11490,
        "Up": 11488
      }
    },
    {
      "id": 11490,
      "name": "the dark corridor",
      "exits": {
        "South": 11491,
        "West": 11489
      }
    },
    {
      "id": 11491,
      "name": "the dark corridor",
      "exits": {
        "North": 11490,
        "South": 11492
      }
    },
    {
      "id": 11492,
      "name": "the dark corridor",
      "exits": {
        "North": 11491,
        "West": 11493
      }
    },
    {
      "id": 11493,
      "name": "The Acid Pools",
      "exits": {
        "East": 11492
      }
    },
    {
      "id": 11494,
      "name": "the hallway",
      "exits": {
        "North": 11495,
        "South": 11484
      }
    },
    {
      "id": 11495,
      "name": "the Large Stairway",
      "exits": {
        "South": 11494,
        "Up": 11496
      }
    },
    {
      "id": 11496,
      "name": "the Large Stairway",
      "exits": {
        "North": 11505,
        "West": 11497,
        "Down": 11495
      }
    },
    {
      "id": 11497,
      "name": "Around the Dining Table",
      "exits": {
        "East": 11496,
        "West": 11498
      }
    },
    {
      "id": 11498,
      "name": "Around the Dining Table",
      "exits": {
        "East": 11497,
        "West": 11499
      }
    },
    {
      "id": 11499,
      "name": "Around the Dining Table",
      "exits": {
        "East": 11498,
        "West": 11500
      }
    },
    {
      "id": 11500,
      "name": "Around the Dining Table",
      "exits": {
        "North": 11501,
        "East": 11499
      }
    },
    {
      "id": 11501,
      "name": "Around the Dining Table",
      "exits": {
        "East": 11502,
        "South": 11500
      }
    },
    {
      "id": 11502,
      "name": "Around the Dining Table",
      "exits": {
        "East": 11503,
        "West": 11501
      }
    },
    {
      "id": 11503,
      "name": "The Throne",
      "exits": {
        "North": 11506,
        "East": 11504,
        "West": 11502
      }
    },
    {
      "id": 11504,
      "name": "Around the Dining Table",
      "exits": {
        "East": 11505,
        "West": 11503
      }
    },
    {
      "id": 11505,
      "name": "Around the Dining Table",
      "exits": {
        "South": 11496,
        "West": 11504
      }
    },
    {
      "id": 11506,
      "name": "the hallway",
      "exits": {
        "North": 11507,
        "South": 11503
      }
    },
    {
      "id": 11507,
      "name": "the Large Stairway",
      "exits": {
        "South": 11506,
        "Up": 11508
      }
    },
    {
      "id": 11508,
      "name": "the Stairs",
      "exits": {
        "Up": 11509,
        "Down": 11507
      }
    },
    {
      "id": 11509,
      "name": "the hallway",
      "exits": {
        "East": 11514,
        "West": 11510,
        "Down": 11508
      }
    },
    {
      "id": 11510,
      "name": "the hallway",
      "exits": {
        "East": 11509,
        "West": 11511
      }
    },
    {
      "id": 11511,
      "name": "the hallway",
      "exits": {
        "East": 11510,
        "West": 11512
      }
    },
    {
      "id": 11512,
      "name": "The cloudy hallway",
      "exits": {
        "East": 11511,
        "West": 11513
      }
    },
    {
      "id": 11513,
      "name": "the Smoke-filled Cave",
      "exits": {
        "East": 11512
      }
    },
    {
      "id": 11514,
      "name": "the hallway",
      "exits": {
        "East": 11515,
        "West": 11509
      }
    },
    {
      "id": 11515,
      "name": "the hallway",
      "exits": {
        "East": 11522,
        "West": 11514,
        "Up": 11516
      }
    },
    {
      "id": 11516,
      "name": "the base of the High Tower",
      "exits": {
        "West": 11517,
        "Down": 11515
      }
    },
    {
      "id": 11517,
      "name": "the base of the High Tower",
      "exits": {
        "East": 11516,
        "Up": 11518
      }
    },
    {
      "id": 11518,
      "name": "the bone-filled hallway",
      "exits": {
        "North": 11519,
        "Down": 11517
      }
    },
    {
      "id": 11519,
      "name": "the bone-filled hallway",
      "exits": {
        "North": 11520,
        "South": 11518
      }
    },
    {
      "id": 11520,
      "name": "the bone-filled Chamber",
      "exits": {
        "North": 11521,
        "South": 11519
      }
    },
    {
      "id": 11521,
      "name": "the Lair of Tiamat",
      "exits": {
        "South": 11520
      }
    },
    {
      "id": 11522,
      "name": "the hallway",
      "exits": {
        "East": 11523,
        "West": 11515
      }
    },
    {
      "id": 11523,
      "name": "the hallway",
      "exits": {
        "East": 11524,
        "West": 11522
      }
    },
    {
      "id": 11524,
      "name": "A turn in the hallway",
      "exits": {
        "North": 11525,
        "West": 11523
      }
    },
    {
      "id": 11525,
      "name": "A turn in the hallway",
      "exits": {
        "East": 11526,
        "South": 11524
      }
    },
    {
      "id": 11526,
      "name": "the hallway",
      "exits": {
        "West": 11525,
        "Down": 11527
      }
    },
    {
      "id": 11527,
      "name": "the hallway",
      "exits": {
        "East": 11528,
        "Up": 11526
      }
    },
    {
      "id": 11528,
      "name": "the hallway",
      "exits": {
        "East": 11529,
        "West": 11527
      }
    },
    {
      "id": 11529,
      "name": "A turn in the hallway",
      "exits": {
        "South": 11530,
        "West": 11528
      }
    },
    {
      "id": 11530,
      "name": "A turn in the hallway",
      "exits": {
        "North": 11529,
        "East": 11531
      }
    },
    {
      "id": 11531,
      "name": "the hallway",
      "exits": {
        "East": 11532,
        "West": 11530
      }
    },
    {
      "id": 11532,
      "name": "the hallway",
      "exits": {
        "West": 11531,
        "Up": 11533
      }
    },
    {
      "id": 11533,
      "name": "the hallway",
      "exits": {
        "North": 11534,
        "Down": 11532
      }
    },
    {
      "id": 11534,
      "name": "the hallway",
      "exits": {
        "North": 11535,
        "South": 11533
      }
    },
    {
      "id": 11535,
      "name": "the hallway",
      "exits": {
        "North": 11536,
        "South": 11534
      }
    },
    {
      "id": 11536,
      "name": "the hallway",
      "exits": {
        "North": 11537,
        "South": 11535
      }
    },
    {
      "id": 11537,
      "name": "the torn hallway",
      "exits": {
        "North": 11538,
        "South": 11536
      }
    },
    {
      "id": 11538,
      "name": "the Lightning Chamber",
      "exits": {
        "South": 11537
      }
    },
    {
      "id": 1304,
      "name": "To High Tower",
      "otherAreaExit": true,
      "exits": {
        "North": 11400,
        "East": 1305,
        "South": 1307
      }
    }
  ]
}