{
  "name": "The Dale",
  "buildOptions": {
    "maxSteps": 1000,
    "fixObstacles": false,
    "fixNonStraight": true,
    "fixIntersected": false,
    "compactMap": true,
    "addDebugInfo": false,
    "colorizeConnectionIssues": true
  },
  "rooms": [
    {
      "id": 13500,
      "name": "On a woodland trail",
      "exits": {
        "East": 21003,
        "West": 13501
      }
    },
    {
      "id": 13501,
      "name": "On a woodland trail",
      "exits": {
        "East": 13500,
        "West": 13502
      }
    },
    {
      "id": 13502,
      "name": "On a woodland trail",
      "exits": {
        "North": 13503,
        "East": 13501
      }
    },
    {
      "id": 13503,
      "name": "On a woodland trail",
      "exits": {
        "North": 13504,
        "South": 13502
      }
    },
    {
      "id": 13504,
      "name": "On a woodland trail",
      "exits": {
        "North": 13505,
        "South": 13503
      }
    },
    {
      "id": 13505,
      "name": "A turn in the woodland trail",
      "exits": {
        "South": 13504,
        "West": 13506
      }
    },
    {
      "id": 13506,
      "name": "On a woodland trail",
      "exits": {
        "North": 13507,
        "East": 13505
      }
    },
    {
      "id": 13507,
      "name": "A T-junction in the woodland trail",
      "exits": {
        "North": 13508,
        "South": 13506,
        "West": 13609
      }
    },
    {
      "id": 13508,
      "name": "On a woodland trail",
      "exits": {
        "North": 13509,
        "South": 13507
      }
    },
    {
      "id": 13509,
      "name": "On a woodland trail",
      "exits": {
        "South": 13508,
        "West": 13510
      }
    },
    {
      "id": 13510,
      "name": "On a small wooden bridge",
      "exits": {
        "East": 13509,
        "West": 13511
      }
    },
    {
      "id": 13511,
      "name": "Southern outskirts of Greenleaf dale",
      "exits": {
        "North": 13621,
        "East": 13510,
        "South": 13617,
        "West": 13512
      }
    },
    {
      "id": 13512,
      "name": "Southern outskirts of Greenleaf dale",
      "exits": {
        "North": 13620,
        "East": 13511,
        "West": 13513
      }
    },
    {
      "id": 13513,
      "name": "Southern outskirts of Greenleaf dale",
      "exits": {
        "North": 13619,
        "East": 13512,
        "South": 13618,
        "West": 13514
      }
    },
    {
      "id": 13514,
      "name": "On a small wooden bridge",
      "exits": {
        "East": 13513,
        "West": 13515
      }
    },
    {
      "id": 13515,
      "name": "On a the woodland trail",
      "exits": {
        "East": 13514,
        "West": 13516
      }
    },
    {
      "id": 13516,
      "name": "A bend in the woodland path",
      "exits": {
        "North": 13517,
        "East": 13515
      }
    },
    {
      "id": 13517,
      "name": "A path in the woodlands",
      "exits": {
        "North": 13518,
        "South": 13516
      }
    },
    {
      "id": 13518,
      "name": "At the entrance to Greenleaf dale",
      "exits": {
        "North": 13519,
        "East": 13576,
        "South": 13517
      }
    },
    {
      "id": 13519,
      "name": "A pathway through the township",
      "exits": {
        "North": 13520,
        "East": 13577,
        "South": 13518,
        "West": 13578
      }
    },
    {
      "id": 13520,
      "name": "At a common square in the township",
      "exits": {
        "North": 13521,
        "East": 13530,
        "South": 13519,
        "West": 13571
      }
    },
    {
      "id": 13521,
      "name": "A pathway through the township",
      "exits": {
        "North": 13522,
        "East": 13584,
        "South": 13520
      }
    },
    {
      "id": 13522,
      "name": "A pathway through the township",
      "exits": {
        "North": 13523,
        "East": 13583,
        "South": 13521,
        "West": 13582
      }
    },
    {
      "id": 13523,
      "name": "A pathway through the township",
      "exits": {
        "North": 13524,
        "South": 13522
      }
    },
    {
      "id": 13524,
      "name": "The northern outskirts of Greenleaf dale",
      "exits": {
        "East": 13525,
        "South": 13523
      }
    },
    {
      "id": 13525,
      "name": "The northern outskirts of Greenleaf dale",
      "exits": {
        "East": 13526,
        "West": 13524
      }
    },
    {
      "id": 13526,
      "name": "The northern outskirts of Greenleaf dale",
      "exits": {
        "North": 13527,
        "West": 13525
      }
    },
    {
      "id": 13527,
      "name": "The northern outskirts of Greenleaf dale",
      "exits": {
        "North": 13528,
        "East": 13624,
        "South": 13526,
        "West": 13626
      }
    },
    {
      "id": 13528,
      "name": "The northern outskirts of Greenleaf dale",
      "exits": {
        "North": 13529,
        "East": 13625,
        "South": 13527,
        "West": 13627
      }
    },
    {
      "id": 13529,
      "name": "The northern outskirts of Greenleaf dale",
      "exits": {
        "East": 13606,
        "South": 13528
      }
    },
    {
      "id": 13530,
      "name": "A pathway through the township",
      "exits": {
        "North": 13557,
        "East": 13531,
        "West": 13520
      }
    },
    {
      "id": 13531,
      "name": "Within the main township",
      "exits": {
        "North": 13558,
        "East": 13535,
        "South": 13559,
        "West": 13530
      }
    },
    {
      "id": 13532,
      "name": "NW corner of the Dale market",
      "exits": {
        "North": 13550,
        "East": 13533,
        "South": 13535,
        "West": 13549
      }
    },
    {
      "id": 13533,
      "name": "Northern end of the Dale Market",
      "exits": {
        "North": 13628,
        "East": 13534,
        "South": 13536,
        "West": 13532
      }
    },
    {
      "id": 13534,
      "name": "NE corner of the Dale market",
      "exits": {
        "North": 13551,
        "East": 13552,
        "South": 13537,
        "West": 13533
      }
    },
    {
      "id": 13535,
      "name": "Western side of the Dale market",
      "exits": {
        "North": 13532,
        "East": 13536,
        "South": 13538,
        "West": 13531
      }
    },
    {
      "id": 13536,
      "name": "Centre of the Dale market",
      "exits": {
        "North": 13533,
        "East": 13537,
        "South": 13539,
        "West": 13535
      }
    },
    {
      "id": 13537,
      "name": "Eastern side of the Dale market",
      "exits": {
        "North": 13534,
        "East": 13541,
        "South": 13540,
        "West": 13536
      }
    },
    {
      "id": 13538,
      "name": "SW corner of the Dale market",
      "exits": {
        "North": 13535,
        "East": 13539,
        "South": 13555,
        "West": 13556
      }
    },
    {
      "id": 13539,
      "name": "Southern end of the Dale market",
      "exits": {
        "North": 13536,
        "East": 13540,
        "West": 13538
      }
    },
    {
      "id": 13540,
      "name": "SE corner of the Dale market",
      "exits": {
        "North": 13537,
        "East": 13553,
        "South": 13554,
        "West": 13539
      }
    },
    {
      "id": 13541,
      "name": "On a pathway amidst the Dale community",
      "exits": {
        "North": 13560,
        "East": 13542,
        "West": 13537
      }
    },
    {
      "id": 13542,
      "name": "On a pathway amidst the Dale community",
      "exits": {
        "North": 13561,
        "East": 13543,
        "South": 13562,
        "West": 13541
      }
    },
    {
      "id": 13543,
      "name": "On a pathway amidst the Dale community",
      "exits": {
        "North": 13564,
        "East": 13544,
        "South": 13563,
        "West": 13542
      }
    },
    {
      "id": 13544,
      "name": "End of the township",
      "exits": {
        "North": 13547,
        "South": 13545,
        "West": 13543
      }
    },
    {
      "id": 13545,
      "name": "Foyer of the Lord\u0027s Manor",
      "exits": {
        "North": 13544,
        "Up": 13546
      }
    },
    {
      "id": 13546,
      "name": "In a large house",
      "exits": {
        "East": 13570,
        "West": 13569,
        "Down": 13545
      }
    },
    {
      "id": 13547,
      "name": "Inside the temple of Sun",
      "exits": {
        "North": 13548,
        "East": 13567,
        "South": 13544
      }
    },
    {
      "id": 13548,
      "name": "The altar room",
      "exits": {
        "East": 13566,
        "South": 13547,
        "West": 13565
      }
    },
    {
      "id": 13549,
      "name": "The Green Fletcher\u0027s Tavern",
      "exits": {
        "East": 13532
      }
    },
    {
      "id": 13550,
      "name": "The Baker\u0027s Delight",
      "exits": {
        "South": 13532
      }
    },
    {
      "id": 13551,
      "name": "The Shadowdale Armory",
      "exits": {
        "South": 13534
      }
    },
    {
      "id": 13552,
      "name": "The Worthy Weapons shop",
      "exits": {
        "West": 13534
      }
    },
    {
      "id": 13553,
      "name": "The Dale Bank",
      "exits": {
        "West": 13540
      }
    },
    {
      "id": 13554,
      "name": "Wear \u0027N Tear",
      "exits": {
        "North": 13540
      }
    },
    {
      "id": 13555,
      "name": "The Crescent Moon",
      "exits": {
        "North": 13538
      }
    },
    {
      "id": 13556,
      "name": "Forest Wear",
      "exits": {
        "East": 13538
      }
    },
    {
      "id": 13557,
      "name": "The Quartermaster\u0027s Hold",
      "exits": {
        "South": 13530
      }
    },
    {
      "id": 13558,
      "name": "A small house",
      "exits": {
        "South": 13531
      }
    },
    {
      "id": 13559,
      "name": "A small house",
      "exits": {
        "North": 13531
      }
    },
    {
      "id": 13560,
      "name": "A small house",
      "exits": {
        "South": 13541
      }
    },
    {
      "id": 13561,
      "name": "A small house",
      "exits": {
        "South": 13542
      }
    },
    {
      "id": 13562,
      "name": "A small house",
      "exits": {
        "North": 13542
      }
    },
    {
      "id": 13563,
      "name": "A small house",
      "exits": {
        "North": 13543
      }
    },
    {
      "id": 13564,
      "name": "The guard headquarters",
      "exits": {
        "South": 13543
      }
    },
    {
      "id": 13565,
      "name": "The Lord Templar\u0027s Room",
      "exits": {
        "East": 13548
      }
    },
    {
      "id": 13566,
      "name": "The High Cleric\u0027s Chamber",
      "exits": {
        "West": 13548
      }
    },
    {
      "id": 13567,
      "name": "A small alcove in the temple",
      "exits": {
        "West": 13547
      }
    },
    {
      "id": 13569,
      "name": "On a balcony overlooking the Dale",
      "exits": {
        "East": 13546
      }
    },
    {
      "id": 13570,
      "name": "The Lord\u0027s Private Study",
      "exits": {
        "West": 13546
      }
    },
    {
      "id": 13571,
      "name": "A pathway through the township",
      "exits": {
        "North": 13581,
        "East": 13520,
        "West": 13572
      }
    },
    {
      "id": 13572,
      "name": "A pathway through the township",
      "exits": {
        "North": 13580,
        "East": 13571,
        "South": 13579,
        "West": 13573
      }
    },
    {
      "id": 13573,
      "name": "A pathway through the western outskirts of Shadowdale",
      "exits": {
        "East": 13572,
        "West": 13574
      }
    },
    {
      "id": 13574,
      "name": "Outside the western outskirts of Shadowdale",
      "exits": {
        "North": 13575,
        "East": 13573
      }
    },
    {
      "id": 13575,
      "name": "The western outskirts of Shadowdale",
      "exits": {
        "North": 13585,
        "South": 13574,
        "West": 13651
      }
    },
    {
      "id": 13576,
      "name": "A small house",
      "exits": {
        "West": 13518
      }
    },
    {
      "id": 13577,
      "name": "A small house",
      "exits": {
        "West": 13519
      }
    },
    {
      "id": 13578,
      "name": "A small house",
      "exits": {
        "East": 13519
      }
    },
    {
      "id": 13579,
      "name": "A small house",
      "exits": {
        "North": 13572
      }
    },
    {
      "id": 13580,
      "name": "A small house",
      "exits": {
        "South": 13572
      }
    },
    {
      "id": 13581,
      "name": "A small house",
      "exits": {
        "South": 13571
      }
    },
    {
      "id": 13582,
      "name": "A small house",
      "exits": {
        "East": 13522
      }
    },
    {
      "id": 13583,
      "name": "A small house",
      "exits": {
        "West": 13522
      }
    },
    {
      "id": 13584,
      "name": "A small house",
      "exits": {
        "West": 13521
      }
    },
    {
      "id": 13585,
      "name": "Before the dale fields",
      "exits": {
        "East": 13586,
        "South": 13575,
        "West": 13587
      }
    },
    {
      "id": 13586,
      "name": "In the dale fields",
      "exits": {
        "North": 13590,
        "West": 13585
      }
    },
    {
      "id": 13587,
      "name": "In the dale fields",
      "exits": {
        "North": 13588,
        "East": 13585
      }
    },
    {
      "id": 13588,
      "name": "In the dale fields",
      "exits": {
        "North": 13592,
        "East": 13584,
        "South": 13587
      }
    },
    {
      "id": 13589,
      "name": "In the dale fields",
      "exits": {
        "North": 13593,
        "East": 13590,
        "West": 13588
      }
    },
    {
      "id": 13590,
      "name": "In the dale fields",
      "exits": {
        "North": 13594,
        "South": 13586,
        "West": 13589
      }
    },
    {
      "id": 13591,
      "name": "In the dale fields",
      "exits": {
        "North": 13596,
        "East": 13592
      }
    },
    {
      "id": 13592,
      "name": "Edge of a large lake in the fields",
      "exits": {
        "North": 13597,
        "East": 13593,
        "South": 13588,
        "West": 13591
      }
    },
    {
      "id": 13593,
      "name": "Edge of a large lake in the fields",
      "exits": {
        "East": 13594,
        "South": 13589,
        "West": 13592
      }
    },
    {
      "id": 13594,
      "name": "Edge of a large lake in the fields",
      "exits": {
        "North": 13598,
        "East": 13595,
        "South": 13590,
        "West": 13593
      }
    },
    {
      "id": 13595,
      "name": "In the dale fields",
      "exits": {
        "North": 13599,
        "West": 13594
      }
    },
    {
      "id": 13596,
      "name": "In the dale fields",
      "exits": {
        "North": 13600,
        "East": 13597,
        "South": 13591
      }
    },
    {
      "id": 13597,
      "name": "Edge of a large lake in the fields",
      "exits": {
        "North": 13601,
        "South": 13592,
        "West": 13596
      }
    },
    {
      "id": 13598,
      "name": "Edge of a large lake in the fields",
      "exits": {
        "North": 13603,
        "East": 13599,
        "South": 13594
      }
    },
    {
      "id": 13599,
      "name": "In the dale fields",
      "exits": {
        "North": 13604,
        "South": 13595,
        "West": 13598
      }
    },
    {
      "id": 13600,
      "name": "In the dale fields",
      "exits": {
        "East": 13601,
        "South": 13596
      }
    },
    {
      "id": 13601,
      "name": "Edge of a large lake in the fields",
      "exits": {
        "East": 13602,
        "South": 13597,
        "West": 13600
      }
    },
    {
      "id": 13602,
      "name": "Edge of a large lake in the fields",
      "exits": {
        "East": 13603,
        "West": 13601
      }
    },
    {
      "id": 13603,
      "name": "Edge of a large lake in the fields",
      "exits": {
        "East": 13604,
        "South": 13598,
        "West": 13602
      }
    },
    {
      "id": 13604,
      "name": "In the dale fields",
      "exits": {
        "East": 13605,
        "South": 13599,
        "West": 13603
      }
    },
    {
      "id": 13605,
      "name": "On the edge of a grove",
      "exits": {
        "East": 13632,
        "West": 13604
      }
    },
    {
      "id": 13606,
      "name": "On a path in the northern dale",
      "exits": {
        "West": 13529
      }
    },
    {
      "id": 13609,
      "name": "A path through the forest",
      "exits": {
        "East": 13507,
        "West": 13610
      }
    },
    {
      "id": 13610,
      "name": "A muddy path through the forest",
      "exits": {
        "East": 13609,
        "South": 13611
      }
    },
    {
      "id": 13611,
      "name": "On a muddy bank before the lake",
      "exits": {
        "North": 13610,
        "West": 13650
      }
    },
    {
      "id": 13612,
      "name": "On the edge of the fishing lake",
      "exits": {
        "North": 13650,
        "West": 13613
      }
    },
    {
      "id": 13613,
      "name": "On the edge of the fishing lake",
      "exits": {
        "East": 13612,
        "West": 13614
      }
    },
    {
      "id": 13614,
      "name": "On the edge of the fishing lake",
      "exits": {
        "North": 13615,
        "East": 13613
      }
    },
    {
      "id": 13615,
      "name": "On the edge of the fishing lake",
      "exits": {
        "North": 13616,
        "South": 13614
      }
    },
    {
      "id": 13616,
      "name": "On the edge of the fishing lake",
      "exits": {
        "East": 13622,
        "South": 13615
      }
    },
    {
      "id": 13617,
      "name": "In a small outpost",
      "exits": {
        "North": 13511
      }
    },
    {
      "id": 13618,
      "name": "A small house",
      "exits": {
        "North": 13513
      }
    },
    {
      "id": 13619,
      "name": "A small house",
      "exits": {
        "South": 13513
      }
    },
    {
      "id": 13620,
      "name": "A small house",
      "exits": {
        "South": 13512
      }
    },
    {
      "id": 13621,
      "name": "A small house",
      "exits": {
        "South": 13511
      }
    },
    {
      "id": 13622,
      "name": "On the edge of the fishing lake",
      "exits": {
        "East": 13623,
        "West": 13616
      }
    },
    {
      "id": 13623,
      "name": "On the edge of the fishing lake",
      "exits": {
        "South": 13650,
        "West": 13622
      }
    },
    {
      "id": 13624,
      "name": "A small house",
      "exits": {
        "West": 13527
      }
    },
    {
      "id": 13625,
      "name": "A small house",
      "exits": {
        "West": 13528
      }
    },
    {
      "id": 13626,
      "name": "A small house",
      "exits": {
        "East": 13527
      }
    },
    {
      "id": 13627,
      "name": "A small house",
      "exits": {
        "East": 13528
      }
    },
    {
      "id": 13628,
      "name": "Within the Dale inn",
      "exits": {
        "South": 13533
      }
    },
    {
      "id": 13632,
      "name": "In a small grove",
      "exits": {
        "East": 13633,
        "West": 13605
      }
    },
    {
      "id": 13633,
      "name": "In a small grove",
      "exits": {
        "South": 13634,
        "West": 13632
      }
    },
    {
      "id": 13634,
      "name": "In a small grove",
      "exits": {
        "North": 13633,
        "East": 13636
      }
    },
    {
      "id": 13635,
      "name": "In a small grove",
      "exits": {
        "North": 13636,
        "East": 13638,
        "South": 13636,
        "West": 13639
      }
    },
    {
      "id": 13636,
      "name": "In a small grove",
      "exits": {
        "North": 13635,
        "East": 13637,
        "South": 13635,
        "West": 13634
      }
    },
    {
      "id": 13637,
      "name": "In a small grove",
      "exits": {
        "North": 13638,
        "East": 13640,
        "South": 13638,
        "West": 13636
      }
    },
    {
      "id": 13638,
      "name": "In a small grove",
      "exits": {
        "North": 13637,
        "East": 13639,
        "South": 13637,
        "West": 13635
      }
    },
    {
      "id": 13639,
      "name": "In a small grove",
      "exits": {
        "North": 13640,
        "East": 13641,
        "South": 13640,
        "West": 13638
      }
    },
    {
      "id": 13640,
      "name": "In a small grove",
      "exits": {
        "North": 13639,
        "East": 13636,
        "South": 13639,
        "West": 13637
      }
    },
    {
      "id": 13641,
      "name": "Before a strange marble tower",
      "exits": {
        "East": 13642,
        "West": 13639
      }
    },
    {
      "id": 13642,
      "name": "Inside the marble tower",
      "exits": {
        "West": 13641,
        "Up": 13644
      }
    },
    {
      "id": 13643,
      "name": "A small room in the marble tower",
      "exits": {
        "East": 13644
      }
    },
    {
      "id": 13644,
      "name": "Second floor of the marble tower",
      "exits": {
        "East": 13645,
        "West": 13643,
        "Up": 13646,
        "Down": 13642
      }
    },
    {
      "id": 13645,
      "name": "A small room in the marble tower",
      "exits": {
        "West": 13644
      }
    },
    {
      "id": 13646,
      "name": "In a tiny room of the marble tower",
      "exits": {
        "South": 13648,
        "Down": 13644
      }
    },
    {
      "id": 13648,
      "name": "Darokin\u0027s Observation room",
      "exits": {
        "North": 13646
      }
    },
    {
      "id": 13650,
      "name": "On the edge of the fishing lake",
      "exits": {
        "North": 13623,
        "East": 13611,
        "South": 13612
      }
    },
    {
      "id": 13651,
      "name": "A Gravel Path between Shadowdale and the Shadowlands",
      "exits": {
        "East": 13575,
        "West": 13652
      }
    },
    {
      "id": 13652,
      "name": "A Gravel Path between Shadowdale and the Shadowlands",
      "exits": {
        "East": 13651,
        "South": 13653
      }
    },
    {
      "id": 13653,
      "name": "A Gravel Path between Shadowdale and the Shadowlands",
      "exits": {
        "North": 13652,
        "West": 14176
      }
    },
    {
      "id": 21003,
      "name": "To Avalon",
      "otherAreaExit": true,
      "exits": {
        "North": 100239,
        "East": 21002,
        "South": 21006,
        "West": 13500
      }
    },
    {
      "id": 14176,
      "name": "To Shadowlands",
      "otherAreaExit": true,
      "exits": {
        "North": 14175,
        "East": 13653,
        "South": 14177
      }
    }
  ]
}