{
  "name": "The Coliseum",
  "buildOptions": {
    "maxSteps": 1000,
    "fixObstacles": true,
    "fixNonStraight": true,
    "fixIntersected": false,
    "compactMap": true,
    "addDebugInfo": false,
    "colorizeConnectionIssues": true
  },
  "rooms": [
    {
      "id": 26000,
      "name": "Below the Coliseum",
      "exits": {
        "North": 26001,
        "East": 26003,
        "South": 26005,
        "West": 26007
      }
    },
    {
      "id": 26001,
      "name": "Northern Wing of the Arena Floor",
      "exits": {
        "East": 26002,
        "South": 26000,
        "West": 26008,
        "Up": 26009
      }
    },
    {
      "id": 26002,
      "name": "Northeast Corner of the Arena Floor",
      "exits": {
        "South": 26003,
        "West": 26001,
        "Down": 26000
      }
    },
    {
      "id": 26003,
      "name": "Eastern Wing of the Arena Floor",
      "exits": {
        "North": 26002,
        "South": 26004,
        "West": 26000,
        "Up": 26013
      }
    },
    {
      "id": 26004,
      "name": "Southeast Corner of the Arena Floor",
      "exits": {
        "North": 26003,
        "West": 26005,
        "Down": 26000
      }
    },
    {
      "id": 26005,
      "name": "Southern Wing of the Arena Floor",
      "exits": {
        "North": 26000,
        "East": 26004,
        "West": 26006,
        "Up": 26017
      }
    },
    {
      "id": 26006,
      "name": "Southwest Corner of the Arena Floor",
      "exits": {
        "North": 26007,
        "East": 26005,
        "Down": 26000
      }
    },
    {
      "id": 26007,
      "name": "Western Wing of the Arena Floor",
      "exits": {
        "North": 26008,
        "East": 26000,
        "South": 26006,
        "Up": 26021
      }
    },
    {
      "id": 26008,
      "name": "Northwest Corner of the Arena Floor",
      "exits": {
        "East": 26001,
        "South": 26007,
        "Down": 26000
      }
    },
    {
      "id": 26009,
      "name": "Northern Wing of the 2nd Level",
      "exits": {
        "East": 26010,
        "West": 26024,
        "Down": 26001
      }
    },
    {
      "id": 26010,
      "name": "Northern Wing of the 2nd Level",
      "exits": {
        "East": 26011,
        "West": 26009
      }
    },
    {
      "id": 26011,
      "name": "Northeast Corner of the 2nd Level",
      "exits": {
        "South": 26012,
        "West": 26010,
        "Up": 26028
      }
    },
    {
      "id": 26012,
      "name": "Eastern Wing of the 2nd Level",
      "exits": {
        "North": 26011,
        "South": 26013
      }
    },
    {
      "id": 26013,
      "name": "Eastern Wing of the 2nd Level",
      "exits": {
        "North": 26012,
        "South": 26014,
        "Down": 26003
      }
    },
    {
      "id": 26014,
      "name": "Eastern Wing of the 2nd Level",
      "exits": {
        "North": 26013,
        "South": 26015
      }
    },
    {
      "id": 26015,
      "name": "Southeast Corner of the 2nd Level",
      "exits": {
        "North": 26014,
        "West": 26016,
        "Up": 26034
      }
    },
    {
      "id": 26016,
      "name": "Southern Wing of the 2nd Level",
      "exits": {
        "East": 26015,
        "West": 26017
      }
    },
    {
      "id": 26017,
      "name": "Southern Wing of the 2nd Level",
      "exits": {
        "East": 26016,
        "West": 26018,
        "Down": 26005
      }
    },
    {
      "id": 26018,
      "name": "Southern Wing of the 2nd Level",
      "exits": {
        "East": 26017,
        "West": 26019
      }
    },
    {
      "id": 26019,
      "name": "Southwest Corner of the 2nd Level",
      "exits": {
        "North": 26020,
        "East": 26018,
        "Up": 26040
      }
    },
    {
      "id": 26020,
      "name": "Western Wing of the 2nd Level",
      "exits": {
        "North": 26021,
        "South": 26019
      }
    },
    {
      "id": 26021,
      "name": "Western Wing of the 2nd Level",
      "exits": {
        "North": 26022,
        "South": 26020,
        "Down": 26007
      }
    },
    {
      "id": 26022,
      "name": "Western Wing of the 2nd Level",
      "exits": {
        "North": 26023,
        "South": 26021
      }
    },
    {
      "id": 26023,
      "name": "Northwest Corner of the 2nd Level",
      "exits": {
        "East": 26024,
        "South": 26022,
        "Up": 26046
      }
    },
    {
      "id": 26024,
      "name": "Northern Wing of the 2nd Level",
      "exits": {
        "East": 26009,
        "West": 26023
      }
    },
    {
      "id": 26025,
      "name": "Northern Wing of the 3rd Level",
      "exits": {
        "North": 26049,
        "East": 26026,
        "West": 26048
      }
    },
    {
      "id": 26026,
      "name": "Northern Wing of the 3rd Level",
      "exits": {
        "East": 26027,
        "West": 26025
      }
    },
    {
      "id": 26027,
      "name": "Northern Wing of the 3rd Level",
      "exits": {
        "East": 26028,
        "West": 26026
      }
    },
    {
      "id": 26028,
      "name": "Northeast Corner of the 3rd Level",
      "exits": {
        "South": 26029,
        "West": 26027,
        "Down": 26011
      }
    },
    {
      "id": 26029,
      "name": "Eastern Wing of the 3rd Level",
      "exits": {
        "North": 26028,
        "South": 26030
      }
    },
    {
      "id": 26030,
      "name": "Eastern Wing of the 3rd Level",
      "exits": {
        "North": 26029,
        "South": 26031
      }
    },
    {
      "id": 26031,
      "name": "Eastern Wing of the 3rd Level",
      "exits": {
        "North": 26030,
        "East": 26050,
        "South": 26032
      }
    },
    {
      "id": 26032,
      "name": "Eastern Wing of the 3rd Level",
      "exits": {
        "North": 26031,
        "South": 26033
      }
    },
    {
      "id": 26033,
      "name": "Eastern Wing of the 3rd Level",
      "exits": {
        "North": 26032,
        "South": 26034
      }
    },
    {
      "id": 26034,
      "name": "Southeast Corner of the 3rd Level",
      "exits": {
        "North": 26033,
        "West": 26035,
        "Down": 26015
      }
    },
    {
      "id": 26035,
      "name": "Southern Wing of the 3rd Level",
      "exits": {
        "East": 26034,
        "West": 26036
      }
    },
    {
      "id": 26036,
      "name": "Southern Wing of the 3rd Level",
      "exits": {
        "East": 26035,
        "West": 26037
      }
    },
    {
      "id": 26037,
      "name": "Southern Wing of the 3rd Level",
      "exits": {
        "East": 26036,
        "South": 26051,
        "West": 26038
      }
    },
    {
      "id": 26038,
      "name": "Southern Wing of the 3rd Level",
      "exits": {
        "East": 26037,
        "West": 26039
      }
    },
    {
      "id": 26039,
      "name": "Southern Wing of the 3rd Level",
      "exits": {
        "East": 26038,
        "West": 26040
      }
    },
    {
      "id": 26040,
      "name": "Southwest Corner of the 3rd Level",
      "exits": {
        "North": 26041,
        "East": 26039,
        "Down": 26019
      }
    },
    {
      "id": 26041,
      "name": "Western Wing of the 3rd Level",
      "exits": {
        "North": 26042,
        "South": 26040
      }
    },
    {
      "id": 26042,
      "name": "Western Wing of the 3rd Level",
      "exits": {
        "North": 26043,
        "South": 26041
      }
    },
    {
      "id": 26043,
      "name": "Western Wing of the 3rd Level",
      "exits": {
        "North": 26044,
        "South": 26042,
        "West": 26052
      }
    },
    {
      "id": 26044,
      "name": "Western Wing of the 3rd Level",
      "exits": {
        "North": 26045,
        "South": 26043
      }
    },
    {
      "id": 26045,
      "name": "Western Wing of the 3rd Level",
      "exits": {
        "North": 26046,
        "South": 26044
      }
    },
    {
      "id": 26046,
      "name": "Northwest Corner of the 3rd Level",
      "exits": {
        "East": 26047,
        "South": 26045,
        "Down": 26023
      }
    },
    {
      "id": 26047,
      "name": "Northern Wing of the 3rd Level",
      "exits": {
        "East": 26048,
        "West": 26046
      }
    },
    {
      "id": 26048,
      "name": "Northern Wing of the 3rd Level",
      "exits": {
        "East": 26025,
        "West": 26047
      }
    },
    {
      "id": 26049,
      "name": "The Northern Portal",
      "exits": {
        "North": 26051,
        "South": 26025
      }
    },
    {
      "id": 26050,
      "name": "The Eastern Portal",
      "exits": {
        "East": 26052,
        "West": 26031
      }
    },
    {
      "id": 26051,
      "name": "The Southern Portal",
      "exits": {
        "North": 26037,
        "South": 26049
      }
    },
    {
      "id": 26052,
      "name": "The Western Portal",
      "exits": {
        "East": 26043,
        "West": 26050
      }
    },
    {
      "id": 26060,
      "name": "The Executive Box",
      "exits": {}
    },
    {
      "id": 26061,
      "name": "The Penalty Box",
      "exits": {}
    }
  ]
}