{
  "name": "The Red Tower",
  "buildOptions": {
    "maxSteps": 1000,
    "fixObstacles": true,
    "fixNonStraight": true,
    "fixIntersected": true,
    "compactMap": true,
    "addDebugInfo": false,
    "colorizeConnectionIssues": true
  },
  "rooms": [
    {
      "id": 23200,
      "name": "Entrance to the Red Tower",
      "exits": {
        "East": 13768,
        "Up": 23201
      }
    },
    {
      "id": 23201,
      "name": "In a blood red room",
      "exits": {
        "North": 23202,
        "East": 23203,
        "South": 23204,
        "West": 23205,
        "Down": 23200
      }
    },
    {
      "id": 23202,
      "name": "Beneath a bloody stairwell",
      "exits": {
        "South": 23201,
        "Up": 23211
      }
    },
    {
      "id": 23203,
      "name": "Beneath a bloody stairwell",
      "exits": {
        "West": 23201,
        "Up": 23216
      }
    },
    {
      "id": 23204,
      "name": "Beneath a bloody stairwell",
      "exits": {
        "North": 23201,
        "South": 23221
      }
    },
    {
      "id": 23205,
      "name": "Beneath a bloody stairwell",
      "exits": {
        "East": 23201,
        "Up": 23206
      }
    },
    {
      "id": 23206,
      "name": "Upon an blood soaked tower battlement",
      "exits": {
        "North": 23207,
        "East": 23208,
        "South": 23209,
        "West": 23210,
        "Down": 23205
      }
    },
    {
      "id": 23207,
      "name": "On a reddened parapet",
      "exits": {
        "South": 23206
      }
    },
    {
      "id": 23208,
      "name": "On a reddened parapet",
      "exits": {
        "West": 23206
      }
    },
    {
      "id": 23209,
      "name": "On a reddened parapet",
      "exits": {
        "North": 23206
      }
    },
    {
      "id": 23210,
      "name": "On a reddened parapet",
      "exits": {
        "East": 23206
      }
    },
    {
      "id": 23211,
      "name": "Upon an blood soaked tower battlement",
      "exits": {
        "North": 23212,
        "East": 23213,
        "South": 23214,
        "West": 23215,
        "Down": 23202
      }
    },
    {
      "id": 23212,
      "name": "On a reddened parapet",
      "exits": {
        "South": 23211
      }
    },
    {
      "id": 23213,
      "name": "On a reddened parapet",
      "exits": {
        "West": 23211
      }
    },
    {
      "id": 23214,
      "name": "On a reddened parapet",
      "exits": {
        "North": 23211
      }
    },
    {
      "id": 23215,
      "name": "On a reddened parapet",
      "exits": {
        "East": 23211
      }
    },
    {
      "id": 23216,
      "name": "Upon an blood soaked tower battlement",
      "exits": {
        "North": 23217,
        "East": 23218,
        "South": 23219,
        "West": 23220,
        "Down": 23203
      }
    },
    {
      "id": 23217,
      "name": "On a reddened parapet",
      "exits": {
        "South": 23216
      }
    },
    {
      "id": 23218,
      "name": "On a reddened parapet",
      "exits": {
        "West": 23216
      }
    },
    {
      "id": 23219,
      "name": "On a reddened parapet",
      "exits": {
        "North": 23216
      }
    },
    {
      "id": 23220,
      "name": "On a reddened parapet",
      "exits": {
        "East": 23216
      }
    },
    {
      "id": 23221,
      "name": "In a room of dark red stone",
      "exits": {
        "North": 23204
      }
    },
    {
      "id": 13768,
      "name": "To Ruins of Drannor",
      "otherAreaExit": true,
      "exits": {
        "East": 13765,
        "West": 23200
      }
    }
  ]
}