{
  "name": "The Obsidian Order",
  "buildOptions": {
    "maxSteps": 1000,
    "fixObstacles": true,
    "fixNonStraight": true,
    "fixIntersected": true,
    "compactMap": true,
    "addDebugInfo": false,
    "colorizeConnectionIssues": true
  },
  "rooms": [
    {
      "id": 18000,
      "name": "A rough trail",
      "exits": {
        "North": 18001,
        "South": 869
      }
    },
    {
      "id": 18001,
      "name": "A rough trail",
      "exits": {
        "North": 18002,
        "South": 18000
      }
    },
    {
      "id": 18002,
      "name": "A rough trail",
      "exits": {
        "South": 18001,
        "Down": 18003
      }
    },
    {
      "id": 18003,
      "name": "A rough trail",
      "exits": {
        "East": 18004,
        "Up": 18002
      }
    },
    {
      "id": 18004,
      "name": "A rough trail",
      "exits": {
        "North": 18005,
        "West": 18003
      }
    },
    {
      "id": 18005,
      "name": "A rough trail",
      "exits": {
        "South": 18004,
        "Down": 18006
      }
    },
    {
      "id": 18006,
      "name": "A rough trail",
      "exits": {
        "West": 18007,
        "Up": 18005
      }
    },
    {
      "id": 18007,
      "name": "A rough trail",
      "exits": {
        "North": 18008,
        "East": 18006
      }
    },
    {
      "id": 18008,
      "name": "A clearing",
      "exits": {
        "North": 18009,
        "South": 18007
      }
    },
    {
      "id": 18009,
      "name": "A dark encampment",
      "exits": {
        "North": 18010,
        "East": 18017,
        "South": 18008,
        "West": 18016
      }
    },
    {
      "id": 18010,
      "name": "A dark encampment",
      "exits": {
        "North": 18011,
        "East": 18024,
        "South": 18009,
        "West": 18015
      }
    },
    {
      "id": 18011,
      "name": "A dark encampment",
      "exits": {
        "North": 18012,
        "East": 18023,
        "South": 18010,
        "West": 18014
      }
    },
    {
      "id": 18012,
      "name": "A dark encampment",
      "exits": {
        "East": 18022,
        "South": 18011,
        "West": 18013
      }
    },
    {
      "id": 18013,
      "name": "A dark encampment",
      "exits": {
        "North": 18027,
        "East": 18012,
        "South": 18014
      }
    },
    {
      "id": 18014,
      "name": "A dark encampment",
      "exits": {
        "North": 18013,
        "East": 18011,
        "West": 18025
      }
    },
    {
      "id": 18015,
      "name": "Inside the tent",
      "exits": {
        "East": 18010
      }
    },
    {
      "id": 18016,
      "name": "Inside the tent",
      "exits": {
        "East": 18009
      }
    },
    {
      "id": 18017,
      "name": "A dark encampment",
      "exits": {
        "North": 18024,
        "East": 18018,
        "West": 18009
      }
    },
    {
      "id": 18018,
      "name": "A dark encampment",
      "exits": {
        "North": 18019,
        "East": 18028,
        "West": 18017
      }
    },
    {
      "id": 18019,
      "name": "A dark encampment",
      "exits": {
        "North": 18020,
        "South": 18018,
        "West": 18024
      }
    },
    {
      "id": 18020,
      "name": "A dark encampment",
      "exits": {
        "North": 18021,
        "South": 18019
      }
    },
    {
      "id": 18021,
      "name": "A dark encampment",
      "exits": {
        "East": 18068,
        "South": 18020,
        "West": 18022
      }
    },
    {
      "id": 18022,
      "name": "A dark encampment",
      "exits": {
        "North": 18032,
        "East": 18021,
        "West": 18012
      }
    },
    {
      "id": 18023,
      "name": "Inside the tent",
      "exits": {
        "West": 18011
      }
    },
    {
      "id": 18024,
      "name": "A dark encampment",
      "exits": {
        "East": 18019,
        "South": 18017,
        "West": 18010
      }
    },
    {
      "id": 18025,
      "name": "A dark encampment",
      "exits": {
        "East": 18014,
        "West": 18026
      }
    },
    {
      "id": 18026,
      "name": "Inside the tent",
      "exits": {
        "East": 18025
      }
    },
    {
      "id": 18027,
      "name": "Inside the tent",
      "exits": {
        "South": 18013
      }
    },
    {
      "id": 18028,
      "name": "A dark encampment",
      "exits": {
        "South": 18029,
        "West": 18018
      }
    },
    {
      "id": 18029,
      "name": "A dark encampment",
      "exits": {
        "North": 18028,
        "East": 18030
      }
    },
    {
      "id": 18030,
      "name": "A dark encampment",
      "exits": {
        "West": 18029,
        "Down": 18031
      }
    },
    {
      "id": 18031,
      "name": "At the Bottom of the Hill",
      "exits": {
        "Up": 18030
      }
    },
    {
      "id": 18032,
      "name": "Before the Obsidian Fortress",
      "exits": {
        "North": 18033,
        "South": 18022
      }
    },
    {
      "id": 18033,
      "name": "Entrance way",
      "exits": {
        "South": 18032,
        "West": 18034
      }
    },
    {
      "id": 18034,
      "name": "A long hallway",
      "exits": {
        "East": 18033,
        "West": 18035
      }
    },
    {
      "id": 18035,
      "name": "A long hallway",
      "exits": {
        "North": 18067,
        "East": 18034,
        "West": 18036
      }
    },
    {
      "id": 18036,
      "name": "A long hallway",
      "exits": {
        "East": 18035,
        "Up": 18037
      }
    },
    {
      "id": 18037,
      "name": "A long hallway",
      "exits": {
        "North": 18038,
        "Down": 18036
      }
    },
    {
      "id": 18038,
      "name": "A long hallway",
      "exits": {
        "North": 18039,
        "East": 18064,
        "South": 18037
      }
    },
    {
      "id": 18039,
      "name": "A long hallway",
      "exits": {
        "North": 18040,
        "South": 18038
      }
    },
    {
      "id": 18040,
      "name": "A turn in the hall",
      "exits": {
        "East": 18041,
        "South": 18039,
        "West": 18049
      }
    },
    {
      "id": 18041,
      "name": "A long hallway",
      "exits": {
        "East": 18042,
        "West": 18040
      }
    },
    {
      "id": 18042,
      "name": "A long hallway",
      "exits": {
        "East": 18043,
        "South": 18065,
        "West": 18041
      }
    },
    {
      "id": 18043,
      "name": "A long hallway",
      "exits": {
        "East": 18044,
        "South": 18066,
        "West": 18042
      }
    },
    {
      "id": 18044,
      "name": "A long hallway",
      "exits": {
        "West": 18043,
        "Up": 18045,
        "Down": 18056
      }
    },
    {
      "id": 18045,
      "name": "A long hallway",
      "exits": {
        "West": 18046,
        "Down": 18044
      }
    },
    {
      "id": 18046,
      "name": "A long hallway",
      "exits": {
        "East": 18045,
        "West": 18047
      }
    },
    {
      "id": 18047,
      "name": "An Office",
      "exits": {
        "North": 18048,
        "East": 18046
      }
    },
    {
      "id": 18048,
      "name": "The Commanding Room",
      "exits": {
        "South": 18047
      }
    },
    {
      "id": 18049,
      "name": "A secret room",
      "exits": {
        "East": 18040,
        "Up": 18050
      }
    },
    {
      "id": 18050,
      "name": "Stairway",
      "exits": {
        "Up": 18051,
        "Down": 18049
      }
    },
    {
      "id": 18051,
      "name": "A landing",
      "exits": {
        "East": 18052,
        "Down": 18050
      }
    },
    {
      "id": 18052,
      "name": "A landing",
      "exits": {
        "West": 18051,
        "Up": 18053
      }
    },
    {
      "id": 18053,
      "name": "A landing",
      "exits": {
        "East": 18054,
        "Down": 18052
      }
    },
    {
      "id": 18054,
      "name": "A landing",
      "exits": {
        "East": 18055,
        "West": 18053
      }
    },
    {
      "id": 18055,
      "name": "The Large Room",
      "exits": {
        "West": 18054
      }
    },
    {
      "id": 18056,
      "name": "On a ladder",
      "exits": {
        "Up": 18044,
        "Down": 18057
      }
    },
    {
      "id": 18057,
      "name": "A small hallway",
      "exits": {
        "East": 18058,
        "Up": 18056
      }
    },
    {
      "id": 18058,
      "name": "A small hallway",
      "exits": {
        "West": 18057,
        "Down": 18059
      }
    },
    {
      "id": 18059,
      "name": "The Dungeon",
      "exits": {
        "North": 18060,
        "East": 18061,
        "South": 18062,
        "West": 18063,
        "Up": 18058
      }
    },
    {
      "id": 18060,
      "name": "A dark cell",
      "exits": {
        "South": 18059
      }
    },
    {
      "id": 18061,
      "name": "A dark cell",
      "exits": {
        "West": 18059
      }
    },
    {
      "id": 18062,
      "name": "A dark cell",
      "exits": {
        "North": 18059
      }
    },
    {
      "id": 18063,
      "name": "A dark cell",
      "exits": {
        "East": 18059
      }
    },
    {
      "id": 18064,
      "name": "Interrogation Room",
      "exits": {
        "West": 18038
      }
    },
    {
      "id": 18065,
      "name": "The Room of Invasion",
      "exits": {
        "North": 18042,
        "West": 601,
        "Down": 13083
      }
    },
    {
      "id": 18066,
      "name": "Room of Magical Regeneration",
      "exits": {
        "North": 18043
      }
    },
    {
      "id": 18067,
      "name": "The Mess Hall",
      "exits": {
        "South": 18035
      }
    },
    {
      "id": 18068,
      "name": "Inside the tent",
      "exits": {
        "West": 18021
      }
    },
    {
      "id": 869,
      "name": "To Arkham",
      "otherAreaExit": true,
      "exits": {
        "North": 18000,
        "South": 868
      }
    },
    {
      "id": 601,
      "name": "To New Ofcol",
      "otherAreaExit": true,
      "exits": {
        "North": 625,
        "East": 666,
        "South": 602,
        "West": 5553,
        "Down": 17223
      }
    },
    {
      "id": 13083,
      "name": "To Castle of Giants",
      "otherAreaExit": true,
      "exits": {
        "West": 13022
      }
    }
  ]
}