{
  "name": "The Docks",
  "buildOptions": {
    "maxSteps": 1000,
    "fixObstacles": true,
    "fixNonStraight": true,
    "fixIntersected": true,
    "compactMap": true,
    "addDebugInfo": false,
    "colorizeConnectionIssues": true
  },
  "rooms": [
    {
      "id": 60000,
      "name": "The Docks",
      "exits": {
        "North": 19099,
        "East": 60002,
        "South": 60004,
        "West": 60003
      }
    },
    {
      "id": 60001,
      "name": "The Docks",
      "exits": {
        "North": 60000
      }
    },
    {
      "id": 60002,
      "name": "Boat Shop",
      "exits": {
        "West": 60000
      }
    },
    {
      "id": 60003,
      "name": "Homeless Shelter",
      "exits": {
        "East": 60000
      }
    },
    {
      "id": 60004,
      "name": "Tigris River",
      "exits": {
        "North": 60000,
        "East": 60005,
        "South": 60013,
        "West": 60008
      }
    },
    {
      "id": 60005,
      "name": "Tigris River",
      "exits": {
        "East": 60006,
        "South": 60014,
        "West": 60004
      }
    },
    {
      "id": 60006,
      "name": "Tigris River",
      "exits": {
        "East": 60007,
        "South": 60015,
        "West": 60005
      }
    },
    {
      "id": 60007,
      "name": "Tigris River",
      "exits": {
        "East": 19578,
        "West": 60006
      }
    },
    {
      "id": 60008,
      "name": "Tigris River",
      "exits": {
        "East": 60004,
        "South": 60012,
        "West": 60009
      }
    },
    {
      "id": 60009,
      "name": "Tigris River",
      "exits": {
        "East": 60008,
        "South": 60011,
        "West": 19116
      }
    },
    {
      "id": 60010,
      "name": "River",
      "exits": {}
    },
    {
      "id": 60011,
      "name": "The Docks",
      "exits": {
        "North": 60009,
        "East": 60012,
        "South": 60020
      }
    },
    {
      "id": 60012,
      "name": "The Docks",
      "exits": {
        "North": 60008,
        "East": 60013,
        "West": 60011
      }
    },
    {
      "id": 60013,
      "name": "The Docks",
      "exits": {
        "North": 60004,
        "East": 60014,
        "West": 60012
      }
    },
    {
      "id": 60014,
      "name": "The Docks",
      "exits": {
        "North": 60005,
        "East": 60015,
        "West": 60013
      }
    },
    {
      "id": 60015,
      "name": "The Docks",
      "exits": {
        "North": 60006,
        "South": 60016,
        "West": 60014
      }
    },
    {
      "id": 60016,
      "name": "The Docks",
      "exits": {
        "North": 60015,
        "South": 60021,
        "West": 60017
      }
    },
    {
      "id": 60017,
      "name": "The Docks",
      "exits": {
        "East": 60016,
        "South": 60041,
        "West": 60018
      }
    },
    {
      "id": 60018,
      "name": "The Docks",
      "exits": {
        "East": 60017,
        "West": 60019
      }
    },
    {
      "id": 60019,
      "name": "The Docks",
      "exits": {
        "East": 60018,
        "South": 60042,
        "West": 60020
      }
    },
    {
      "id": 60020,
      "name": "The Docks",
      "exits": {
        "North": 60011,
        "East": 60019
      }
    },
    {
      "id": 60021,
      "name": "The Docks",
      "exits": {
        "North": 60016,
        "Up": 60022
      }
    },
    {
      "id": 60022,
      "name": "The Catwalk",
      "exits": {
        "North": 60023,
        "Down": 60021
      }
    },
    {
      "id": 60023,
      "name": "The Catwalk",
      "exits": {
        "North": 60039,
        "South": 60022,
        "West": 60024
      }
    },
    {
      "id": 60024,
      "name": "The Catwalk",
      "exits": {
        "East": 60023,
        "West": 60025
      }
    },
    {
      "id": 60025,
      "name": "The Catwalk",
      "exits": {
        "North": 60038,
        "East": 60024,
        "West": 60026
      }
    },
    {
      "id": 60026,
      "name": "The Catwalk",
      "exits": {
        "East": 60025,
        "West": 60027
      }
    },
    {
      "id": 60027,
      "name": "The Catwalk",
      "exits": {
        "North": 60028,
        "East": 60026
      }
    },
    {
      "id": 60028,
      "name": "The Catwalk",
      "exits": {
        "North": 60029,
        "South": 60027
      }
    },
    {
      "id": 60029,
      "name": "The Catwalk",
      "exits": {
        "North": 60030,
        "South": 60028
      }
    },
    {
      "id": 60030,
      "name": "The Catwalk",
      "exits": {
        "North": 60031,
        "South": 60029
      }
    },
    {
      "id": 60031,
      "name": "The Catwalk",
      "exits": {
        "East": 60032,
        "South": 60030
      }
    },
    {
      "id": 60032,
      "name": "The Catwalk",
      "exits": {
        "East": 60033,
        "West": 60031
      }
    },
    {
      "id": 60033,
      "name": "The Catwalk",
      "exits": {
        "East": 60034,
        "South": 60036,
        "West": 60032
      }
    },
    {
      "id": 60034,
      "name": "The Catwalk",
      "exits": {
        "East": 60035,
        "West": 60033
      }
    },
    {
      "id": 60035,
      "name": "The Catwalk",
      "exits": {
        "West": 60034
      }
    },
    {
      "id": 60036,
      "name": "The Catwalk",
      "exits": {
        "North": 60033,
        "South": 60037
      }
    },
    {
      "id": 60037,
      "name": "The Catwalk",
      "exits": {
        "North": 60036,
        "South": 60038
      }
    },
    {
      "id": 60038,
      "name": "The Catwalk",
      "exits": {
        "North": 60037,
        "South": 60025
      }
    },
    {
      "id": 60039,
      "name": "Foreman\u0027s Ofice",
      "exits": {
        "North": 60040,
        "South": 60023
      }
    },
    {
      "id": 60040,
      "name": "Back Office",
      "exits": {
        "South": 60039
      }
    },
    {
      "id": 60041,
      "name": "Storage Room",
      "exits": {
        "North": 60017
      }
    },
    {
      "id": 60042,
      "name": "Storage Room",
      "exits": {
        "North": 60019
      }
    },
    {
      "id": 19099,
      "name": "To Astoria",
      "otherAreaExit": true,
      "exits": {
        "North": 19098,
        "East": 19104,
        "South": 60000,
        "West": 19105
      }
    },
    {
      "id": 19578,
      "name": "To Outskirts of Astoria",
      "otherAreaExit": true,
      "exits": {
        "East": 19579,
        "West": 60007
      }
    },
    {
      "id": 19116,
      "name": "To Astoria",
      "otherAreaExit": true,
      "exits": {
        "East": 60009,
        "West": 19117
      }
    }
  ]
}