{
  "name": "The Naiadian Sea",
  "buildOptions": {
    "maxSteps": 1000,
    "fixObstacles": true,
    "fixNonStraight": true,
    "fixIntersected": true,
    "compactMap": true,
    "addDebugInfo": false,
    "colorizeConnectionIssues": true
  },
  "rooms": [
    {
      "id": 17800,
      "name": "A Crescent-Shaped Beach",
      "exits": {
        "North": 17805,
        "East": 17801
      }
    },
    {
      "id": 17801,
      "name": "A Crescent-Shaped Beach",
      "exits": {
        "North": 17806,
        "East": 17802
      }
    },
    {
      "id": 17802,
      "name": "A Crescent-Shaped Beach",
      "exits": {
        "North": 17807,
        "East": 17803,
        "West": 17801
      }
    },
    {
      "id": 17803,
      "name": "A Crescent-Shaped Beach",
      "exits": {
        "North": 17808,
        "West": 17802
      }
    },
    {
      "id": 17804,
      "name": "The Shallows",
      "exits": {
        "North": 17809,
        "East": 17805
      }
    },
    {
      "id": 17805,
      "name": "The Shallows",
      "exits": {
        "North": 17810,
        "East": 17806,
        "South": 17800,
        "West": 17804
      }
    },
    {
      "id": 17806,
      "name": "The Shallows",
      "exits": {
        "East": 17807,
        "South": 17801,
        "West": 17805
      }
    },
    {
      "id": 17807,
      "name": "The Shallows",
      "exits": {
        "East": 17808,
        "South": 17802,
        "West": 17806
      }
    },
    {
      "id": 17808,
      "name": "The Shallows",
      "exits": {
        "North": 17812,
        "South": 17803,
        "West": 17807
      }
    },
    {
      "id": 17809,
      "name": "Sandbar",
      "exits": {
        "North": 17815,
        "East": 17810,
        "South": 17804
      }
    },
    {
      "id": 17810,
      "name": "Sandbar",
      "exits": {
        "North": 17821,
        "East": 17811,
        "South": 17805,
        "West": 17809
      }
    },
    {
      "id": 17811,
      "name": "Sandbar",
      "exits": {
        "North": 17816,
        "West": 17810
      }
    },
    {
      "id": 17812,
      "name": "A Coral Reef",
      "exits": {
        "North": 17823,
        "East": 17813,
        "South": 17808
      }
    },
    {
      "id": 17813,
      "name": "A Coral Reef",
      "exits": {
        "North": 17817,
        "West": 17812
      }
    },
    {
      "id": 17814,
      "name": "Sandbar",
      "exits": {
        "North": 17819,
        "East": 17815
      }
    },
    {
      "id": 17815,
      "name": "Sandbar",
      "exits": {
        "North": 17820,
        "South": 17809,
        "West": 17814
      }
    },
    {
      "id": 17816,
      "name": "Sandbar",
      "exits": {
        "North": 17822,
        "South": 17811
      }
    },
    {
      "id": 17817,
      "name": "A Coral Reef",
      "exits": {
        "East": 17818,
        "South": 17813
      }
    },
    {
      "id": 17818,
      "name": "A Coral Reef",
      "exits": {
        "North": 17824,
        "West": 17817
      }
    },
    {
      "id": 17819,
      "name": "Sandbar",
      "exits": {
        "East": 17820,
        "South": 17814
      }
    },
    {
      "id": 17820,
      "name": "Sandbar",
      "exits": {
        "North": 17826,
        "East": 17821,
        "South": 17815,
        "West": 17819
      }
    },
    {
      "id": 17821,
      "name": "Sandbar",
      "exits": {
        "East": 17822,
        "South": 17810,
        "West": 17820
      }
    },
    {
      "id": 17822,
      "name": "Sandbar",
      "exits": {
        "North": 17827,
        "East": 17823,
        "South": 17816,
        "West": 17821
      }
    },
    {
      "id": 17823,
      "name": "A Coral Reef",
      "exits": {
        "East": 17824,
        "South": 17812,
        "West": 17822
      }
    },
    {
      "id": 17824,
      "name": "A Coral Reef",
      "exits": {
        "North": 17828,
        "East": 17825,
        "South": 17818,
        "West": 17823
      }
    },
    {
      "id": 17825,
      "name": "A Coral Reef",
      "exits": {
        "North": 17829,
        "West": 17824
      }
    },
    {
      "id": 17826,
      "name": "A Coral Reef",
      "exits": {
        "North": 17833,
        "South": 17820
      }
    },
    {
      "id": 17827,
      "name": "A Coral Reef",
      "exits": {
        "North": 17834,
        "East": 17828,
        "South": 17822
      }
    },
    {
      "id": 17828,
      "name": "A Coral Reef",
      "exits": {
        "North": 17836,
        "East": 17829,
        "South": 17824,
        "West": 17827
      }
    },
    {
      "id": 17829,
      "name": "The Naiadian Sea",
      "exits": {
        "East": 17830,
        "South": 17825,
        "West": 17828
      }
    },
    {
      "id": 17830,
      "name": "The Naiadian Sea",
      "exits": {
        "North": 17837,
        "West": 17829
      }
    },
    {
      "id": 17831,
      "name": "The Naiadian Sea",
      "exits": {
        "North": 17852,
        "East": 17832
      }
    },
    {
      "id": 17832,
      "name": "The Naiadian Sea",
      "exits": {
        "North": 17838,
        "East": 17833,
        "West": 17831
      }
    },
    {
      "id": 17833,
      "name": "Shallow Water",
      "exits": {
        "North": 17839,
        "East": 17834,
        "South": 17826,
        "West": 17832
      }
    },
    {
      "id": 17834,
      "name": "The Naiadian Sea",
      "exits": {
        "East": 17835,
        "South": 17827,
        "West": 17833
      }
    },
    {
      "id": 17835,
      "name": "The Naiadian Sea",
      "exits": {
        "North": 17841,
        "West": 17834
      }
    },
    {
      "id": 17836,
      "name": "The Naiadian Sea",
      "exits": {
        "North": 17843,
        "East": 17837,
        "South": 17828
      }
    },
    {
      "id": 17837,
      "name": "The Naiadian Sea",
      "exits": {
        "North": 17844,
        "South": 17830,
        "West": 17836
      }
    },
    {
      "id": 17838,
      "name": "The Naiadian Sea",
      "exits": {
        "North": 17846,
        "South": 17832
      }
    },
    {
      "id": 17839,
      "name": "Shallow Water",
      "exits": {
        "North": 17847,
        "East": 17840,
        "South": 17833
      }
    },
    {
      "id": 17840,
      "name": "A Sandy Beach",
      "exits": {
        "East": 20460,
        "West": 17839
      }
    },
    {
      "id": 17841,
      "name": "The Naiadian Sea",
      "exits": {
        "East": 17842,
        "South": 17835
      }
    },
    {
      "id": 17842,
      "name": "The Naiadian Sea",
      "exits": {
        "North": 17848,
        "East": 17843,
        "West": 17841
      }
    },
    {
      "id": 17843,
      "name": "The Naiadian Sea",
      "exits": {
        "North": 17856,
        "South": 17836,
        "West": 17842
      }
    },
    {
      "id": 17844,
      "name": "Shallow Water",
      "exits": {
        "North": 17850,
        "East": 17845,
        "South": 17837
      }
    },
    {
      "id": 17845,
      "name": "The Naiadian Sea",
      "exits": {
        "North": 17851,
        "West": 17844
      }
    },
    {
      "id": 17846,
      "name": "The Naiadian Sea",
      "exits": {
        "North": 17853,
        "South": 17838
      }
    },
    {
      "id": 17847,
      "name": "Shallow Water",
      "exits": {
        "North": 17854,
        "East": 17848,
        "South": 17839
      }
    },
    {
      "id": 17848,
      "name": "The Naiadian Sea",
      "exits": {
        "South": 17842,
        "West": 17847
      }
    },
    {
      "id": 17849,
      "name": "A Sandy Beach",
      "exits": {
        "East": 17850,
        "West": 20466
      }
    },
    {
      "id": 17850,
      "name": "Shallow Water",
      "exits": {
        "North": 17857,
        "South": 17844,
        "West": 17849
      }
    },
    {
      "id": 17851,
      "name": "The Naiadian Sea",
      "exits": {
        "North": 17858,
        "South": 17845
      }
    },
    {
      "id": 17852,
      "name": "The Naiadian Sea",
      "exits": {
        "East": 17853,
        "South": 17831
      }
    },
    {
      "id": 17853,
      "name": "The Naiadian Sea",
      "exits": {
        "East": 17854,
        "South": 17846,
        "West": 17852
      }
    },
    {
      "id": 17854,
      "name": "The Naiadian Sea",
      "exits": {
        "East": 17855,
        "South": 17847,
        "West": 17853
      }
    },
    {
      "id": 17855,
      "name": "The Naiadian Sea",
      "exits": {
        "North": 17859,
        "West": 17854
      }
    },
    {
      "id": 17856,
      "name": "The Naiadian Sea",
      "exits": {
        "North": 17862,
        "East": 17857,
        "South": 17843
      }
    },
    {
      "id": 17857,
      "name": "Shallow Water",
      "exits": {
        "East": 17858,
        "South": 17850,
        "West": 17856
      }
    },
    {
      "id": 17858,
      "name": "The Naiadian Sea",
      "exits": {
        "North": 17864,
        "South": 17851,
        "West": 17857
      }
    },
    {
      "id": 17859,
      "name": "An Outcropping of Rocks",
      "exits": {
        "North": 17866,
        "East": 17860,
        "South": 17855
      }
    },
    {
      "id": 17860,
      "name": "The Naiadian Sea",
      "exits": {
        "North": 17867,
        "East": 17861,
        "West": 17859
      }
    },
    {
      "id": 17861,
      "name": "The Naiadian Sea",
      "exits": {
        "East": 17862,
        "West": 17860
      }
    },
    {
      "id": 17862,
      "name": "The Naiadian Sea",
      "exits": {
        "North": 17868,
        "East": 17863,
        "South": 17856,
        "West": 17861
      }
    },
    {
      "id": 17863,
      "name": "The Naiadian Sea",
      "exits": {
        "East": 17864,
        "West": 17862
      }
    },
    {
      "id": 17864,
      "name": "The Naiadian Sea",
      "exits": {
        "North": 17878,
        "South": 17858,
        "West": 17863
      }
    },
    {
      "id": 17865,
      "name": "An Outcropping of Rocks",
      "exits": {
        "North": 17871,
        "East": 17866
      }
    },
    {
      "id": 17866,
      "name": "An Outcropping of Rocks",
      "exits": {
        "North": 17872,
        "South": 17859,
        "West": 17865
      }
    },
    {
      "id": 17867,
      "name": "The Naiadian Sea",
      "exits": {
        "North": 17873,
        "East": 17868,
        "South": 17860
      }
    },
    {
      "id": 17868,
      "name": "Shallow Water",
      "exits": {
        "North": 17875,
        "East": 17869,
        "South": 17862,
        "West": 17867
      }
    },
    {
      "id": 17869,
      "name": "The Naiadian Sea",
      "exits": {
        "North": 17876,
        "West": 17868
      }
    },
    {
      "id": 17870,
      "name": "An Outcropping of Rocks",
      "exits": {
        "North": 17880,
        "East": 17871
      }
    },
    {
      "id": 17871,
      "name": "An Outcropping of Rocks",
      "exits": {
        "East": 17872,
        "South": 17865,
        "West": 17870
      }
    },
    {
      "id": 17872,
      "name": "An Outcropping of Rocks",
      "exits": {
        "North": 17881,
        "East": 17873,
        "South": 17866,
        "West": 17871
      }
    },
    {
      "id": 17873,
      "name": "The Naiadian Sea",
      "exits": {
        "South": 17867,
        "West": 17872
      }
    },
    {
      "id": 17874,
      "name": "A Sandy Beach",
      "exits": {
        "East": 17875,
        "South": 20431
      }
    },
    {
      "id": 17875,
      "name": "Shallow Water",
      "exits": {
        "North": 17883,
        "South": 17868,
        "West": 17874
      }
    },
    {
      "id": 17876,
      "name": "The Naiadian Sea",
      "exits": {
        "East": 17877,
        "South": 17869
      }
    },
    {
      "id": 17877,
      "name": "The Naiadian Sea",
      "exits": {
        "North": 17884,
        "East": 17878,
        "West": 17876
      }
    },
    {
      "id": 17878,
      "name": "The Naiadian Sea",
      "exits": {
        "East": 17879,
        "South": 17864,
        "West": 17877
      }
    },
    {
      "id": 17879,
      "name": "The Naiadian Sea",
      "exits": {
        "North": 17885,
        "West": 17878
      }
    },
    {
      "id": 17880,
      "name": "An Outcropping of Rocks",
      "exits": {
        "East": 17881,
        "South": 17870
      }
    },
    {
      "id": 17881,
      "name": "An Outcropping of Rocks",
      "exits": {
        "North": 17886,
        "East": 17882,
        "South": 17872,
        "West": 17880
      }
    },
    {
      "id": 17882,
      "name": "The Naiadian Sea",
      "exits": {
        "North": 17888,
        "East": 17883,
        "West": 17881
      }
    },
    {
      "id": 17883,
      "name": "Shallow Water",
      "exits": {
        "North": 17889,
        "South": 17875,
        "West": 17882
      }
    },
    {
      "id": 17884,
      "name": "The Naiadian Sea",
      "exits": {
        "North": 17891,
        "South": 17877
      }
    },
    {
      "id": 17885,
      "name": "A Bed of Kelp",
      "exits": {
        "North": 17892,
        "South": 17879
      }
    },
    {
      "id": 17886,
      "name": "The Naiadian Sea",
      "exits": {
        "East": 17887,
        "South": 17881
      }
    },
    {
      "id": 17887,
      "name": "The Naiadian Sea",
      "exits": {
        "North": 17893,
        "East": 17888,
        "West": 17886
      }
    },
    {
      "id": 17888,
      "name": "A Bed of Kelp",
      "exits": {
        "North": 17894,
        "South": 17882,
        "West": 17887
      }
    },
    {
      "id": 17889,
      "name": "The Naiadian Sea",
      "exits": {
        "North": 17895,
        "East": 17890,
        "South": 17883
      }
    },
    {
      "id": 17890,
      "name": "The Naiadian Sea",
      "exits": {
        "North": 17896,
        "East": 17891,
        "West": 17889
      }
    },
    {
      "id": 17891,
      "name": "The Naiadian Sea",
      "exits": {
        "North": 17897,
        "East": 17892,
        "South": 17884,
        "West": 17890
      }
    },
    {
      "id": 17892,
      "name": "A Bed of Kelp",
      "exits": {
        "South": 17885,
        "West": 17891
      }
    },
    {
      "id": 17893,
      "name": "The Naiadian Sea",
      "exits": {
        "North": 17898,
        "South": 17887
      }
    },
    {
      "id": 17894,
      "name": "A Bed of Kelp",
      "exits": {
        "East": 17895,
        "South": 17888
      }
    },
    {
      "id": 17895,
      "name": "The Naiadian Sea",
      "exits": {
        "East": 17896,
        "South": 17889,
        "West": 17894
      }
    },
    {
      "id": 17896,
      "name": "A Bed of Kelp",
      "exits": {
        "South": 17890,
        "West": 17895
      }
    },
    {
      "id": 17897,
      "name": "A Bed of Kelp",
      "exits": {
        "North": 17899,
        "South": 17891
      }
    },
    {
      "id": 17898,
      "name": "The Naiadian Sea",
      "exits": {
        "East": 17899,
        "South": 17893
      }
    },
    {
      "id": 17899,
      "name": "The Naiadian Sea",
      "exits": {
        "North": 50927,
        "South": 17897,
        "West": 17898
      }
    },
    {
      "id": 20460,
      "name": "To Naiadia",
      "otherAreaExit": true,
      "exits": {
        "East": 20461,
        "West": 17840
      }
    },
    {
      "id": 20466,
      "name": "To Naiadia",
      "otherAreaExit": true,
      "exits": {
        "East": 17849,
        "West": 20465
      }
    },
    {
      "id": 20431,
      "name": "To Naiadia",
      "otherAreaExit": true,
      "exits": {
        "North": 17874,
        "South": 20443
      }
    },
    {
      "id": 50927,
      "name": "To Forest Road",
      "otherAreaExit": true,
      "exits": {
        "East": 50926,
        "South": 17899
      }
    }
  ]
}