{
  "name": "The Southern Swamps",
  "buildOptions": {
    "maxSteps": 1000,
    "fixObstacles": true,
    "fixNonStraight": true,
    "fixIntersected": true,
    "compactMap": true,
    "addDebugInfo": false,
    "colorizeConnectionIssues": true
  },
  "rooms": [
    {
      "id": 1500,
      "name": "A wet and damp trail",
      "exits": {
        "North": 727,
        "South": 1501
      }
    },
    {
      "id": 1501,
      "name": "A wet and damp trail",
      "exits": {
        "North": 1500,
        "South": 1502
      }
    },
    {
      "id": 1502,
      "name": "A wet and damp trail",
      "exits": {
        "North": 1501,
        "South": 1503
      }
    },
    {
      "id": 1503,
      "name": "A wet and damp trail",
      "exits": {
        "North": 1502,
        "South": 1504
      }
    },
    {
      "id": 1504,
      "name": "A wet and damp trail",
      "exits": {
        "North": 1503,
        "West": 1505
      }
    },
    {
      "id": 1505,
      "name": "A wet and damp trail",
      "exits": {
        "East": 1504,
        "West": 1506
      }
    },
    {
      "id": 1506,
      "name": "A wet and damp trail",
      "exits": {
        "East": 1505,
        "West": 1507
      }
    },
    {
      "id": 1507,
      "name": "A wet and damp trail",
      "exits": {
        "East": 1506,
        "West": 1508
      }
    },
    {
      "id": 1508,
      "name": "A wet and damp trail",
      "exits": {
        "East": 1507,
        "South": 1509
      }
    },
    {
      "id": 1509,
      "name": "A wet and damp trail",
      "exits": {
        "North": 1508,
        "South": 1510
      }
    },
    {
      "id": 1510,
      "name": "A wet and damp trail",
      "exits": {
        "North": 1509,
        "South": 1511
      }
    },
    {
      "id": 1511,
      "name": "A wet and damp trail",
      "exits": {
        "North": 1510,
        "East": 1512
      }
    },
    {
      "id": 1512,
      "name": "In the southern swamps",
      "exits": {
        "East": 1513,
        "South": 1519,
        "West": 1511
      }
    },
    {
      "id": 1513,
      "name": "In the southern swamps",
      "exits": {
        "East": 1514,
        "West": 1512
      }
    },
    {
      "id": 1514,
      "name": "In the southern swamps",
      "exits": {
        "East": 1515,
        "South": 1556,
        "West": 1513
      }
    },
    {
      "id": 1515,
      "name": "in the southern swamps",
      "exits": {
        "East": 1516,
        "West": 1514
      }
    },
    {
      "id": 1516,
      "name": "In the southern swamps",
      "exits": {
        "North": 1517,
        "West": 1515
      }
    },
    {
      "id": 1517,
      "name": "In the southern swamps",
      "exits": {
        "East": 1518,
        "South": 1516
      }
    },
    {
      "id": 1518,
      "name": "An old shack",
      "exits": {
        "West": 1517
      }
    },
    {
      "id": 1519,
      "name": "In the southern swamps",
      "exits": {
        "North": 1512,
        "South": 1520
      }
    },
    {
      "id": 1520,
      "name": "In the southern swamps",
      "exits": {
        "North": 1519,
        "South": 1521
      }
    },
    {
      "id": 1521,
      "name": "In the southern swamps",
      "exits": {
        "North": 1520,
        "South": 1522
      }
    },
    {
      "id": 1522,
      "name": "In the southern swamps",
      "exits": {
        "North": 1521,
        "South": 1531,
        "West": 1523
      }
    },
    {
      "id": 1523,
      "name": "In the southern swamps",
      "exits": {
        "East": 1522,
        "South": 1530,
        "West": 1524
      }
    },
    {
      "id": 1524,
      "name": "In the southern swamps ",
      "exits": {
        "East": 1523,
        "South": 1525
      }
    },
    {
      "id": 1525,
      "name": "In the southern swamps",
      "exits": {
        "North": 1524,
        "East": 1530,
        "South": 1526
      }
    },
    {
      "id": 1526,
      "name": "In the southern swamps",
      "exits": {
        "North": 1525,
        "East": 1529,
        "South": 1527
      }
    },
    {
      "id": 1527,
      "name": "In the southern swamps",
      "exits": {
        "North": 1526,
        "East": 1528
      }
    },
    {
      "id": 1528,
      "name": "In the southern swamps",
      "exits": {
        "North": 1529,
        "East": 1533,
        "West": 1527
      }
    },
    {
      "id": 1529,
      "name": "In the southern swamps",
      "exits": {
        "North": 1530,
        "East": 1532,
        "South": 1528,
        "West": 1526
      }
    },
    {
      "id": 1530,
      "name": "In the southern swamps",
      "exits": {
        "North": 1523,
        "East": 1531,
        "South": 1529,
        "West": 1525
      }
    },
    {
      "id": 1531,
      "name": "In the southern swamps",
      "exits": {
        "North": 1522,
        "South": 1532,
        "West": 1530
      }
    },
    {
      "id": 1532,
      "name": "In the southern swamps",
      "exits": {
        "North": 1531,
        "South": 1533,
        "West": 1529
      }
    },
    {
      "id": 1533,
      "name": "In the southern swamps",
      "exits": {
        "North": 1532,
        "East": 1534,
        "West": 1528
      }
    },
    {
      "id": 1534,
      "name": "In the southern swamps",
      "exits": {
        "South": 1535,
        "West": 1533
      }
    },
    {
      "id": 1535,
      "name": "A small landing",
      "exits": {
        "North": 1534,
        "South": 1536
      }
    },
    {
      "id": 1536,
      "name": "Deep in the quagmire",
      "exits": {
        "North": 1535,
        "East": 1570,
        "West": 1537
      }
    },
    {
      "id": 1537,
      "name": "Deep in the quagmire",
      "exits": {
        "East": 1536,
        "West": 1538
      }
    },
    {
      "id": 1538,
      "name": "Deep in the quagmire",
      "exits": {
        "East": 1537,
        "West": 1539
      }
    },
    {
      "id": 1539,
      "name": "Deep in the quagmire",
      "exits": {
        "East": 1538,
        "South": 1540
      }
    },
    {
      "id": 1540,
      "name": "Deep in the quagmire",
      "exits": {
        "North": 1539,
        "South": 1541
      }
    },
    {
      "id": 1541,
      "name": "Deep in the quagmire",
      "exits": {
        "North": 1540,
        "South": 1542
      }
    },
    {
      "id": 1542,
      "name": "Deep in the quagmire",
      "exits": {
        "North": 1541,
        "East": 1543
      }
    },
    {
      "id": 1543,
      "name": "Deep in the quagmire",
      "exits": {
        "East": 1544,
        "West": 1542
      }
    },
    {
      "id": 1544,
      "name": "Through the brambles and weeds",
      "exits": {
        "South": 1545,
        "West": 1543
      }
    },
    {
      "id": 1545,
      "name": "Through the brambles and weeds",
      "exits": {
        "North": 1544,
        "South": 1546
      }
    },
    {
      "id": 1546,
      "name": "In the thicket",
      "exits": {
        "North": 1545,
        "South": 1547
      }
    },
    {
      "id": 1547,
      "name": "A quiet place in the swamp",
      "exits": {
        "North": 1546,
        "West": 1548
      }
    },
    {
      "id": 1548,
      "name": "A quiet place in the swamp",
      "exits": {
        "East": 1547,
        "West": 1549
      }
    },
    {
      "id": 1549,
      "name": "A quiet place in the swamp",
      "exits": {
        "East": 1548,
        "South": 1550
      }
    },
    {
      "id": 1550,
      "name": "A quiet place in the swamp",
      "exits": {
        "North": 1549,
        "South": 1551
      }
    },
    {
      "id": 1551,
      "name": "A quiet place in the swamp",
      "exits": {
        "North": 1550,
        "West": 1552
      }
    },
    {
      "id": 1552,
      "name": "A quiet place in the swamp",
      "exits": {
        "East": 1551,
        "West": 1553
      }
    },
    {
      "id": 1553,
      "name": "A quiet place in the swamp",
      "exits": {
        "East": 1552,
        "South": 1554
      }
    },
    {
      "id": 1554,
      "name": "A Rise of Bald and Sloping Tracks",
      "exits": {
        "North": 1553,
        "East": 1555
      }
    },
    {
      "id": 1555,
      "name": "A Rise of Bald and Sloping Tracks",
      "exits": {
        "South": 13218,
        "West": 1554
      }
    },
    {
      "id": 1556,
      "name": "A worn away path in the swamps",
      "exits": {
        "North": 1514,
        "South": 1557
      }
    },
    {
      "id": 1557,
      "name": "A worn away path in the swamps",
      "exits": {
        "North": 1556,
        "South": 1558
      }
    },
    {
      "id": 1558,
      "name": "A worn away path in the swamps",
      "exits": {
        "North": 1557,
        "East": 1559
      }
    },
    {
      "id": 1559,
      "name": "A worn away path in the swamps",
      "exits": {
        "South": 1560,
        "West": 1558
      }
    },
    {
      "id": 1560,
      "name": "A worn away path in the swamps",
      "exits": {
        "North": 1559,
        "South": 1561
      }
    },
    {
      "id": 1561,
      "name": "A worn away path in the swamps",
      "exits": {
        "North": 1560,
        "South": 1562
      }
    },
    {
      "id": 1562,
      "name": "A worn away path in the swamps",
      "exits": {
        "North": 1561,
        "East": 1563
      }
    },
    {
      "id": 1563,
      "name": "A worn away path in the swamps",
      "exits": {
        "East": 1564,
        "West": 1562
      }
    },
    {
      "id": 1564,
      "name": "A worn away path in the swamps",
      "exits": {
        "South": 1565,
        "West": 1563
      }
    },
    {
      "id": 1565,
      "name": "A worn away path in the swamps",
      "exits": {
        "North": 1564,
        "South": 1566
      }
    },
    {
      "id": 1566,
      "name": "A worn away path in the swamps",
      "exits": {
        "North": 1565,
        "South": 1567
      }
    },
    {
      "id": 1567,
      "name": "Deep in the quagmire",
      "exits": {
        "North": 1566,
        "East": 1571,
        "West": 1568
      }
    },
    {
      "id": 1568,
      "name": "Deep in the quagmire",
      "exits": {
        "East": 1567,
        "West": 1569
      }
    },
    {
      "id": 1569,
      "name": "Deep in the quagmire",
      "exits": {
        "East": 1568,
        "West": 1570
      }
    },
    {
      "id": 1570,
      "name": "Deep in the quagmire",
      "exits": {
        "East": 1569,
        "West": 1536
      }
    },
    {
      "id": 1571,
      "name": "Deep in the quagmire",
      "exits": {
        "East": 1572,
        "West": 1567
      }
    },
    {
      "id": 1572,
      "name": "Deep in the quagmire",
      "exits": {
        "East": 1591,
        "South": 1573,
        "West": 1571
      }
    },
    {
      "id": 1573,
      "name": "In the depths of the swamp",
      "exits": {
        "North": 1572,
        "South": 1574
      }
    },
    {
      "id": 1574,
      "name": "In the depths of the swamp",
      "exits": {
        "North": 1573,
        "South": 1575
      }
    },
    {
      "id": 1575,
      "name": "In the depths of the swamp",
      "exits": {
        "North": 1574,
        "South": 1576
      }
    },
    {
      "id": 1576,
      "name": "In the depths of the swamp",
      "exits": {
        "North": 1575,
        "West": 1577
      }
    },
    {
      "id": 1577,
      "name": "In the depths of the swamp",
      "exits": {
        "East": 1576,
        "South": 1578
      }
    },
    {
      "id": 1578,
      "name": "In the depths of the swamp",
      "exits": {
        "North": 1577,
        "South": 1579
      }
    },
    {
      "id": 1579,
      "name": "In the depths of the swamp",
      "exits": {
        "North": 1578,
        "East": 1580,
        "South": 1582
      }
    },
    {
      "id": 1580,
      "name": "In the depths of the swamp",
      "exits": {
        "South": 1581,
        "West": 1579
      }
    },
    {
      "id": 1581,
      "name": "In the depths of the swamp",
      "exits": {
        "North": 1580,
        "South": 1584,
        "West": 1582
      }
    },
    {
      "id": 1582,
      "name": "In the depths of the swamp",
      "exits": {
        "North": 1579,
        "East": 1581,
        "South": 1583
      }
    },
    {
      "id": 1583,
      "name": "In the depths of the swamp",
      "exits": {
        "North": 1582,
        "East": 1584
      }
    },
    {
      "id": 1584,
      "name": "In the depths of the swamp",
      "exits": {
        "North": 1581,
        "South": 1585,
        "West": 1583
      }
    },
    {
      "id": 1585,
      "name": "In the depths of the swamp",
      "exits": {
        "North": 1584,
        "South": 1586
      }
    },
    {
      "id": 1586,
      "name": "In the depths of the swamp",
      "exits": {
        "North": 1585,
        "East": 1587
      }
    },
    {
      "id": 1587,
      "name": "In the depths of the swamp",
      "exits": {
        "East": 1588,
        "West": 1586
      }
    },
    {
      "id": 1588,
      "name": "In the depths of the swamp",
      "exits": {
        "South": 1589,
        "West": 1587
      }
    },
    {
      "id": 1589,
      "name": "In the depths of the swamp",
      "exits": {
        "North": 1588,
        "East": 1590
      }
    },
    {
      "id": 1590,
      "name": "In the depths of the swamp",
      "exits": {
        "West": 1589
      }
    },
    {
      "id": 1591,
      "name": "Deep in the quagmire",
      "exits": {
        "East": 1592,
        "West": 1572
      }
    },
    {
      "id": 1592,
      "name": "Deep in the quagmire",
      "exits": {
        "East": 1593,
        "West": 1591
      }
    },
    {
      "id": 1593,
      "name": "Deep in the quagmire",
      "exits": {
        "North": 1594,
        "West": 1592
      }
    },
    {
      "id": 1594,
      "name": "Deep in the quagmire",
      "exits": {
        "North": 1595,
        "South": 1593
      }
    },
    {
      "id": 1595,
      "name": "Deep in the quagmire",
      "exits": {
        "East": 1596,
        "South": 1594
      }
    },
    {
      "id": 1596,
      "name": "Deep in the quagmire",
      "exits": {
        "East": 1597,
        "West": 1595
      }
    },
    {
      "id": 1597,
      "name": "Deep in the quagmire",
      "exits": {
        "North": 1598,
        "West": 1596
      }
    },
    {
      "id": 1598,
      "name": "Deep in the quagmire",
      "exits": {
        "North": 1599,
        "South": 1597
      }
    },
    {
      "id": 1599,
      "name": "Before a large tree",
      "exits": {
        "South": 1598
      }
    },
    {
      "id": 727,
      "name": "To Arkham",
      "otherAreaExit": true,
      "exits": {
        "North": 728,
        "East": 741,
        "South": 1500
      }
    },
    {
      "id": 13218,
      "name": "To Giant Village",
      "otherAreaExit": true,
      "exits": {
        "North": 1555,
        "East": 13243,
        "South": 13217
      }
    }
  ]
}