{
  "name": "The Valley Inn",
  "buildOptions": {
    "maxSteps": 1000,
    "fixObstacles": true,
    "fixNonStraight": true,
    "fixIntersected": true,
    "compactMap": true,
    "addDebugInfo": false,
    "colorizeConnectionIssues": true
  },
  "rooms": [
    {
      "id": 12100,
      "name": "A Dusty Trail to the Inn",
      "exits": {
        "East": 12101,
        "South": 19610
      }
    },
    {
      "id": 12101,
      "name": "A Dusty Trail to the Inn",
      "exits": {
        "East": 12102,
        "West": 12100
      }
    },
    {
      "id": 12102,
      "name": "A Dusty Trail to the Inn",
      "exits": {
        "North": 12103,
        "West": 12101
      }
    },
    {
      "id": 12103,
      "name": "A Dusty Trail to the Inn",
      "exits": {
        "North": 12104,
        "East": 12130,
        "South": 12102
      }
    },
    {
      "id": 12104,
      "name": "Entrance to the Inn",
      "exits": {
        "North": 12105,
        "East": 12119,
        "South": 12103,
        "West": 12114
      }
    },
    {
      "id": 12105,
      "name": "A crowded room",
      "exits": {
        "North": 12106,
        "East": 12108,
        "South": 12104,
        "West": 12110
      }
    },
    {
      "id": 12106,
      "name": "A crowded room",
      "exits": {
        "North": 12107,
        "East": 12109,
        "South": 12105,
        "West": 12111
      }
    },
    {
      "id": 12107,
      "name": "The Bar",
      "exits": {
        "East": 12113,
        "South": 12106,
        "West": 12112
      }
    },
    {
      "id": 12108,
      "name": "The Fireplace",
      "exits": {
        "North": 12109,
        "West": 12105,
        "Up": 12124
      }
    },
    {
      "id": 12109,
      "name": "The Stage",
      "exits": {
        "North": 12113,
        "South": 12108,
        "West": 12106
      }
    },
    {
      "id": 12110,
      "name": "A Small Library",
      "exits": {
        "North": 12111,
        "East": 12105
      }
    },
    {
      "id": 12111,
      "name": "The Dance Floor",
      "exits": {
        "North": 12112,
        "East": 12106,
        "South": 12110
      }
    },
    {
      "id": 12112,
      "name": "The Dance Floor",
      "exits": {
        "East": 12107,
        "South": 12111
      }
    },
    {
      "id": 12113,
      "name": "Back Stage",
      "exits": {
        "South": 12109,
        "West": 12107
      }
    },
    {
      "id": 12114,
      "name": "The Porch",
      "exits": {
        "East": 12104,
        "West": 12115
      }
    },
    {
      "id": 12115,
      "name": "The Porch",
      "exits": {
        "North": 12116,
        "East": 12114
      }
    },
    {
      "id": 12116,
      "name": "The Porch",
      "exits": {
        "North": 12117,
        "South": 12115
      }
    },
    {
      "id": 12117,
      "name": "The Porch",
      "exits": {
        "North": 12118,
        "South": 12116
      }
    },
    {
      "id": 12118,
      "name": "The Porch",
      "exits": {
        "South": 12117
      }
    },
    {
      "id": 12119,
      "name": "The Porch",
      "exits": {
        "East": 12120,
        "West": 12104
      }
    },
    {
      "id": 12120,
      "name": "The Porch",
      "exits": {
        "North": 12121,
        "West": 12119
      }
    },
    {
      "id": 12121,
      "name": "The Porch",
      "exits": {
        "North": 12122,
        "South": 12120
      }
    },
    {
      "id": 12122,
      "name": "The Porch",
      "exits": {
        "North": 12123,
        "South": 12121
      }
    },
    {
      "id": 12123,
      "name": "The Porch",
      "exits": {
        "South": 12122
      }
    },
    {
      "id": 12124,
      "name": "A Hallway",
      "exits": {
        "North": 12125,
        "Down": 12108
      }
    },
    {
      "id": 12125,
      "name": "A Hallway",
      "exits": {
        "North": 12126,
        "South": 12124
      }
    },
    {
      "id": 12126,
      "name": "The Hallway",
      "exits": {
        "South": 12125,
        "West": 12127
      }
    },
    {
      "id": 12127,
      "name": "The hallway",
      "exits": {
        "East": 12126,
        "West": 12128
      }
    },
    {
      "id": 12128,
      "name": "Before the Hall of Music",
      "exits": {
        "East": 12127,
        "West": 12129
      }
    },
    {
      "id": 12129,
      "name": "The Hall of Music",
      "exits": {
        "East": 12128
      }
    },
    {
      "id": 12130,
      "name": "A Dusty Trail Around the Inn",
      "exits": {
        "East": 12131,
        "West": 12103
      }
    },
    {
      "id": 12131,
      "name": "A Dusty Trail Around the Inn",
      "exits": {
        "East": 12132,
        "West": 12130
      }
    },
    {
      "id": 12132,
      "name": "A Dusty Trail Around the Inn",
      "exits": {
        "North": 12133,
        "West": 12131
      }
    },
    {
      "id": 12133,
      "name": "A Dusty Trail Around the Inn",
      "exits": {
        "North": 12134,
        "South": 12132
      }
    },
    {
      "id": 12134,
      "name": "A Dusty Trail Around the Inn",
      "exits": {
        "North": 12135,
        "South": 12133
      }
    },
    {
      "id": 12135,
      "name": "A Dusty Trail Around the Inn",
      "exits": {
        "North": 12136,
        "South": 12134
      }
    },
    {
      "id": 12136,
      "name": "A Dusty Trail Around the Inn",
      "exits": {
        "North": 12137,
        "South": 12135
      }
    },
    {
      "id": 12137,
      "name": "A Dusty Trail Around the Inn",
      "exits": {
        "North": 12138,
        "South": 12136
      }
    },
    {
      "id": 12138,
      "name": "Trail Behind the Hut",
      "exits": {
        "North": 24360,
        "South": 12137
      }
    },
    {
      "id": 19610,
      "name": "To Eastern Road",
      "otherAreaExit": true,
      "exits": {
        "North": 12100,
        "East": 19611,
        "West": 19609
      }
    },
    {
      "id": 24360,
      "name": "To Dying Forest.are",
      "otherAreaExit": true,
      "exits": {
        "South": 12138,
        "West": 24361
      }
    }
  ]
}