{
  "name": "The Hobo Train Yard",
  "buildOptions": {
    "maxSteps": 1000,
    "fixObstacles": true,
    "fixNonStraight": true,
    "fixIntersected": true,
    "compactMap": true,
    "addDebugInfo": false,
    "colorizeConnectionIssues": true
  },
  "rooms": [
    {
      "id": 17600,
      "name": "A beaten path",
      "exits": {
        "North": 17601,
        "West": 11030
      }
    },
    {
      "id": 17601,
      "name": "A narrow road",
      "exits": {
        "North": 17602,
        "South": 17600
      }
    },
    {
      "id": 17602,
      "name": "A narrow road",
      "exits": {
        "North": 17603,
        "South": 17601
      }
    },
    {
      "id": 17603,
      "name": "A narrow road",
      "exits": {
        "North": 17604,
        "South": 17602
      }
    },
    {
      "id": 17604,
      "name": "Beside an iron gate",
      "exits": {
        "North": 17606,
        "South": 17603,
        "West": 17605
      }
    },
    {
      "id": 17605,
      "name": "The watchman\u0027s shack",
      "exits": {
        "East": 17604
      }
    },
    {
      "id": 17606,
      "name": "A small sidewalk",
      "exits": {
        "North": 17617,
        "East": 17612,
        "South": 17604,
        "West": 17607
      }
    },
    {
      "id": 17607,
      "name": "A small sidewalk",
      "exits": {
        "North": 17618,
        "East": 17606,
        "West": 17608
      }
    },
    {
      "id": 17608,
      "name": "A small sidewalk",
      "exits": {
        "North": 17619,
        "East": 17607,
        "West": 17609
      }
    },
    {
      "id": 17609,
      "name": "A small sidewalk",
      "exits": {
        "North": 17620,
        "East": 17608,
        "West": 17610
      }
    },
    {
      "id": 17610,
      "name": "A small sidewalk",
      "exits": {
        "North": 17621,
        "East": 17609,
        "West": 17611
      }
    },
    {
      "id": 17611,
      "name": "A small sidewalk",
      "exits": {
        "North": 17622,
        "East": 17610
      }
    },
    {
      "id": 17612,
      "name": "A small sidewalk",
      "exits": {
        "North": 17623,
        "East": 17613,
        "West": 17606
      }
    },
    {
      "id": 17613,
      "name": "A small sidewalk",
      "exits": {
        "North": 17624,
        "East": 17614,
        "West": 17612
      }
    },
    {
      "id": 17614,
      "name": "A small sidewalk",
      "exits": {
        "North": 17625,
        "East": 17615,
        "West": 17613
      }
    },
    {
      "id": 17615,
      "name": "A small sidewalk",
      "exits": {
        "North": 17626,
        "East": 17616,
        "West": 17614
      }
    },
    {
      "id": 17616,
      "name": "A small sidewalk",
      "exits": {
        "North": 17627,
        "West": 17615
      }
    },
    {
      "id": 17617,
      "name": "A boxcar",
      "exits": {
        "South": 17606
      }
    },
    {
      "id": 17618,
      "name": "A boxcar",
      "exits": {
        "North": 17634,
        "South": 17607
      }
    },
    {
      "id": 17619,
      "name": "A platform",
      "exits": {
        "North": 17635,
        "South": 17608
      }
    },
    {
      "id": 17620,
      "name": "An oil tanker",
      "exits": {
        "South": 17609
      }
    },
    {
      "id": 17621,
      "name": "A boxcar",
      "exits": {
        "North": 17637,
        "South": 17610
      }
    },
    {
      "id": 17622,
      "name": "The caboose",
      "exits": {
        "North": 17638,
        "South": 17611
      }
    },
    {
      "id": 17623,
      "name": "A platform",
      "exits": {
        "North": 17632,
        "South": 17612
      }
    },
    {
      "id": 17624,
      "name": "A boxcar",
      "exits": {
        "North": 17631,
        "South": 17613
      }
    },
    {
      "id": 17625,
      "name": "A collapsed boxcar",
      "exits": {
        "South": 17614
      }
    },
    {
      "id": 17626,
      "name": "The passenger car",
      "exits": {
        "South": 17615
      }
    },
    {
      "id": 17627,
      "name": "The engine room",
      "exits": {
        "North": 17628,
        "South": 17616
      }
    },
    {
      "id": 17628,
      "name": "A small sidewalk",
      "exits": {
        "South": 17627,
        "West": 17629
      }
    },
    {
      "id": 17629,
      "name": "A small sidewalk",
      "exits": {
        "East": 17628,
        "West": 17630
      }
    },
    {
      "id": 17630,
      "name": "A small sidewalk",
      "exits": {
        "East": 17629,
        "West": 17631
      }
    },
    {
      "id": 17631,
      "name": "A small sidewalk",
      "exits": {
        "East": 17630,
        "South": 17624,
        "West": 17632
      }
    },
    {
      "id": 17632,
      "name": "A small sidewalk",
      "exits": {
        "East": 17631,
        "South": 17623,
        "West": 17633
      }
    },
    {
      "id": 17633,
      "name": "A small sidewalk",
      "exits": {
        "East": 17632,
        "West": 17634
      }
    },
    {
      "id": 17634,
      "name": "A small sidewalk",
      "exits": {
        "East": 17633,
        "South": 17618,
        "West": 17635
      }
    },
    {
      "id": 17635,
      "name": "A small sidewalk",
      "exits": {
        "East": 17634,
        "South": 17619,
        "West": 17636
      }
    },
    {
      "id": 17636,
      "name": "A small sidewalk",
      "exits": {
        "East": 17635,
        "West": 17637
      }
    },
    {
      "id": 17637,
      "name": "A small sidewalk",
      "exits": {
        "East": 17636,
        "South": 17621,
        "West": 17638
      }
    },
    {
      "id": 17638,
      "name": "A small sidewalk",
      "exits": {
        "East": 17637,
        "South": 17622
      }
    },
    {
      "id": 11030,
      "name": "To Dark Forest",
      "otherAreaExit": true,
      "exits": {
        "North": 11029,
        "South": 11031
      }
    }
  ]
}