{
  "name": "The Green Tower",
  "buildOptions": {
    "maxSteps": 1000,
    "fixObstacles": true,
    "fixNonStraight": true,
    "fixIntersected": true,
    "compactMap": true,
    "addDebugInfo": false,
    "colorizeConnectionIssues": true
  },
  "rooms": [
    {
      "id": 23260,
      "name": "In a foyer filled with a green aura",
      "exits": {
        "North": 23262,
        "East": 23261,
        "South": 13767
      }
    },
    {
      "id": 23261,
      "name": "In a foyer filled with a green aura",
      "exits": {
        "North": 23263,
        "West": 23260
      }
    },
    {
      "id": 23262,
      "name": "In a foyer filled with a green aura",
      "exits": {
        "East": 23263,
        "South": 23260
      }
    },
    {
      "id": 23263,
      "name": "In a foyer filled with a green aura",
      "exits": {
        "South": 23261,
        "West": 23262,
        "Up": 23264
      }
    },
    {
      "id": 23264,
      "name": "In a corridor bathed in a green glow",
      "exits": {
        "North": 23265,
        "Down": 23263
      }
    },
    {
      "id": 23265,
      "name": "In a corridor bathed in a green glow",
      "exits": {
        "North": 23266,
        "South": 23264
      }
    },
    {
      "id": 23266,
      "name": "In a corridor bathed in a green glow",
      "exits": {
        "North": 23267,
        "South": 23265
      }
    },
    {
      "id": 23267,
      "name": "In a corridor bathed in a green glow",
      "exits": {
        "East": 23268,
        "South": 23266
      }
    },
    {
      "id": 23268,
      "name": "In a corridor bathed in a green glow",
      "exits": {
        "East": 23269,
        "West": 23267
      }
    },
    {
      "id": 23269,
      "name": "In a corridor bathed in a green glow",
      "exits": {
        "West": 23268,
        "Up": 23271
      }
    },
    {
      "id": 23271,
      "name": "In a room with a green fountain",
      "exits": {
        "North": 23273,
        "East": 23272,
        "South": 23275,
        "West": 23274,
        "Down": 23269
      }
    },
    {
      "id": 23272,
      "name": "In a sparse room",
      "exits": {
        "West": 23271
      }
    },
    {
      "id": 23273,
      "name": "In a meditation room",
      "exits": {
        "South": 23271
      }
    },
    {
      "id": 23274,
      "name": "In a room of healing",
      "exits": {
        "East": 23271
      }
    },
    {
      "id": 23275,
      "name": "In the holy place",
      "exits": {
        "North": 23271,
        "Up": 23276
      }
    },
    {
      "id": 23276,
      "name": "Ascending into an unholy green light",
      "exits": {
        "North": 23278,
        "South": 23277,
        "Down": 23275
      }
    },
    {
      "id": 23277,
      "name": "In an unholy green light",
      "exits": {
        "North": 23276,
        "Up": 23279
      }
    },
    {
      "id": 23278,
      "name": "In an unholy green light",
      "exits": {
        "South": 23276,
        "Up": 23279
      }
    },
    {
      "id": 23279,
      "name": "In a burning green light of unholy fire",
      "exits": {
        "South": 23281,
        "Down": 23278
      }
    },
    {
      "id": 23280,
      "name": "In a burning green light of unholy fire",
      "exits": {
        "North": 23281,
        "Down": 23277
      }
    },
    {
      "id": 23281,
      "name": "Within the unholy fire",
      "exits": {
        "North": 23279,
        "South": 23280
      }
    },
    {
      "id": 13767,
      "name": "To Ruins of Drannor",
      "otherAreaExit": true,
      "exits": {
        "North": 23260,
        "South": 13765
      }
    }
  ]
}