{
  "name": "The Dragon Sea",
  "buildOptions": {
    "maxSteps": 1000,
    "fixObstacles": false,
    "fixNonStraight": false,
    "fixIntersected": false,
    "compactMap": false,
    "addDebugInfo": false,
    "colorizeConnectionIssues": true
  },
  "rooms": [
    {
      "id": 100001,
      "name": "The Dragon Sea",
      "exits": {
        "East": 100006,
        "South": 100002
      }
    },
    {
      "id": 100002,
      "name": "The Dragon Sea",
      "exits": {
        "North": 100001,
        "East": 100003,
        "South": 100005,
        "West": 100008
      }
    },
    {
      "id": 100003,
      "name": "The Dragon Sea",
      "exits": {
        "North": 100006,
        "South": 100004,
        "West": 100002
      }
    },
    {
      "id": 100004,
      "name": "The Dragon Sea",
      "exits": {
        "North": 100003,
        "West": 100005
      }
    },
    {
      "id": 100005,
      "name": "The Dragon Sea",
      "exits": {
        "North": 100002,
        "East": 100004,
        "West": 100007
      }
    },
    {
      "id": 100006,
      "name": "The Dragon Sea",
      "exits": {
        "North": 100007,
        "South": 100003
      }
    },
    {
      "id": 100007,
      "name": "The Dragon Sea",
      "exits": {
        "North": 100008,
        "East": 100005,
        "West": 100015
      }
    },
    {
      "id": 100008,
      "name": "The Dragon Sea",
      "exits": {
        "North": 100009,
        "East": 100002,
        "West": 100012
      }
    },
    {
      "id": 100009,
      "name": "The Dragon Sea",
      "exits": {
        "East": 100001,
        "South": 100008,
        "West": 100013
      }
    },
    {
      "id": 100010,
      "name": "The River Delta",
      "exits": {
        "East": 100015,
        "South": 100014
      }
    },
    {
      "id": 100011,
      "name": "In the Harbor",
      "exits": {
        "East": 100013,
        "West": 9795,
        "Down": 9798
      }
    },
    {
      "id": 100012,
      "name": "The Dragon Sea",
      "exits": {
        "North": 100013,
        "East": 100041,
        "South": 100015
      }
    },
    {
      "id": 100013,
      "name": "The Dragon Sea",
      "exits": {
        "North": 100467,
        "East": 100016,
        "South": 100012,
        "West": 100011
      }
    },
    {
      "id": 100014,
      "name": "The River Delta",
      "exits": {
        "North": 100010,
        "East": 100210,
        "South": 9898
      }
    },
    {
      "id": 100015,
      "name": "The River Delta",
      "exits": {
        "North": 100012,
        "East": 100066,
        "South": 100210,
        "West": 100010
      }
    },
    {
      "id": 100016,
      "name": "The Dragon Sea",
      "exits": {
        "East": 100017,
        "South": 100041,
        "West": 100013
      }
    },
    {
      "id": 100017,
      "name": "The Dragon Sea",
      "exits": {
        "East": 100018,
        "South": 100042,
        "West": 100016
      }
    },
    {
      "id": 100018,
      "name": "The Dragon Sea",
      "exits": {
        "East": 100019,
        "South": 100043,
        "West": 100017
      }
    },
    {
      "id": 100019,
      "name": "The Dragon Sea",
      "exits": {
        "East": 100020,
        "South": 100044,
        "West": 100018
      }
    },
    {
      "id": 100020,
      "name": "The Dragon Sea",
      "exits": {
        "East": 100021,
        "South": 100045,
        "West": 100019
      }
    },
    {
      "id": 100021,
      "name": "The Dragon Sea",
      "exits": {
        "East": 100022,
        "South": 100046,
        "West": 100020
      }
    },
    {
      "id": 100022,
      "name": "The Dragon Sea",
      "exits": {
        "East": 100023,
        "South": 100047,
        "West": 100021
      }
    },
    {
      "id": 100023,
      "name": "The Dragon Sea",
      "exits": {
        "East": 100024,
        "South": 100048,
        "West": 100022
      }
    },
    {
      "id": 100024,
      "name": "The Dragon Sea",
      "exits": {
        "East": 100025,
        "South": 100049,
        "West": 100023
      }
    },
    {
      "id": 100025,
      "name": "The Dragon Sea",
      "exits": {
        "East": 100026,
        "South": 100050,
        "West": 100024
      }
    },
    {
      "id": 100026,
      "name": "The Dragon Sea",
      "exits": {
        "East": 100027,
        "South": 100051,
        "West": 100025
      }
    },
    {
      "id": 100027,
      "name": "The Dragon Sea",
      "exits": {
        "East": 100028,
        "South": 100052,
        "West": 100026
      }
    },
    {
      "id": 100028,
      "name": "The Dragon Sea",
      "exits": {
        "East": 100029,
        "South": 100053,
        "West": 100027
      }
    },
    {
      "id": 100029,
      "name": "The Dragon Sea",
      "exits": {
        "North": 100473,
        "East": 100030,
        "South": 100054,
        "West": 100028
      }
    },
    {
      "id": 100030,
      "name": "The Dragon Sea",
      "exits": {
        "East": 100031,
        "South": 100055,
        "West": 100029
      }
    },
    {
      "id": 100031,
      "name": "The Dragon Sea",
      "exits": {
        "East": 100032,
        "South": 100056,
        "West": 100030
      }
    },
    {
      "id": 100032,
      "name": "The Dragon Sea",
      "exits": {
        "East": 100033,
        "South": 100057,
        "West": 100031
      }
    },
    {
      "id": 100033,
      "name": "The Dragon Sea",
      "exits": {
        "East": 100034,
        "South": 100058,
        "West": 100032
      }
    },
    {
      "id": 100034,
      "name": "The Dragon Sea",
      "exits": {
        "East": 100035,
        "South": 100059,
        "West": 100033
      }
    },
    {
      "id": 100035,
      "name": "The Dragon Sea",
      "exits": {
        "East": 100036,
        "South": 100060,
        "West": 100034
      }
    },
    {
      "id": 100036,
      "name": "The Dragon Sea",
      "exits": {
        "East": 100037,
        "South": 100061,
        "West": 100035
      }
    },
    {
      "id": 100037,
      "name": "The Dragon Sea",
      "exits": {
        "East": 100038,
        "South": 100062,
        "West": 100036
      }
    },
    {
      "id": 100038,
      "name": "The Dragon Sea",
      "exits": {
        "East": 100039,
        "South": 100063,
        "West": 100037
      }
    },
    {
      "id": 100039,
      "name": "The Dragon Sea",
      "exits": {
        "East": 100040,
        "South": 100064,
        "West": 100038
      }
    },
    {
      "id": 100040,
      "name": "The Dragon Sea",
      "exits": {
        "East": 726,
        "South": 100065,
        "West": 100039
      }
    },
    {
      "id": 100041,
      "name": "The Dragon Sea",
      "exits": {
        "North": 100016,
        "East": 100042,
        "South": 100066,
        "West": 100012
      }
    },
    {
      "id": 100042,
      "name": "The Dragon Sea",
      "exits": {
        "North": 100017,
        "East": 100043,
        "South": 100067,
        "West": 100041
      }
    },
    {
      "id": 100043,
      "name": "The Dragon Sea",
      "exits": {
        "North": 100018,
        "East": 100044,
        "South": 100068,
        "West": 100042
      }
    },
    {
      "id": 100044,
      "name": "The Dragon Sea",
      "exits": {
        "North": 100019,
        "East": 100045,
        "South": 100069,
        "West": 100043
      }
    },
    {
      "id": 100045,
      "name": "The Dragon Sea",
      "exits": {
        "North": 100020,
        "East": 100046,
        "South": 100070,
        "West": 100044
      }
    },
    {
      "id": 100046,
      "name": "The Dragon Sea",
      "exits": {
        "North": 100021,
        "East": 100047,
        "South": 100100,
        "West": 100045
      }
    },
    {
      "id": 100047,
      "name": "The Dragon Sea ",
      "exits": {
        "North": 100022,
        "East": 100048,
        "South": 100152,
        "West": 100046
      }
    },
    {
      "id": 100048,
      "name": "The Dragon Sea",
      "exits": {
        "North": 100023,
        "East": 100049,
        "South": 100180,
        "West": 100047
      }
    },
    {
      "id": 100049,
      "name": "The Dragon Sea ",
      "exits": {
        "North": 100024,
        "East": 100050,
        "South": 100209,
        "West": 100048
      }
    },
    {
      "id": 100050,
      "name": "The Dragon Sea",
      "exits": {
        "North": 100025,
        "East": 100051,
        "South": 100268,
        "West": 100049
      }
    },
    {
      "id": 100051,
      "name": "The Dragon Sea ",
      "exits": {
        "North": 100026,
        "East": 100052,
        "South": 100299,
        "West": 100050
      }
    },
    {
      "id": 100052,
      "name": "The Dragon Sea",
      "exits": {
        "North": 100027,
        "East": 100053,
        "South": 100313,
        "West": 100051
      }
    },
    {
      "id": 100053,
      "name": "The Dragon Sea",
      "exits": {
        "North": 100028,
        "East": 100054,
        "South": 100312,
        "West": 100052
      }
    },
    {
      "id": 100054,
      "name": "The Dragon Sea",
      "exits": {
        "North": 100029,
        "East": 100055,
        "South": 100311,
        "West": 100053
      }
    },
    {
      "id": 100055,
      "name": "The Dragon Sea",
      "exits": {
        "North": 100030,
        "East": 100056,
        "South": 100310,
        "West": 100054
      }
    },
    {
      "id": 100056,
      "name": "The Dragon Sea",
      "exits": {
        "North": 100031,
        "East": 100057,
        "South": 100309,
        "West": 100055
      }
    },
    {
      "id": 100057,
      "name": "The Dragon Sea",
      "exits": {
        "North": 100032,
        "East": 100058,
        "South": 100308,
        "West": 100056
      }
    },
    {
      "id": 100058,
      "name": "The Dragon Sea",
      "exits": {
        "North": 100033,
        "East": 100059,
        "South": 100307,
        "West": 100057
      }
    },
    {
      "id": 100059,
      "name": "The Dragon Sea",
      "exits": {
        "North": 100034,
        "East": 100060,
        "South": 100306,
        "West": 100058
      }
    },
    {
      "id": 100060,
      "name": "The Dragon Sea",
      "exits": {
        "North": 100035,
        "East": 100061,
        "South": 100305,
        "West": 100059
      }
    },
    {
      "id": 100061,
      "name": "The Dragon Sea",
      "exits": {
        "North": 100036,
        "East": 100062,
        "South": 100304,
        "West": 100060
      }
    },
    {
      "id": 100062,
      "name": "The Dragon Sea",
      "exits": {
        "North": 100037,
        "East": 100063,
        "South": 100303,
        "West": 100061
      }
    },
    {
      "id": 100063,
      "name": "The Dragon Sea",
      "exits": {
        "North": 100038,
        "East": 100064,
        "South": 100302,
        "West": 100062
      }
    },
    {
      "id": 100064,
      "name": "The Dragon Sea",
      "exits": {
        "North": 100039,
        "East": 100065,
        "South": 100301,
        "West": 100063
      }
    },
    {
      "id": 100065,
      "name": "The Dragon Sea",
      "exits": {
        "North": 100040,
        "West": 100064
      }
    },
    {
      "id": 100066,
      "name": "The Dragon Sea",
      "exits": {
        "North": 100041,
        "East": 100067,
        "South": 100071,
        "West": 100015
      }
    },
    {
      "id": 100067,
      "name": "The Dragon Sea",
      "exits": {
        "North": 100042,
        "East": 100068,
        "South": 100072,
        "West": 100066
      }
    },
    {
      "id": 100068,
      "name": "The Dragon Sea",
      "exits": {
        "North": 100043,
        "East": 100069,
        "South": 100073,
        "West": 100067
      }
    },
    {
      "id": 100069,
      "name": "The Dragon Sea",
      "exits": {
        "North": 100044,
        "East": 100070,
        "South": 100074,
        "West": 100068
      }
    },
    {
      "id": 100070,
      "name": "The Dragon Sea",
      "exits": {
        "North": 100045,
        "East": 100100,
        "South": 100075,
        "West": 100069
      }
    },
    {
      "id": 100071,
      "name": "The River Delta",
      "exits": {
        "North": 100066,
        "East": 100072,
        "South": 100212,
        "West": 100210
      }
    },
    {
      "id": 100072,
      "name": "The Dragon Sea",
      "exits": {
        "North": 100067,
        "East": 100073,
        "South": 100213,
        "West": 100071
      }
    },
    {
      "id": 100073,
      "name": "The Dragon Sea",
      "exits": {
        "North": 100068,
        "East": 100074,
        "South": 100214,
        "West": 100072
      }
    },
    {
      "id": 100074,
      "name": "The Dragon Sea",
      "exits": {
        "North": 100069,
        "East": 100075,
        "South": 100215,
        "West": 100073
      }
    },
    {
      "id": 100075,
      "name": "The Dragon Sea",
      "exits": {
        "North": 100070,
        "East": 100101,
        "South": 100076,
        "West": 100074
      }
    },
    {
      "id": 100076,
      "name": "The Dragon Sea",
      "exits": {
        "North": 100075,
        "East": 100102,
        "South": 100077,
        "West": 100215
      }
    },
    {
      "id": 100077,
      "name": "The Dragon Sea",
      "exits": {
        "North": 100076,
        "East": 100103,
        "South": 100078,
        "West": 100216
      }
    },
    {
      "id": 100078,
      "name": "The Dragon Sea",
      "exits": {
        "North": 100077,
        "East": 100104,
        "South": 100079,
        "West": 100217
      }
    },
    {
      "id": 100079,
      "name": "The Dragon Sea",
      "exits": {
        "North": 100078,
        "East": 100105,
        "South": 100080,
        "West": 100218
      }
    },
    {
      "id": 100080,
      "name": "The Dragon Sea",
      "exits": {
        "North": 100079,
        "East": 100106,
        "South": 100081,
        "West": 100219
      }
    },
    {
      "id": 100081,
      "name": "The Dragon Sea",
      "exits": {
        "North": 100080,
        "East": 100107,
        "South": 100082,
        "West": 100220
      }
    },
    {
      "id": 100082,
      "name": "The Dragon Sea",
      "exits": {
        "North": 100081,
        "East": 100108,
        "South": 100083,
        "West": 100221
      }
    },
    {
      "id": 100083,
      "name": "The Dragon Sea",
      "exits": {
        "North": 100082,
        "East": 100109,
        "South": 100084,
        "West": 100222
      }
    },
    {
      "id": 100084,
      "name": "The Dragon Sea",
      "exits": {
        "North": 100083,
        "East": 100110,
        "South": 100085,
        "West": 100223
      }
    },
    {
      "id": 100085,
      "name": "The Dragon Sea",
      "exits": {
        "North": 100084,
        "East": 100111,
        "South": 100086,
        "West": 100224
      }
    },
    {
      "id": 100086,
      "name": "The Dragon Sea",
      "exits": {
        "North": 100085,
        "East": 100112,
        "South": 100087,
        "West": 100225
      }
    },
    {
      "id": 100087,
      "name": "The Dragon Sea",
      "exits": {
        "North": 100086,
        "East": 100113,
        "South": 100088,
        "West": 100226
      }
    },
    {
      "id": 100088,
      "name": "The Dragon Sea",
      "exits": {
        "North": 100087,
        "East": 100114,
        "South": 100089,
        "West": 100227
      }
    },
    {
      "id": 100089,
      "name": "The Dragon Sea",
      "exits": {
        "North": 100088,
        "East": 100115,
        "South": 100090,
        "West": 100228
      }
    },
    {
      "id": 100090,
      "name": "The Dragon Sea",
      "exits": {
        "North": 100089,
        "East": 100116,
        "South": 100091,
        "West": 100229
      }
    },
    {
      "id": 100091,
      "name": "The Dragon Sea",
      "exits": {
        "North": 100090,
        "East": 100117,
        "South": 100092,
        "West": 100230
      }
    },
    {
      "id": 100092,
      "name": "The Dragon Sea",
      "exits": {
        "North": 100091,
        "East": 100118,
        "South": 100093,
        "West": 100231
      }
    },
    {
      "id": 100093,
      "name": "The Dragon Sea",
      "exits": {
        "North": 100092,
        "East": 100119,
        "South": 100094,
        "West": 100232
      }
    },
    {
      "id": 100094,
      "name": "The Dragon Sea",
      "exits": {
        "North": 100093,
        "East": 100120,
        "South": 100095,
        "West": 100233
      }
    },
    {
      "id": 100095,
      "name": "The Dragon Sea",
      "exits": {
        "North": 100094,
        "East": 100121,
        "South": 100096,
        "West": 100234
      }
    },
    {
      "id": 100096,
      "name": "The Dragon Sea",
      "exits": {
        "North": 100095,
        "East": 100122,
        "South": 100097,
        "West": 100235
      }
    },
    {
      "id": 100097,
      "name": "The Dragon Sea",
      "exits": {
        "North": 100096,
        "East": 100123,
        "South": 100098,
        "West": 100236
      }
    },
    {
      "id": 100098,
      "name": "The Dragon Sea",
      "exits": {
        "North": 100097,
        "East": 100124,
        "South": 100099,
        "West": 100237
      }
    },
    {
      "id": 100099,
      "name": "On a Reef ",
      "exits": {
        "North": 100098,
        "East": 100125,
        "South": 21000,
        "West": 100238
      }
    },
    {
      "id": 100100,
      "name": "The Dragon Sea",
      "exits": {
        "North": 100046,
        "East": 100152,
        "South": 100101,
        "West": 100070
      }
    },
    {
      "id": 100101,
      "name": "The Dragon Sea",
      "exits": {
        "North": 100100,
        "East": 100151,
        "South": 100102,
        "West": 100075
      }
    },
    {
      "id": 100102,
      "name": "The Dragon Sea",
      "exits": {
        "North": 100101,
        "East": 100150,
        "South": 100103,
        "West": 100076
      }
    },
    {
      "id": 100103,
      "name": "The Dragon Sea",
      "exits": {
        "North": 100102,
        "East": 100149,
        "South": 100104,
        "West": 100077
      }
    },
    {
      "id": 100104,
      "name": "The Dragon Sea",
      "exits": {
        "North": 100103,
        "East": 100148,
        "South": 100105,
        "West": 100078
      }
    },
    {
      "id": 100105,
      "name": "The Dragon Sea",
      "exits": {
        "North": 100104,
        "East": 100147,
        "South": 100106,
        "West": 100079
      }
    },
    {
      "id": 100106,
      "name": "The Dragon Sea",
      "exits": {
        "North": 100105,
        "East": 100146,
        "South": 100107,
        "West": 100080
      }
    },
    {
      "id": 100107,
      "name": "The Dragon Sea",
      "exits": {
        "North": 100106,
        "East": 100145,
        "South": 100108,
        "West": 100081
      }
    },
    {
      "id": 100108,
      "name": "The Dragon Sea",
      "exits": {
        "North": 100107,
        "East": 100144,
        "South": 100109,
        "West": 100082
      }
    },
    {
      "id": 100109,
      "name": "The Dragon Sea",
      "exits": {
        "North": 100108,
        "East": 100143,
        "South": 100110,
        "West": 100083
      }
    },
    {
      "id": 100110,
      "name": "The Dragon Sea",
      "exits": {
        "North": 100109,
        "East": 100142,
        "South": 100111,
        "West": 100084
      }
    },
    {
      "id": 100111,
      "name": "The Dragon Sea",
      "exits": {
        "North": 100110,
        "East": 100141,
        "South": 100112,
        "West": 100085
      }
    },
    {
      "id": 100112,
      "name": "The Dragon Sea",
      "exits": {
        "North": 100111,
        "East": 100140,
        "South": 100113,
        "West": 100086
      }
    },
    {
      "id": 100113,
      "name": "The Dragon Sea",
      "exits": {
        "North": 100112,
        "East": 100139,
        "South": 100114,
        "West": 100087
      }
    },
    {
      "id": 100114,
      "name": "The Dragon Sea",
      "exits": {
        "North": 100113,
        "East": 100138,
        "South": 100115,
        "West": 100088
      }
    },
    {
      "id": 100115,
      "name": "The Dragon Sea",
      "exits": {
        "North": 100114,
        "East": 100137,
        "South": 100116,
        "West": 100089
      }
    },
    {
      "id": 100116,
      "name": "The Dragon Sea",
      "exits": {
        "North": 100115,
        "East": 100136,
        "South": 100117,
        "West": 100090
      }
    },
    {
      "id": 100117,
      "name": "The Dragon Sea",
      "exits": {
        "North": 100116,
        "East": 100135,
        "South": 100118,
        "West": 100091
      }
    },
    {
      "id": 100118,
      "name": "The Dragon Sea",
      "exits": {
        "North": 100117,
        "East": 100134,
        "South": 100119,
        "West": 100092
      }
    },
    {
      "id": 100119,
      "name": "The Dragon Sea",
      "exits": {
        "North": 100118,
        "East": 100133,
        "South": 100120,
        "West": 100093
      }
    },
    {
      "id": 100120,
      "name": "The Dragon Sea",
      "exits": {
        "North": 100119,
        "East": 100132,
        "South": 100121,
        "West": 100094
      }
    },
    {
      "id": 100121,
      "name": "The Dragon Sea",
      "exits": {
        "North": 100120,
        "East": 100131,
        "South": 100122,
        "West": 100095
      }
    },
    {
      "id": 100122,
      "name": "The Dragon Sea",
      "exits": {
        "North": 100121,
        "East": 100130,
        "South": 100123,
        "West": 100096
      }
    },
    {
      "id": 100123,
      "name": "The Dragon Sea",
      "exits": {
        "North": 100122,
        "East": 100129,
        "South": 100124,
        "West": 100097
      }
    },
    {
      "id": 100124,
      "name": "The Dragon Sea",
      "exits": {
        "North": 100123,
        "East": 100128,
        "South": 100125,
        "West": 100098
      }
    },
    {
      "id": 100125,
      "name": "On a Reef ",
      "exits": {
        "North": 100124,
        "East": 100126,
        "South": 21001,
        "West": 100099
      }
    },
    {
      "id": 100126,
      "name": "On a Reef ",
      "exits": {
        "North": 100128,
        "East": 100155,
        "South": 100127,
        "West": 100125
      }
    },
    {
      "id": 100127,
      "name": "On a Reef ",
      "exits": {
        "North": 100126,
        "East": 100154,
        "South": 21005,
        "West": 21001
      }
    },
    {
      "id": 100128,
      "name": "The Dragon Sea ",
      "exits": {
        "North": 100129,
        "East": 100156,
        "South": 100126,
        "West": 100124
      }
    },
    {
      "id": 100129,
      "name": "The Dragon Sea ",
      "exits": {
        "North": 100130,
        "East": 100157,
        "South": 100128,
        "West": 100123
      }
    },
    {
      "id": 100130,
      "name": "The Dragon Sea ",
      "exits": {
        "North": 100131,
        "East": 100158,
        "South": 100129,
        "West": 100122
      }
    },
    {
      "id": 100131,
      "name": "The Dragon Sea ",
      "exits": {
        "North": 100132,
        "East": 100159,
        "South": 100130,
        "West": 100121
      }
    },
    {
      "id": 100132,
      "name": "The Dragon Sea ",
      "exits": {
        "North": 100133,
        "East": 100160,
        "South": 100131,
        "West": 100120
      }
    },
    {
      "id": 100133,
      "name": "The Dragon Sea ",
      "exits": {
        "North": 100134,
        "East": 100161,
        "South": 100132,
        "West": 100119
      }
    },
    {
      "id": 100134,
      "name": "The Dragon Sea ",
      "exits": {
        "North": 100135,
        "East": 100162,
        "South": 100133,
        "West": 100118
      }
    },
    {
      "id": 100135,
      "name": "The Dragon Sea ",
      "exits": {
        "North": 100136,
        "East": 100163,
        "South": 100134,
        "West": 100117
      }
    },
    {
      "id": 100136,
      "name": "The Dragon Sea ",
      "exits": {
        "North": 100137,
        "East": 100164,
        "South": 100135,
        "West": 100116
      }
    },
    {
      "id": 100137,
      "name": "The Dragon Sea ",
      "exits": {
        "North": 100138,
        "East": 100165,
        "South": 100136,
        "West": 100115
      }
    },
    {
      "id": 100138,
      "name": "The Dragon Sea ",
      "exits": {
        "North": 100139,
        "East": 100166,
        "South": 100137,
        "West": 100114
      }
    },
    {
      "id": 100139,
      "name": "The Dragon Sea ",
      "exits": {
        "North": 100140,
        "East": 100167,
        "South": 100138,
        "West": 100113
      }
    },
    {
      "id": 100140,
      "name": "The Dragon Sea ",
      "exits": {
        "North": 100141,
        "East": 100168,
        "South": 100139,
        "West": 100112
      }
    },
    {
      "id": 100141,
      "name": "The Dragon Sea ",
      "exits": {
        "North": 100142,
        "East": 100169,
        "South": 100140,
        "West": 100111
      }
    },
    {
      "id": 100142,
      "name": "The Dragon Sea ",
      "exits": {
        "North": 100143,
        "East": 100170,
        "South": 100141,
        "West": 100110
      }
    },
    {
      "id": 100143,
      "name": "The Dragon Sea ",
      "exits": {
        "North": 100144,
        "East": 100171,
        "South": 100142,
        "West": 100109
      }
    },
    {
      "id": 100144,
      "name": "The Dragon Sea ",
      "exits": {
        "North": 100145,
        "East": 100172,
        "South": 100143,
        "West": 100108
      }
    },
    {
      "id": 100145,
      "name": "The Dragon Sea ",
      "exits": {
        "North": 100146,
        "East": 100173,
        "South": 100144,
        "West": 100107
      }
    },
    {
      "id": 100146,
      "name": "The Dragon Sea ",
      "exits": {
        "North": 100147,
        "East": 100174,
        "South": 100145,
        "West": 100106
      }
    },
    {
      "id": 100147,
      "name": "The Dragon Sea ",
      "exits": {
        "North": 100148,
        "East": 100175,
        "South": 100146,
        "West": 100105
      }
    },
    {
      "id": 100148,
      "name": "The Dragon Sea ",
      "exits": {
        "North": 100149,
        "East": 100176,
        "South": 100147,
        "West": 100104
      }
    },
    {
      "id": 100149,
      "name": "The Dragon Sea ",
      "exits": {
        "North": 100150,
        "East": 100177,
        "South": 100148,
        "West": 100103
      }
    },
    {
      "id": 100150,
      "name": "The Dragon Sea ",
      "exits": {
        "North": 100151,
        "East": 100178,
        "South": 100149,
        "West": 100102
      }
    },
    {
      "id": 100151,
      "name": "The Dragon Sea ",
      "exits": {
        "North": 100152,
        "East": 100179,
        "South": 100150,
        "West": 100101
      }
    },
    {
      "id": 100152,
      "name": "The Dragon Sea ",
      "exits": {
        "North": 100047,
        "East": 100180,
        "South": 100151,
        "West": 100100
      }
    },
    {
      "id": 100154,
      "name": "On a Reef",
      "exits": {
        "North": 100155,
        "East": 100183,
        "South": 100153,
        "West": 100127
      }
    },
    {
      "id": 100155,
      "name": "The Dragon Sea ",
      "exits": {
        "North": 100156,
        "East": 100184,
        "South": 100154,
        "West": 100126
      }
    },
    {
      "id": 100156,
      "name": "The Dragon Sea ",
      "exits": {
        "North": 100157,
        "East": 100185,
        "South": 100155,
        "West": 100128
      }
    },
    {
      "id": 100157,
      "name": "The Dragon Sea ",
      "exits": {
        "North": 100158,
        "East": 100186,
        "South": 100156,
        "West": 100129
      }
    },
    {
      "id": 100158,
      "name": "The Dragon Sea ",
      "exits": {
        "North": 100159,
        "East": 100187,
        "South": 100157,
        "West": 100130
      }
    },
    {
      "id": 100159,
      "name": "The Dragon Sea ",
      "exits": {
        "North": 100160,
        "East": 100188,
        "South": 100158,
        "West": 100131
      }
    },
    {
      "id": 100160,
      "name": "The Dragon Sea ",
      "exits": {
        "North": 100161,
        "East": 100189,
        "South": 100159,
        "West": 100132
      }
    },
    {
      "id": 100161,
      "name": "The Dragon Sea ",
      "exits": {
        "North": 100162,
        "East": 100190,
        "South": 100160,
        "West": 100133
      }
    },
    {
      "id": 100162,
      "name": "The Dragon Sea ",
      "exits": {
        "North": 100163,
        "East": 100191,
        "South": 100161,
        "West": 100134
      }
    },
    {
      "id": 100163,
      "name": "The Dragon Sea ",
      "exits": {
        "North": 100164,
        "East": 100192,
        "South": 100162,
        "West": 100135
      }
    },
    {
      "id": 100164,
      "name": "The Dragon Sea ",
      "exits": {
        "North": 100165,
        "East": 100193,
        "South": 100163,
        "West": 100136
      }
    },
    {
      "id": 100165,
      "name": "The Dragon Sea ",
      "exits": {
        "North": 100166,
        "East": 100194,
        "South": 100164,
        "West": 100137
      }
    },
    {
      "id": 100166,
      "name": "The Dragon Sea ",
      "exits": {
        "North": 100167,
        "East": 100195,
        "South": 100165,
        "West": 100138
      }
    },
    {
      "id": 100167,
      "name": "The Dragon Sea ",
      "exits": {
        "North": 100168,
        "East": 100196,
        "South": 100166,
        "West": 100139
      }
    },
    {
      "id": 100168,
      "name": "The Dragon Sea ",
      "exits": {
        "North": 100169,
        "East": 100197,
        "South": 100167,
        "West": 100140
      }
    },
    {
      "id": 100169,
      "name": "The Dragon Sea ",
      "exits": {
        "North": 100170,
        "East": 100198,
        "South": 100168,
        "West": 100141
      }
    },
    {
      "id": 100170,
      "name": "The Dragon Sea ",
      "exits": {
        "North": 100171,
        "East": 100199,
        "South": 100169,
        "West": 100142
      }
    },
    {
      "id": 100171,
      "name": "The Dragon Sea ",
      "exits": {
        "North": 100172,
        "East": 100200,
        "South": 100170,
        "West": 100143
      }
    },
    {
      "id": 100172,
      "name": "The Dragon Sea ",
      "exits": {
        "North": 100173,
        "East": 100201,
        "South": 100171,
        "West": 100144
      }
    },
    {
      "id": 100173,
      "name": "The Dragon Sea ",
      "exits": {
        "North": 100174,
        "East": 100202,
        "South": 100172,
        "West": 100145
      }
    },
    {
      "id": 100174,
      "name": "The Dragon Sea ",
      "exits": {
        "North": 100175,
        "East": 100203,
        "South": 100173,
        "West": 100146
      }
    },
    {
      "id": 100175,
      "name": "The Dragon Sea ",
      "exits": {
        "North": 100176,
        "East": 100204,
        "South": 100174,
        "West": 100147
      }
    },
    {
      "id": 100176,
      "name": "The Dragon Sea ",
      "exits": {
        "North": 100177,
        "East": 100205,
        "South": 100175,
        "West": 100148
      }
    },
    {
      "id": 100177,
      "name": "The Dragon Sea ",
      "exits": {
        "North": 100178,
        "East": 100206,
        "South": 100176,
        "West": 100149
      }
    },
    {
      "id": 100178,
      "name": "The Dragon Sea ",
      "exits": {
        "North": 100179,
        "East": 100207,
        "South": 100177,
        "West": 100150
      }
    },
    {
      "id": 100179,
      "name": "The Dragon Sea ",
      "exits": {
        "North": 100180,
        "East": 100208,
        "South": 100178,
        "West": 100151
      }
    },
    {
      "id": 100180,
      "name": "The Dragon Sea ",
      "exits": {
        "North": 100048,
        "East": 100209,
        "South": 100179,
        "West": 100152
      }
    },
    {
      "id": 100183,
      "name": "The Dragon Sea ",
      "exits": {
        "North": 100184,
        "East": 100242,
        "South": 100182,
        "West": 100154
      }
    },
    {
      "id": 100184,
      "name": "The Dragon Sea ",
      "exits": {
        "North": 100185,
        "East": 100243,
        "South": 100183,
        "West": 100155
      }
    },
    {
      "id": 100185,
      "name": "The Dragon Sea ",
      "exits": {
        "North": 100186,
        "East": 100244,
        "South": 100184,
        "West": 100156
      }
    },
    {
      "id": 100186,
      "name": "The Dragon Sea ",
      "exits": {
        "North": 100187,
        "East": 100245,
        "South": 100185,
        "West": 100157
      }
    },
    {
      "id": 100187,
      "name": "The Dragon Sea ",
      "exits": {
        "North": 100188,
        "East": 100246,
        "South": 100186,
        "West": 100158
      }
    },
    {
      "id": 100188,
      "name": "The Dragon Sea ",
      "exits": {
        "North": 100189,
        "East": 100247,
        "South": 100187,
        "West": 100159
      }
    },
    {
      "id": 100189,
      "name": "The Dragon Sea ",
      "exits": {
        "North": 100190,
        "East": 100248,
        "South": 100188,
        "West": 100160
      }
    },
    {
      "id": 100190,
      "name": "The Dragon Sea ",
      "exits": {
        "North": 100191,
        "East": 100249,
        "South": 100189,
        "West": 100161
      }
    },
    {
      "id": 100191,
      "name": "The Dragon Sea ",
      "exits": {
        "North": 100192,
        "East": 100250,
        "South": 100190,
        "West": 100162
      }
    },
    {
      "id": 100192,
      "name": "The Dragon Sea ",
      "exits": {
        "North": 100193,
        "East": 100251,
        "South": 100191,
        "West": 100163
      }
    },
    {
      "id": 100193,
      "name": "The Dragon Sea ",
      "exits": {
        "North": 100194,
        "East": 100252,
        "South": 100192,
        "West": 100164
      }
    },
    {
      "id": 100194,
      "name": "The Dragon Sea ",
      "exits": {
        "North": 100195,
        "East": 100253,
        "South": 100193,
        "West": 100165
      }
    },
    {
      "id": 100195,
      "name": "The Dragon Sea ",
      "exits": {
        "North": 100196,
        "East": 100254,
        "South": 100194,
        "West": 100166
      }
    },
    {
      "id": 100196,
      "name": "The Dragon Sea ",
      "exits": {
        "North": 100197,
        "East": 100255,
        "South": 100195,
        "West": 100167
      }
    },
    {
      "id": 100197,
      "name": "The Dragon Sea ",
      "exits": {
        "North": 100198,
        "East": 100256,
        "South": 100196,
        "West": 100168
      }
    },
    {
      "id": 100198,
      "name": "The Dragon Sea ",
      "exits": {
        "North": 100199,
        "East": 100257,
        "South": 100197,
        "West": 100169
      }
    },
    {
      "id": 100199,
      "name": "The Dragon Sea ",
      "exits": {
        "North": 100200,
        "East": 100258,
        "South": 100198,
        "West": 100170
      }
    },
    {
      "id": 100200,
      "name": "The Dragon Sea ",
      "exits": {
        "North": 100201,
        "East": 100259,
        "South": 100199,
        "West": 100171
      }
    },
    {
      "id": 100201,
      "name": "The Dragon Sea ",
      "exits": {
        "North": 100202,
        "East": 100260,
        "South": 100200,
        "West": 100172
      }
    },
    {
      "id": 100202,
      "name": "The Dragon Sea ",
      "exits": {
        "North": 100203,
        "East": 100261,
        "South": 100201,
        "West": 100173
      }
    },
    {
      "id": 100203,
      "name": "The Dragon Sea ",
      "exits": {
        "North": 100204,
        "East": 100262,
        "South": 100202,
        "West": 100174
      }
    },
    {
      "id": 100204,
      "name": "The Dragon Sea ",
      "exits": {
        "North": 100205,
        "East": 100263,
        "South": 100203,
        "West": 100175
      }
    },
    {
      "id": 100205,
      "name": "The Dragon Sea ",
      "exits": {
        "North": 100206,
        "East": 100264,
        "South": 100204,
        "West": 100176
      }
    },
    {
      "id": 100206,
      "name": "The Dragon Sea ",
      "exits": {
        "North": 100207,
        "East": 100265,
        "South": 100205,
        "West": 100177
      }
    },
    {
      "id": 100207,
      "name": "The Dragon Sea ",
      "exits": {
        "North": 100208,
        "East": 100266,
        "South": 100206,
        "West": 100178
      }
    },
    {
      "id": 100208,
      "name": "The Dragon Sea ",
      "exits": {
        "North": 100209,
        "East": 100267,
        "South": 100207,
        "West": 100179
      }
    },
    {
      "id": 100209,
      "name": "The Dragon Sea ",
      "exits": {
        "North": 100049,
        "East": 100268,
        "South": 100208,
        "West": 100180
      }
    },
    {
      "id": 100210,
      "name": "The River Delta ",
      "exits": {
        "North": 100015,
        "East": 100071,
        "South": 100211,
        "West": 100014
      }
    },
    {
      "id": 100212,
      "name": "The River Delta ",
      "exits": {
        "North": 100071,
        "East": 100213,
        "West": 100211
      }
    },
    {
      "id": 100213,
      "name": "The River Delta",
      "exits": {
        "North": 100072,
        "East": 100214,
        "West": 100212
      }
    },
    {
      "id": 100214,
      "name": "The Dragon Sea ",
      "exits": {
        "North": 100073,
        "East": 100215,
        "West": 100213
      }
    },
    {
      "id": 100215,
      "name": "The Dragon Sea ",
      "exits": {
        "North": 100074,
        "East": 100076,
        "South": 100216,
        "West": 100214
      }
    },
    {
      "id": 100216,
      "name": "The Dragon Sea ",
      "exits": {
        "North": 100215,
        "East": 100077,
        "South": 100217
      }
    },
    {
      "id": 100217,
      "name": "The Dragon Sea ",
      "exits": {
        "North": 100216,
        "East": 100078,
        "South": 100218
      }
    },
    {
      "id": 100218,
      "name": "The Dragon Sea ",
      "exits": {
        "North": 100217,
        "East": 100079,
        "South": 100219
      }
    },
    {
      "id": 100219,
      "name": "The Dragon Sea ",
      "exits": {
        "North": 100218,
        "East": 100080,
        "South": 100220
      }
    },
    {
      "id": 100220,
      "name": "The Dragon Sea ",
      "exits": {
        "North": 100219,
        "East": 100081,
        "South": 100221
      }
    },
    {
      "id": 100221,
      "name": "The Dragon Sea ",
      "exits": {
        "North": 100220,
        "East": 100082,
        "South": 100222
      }
    },
    {
      "id": 100222,
      "name": "The Dragon Sea ",
      "exits": {
        "North": 100221,
        "East": 100083,
        "South": 100223
      }
    },
    {
      "id": 100223,
      "name": "The Dragon Sea ",
      "exits": {
        "North": 100222,
        "East": 100084,
        "South": 100224
      }
    },
    {
      "id": 100224,
      "name": "The Dragon Sea ",
      "exits": {
        "North": 100223,
        "East": 100085,
        "South": 100225
      }
    },
    {
      "id": 100225,
      "name": "The Dragon Sea ",
      "exits": {
        "North": 100224,
        "East": 100086,
        "South": 100226
      }
    },
    {
      "id": 100226,
      "name": "The Dragon Sea ",
      "exits": {
        "North": 100225,
        "East": 100087,
        "South": 100227
      }
    },
    {
      "id": 100227,
      "name": "The Dragon Sea ",
      "exits": {
        "North": 100226,
        "East": 100088,
        "South": 100228
      }
    },
    {
      "id": 100228,
      "name": "The Dragon Sea ",
      "exits": {
        "North": 100227,
        "East": 100089,
        "South": 100229
      }
    },
    {
      "id": 100229,
      "name": "The Dragon Sea ",
      "exits": {
        "North": 100228,
        "East": 100090,
        "South": 100230
      }
    },
    {
      "id": 100230,
      "name": "The Dragon Sea ",
      "exits": {
        "North": 100229,
        "East": 100091,
        "South": 100231
      }
    },
    {
      "id": 100231,
      "name": "The Dragon Sea ",
      "exits": {
        "North": 100230,
        "East": 100092,
        "South": 100232
      }
    },
    {
      "id": 100232,
      "name": "The Dragon Sea ",
      "exits": {
        "North": 100231,
        "East": 100093,
        "South": 100233
      }
    },
    {
      "id": 100233,
      "name": "The Dragon Sea ",
      "exits": {
        "North": 100232,
        "East": 100094,
        "South": 100234
      }
    },
    {
      "id": 100234,
      "name": "The Dragon Sea ",
      "exits": {
        "North": 100233,
        "East": 100095,
        "South": 100235
      }
    },
    {
      "id": 100235,
      "name": "The Dragon Sea ",
      "exits": {
        "North": 100234,
        "East": 100096,
        "South": 100236
      }
    },
    {
      "id": 100236,
      "name": "The Dragon Sea ",
      "exits": {
        "North": 100235,
        "East": 100097,
        "South": 100237
      }
    },
    {
      "id": 100237,
      "name": "The Dragon Sea ",
      "exits": {
        "North": 100236,
        "East": 100098,
        "South": 100238
      }
    },
    {
      "id": 100238,
      "name": "On a Reef ",
      "exits": {
        "North": 100237,
        "East": 100099,
        "South": 100239
      }
    },
    {
      "id": 100153,
      "name": "On a Reef ",
      "exits": {
        "North": 100154,
        "East": 100182,
        "South": 21011,
        "West": 21005
      }
    },
    {
      "id": 100181,
      "name": "The Reefs ",
      "exits": {
        "North": 100182,
        "East": 100240,
        "South": 21019,
        "West": 21011
      }
    },
    {
      "id": 100182,
      "name": "On a Reef ",
      "exits": {
        "North": 100183,
        "East": 100241,
        "South": 100240,
        "West": 100153
      }
    },
    {
      "id": 100239,
      "name": "On a Reef ",
      "exits": {
        "North": 100238,
        "East": 21000,
        "South": 21003
      }
    },
    {
      "id": 100240,
      "name": "On a Reef ",
      "exits": {
        "North": 100241,
        "East": 100271,
        "South": 100269,
        "West": 100181
      }
    },
    {
      "id": 100241,
      "name": "On a Reef ",
      "exits": {
        "North": 100242,
        "East": 100272,
        "South": 100240,
        "West": 100182
      }
    },
    {
      "id": 100242,
      "name": "The Dragon Sea ",
      "exits": {
        "North": 100243,
        "East": 100273,
        "South": 100241,
        "West": 100183
      }
    },
    {
      "id": 100243,
      "name": "The Dragon Sea ",
      "exits": {
        "North": 100244,
        "East": 100274,
        "South": 100242,
        "West": 100184
      }
    },
    {
      "id": 100244,
      "name": "The Dragon Sea ",
      "exits": {
        "North": 100245,
        "East": 100275,
        "South": 100243,
        "West": 100185
      }
    },
    {
      "id": 100245,
      "name": "The Dragon Sea ",
      "exits": {
        "North": 100246,
        "East": 100276,
        "South": 100244,
        "West": 100186
      }
    },
    {
      "id": 100246,
      "name": "The Dragon Sea ",
      "exits": {
        "North": 100247,
        "East": 100277,
        "South": 100245,
        "West": 100187
      }
    },
    {
      "id": 100247,
      "name": "The Dragon Sea ",
      "exits": {
        "North": 100248,
        "East": 100278,
        "South": 100246,
        "West": 100188
      }
    },
    {
      "id": 100248,
      "name": "The Dragon Sea ",
      "exits": {
        "North": 100249,
        "East": 100279,
        "South": 100247,
        "West": 100189
      }
    },
    {
      "id": 100249,
      "name": "The Dragon Sea ",
      "exits": {
        "North": 100250,
        "East": 100280,
        "South": 100248,
        "West": 100190
      }
    },
    {
      "id": 100250,
      "name": "The Dragon Sea ",
      "exits": {
        "North": 100251,
        "East": 100281,
        "South": 100249,
        "West": 100191
      }
    },
    {
      "id": 100251,
      "name": "The Dragon Sea ",
      "exits": {
        "North": 100252,
        "East": 100282,
        "South": 100250,
        "West": 100192
      }
    },
    {
      "id": 100252,
      "name": "The Dragon Sea ",
      "exits": {
        "North": 100253,
        "East": 100283,
        "South": 100251,
        "West": 100193
      }
    },
    {
      "id": 100253,
      "name": "The Dragon Sea ",
      "exits": {
        "North": 100254,
        "East": 100284,
        "South": 100252,
        "West": 100194
      }
    },
    {
      "id": 100254,
      "name": "The Dragon Sea ",
      "exits": {
        "North": 100255,
        "East": 100285,
        "South": 100253,
        "West": 100195
      }
    },
    {
      "id": 100255,
      "name": "The Dragon Sea ",
      "exits": {
        "North": 100256,
        "East": 100286,
        "South": 100254,
        "West": 100196
      }
    },
    {
      "id": 100256,
      "name": "The Dragon Sea ",
      "exits": {
        "North": 100257,
        "East": 100287,
        "South": 100255,
        "West": 100197
      }
    },
    {
      "id": 100257,
      "name": "The Dragon Sea ",
      "exits": {
        "North": 100258,
        "East": 100288,
        "South": 100256,
        "West": 100198
      }
    },
    {
      "id": 100258,
      "name": "The Dragon Sea ",
      "exits": {
        "North": 100259,
        "East": 100289,
        "South": 100257,
        "West": 100199
      }
    },
    {
      "id": 100259,
      "name": "The Dragon Sea ",
      "exits": {
        "North": 100260,
        "East": 100290,
        "South": 100258,
        "West": 100200
      }
    },
    {
      "id": 100260,
      "name": "The Dragon Sea ",
      "exits": {
        "North": 100261,
        "East": 100291,
        "South": 100259,
        "West": 100201
      }
    },
    {
      "id": 100261,
      "name": "The Dragon Sea ",
      "exits": {
        "North": 100262,
        "East": 100292,
        "South": 100260,
        "West": 100202
      }
    },
    {
      "id": 100262,
      "name": "The Dragon Sea ",
      "exits": {
        "North": 100263,
        "East": 100293,
        "South": 100261,
        "West": 100203
      }
    },
    {
      "id": 100263,
      "name": "The Dragon Sea ",
      "exits": {
        "North": 100264,
        "East": 100294,
        "South": 100262,
        "West": 100204
      }
    },
    {
      "id": 100264,
      "name": "The Dragon Sea ",
      "exits": {
        "North": 100265,
        "East": 100295,
        "South": 100263,
        "West": 100205
      }
    },
    {
      "id": 100265,
      "name": "The Dragon Sea ",
      "exits": {
        "North": 100266,
        "East": 100296,
        "South": 100264,
        "West": 100206
      }
    },
    {
      "id": 100266,
      "name": "The Dragon Sea ",
      "exits": {
        "North": 100267,
        "East": 100297,
        "South": 100265,
        "West": 100207
      }
    },
    {
      "id": 100267,
      "name": "The Dragon Sea ",
      "exits": {
        "North": 100268,
        "East": 100298,
        "South": 100266,
        "West": 100208
      }
    },
    {
      "id": 100268,
      "name": "The Dragon Sea ",
      "exits": {
        "North": 100050,
        "East": 100299,
        "South": 100267,
        "West": 100209
      }
    },
    {
      "id": 100269,
      "name": "On a Reef ",
      "exits": {
        "North": 100240,
        "East": 100270,
        "South": 21021,
        "West": 21019
      }
    },
    {
      "id": 100270,
      "name": "On a Reef ",
      "exits": {
        "North": 100271,
        "South": 100300,
        "West": 100269
      }
    },
    {
      "id": 100271,
      "name": "On a Reef ",
      "exits": {
        "North": 100272,
        "South": 100270,
        "West": 100240
      }
    },
    {
      "id": 100272,
      "name": "The Dragon Sea ",
      "exits": {
        "North": 100273,
        "South": 100271,
        "West": 100241
      }
    },
    {
      "id": 100273,
      "name": "The Dragon Sea ",
      "exits": {
        "North": 100274,
        "South": 100272,
        "West": 100242
      }
    },
    {
      "id": 100274,
      "name": "The Dragon Sea ",
      "exits": {
        "North": 100275,
        "South": 100273,
        "West": 100243
      }
    },
    {
      "id": 100275,
      "name": "The Dragon Sea ",
      "exits": {
        "North": 100276,
        "South": 100274,
        "West": 100244
      }
    },
    {
      "id": 100276,
      "name": "The Dragon Sea ",
      "exits": {
        "North": 100277,
        "South": 100275,
        "West": 100245
      }
    },
    {
      "id": 100277,
      "name": "The Dragon Sea ",
      "exits": {
        "North": 100278,
        "South": 100276,
        "West": 100246
      }
    },
    {
      "id": 100278,
      "name": "The Dragon Sea ",
      "exits": {
        "North": 100279,
        "South": 100277,
        "West": 100247
      }
    },
    {
      "id": 100279,
      "name": "The Dragon Sea ",
      "exits": {
        "North": 100280,
        "East": 100368,
        "South": 100278,
        "West": 100248
      }
    },
    {
      "id": 100280,
      "name": "The Dragon Sea ",
      "exits": {
        "North": 100281,
        "East": 100358,
        "South": 100279,
        "West": 100249
      }
    },
    {
      "id": 100281,
      "name": "The Dragon Sea ",
      "exits": {
        "North": 100282,
        "East": 100356,
        "South": 100280,
        "West": 100250
      }
    },
    {
      "id": 100282,
      "name": "Cliffs of Carnage ",
      "exits": {
        "North": 100283,
        "East": 100357,
        "South": 100281,
        "West": 100251
      }
    },
    {
      "id": 100283,
      "name": "Cliffs of Carnage ",
      "exits": {
        "North": 100284,
        "South": 100282,
        "West": 100252
      }
    },
    {
      "id": 100284,
      "name": "Cliffs of Carnage ",
      "exits": {
        "North": 100285,
        "South": 100283,
        "West": 100253
      }
    },
    {
      "id": 100285,
      "name": "Cliffs of Carnage ",
      "exits": {
        "North": 100286,
        "South": 100284,
        "West": 100254
      }
    },
    {
      "id": 100286,
      "name": "Cliffs of Carnage ",
      "exits": {
        "North": 100287,
        "South": 100285,
        "West": 100255
      }
    },
    {
      "id": 100287,
      "name": "Cliffs of Carnage ",
      "exits": {
        "North": 100288,
        "South": 100286,
        "West": 100256
      }
    },
    {
      "id": 100288,
      "name": "Cliffs of Carnage ",
      "exits": {
        "North": 100289,
        "South": 100287,
        "West": 100257
      }
    },
    {
      "id": 100289,
      "name": "Cliffs of Carnage ",
      "exits": {
        "North": 100290,
        "South": 100288,
        "West": 100258
      }
    },
    {
      "id": 100290,
      "name": "Cliffs of Carnage ",
      "exits": {
        "North": 100291,
        "South": 100289,
        "West": 100259
      }
    },
    {
      "id": 100291,
      "name": "Cliffs of Carnage ",
      "exits": {
        "North": 100292,
        "South": 100290,
        "West": 100260
      }
    },
    {
      "id": 100292,
      "name": "Cliffs of Carnage ",
      "exits": {
        "North": 100293,
        "South": 100291,
        "West": 100261
      }
    },
    {
      "id": 100293,
      "name": "Cliffs of Carnage ",
      "exits": {
        "North": 100294,
        "South": 100292,
        "West": 100262
      }
    },
    {
      "id": 100294,
      "name": "Cliffs of Carnage ",
      "exits": {
        "North": 100295,
        "South": 100293,
        "West": 100263
      }
    },
    {
      "id": 100295,
      "name": "Cliffs of Carnage ",
      "exits": {
        "North": 100296,
        "South": 100294,
        "West": 100264
      }
    },
    {
      "id": 100296,
      "name": "Cliffs of Carnage ",
      "exits": {
        "North": 100297,
        "South": 100295,
        "West": 100265
      }
    },
    {
      "id": 100297,
      "name": "Cliffs of Carnage ",
      "exits": {
        "North": 100298,
        "East": 100328,
        "South": 100296,
        "West": 100266
      }
    },
    {
      "id": 100298,
      "name": "The Dragon Sea ",
      "exits": {
        "North": 100299,
        "East": 100327,
        "South": 100297,
        "West": 100267
      }
    },
    {
      "id": 100299,
      "name": "The Dragon Sea ",
      "exits": {
        "North": 100051,
        "East": 100313,
        "South": 100298,
        "West": 100268
      }
    },
    {
      "id": 100300,
      "name": "On a Reef ",
      "exits": {
        "North": 100270,
        "South": 21024,
        "West": 21021
      }
    },
    {
      "id": 100301,
      "name": "The Dragon Sea ",
      "exits": {
        "North": 100064,
        "South": 100315,
        "West": 100302
      }
    },
    {
      "id": 100302,
      "name": "The Dragon Sea ",
      "exits": {
        "North": 100063,
        "East": 100301,
        "South": 100316,
        "West": 100303
      }
    },
    {
      "id": 100303,
      "name": "The Dragon Sea ",
      "exits": {
        "North": 100062,
        "East": 100302,
        "South": 100317,
        "West": 100304
      }
    },
    {
      "id": 100304,
      "name": "The Dragon Sea ",
      "exits": {
        "North": 100061,
        "East": 100303,
        "South": 100318,
        "West": 100305
      }
    },
    {
      "id": 100305,
      "name": "The Dragon Sea ",
      "exits": {
        "North": 100060,
        "East": 100304,
        "South": 100319,
        "West": 100306
      }
    },
    {
      "id": 100306,
      "name": "The Dragon Sea ",
      "exits": {
        "North": 100059,
        "East": 100305,
        "South": 100320,
        "West": 100307
      }
    },
    {
      "id": 100307,
      "name": "The Dragon Sea ",
      "exits": {
        "North": 100058,
        "East": 100306,
        "South": 100321,
        "West": 100308
      }
    },
    {
      "id": 100308,
      "name": "The Dragon Sea ",
      "exits": {
        "North": 100057,
        "East": 100307,
        "South": 100322,
        "West": 100309
      }
    },
    {
      "id": 100309,
      "name": "The Dragon Sea ",
      "exits": {
        "North": 100056,
        "East": 100308,
        "South": 100323,
        "West": 100310
      }
    },
    {
      "id": 100310,
      "name": "The Dragon Sea ",
      "exits": {
        "North": 100055,
        "East": 100309,
        "South": 100324,
        "West": 100311
      }
    },
    {
      "id": 100311,
      "name": "The Dragon Sea ",
      "exits": {
        "North": 100054,
        "East": 100310,
        "South": 100325,
        "West": 100312
      }
    },
    {
      "id": 100312,
      "name": "The Dragon Sea ",
      "exits": {
        "North": 100053,
        "East": 100311,
        "South": 100326,
        "West": 100313
      }
    },
    {
      "id": 100314,
      "name": "",
      "exits": {
        "North": 100052
      }
    },
    {
      "id": 100313,
      "name": "The Dragon Sea ",
      "exits": {
        "North": 100052,
        "East": 100312,
        "South": 100327,
        "West": 100299
      }
    },
    {
      "id": 100315,
      "name": "The Dragon Sea ",
      "exits": {
        "North": 100301,
        "West": 100316
      }
    },
    {
      "id": 100316,
      "name": "The Dragon Sea ",
      "exits": {
        "North": 100302,
        "East": 100315,
        "South": 100437,
        "West": 100317
      }
    },
    {
      "id": 100317,
      "name": "The Dragon Sea ",
      "exits": {
        "North": 100303,
        "East": 100316,
        "South": 100417,
        "West": 100318
      }
    },
    {
      "id": 100318,
      "name": "The Dragon Sea ",
      "exits": {
        "North": 100304,
        "East": 100317,
        "South": 100396,
        "West": 100319
      }
    },
    {
      "id": 100319,
      "name": "Cliffs of Carnage ",
      "exits": {
        "North": 100305,
        "East": 100318,
        "South": 100451,
        "West": 100320
      }
    },
    {
      "id": 100320,
      "name": "Cliffs of Carnage ",
      "exits": {
        "North": 100306,
        "East": 100319,
        "West": 100321
      }
    },
    {
      "id": 100321,
      "name": "Cliffs of Carnage ",
      "exits": {
        "North": 100307,
        "East": 100320,
        "South": 100466,
        "West": 100322
      }
    },
    {
      "id": 100322,
      "name": "The Dragon Sea ",
      "exits": {
        "North": 100308,
        "East": 100321,
        "South": 100330,
        "West": 100323
      }
    },
    {
      "id": 100323,
      "name": "Cliffs of Carnage ",
      "exits": {
        "North": 100309,
        "East": 100322,
        "South": 100329,
        "West": 100324
      }
    },
    {
      "id": 100324,
      "name": "Cliffs of Carnage ",
      "exits": {
        "North": 100310,
        "East": 100323,
        "West": 100325
      }
    },
    {
      "id": 100325,
      "name": "An Opening in the Cliffs",
      "exits": {
        "North": 100311,
        "East": 100324,
        "South": 4645,
        "West": 100326
      }
    },
    {
      "id": 100326,
      "name": "Cliffs of Carnage ",
      "exits": {
        "North": 100312,
        "East": 100325,
        "West": 100327
      }
    },
    {
      "id": 100327,
      "name": "Cliffs of Carnage ",
      "exits": {
        "North": 100313,
        "East": 100326,
        "South": 100328,
        "West": 100298
      }
    },
    {
      "id": 100328,
      "name": "Cliffs of Carnage ",
      "exits": {
        "North": 100327,
        "West": 100297
      }
    },
    {
      "id": 100329,
      "name": "Cliffs of Carnage ",
      "exits": {
        "North": 100323,
        "East": 100330
      }
    },
    {
      "id": 100330,
      "name": "Cliffs of Carnage ",
      "exits": {
        "North": 100322,
        "East": 100466,
        "South": 100331,
        "West": 100329
      }
    },
    {
      "id": 100331,
      "name": "Cliffs of Carnage ",
      "exits": {
        "North": 100330,
        "South": 100332
      }
    },
    {
      "id": 100332,
      "name": "Cliffs of Carnage ",
      "exits": {
        "North": 100331,
        "East": 100465,
        "South": 100333
      }
    },
    {
      "id": 100333,
      "name": "Cliffs of Carnage ",
      "exits": {
        "North": 100332,
        "East": 100334
      }
    },
    {
      "id": 100334,
      "name": "Cliffs of Carnage ",
      "exits": {
        "North": 100465,
        "East": 100453,
        "South": 100335,
        "West": 100333
      }
    },
    {
      "id": 100335,
      "name": "Cliffs of Carnage ",
      "exits": {
        "North": 100334,
        "East": 100454,
        "South": 100336
      }
    },
    {
      "id": 100336,
      "name": "Cliffs of Carnage ",
      "exits": {
        "North": 100335,
        "East": 100457,
        "South": 100337
      }
    },
    {
      "id": 100337,
      "name": "Cliffs of Carnage ",
      "exits": {
        "North": 100336,
        "East": 100338
      }
    },
    {
      "id": 100338,
      "name": "Cliffs of Carnage ",
      "exits": {
        "North": 100457,
        "East": 100458,
        "South": 100339,
        "West": 100337
      }
    },
    {
      "id": 100339,
      "name": "Cliffs of Carnage ",
      "exits": {
        "North": 100338,
        "East": 100448,
        "South": 100340
      }
    },
    {
      "id": 100340,
      "name": "Cliffs of Carnage ",
      "exits": {
        "North": 100339,
        "East": 100447,
        "South": 100341
      }
    },
    {
      "id": 100341,
      "name": "Cliffs of Carnage ",
      "exits": {
        "North": 100340,
        "East": 100446,
        "South": 100342
      }
    },
    {
      "id": 100342,
      "name": "Cliffs of Carnage ",
      "exits": {
        "North": 100341,
        "East": 100445,
        "South": 100343
      }
    },
    {
      "id": 100343,
      "name": "Cliffs of Carnage ",
      "exits": {
        "North": 100342,
        "East": 100461,
        "South": 100344
      }
    },
    {
      "id": 100344,
      "name": "Cliffs of Carnage ",
      "exits": {
        "North": 100343,
        "East": 100462,
        "South": 100459,
        "West": 100345
      }
    },
    {
      "id": 100345,
      "name": "Cliffs of Carnage ",
      "exits": {
        "East": 100344,
        "South": 100346
      }
    },
    {
      "id": 100346,
      "name": "Cliffs of Carnage ",
      "exits": {
        "North": 100345,
        "East": 100459,
        "South": 100347
      }
    },
    {
      "id": 100347,
      "name": "Cliffs of Carnage ",
      "exits": {
        "North": 100346,
        "East": 100460,
        "South": 100367,
        "West": 100348
      }
    },
    {
      "id": 100348,
      "name": "Cliffs of Carnage ",
      "exits": {
        "East": 100347,
        "South": 100366,
        "West": 100349
      }
    },
    {
      "id": 100349,
      "name": "Cliffs of Carnage ",
      "exits": {
        "East": 100348,
        "South": 100364,
        "West": 100350
      }
    },
    {
      "id": 100350,
      "name": "Cliffs of Carnage ",
      "exits": {
        "East": 100349,
        "South": 100351
      }
    },
    {
      "id": 100351,
      "name": "Cliffs of Carnage ",
      "exits": {
        "North": 100350,
        "East": 100364,
        "South": 100352
      }
    },
    {
      "id": 100352,
      "name": "Cliffs of Carnage ",
      "exits": {
        "North": 100351,
        "East": 100363,
        "South": 100362,
        "West": 100353
      }
    },
    {
      "id": 100353,
      "name": "Cliffs of Carnage ",
      "exits": {
        "East": 100352,
        "South": 100361,
        "West": 100354
      }
    },
    {
      "id": 100354,
      "name": "Cliffs of Carnage ",
      "exits": {
        "East": 100353,
        "South": 100360,
        "West": 100355
      }
    },
    {
      "id": 100355,
      "name": "Cliffs of Carnage ",
      "exits": {
        "East": 100354,
        "South": 100359,
        "West": 100356
      }
    },
    {
      "id": 100356,
      "name": "Cliffs of Carnage ",
      "exits": {
        "North": 100357,
        "East": 100355,
        "South": 100358,
        "West": 100281
      }
    },
    {
      "id": 100357,
      "name": "Cliffs of Carnage ",
      "exits": {
        "South": 100356,
        "West": 100282
      }
    },
    {
      "id": 100358,
      "name": "The Dragon Sea ",
      "exits": {
        "North": 100356,
        "East": 100359,
        "South": 100368,
        "West": 100280
      }
    },
    {
      "id": 100359,
      "name": "The Dragon Sea ",
      "exits": {
        "North": 100355,
        "East": 100360,
        "South": 100369,
        "West": 100358
      }
    },
    {
      "id": 100360,
      "name": "The Dragon Sea ",
      "exits": {
        "North": 100354,
        "East": 100361,
        "South": 100370,
        "West": 100359
      }
    },
    {
      "id": 100361,
      "name": "The Dragon Sea ",
      "exits": {
        "North": 100353,
        "East": 100362,
        "South": 100371,
        "West": 100360
      }
    },
    {
      "id": 100362,
      "name": "The Dragon Sea ",
      "exits": {
        "North": 100352,
        "East": 100365,
        "South": 100372,
        "West": 100361
      }
    },
    {
      "id": 100363,
      "name": "The Dragon Sea ",
      "exits": {
        "North": 100364,
        "East": 100440,
        "South": 100365,
        "West": 100352
      }
    },
    {
      "id": 100364,
      "name": "The Dragon Sea ",
      "exits": {
        "North": 100349,
        "East": 100366,
        "South": 100363,
        "West": 100351
      }
    },
    {
      "id": 100365,
      "name": "The Dragon Sea ",
      "exits": {
        "North": 100363,
        "East": 100397,
        "South": 100373,
        "West": 100362
      }
    },
    {
      "id": 100366,
      "name": "The Dragon Sea ",
      "exits": {
        "North": 100348,
        "East": 100367,
        "South": 100440,
        "West": 100364
      }
    },
    {
      "id": 100367,
      "name": "The Dragon Sea ",
      "exits": {
        "North": 100347,
        "East": 100443,
        "South": 100441,
        "West": 100366
      }
    },
    {
      "id": 100368,
      "name": "The Dragon Sea ",
      "exits": {
        "North": 100358,
        "East": 100369,
        "West": 100279
      }
    },
    {
      "id": 100369,
      "name": "The Dragon Sea ",
      "exits": {
        "North": 100359,
        "East": 100370,
        "West": 100368
      }
    },
    {
      "id": 100370,
      "name": "The Dragon Sea ",
      "exits": {
        "North": 100360,
        "East": 100371,
        "West": 100369
      }
    },
    {
      "id": 100371,
      "name": "The Dragon Sea ",
      "exits": {
        "North": 100361,
        "East": 100372,
        "West": 100370
      }
    },
    {
      "id": 100372,
      "name": "The Dragon Sea ",
      "exits": {
        "North": 100362,
        "East": 100373,
        "West": 100371
      }
    },
    {
      "id": 100373,
      "name": "The Dragon Sea ",
      "exits": {
        "North": 100365,
        "East": 100374,
        "West": 100372
      }
    },
    {
      "id": 100374,
      "name": "The Dragon Sea ",
      "exits": {
        "North": 100397,
        "East": 100375,
        "West": 100373
      }
    },
    {
      "id": 100375,
      "name": "The Dragon Sea ",
      "exits": {
        "North": 100438,
        "East": 100376,
        "West": 100374
      }
    },
    {
      "id": 100376,
      "name": "The Dragon Sea ",
      "exits": {
        "North": 100439,
        "East": 100377,
        "West": 100375
      }
    },
    {
      "id": 100377,
      "name": "The Dragon Sea ",
      "exits": {
        "North": 100378,
        "East": 100398,
        "West": 100376
      }
    },
    {
      "id": 100378,
      "name": "The Dragon Sea ",
      "exits": {
        "North": 100379,
        "East": 100399,
        "South": 100377,
        "West": 100439
      }
    },
    {
      "id": 100379,
      "name": "The Dragon Sea ",
      "exits": {
        "North": 100380,
        "East": 100400,
        "South": 100378,
        "West": 100442
      }
    },
    {
      "id": 100380,
      "name": "The Dragon Sea ",
      "exits": {
        "North": 100464,
        "East": 100401,
        "South": 100379,
        "West": 100443
      }
    },
    {
      "id": 100381,
      "name": "The Dragon Sea",
      "exits": {
        "North": 100382,
        "East": 100402,
        "South": 100380,
        "West": 100464
      }
    },
    {
      "id": 100382,
      "name": "The Dragon Sea",
      "exits": {
        "North": 100383,
        "East": 100403,
        "South": 100381,
        "West": 100463
      }
    },
    {
      "id": 100383,
      "name": "The Dragon Sea",
      "exits": {
        "North": 100384,
        "East": 100404,
        "South": 100382,
        "West": 100462
      }
    },
    {
      "id": 100384,
      "name": "The Dragon Sea",
      "exits": {
        "North": 100385,
        "East": 100405,
        "South": 100383,
        "West": 100461
      }
    },
    {
      "id": 100385,
      "name": "The Dragon Sea",
      "exits": {
        "North": 100386,
        "East": 100406,
        "South": 100384,
        "West": 100444
      }
    },
    {
      "id": 100386,
      "name": "The Dragon Sea",
      "exits": {
        "North": 100387,
        "East": 100407,
        "South": 100385,
        "West": 100445
      }
    },
    {
      "id": 100387,
      "name": "The Dragon Sea",
      "exits": {
        "North": 100388,
        "East": 100408,
        "South": 100386,
        "West": 100446
      }
    },
    {
      "id": 100388,
      "name": "The Dragon Sea",
      "exits": {
        "North": 100389,
        "East": 100409,
        "South": 100387,
        "West": 100447
      }
    },
    {
      "id": 100389,
      "name": "The Dragon Sea",
      "exits": {
        "North": 100390,
        "East": 100410,
        "South": 100388,
        "West": 100448
      }
    },
    {
      "id": 100390,
      "name": "The Dragon Sea",
      "exits": {
        "North": 100391,
        "East": 100411,
        "South": 100389,
        "West": 100458
      }
    },
    {
      "id": 100391,
      "name": "The Dragon Sea",
      "exits": {
        "North": 100392,
        "East": 100412,
        "South": 100390,
        "West": 100456
      }
    },
    {
      "id": 100392,
      "name": "The Dragon Sea",
      "exits": {
        "North": 100393,
        "East": 100413,
        "South": 100391,
        "West": 100455
      }
    },
    {
      "id": 100393,
      "name": "The Dragon Sea",
      "exits": {
        "North": 100394,
        "East": 100414,
        "South": 100392,
        "West": 100452
      }
    },
    {
      "id": 100394,
      "name": "The Dragon Sea",
      "exits": {
        "North": 100395,
        "East": 100415,
        "South": 100393,
        "West": 100449
      }
    },
    {
      "id": 100395,
      "name": "The Dragon Sea",
      "exits": {
        "North": 100396,
        "East": 100416,
        "South": 100394,
        "West": 100450
      }
    },
    {
      "id": 100396,
      "name": "The Dragon Sea",
      "exits": {
        "North": 100318,
        "East": 100417,
        "South": 100395,
        "West": 100451
      }
    },
    {
      "id": 100397,
      "name": "The Dragon Sea ",
      "exits": {
        "North": 100440,
        "East": 100438,
        "South": 100374,
        "West": 100365
      }
    },
    {
      "id": 100398,
      "name": "The Dragon Sea ",
      "exits": {
        "North": 100399,
        "East": 100418,
        "West": 100377
      }
    },
    {
      "id": 100399,
      "name": "The Dragon Sea ",
      "exits": {
        "North": 100400,
        "East": 100419,
        "South": 100398,
        "West": 100378
      }
    },
    {
      "id": 100400,
      "name": "The Dragon Sea ",
      "exits": {
        "North": 100401,
        "East": 100420,
        "South": 100399,
        "West": 100379
      }
    },
    {
      "id": 100401,
      "name": "The Dragon Sea ",
      "exits": {
        "North": 100402,
        "East": 100421,
        "South": 100400,
        "West": 100380
      }
    },
    {
      "id": 100402,
      "name": "The Dragon Sea ",
      "exits": {
        "North": 100403,
        "East": 100422,
        "South": 100401,
        "West": 100381
      }
    },
    {
      "id": 100403,
      "name": "The Dragon Sea ",
      "exits": {
        "North": 100404,
        "East": 100423,
        "South": 100402,
        "West": 100382
      }
    },
    {
      "id": 100404,
      "name": "The Dragon Sea ",
      "exits": {
        "North": 100405,
        "East": 100424,
        "South": 100403,
        "West": 100383
      }
    },
    {
      "id": 100405,
      "name": "The Dragon Sea ",
      "exits": {
        "North": 100406,
        "East": 100425,
        "South": 100404,
        "West": 100384
      }
    },
    {
      "id": 100406,
      "name": "The Dragon Sea ",
      "exits": {
        "North": 100407,
        "East": 100426,
        "South": 100405,
        "West": 100385
      }
    },
    {
      "id": 100407,
      "name": "The Dragon Sea ",
      "exits": {
        "North": 100408,
        "East": 100427,
        "South": 100406,
        "West": 100386
      }
    },
    {
      "id": 100408,
      "name": "The Dragon Sea ",
      "exits": {
        "North": 100409,
        "East": 100428,
        "South": 100407,
        "West": 100387
      }
    },
    {
      "id": 100409,
      "name": "The Dragon Sea ",
      "exits": {
        "North": 100410,
        "East": 100429,
        "South": 100408,
        "West": 100388
      }
    },
    {
      "id": 100410,
      "name": "The Dragon Sea ",
      "exits": {
        "North": 100411,
        "East": 100430,
        "South": 100409,
        "West": 100389
      }
    },
    {
      "id": 100411,
      "name": "The Dragon Sea ",
      "exits": {
        "North": 100412,
        "East": 100431,
        "South": 100410,
        "West": 100390
      }
    },
    {
      "id": 100412,
      "name": "The Dragon Sea ",
      "exits": {
        "North": 100413,
        "East": 100432,
        "South": 100411,
        "West": 100391
      }
    },
    {
      "id": 100413,
      "name": "The Dragon Sea ",
      "exits": {
        "North": 100414,
        "East": 100433,
        "South": 100412,
        "West": 100392
      }
    },
    {
      "id": 100414,
      "name": "The Dragon Sea ",
      "exits": {
        "North": 100415,
        "East": 100434,
        "South": 100413,
        "West": 100393
      }
    },
    {
      "id": 100415,
      "name": "The Dragon Sea ",
      "exits": {
        "North": 100416,
        "East": 100435,
        "South": 100414,
        "West": 100394
      }
    },
    {
      "id": 100416,
      "name": "The Dragon Sea ",
      "exits": {
        "North": 100417,
        "East": 100436,
        "South": 100415,
        "West": 100395
      }
    },
    {
      "id": 100417,
      "name": "The Dragon Sea ",
      "exits": {
        "North": 100317,
        "East": 100437,
        "South": 100416,
        "West": 100396
      }
    },
    {
      "id": 100418,
      "name": "The Dragon Sea ",
      "exits": {
        "North": 100419,
        "West": 100398
      }
    },
    {
      "id": 100419,
      "name": "The Dragon Sea ",
      "exits": {
        "North": 100420,
        "South": 100418,
        "West": 100399
      }
    },
    {
      "id": 100420,
      "name": "The Dragon Sea ",
      "exits": {
        "North": 100421,
        "South": 100419,
        "West": 100400
      }
    },
    {
      "id": 100421,
      "name": "The Dragon Sea ",
      "exits": {
        "North": 100422,
        "South": 100420,
        "West": 100401
      }
    },
    {
      "id": 100422,
      "name": "The Dragon Sea ",
      "exits": {
        "North": 100423,
        "South": 100421,
        "West": 100402
      }
    },
    {
      "id": 100423,
      "name": "The Dragon Sea ",
      "exits": {
        "North": 100424,
        "South": 100422,
        "West": 100403
      }
    },
    {
      "id": 100424,
      "name": "The Dragon Sea ",
      "exits": {
        "North": 100425,
        "South": 100423,
        "West": 100404
      }
    },
    {
      "id": 100425,
      "name": "The Dragon Sea ",
      "exits": {
        "North": 100426,
        "South": 100424,
        "West": 100405
      }
    },
    {
      "id": 100426,
      "name": "The Dragon Sea ",
      "exits": {
        "North": 100427,
        "South": 100425,
        "West": 100406
      }
    },
    {
      "id": 100427,
      "name": "The Dragon Sea ",
      "exits": {
        "North": 100428,
        "South": 100426,
        "West": 100407
      }
    },
    {
      "id": 100428,
      "name": "The Dragon Sea ",
      "exits": {
        "North": 100429,
        "South": 100427,
        "West": 100408
      }
    },
    {
      "id": 100429,
      "name": "The Dragon Sea ",
      "exits": {
        "North": 100430,
        "South": 100428,
        "West": 100409
      }
    },
    {
      "id": 100430,
      "name": "The Dragon Sea ",
      "exits": {
        "North": 100431,
        "South": 100429,
        "West": 100410
      }
    },
    {
      "id": 100431,
      "name": "The Dragon Sea ",
      "exits": {
        "North": 100432,
        "South": 100430,
        "West": 100411
      }
    },
    {
      "id": 100432,
      "name": "The Dragon Sea ",
      "exits": {
        "North": 100433,
        "South": 100431,
        "West": 100412
      }
    },
    {
      "id": 100433,
      "name": "The Dragon Sea ",
      "exits": {
        "North": 100434,
        "South": 100432,
        "West": 100413
      }
    },
    {
      "id": 100434,
      "name": "The Dragon Sea ",
      "exits": {
        "North": 100435,
        "South": 100433,
        "West": 100414
      }
    },
    {
      "id": 100435,
      "name": "The Dragon Sea ",
      "exits": {
        "North": 100436,
        "South": 100434,
        "West": 100415
      }
    },
    {
      "id": 100436,
      "name": "The Dragon Sea ",
      "exits": {
        "North": 100437,
        "South": 100435,
        "West": 100416
      }
    },
    {
      "id": 100437,
      "name": "The Dragon Sea ",
      "exits": {
        "North": 100316,
        "South": 100436,
        "West": 100417
      }
    },
    {
      "id": 100438,
      "name": "The Dragon Sea ",
      "exits": {
        "North": 100441,
        "East": 100439,
        "South": 100375,
        "West": 100397
      }
    },
    {
      "id": 100439,
      "name": "The Dragon Sea ",
      "exits": {
        "North": 100442,
        "East": 100378,
        "South": 100376,
        "West": 100438
      }
    },
    {
      "id": 100440,
      "name": "The Dragon Sea ",
      "exits": {
        "North": 100366,
        "East": 100441,
        "South": 100397,
        "West": 100363
      }
    },
    {
      "id": 100441,
      "name": "The Dragon Sea ",
      "exits": {
        "North": 100367,
        "East": 100442,
        "South": 100438,
        "West": 100440
      }
    },
    {
      "id": 100442,
      "name": "The Dragon Sea ",
      "exits": {
        "North": 100443,
        "East": 100379,
        "South": 100439,
        "West": 100441
      }
    },
    {
      "id": 100443,
      "name": "The Dragon Sea ",
      "exits": {
        "North": 100460,
        "East": 100380,
        "South": 100442,
        "West": 100367
      }
    },
    {
      "id": 100444,
      "name": "The Dragon Sea ",
      "exits": {
        "North": 100445,
        "East": 100385,
        "South": 100461,
        "West": 100343
      }
    },
    {
      "id": 100445,
      "name": "The Dragon Sea ",
      "exits": {
        "North": 100446,
        "East": 100386,
        "South": 100444,
        "West": 100342
      }
    },
    {
      "id": 100446,
      "name": "The Dragon Sea ",
      "exits": {
        "North": 100447,
        "East": 100387,
        "South": 100445,
        "West": 100341
      }
    },
    {
      "id": 100447,
      "name": "The Dragon Sea ",
      "exits": {
        "North": 100448,
        "East": 100388,
        "South": 100446,
        "West": 100340
      }
    },
    {
      "id": 100448,
      "name": "The Dragon Sea ",
      "exits": {
        "North": 100458,
        "East": 100389,
        "South": 100447,
        "West": 100339
      }
    },
    {
      "id": 100449,
      "name": "Cliffs of Carnage ",
      "exits": {
        "North": 100450,
        "East": 100394,
        "South": 100452
      }
    },
    {
      "id": 100450,
      "name": "Cliffs of Carnage ",
      "exits": {
        "North": 100451,
        "East": 100395,
        "South": 100449
      }
    },
    {
      "id": 100451,
      "name": "Cliffs of Carnage ",
      "exits": {
        "North": 100319,
        "East": 100396,
        "South": 100450
      }
    },
    {
      "id": 100452,
      "name": "Cliffs of Carnage ",
      "exits": {
        "North": 100449,
        "East": 100393,
        "South": 100455,
        "West": 100453
      }
    },
    {
      "id": 100453,
      "name": "Cliffs of Carnage ",
      "exits": {
        "East": 100452,
        "South": 100454,
        "West": 100334
      }
    },
    {
      "id": 100454,
      "name": "The Dragon Sea ",
      "exits": {
        "North": 100453,
        "East": 100455,
        "South": 100457,
        "West": 100335
      }
    },
    {
      "id": 100455,
      "name": "The Dragon Sea",
      "exits": {
        "North": 100452,
        "East": 100392,
        "South": 100456,
        "West": 100454
      }
    },
    {
      "id": 100456,
      "name": "The Dragon Sea ",
      "exits": {
        "North": 100455,
        "East": 100391,
        "South": 100458,
        "West": 100457
      }
    },
    {
      "id": 100457,
      "name": "The Dragon Sea ",
      "exits": {
        "North": 100454,
        "East": 100456,
        "South": 100338,
        "West": 100336
      }
    },
    {
      "id": 100458,
      "name": "The Dragon Sea ",
      "exits": {
        "North": 100456,
        "East": 100390,
        "South": 100448,
        "West": 100338
      }
    },
    {
      "id": 100459,
      "name": "The Dragon Sea ",
      "exits": {
        "North": 100344,
        "East": 100463,
        "South": 100460,
        "West": 100346
      }
    },
    {
      "id": 100460,
      "name": "The Dragon Sea ",
      "exits": {
        "North": 100459,
        "East": 100464,
        "South": 100443,
        "West": 100347
      }
    },
    {
      "id": 100461,
      "name": "The Dragon Sea ",
      "exits": {
        "North": 100444,
        "East": 100384,
        "South": 100462,
        "West": 100343
      }
    },
    {
      "id": 100462,
      "name": "The Dragon Sea ",
      "exits": {
        "North": 100461,
        "East": 100383,
        "South": 100463,
        "West": 100344
      }
    },
    {
      "id": 100463,
      "name": "The Dragon Sea ",
      "exits": {
        "North": 100462,
        "East": 100382,
        "South": 100464,
        "West": 100459
      }
    },
    {
      "id": 100464,
      "name": "The Dragon Sea ",
      "exits": {
        "North": 100463,
        "East": 100381,
        "South": 100380,
        "West": 100460
      }
    },
    {
      "id": 100465,
      "name": "Cliffs of Carnage ",
      "exits": {
        "South": 100334,
        "West": 100332
      }
    },
    {
      "id": 100466,
      "name": "Cliffs of Carnage ",
      "exits": {
        "North": 100321,
        "West": 100330
      }
    },
    {
      "id": 100467,
      "name": "The Dragon Sea",
      "exits": {
        "North": 100468,
        "South": 100013
      }
    },
    {
      "id": 100468,
      "name": "The Dragon Sea",
      "exits": {
        "North": 100469,
        "South": 100467
      }
    },
    {
      "id": 100469,
      "name": "The Dragon Sea",
      "exits": {
        "North": 100470,
        "South": 100468
      }
    },
    {
      "id": 100470,
      "name": "The Dragon Sea",
      "exits": {
        "North": 100471,
        "South": 100469
      }
    },
    {
      "id": 100471,
      "name": "The Dragon Sea",
      "exits": {
        "North": 100472,
        "South": 100470
      }
    },
    {
      "id": 100472,
      "name": "The Dragon Sea",
      "exits": {
        "North": 7600,
        "South": 100471
      }
    },
    {
      "id": 100473,
      "name": "The Dragon Sea",
      "exits": {
        "North": 100474,
        "South": 100029
      }
    },
    {
      "id": 100474,
      "name": "The Dragon Sea",
      "exits": {
        "North": 100475,
        "South": 100473
      }
    },
    {
      "id": 100475,
      "name": "The Dragon Sea",
      "exits": {
        "North": 100476,
        "South": 100474
      }
    },
    {
      "id": 100476,
      "name": "The Dragon Sea",
      "exits": {
        "North": 100477,
        "South": 100475
      }
    },
    {
      "id": 100477,
      "name": "The Dragon Sea",
      "exits": {
        "North": 100478,
        "South": 100476
      }
    },
    {
      "id": 100478,
      "name": "The Dragon Sea",
      "exits": {
        "North": 100479,
        "South": 100477
      }
    },
    {
      "id": 100479,
      "name": "The Dragon Sea",
      "exits": {
        "North": 100480,
        "South": 100478
      }
    },
    {
      "id": 100480,
      "name": "The Dragon Sea",
      "exits": {
        "North": 100481,
        "South": 100479
      }
    },
    {
      "id": 100481,
      "name": "The Dragon Sea",
      "exits": {
        "North": 100482,
        "South": 100480
      }
    },
    {
      "id": 100482,
      "name": "The Dragon Sea",
      "exits": {
        "North": 100483,
        "South": 100481
      }
    },
    {
      "id": 100483,
      "name": "The Dragon Sea",
      "exits": {
        "North": 100484,
        "South": 100482
      }
    },
    {
      "id": 100484,
      "name": "The Dragon Sea",
      "exits": {
        "North": 100485,
        "South": 100483
      }
    },
    {
      "id": 100485,
      "name": "The Dragon Sea",
      "exits": {
        "North": 100486,
        "South": 100484
      }
    },
    {
      "id": 100486,
      "name": "The Dragon Sea",
      "exits": {
        "North": 100487,
        "South": 100485
      }
    },
    {
      "id": 100487,
      "name": "The Dragon Sea",
      "exits": {
        "North": 100488,
        "South": 100486
      }
    },
    {
      "id": 100488,
      "name": "The Dragon Sea",
      "exits": {
        "North": 100489,
        "South": 100487
      }
    },
    {
      "id": 100489,
      "name": "The Dragon Sea",
      "exits": {
        "North": 100490,
        "South": 100488
      }
    },
    {
      "id": 100490,
      "name": "The Dragon Sea",
      "exits": {
        "North": 100491,
        "South": 100489
      }
    },
    {
      "id": 100491,
      "name": "The Dragon Sea",
      "exits": {
        "North": 100492,
        "South": 100490
      }
    },
    {
      "id": 100492,
      "name": "On a Rocky Beach",
      "exits": {
        "North": 100493,
        "South": 100491
      }
    },
    {
      "id": 100493,
      "name": "Entering a Foul-Smelling Lair",
      "exits": {
        "North": 17970,
        "South": 100492
      }
    },
    {
      "id": 9795,
      "name": "To New Thalos",
      "otherAreaExit": true,
      "exits": {
        "East": 100011,
        "South": 0,
        "West": 9794
      }
    },
    {
      "id": 9798,
      "name": "To New Thalos",
      "otherAreaExit": true,
      "exits": {
        "West": 9799,
        "Up": 100011
      }
    },
    {
      "id": 9898,
      "name": "To New Thalos",
      "otherAreaExit": true,
      "exits": {
        "North": 100014,
        "East": 100211,
        "South": 9897
      }
    },
    {
      "id": 726,
      "name": "To Arkham",
      "otherAreaExit": true,
      "exits": {
        "East": 703,
        "South": 720,
        "West": 100040
      }
    },
    {
      "id": 21000,
      "name": "To Avalon",
      "otherAreaExit": true,
      "exits": {
        "North": 100099,
        "East": 21001,
        "South": 21002,
        "West": 100239
      }
    },
    {
      "id": 21001,
      "name": "To Avalon",
      "otherAreaExit": true,
      "exits": {
        "North": 100125,
        "East": 100127,
        "South": 21004,
        "West": 21000
      }
    },
    {
      "id": 21005,
      "name": "To Avalon",
      "otherAreaExit": true,
      "exits": {
        "North": 100127,
        "East": 100153,
        "South": 21010,
        "West": 21004
      }
    },
    {
      "id": 100211,
      "name": "To New Thalos",
      "otherAreaExit": true,
      "exits": {
        "North": 100210,
        "East": 100212,
        "West": 9898
      }
    },
    {
      "id": 21011,
      "name": "To Avalon",
      "otherAreaExit": true,
      "exits": {
        "North": 100153,
        "East": 100181,
        "South": 21018,
        "West": 21010
      }
    },
    {
      "id": 21019,
      "name": "To Avalon",
      "otherAreaExit": true,
      "exits": {
        "North": 100181,
        "East": 100269,
        "South": 21020,
        "West": 21018
      }
    },
    {
      "id": 21003,
      "name": "To Avalon",
      "otherAreaExit": true,
      "exits": {
        "North": 100239,
        "East": 21002,
        "South": 21006,
        "West": 13500
      }
    },
    {
      "id": 21021,
      "name": "To Avalon",
      "otherAreaExit": true,
      "exits": {
        "North": 100269,
        "East": 100300,
        "South": 21023,
        "West": 21020
      }
    },
    {
      "id": 21024,
      "name": "To Avalon",
      "otherAreaExit": true,
      "exits": {
        "North": 100300,
        "South": 21027,
        "West": 21023
      }
    },
    {
      "id": 4645,
      "name": "To Mausoleum",
      "otherAreaExit": true,
      "exits": {
        "North": 100325,
        "South": 4644
      }
    },
    {
      "id": 7600,
      "name": "To Evil\u0027s Abode",
      "otherAreaExit": true,
      "exits": {
        "North": 7601,
        "South": 100472
      }
    },
    {
      "id": 17970,
      "name": "To The Minotaur Maze",
      "otherAreaExit": true,
      "exits": {
        "North": 17980,
        "South": 100493
      }
    }
  ]
}