{
  "name": "The North Road",
  "buildOptions": {
    "maxSteps": 1000,
    "fixObstacles": true,
    "fixNonStraight": true,
    "fixIntersected": true,
    "compactMap": true,
    "addDebugInfo": false,
    "colorizeConnectionIssues": true
  },
  "rooms": [
    {
      "id": 40700,
      "name": "The North Road",
      "exits": {
        "North": 40701,
        "South": 19520
      }
    },
    {
      "id": 40701,
      "name": "The North Road",
      "exits": {
        "North": 40702,
        "South": 40700
      }
    },
    {
      "id": 40702,
      "name": "The North Road",
      "exits": {
        "North": 40703,
        "South": 40701
      }
    },
    {
      "id": 40703,
      "name": "The North Road",
      "exits": {
        "North": 40704,
        "South": 40702
      }
    },
    {
      "id": 40704,
      "name": "The North Road",
      "exits": {
        "North": 40705,
        "South": 40703
      }
    },
    {
      "id": 40705,
      "name": "The North Road",
      "exits": {
        "North": 40706,
        "South": 40704
      }
    },
    {
      "id": 40706,
      "name": "The North Road",
      "exits": {
        "North": 40707,
        "South": 40705
      }
    },
    {
      "id": 40707,
      "name": "The North Road",
      "exits": {
        "North": 40708,
        "South": 40706
      }
    },
    {
      "id": 40708,
      "name": "The North Road",
      "exits": {
        "North": 40709,
        "South": 40707
      }
    },
    {
      "id": 40709,
      "name": "A Bend in The North Road",
      "exits": {
        "South": 40708,
        "West": 40710
      }
    },
    {
      "id": 40710,
      "name": "A Bend in The North Road",
      "exits": {
        "North": 40711,
        "East": 40709
      }
    },
    {
      "id": 40711,
      "name": "The North Road",
      "exits": {
        "North": 40712,
        "South": 40710
      }
    },
    {
      "id": 40712,
      "name": "The North Road",
      "exits": {
        "North": 40713,
        "South": 40711
      }
    },
    {
      "id": 40713,
      "name": "The North Road",
      "exits": {
        "North": 40714,
        "South": 40712
      }
    },
    {
      "id": 40714,
      "name": "The North Road",
      "exits": {
        "North": 40715,
        "South": 40713
      }
    },
    {
      "id": 40715,
      "name": "The North Road",
      "exits": {
        "North": 40716,
        "South": 40714
      }
    },
    {
      "id": 40716,
      "name": "The North Road",
      "exits": {
        "North": 40717,
        "South": 40715
      }
    },
    {
      "id": 40717,
      "name": "The North Road",
      "exits": {
        "North": 40718,
        "South": 40716
      }
    },
    {
      "id": 40718,
      "name": "The North Road",
      "exits": {
        "North": 40719,
        "South": 40717
      }
    },
    {
      "id": 40719,
      "name": "The Northern Crossroads",
      "exits": {
        "North": 40720,
        "East": 40900,
        "South": 40718,
        "West": 50100
      }
    },
    {
      "id": 40720,
      "name": "The North Road",
      "exits": {
        "North": 40721,
        "South": 40719,
        "West": 51214
      }
    },
    {
      "id": 40721,
      "name": "The North Road",
      "exits": {
        "North": 40722,
        "South": 40720,
        "West": 51213
      }
    },
    {
      "id": 40722,
      "name": "The North Road",
      "exits": {
        "North": 40723,
        "East": 2160,
        "South": 40721,
        "West": 51212
      }
    },
    {
      "id": 40723,
      "name": "The North Road",
      "exits": {
        "North": 40724,
        "South": 40722,
        "West": 51211
      }
    },
    {
      "id": 40724,
      "name": "The North Road",
      "exits": {
        "North": 40725,
        "South": 40723,
        "West": 51210
      }
    },
    {
      "id": 40725,
      "name": "The North Road",
      "exits": {
        "North": 40726,
        "South": 40724,
        "West": 51209
      }
    },
    {
      "id": 40726,
      "name": "The North Road",
      "exits": {
        "North": 40727,
        "South": 40725,
        "West": 51208
      }
    },
    {
      "id": 40727,
      "name": "The North Road",
      "exits": {
        "North": 40728,
        "South": 40726,
        "West": 51207
      }
    },
    {
      "id": 40728,
      "name": "The North Road",
      "exits": {
        "North": 40729,
        "South": 40727,
        "West": 51206
      }
    },
    {
      "id": 40729,
      "name": "The North Road",
      "exits": {
        "North": 40730,
        "South": 40728,
        "West": 51205
      }
    },
    {
      "id": 40730,
      "name": "The North Road",
      "exits": {
        "North": 40731,
        "South": 40729,
        "West": 51204
      }
    },
    {
      "id": 40731,
      "name": "The North Road",
      "exits": {
        "North": 40732,
        "South": 40730,
        "West": 51203
      }
    },
    {
      "id": 40732,
      "name": "The North Road",
      "exits": {
        "North": 40733,
        "East": 2101,
        "South": 40731,
        "West": 51202
      }
    },
    {
      "id": 40733,
      "name": "The North Road",
      "exits": {
        "North": 40734,
        "South": 40732,
        "West": 51201
      }
    },
    {
      "id": 40734,
      "name": "Bend in the North Road",
      "exits": {
        "North": 300,
        "East": 40735,
        "South": 40733,
        "West": 51200
      }
    },
    {
      "id": 40735,
      "name": "The North Road",
      "exits": {
        "North": 301,
        "East": 40736,
        "West": 40734
      }
    },
    {
      "id": 40736,
      "name": "The North Road ",
      "exits": {
        "North": 302,
        "East": 40737,
        "West": 40735
      }
    },
    {
      "id": 40737,
      "name": "The North Road ",
      "exits": {
        "North": 346,
        "East": 40738,
        "West": 40736
      }
    },
    {
      "id": 40738,
      "name": "The North Road ",
      "exits": {
        "North": 347,
        "East": 40812,
        "West": 40737
      }
    },
    {
      "id": 40739,
      "name": "The outskirts of Ofcol",
      "exits": {
        "North": 339,
        "East": 40740,
        "West": 40810
      }
    },
    {
      "id": 40740,
      "name": "Western Outskirts of Ofcol",
      "exits": {
        "North": 359,
        "South": 40741,
        "West": 40739
      }
    },
    {
      "id": 40741,
      "name": "Western Outskirts of Ofcol",
      "exits": {
        "North": 40740,
        "South": 40742
      }
    },
    {
      "id": 40742,
      "name": "Southwest Outskirts of Ofcol",
      "exits": {
        "North": 40741,
        "East": 40743
      }
    },
    {
      "id": 40743,
      "name": "Southern Outskirts of Ofcol",
      "exits": {
        "East": 40744,
        "West": 40742
      }
    },
    {
      "id": 40744,
      "name": "Southern Outskirts of Ofcol",
      "exits": {
        "East": 40745,
        "West": 40743
      }
    },
    {
      "id": 40745,
      "name": "Southern Outskirts of Ofcol",
      "exits": {
        "East": 40746,
        "South": 40945,
        "West": 40744
      }
    },
    {
      "id": 40746,
      "name": "A crossroads outside of Ofcol",
      "exits": {
        "North": 40795,
        "East": 40747,
        "West": 40745
      }
    },
    {
      "id": 40747,
      "name": "Southern Outskirts of Ofcol",
      "exits": {
        "East": 40748,
        "West": 40746
      }
    },
    {
      "id": 40748,
      "name": "Southeast Outskirts of Ofcol",
      "exits": {
        "North": 40749,
        "West": 40747
      }
    },
    {
      "id": 40749,
      "name": "Eastern Outskirts of Ofcol",
      "exits": {
        "North": 40750,
        "East": 24291,
        "South": 40748
      }
    },
    {
      "id": 40750,
      "name": "Eastern Outskirts of Ofcol",
      "exits": {
        "North": 40751,
        "South": 40749
      }
    },
    {
      "id": 40751,
      "name": "Eastern Outskirts of Ofcol",
      "exits": {
        "North": 40752,
        "South": 40750
      }
    },
    {
      "id": 40752,
      "name": "Eastern Outskirts of Ofcol",
      "exits": {
        "North": 40753,
        "South": 40751
      }
    },
    {
      "id": 40753,
      "name": "Eastern Outskirts of Ofcol",
      "exits": {
        "North": 40754,
        "South": 40752
      }
    },
    {
      "id": 40754,
      "name": "Eastern Outskirts of Ofcol",
      "exits": {
        "North": 40755,
        "South": 40753
      }
    },
    {
      "id": 40755,
      "name": "Eastern Outskirts of Ofcol",
      "exits": {
        "North": 40756,
        "South": 40754
      }
    },
    {
      "id": 40756,
      "name": "Eastern Outskirts of Ofcol",
      "exits": {
        "North": 40757,
        "South": 40755
      }
    },
    {
      "id": 40757,
      "name": "Northeast Outskirts of Ofcol",
      "exits": {
        "North": 354,
        "East": 40758,
        "South": 40756,
        "West": 368
      }
    },
    {
      "id": 40758,
      "name": "A beaten path",
      "exits": {
        "North": 355,
        "East": 40759,
        "West": 40757
      }
    },
    {
      "id": 40759,
      "name": "A Beaten Path",
      "exits": {
        "North": 40760,
        "West": 40758
      }
    },
    {
      "id": 40760,
      "name": "A Beaten Path",
      "exits": {
        "North": 40761,
        "South": 40759,
        "West": 355
      }
    },
    {
      "id": 40761,
      "name": "A Beaten Path",
      "exits": {
        "North": 40762,
        "South": 40760
      }
    },
    {
      "id": 40762,
      "name": "A Bend in the Beaten Path",
      "exits": {
        "East": 40763,
        "South": 40761
      }
    },
    {
      "id": 40763,
      "name": "A Bend in the Beaten Path",
      "exits": {
        "North": 40764,
        "West": 40762
      }
    },
    {
      "id": 40764,
      "name": "A Beaten Path",
      "exits": {
        "North": 40801,
        "South": 40763
      }
    },
    {
      "id": 40765,
      "name": "A Beaten Path",
      "exits": {
        "North": 40766,
        "South": 40809
      }
    },
    {
      "id": 40766,
      "name": "Entering The Canyon",
      "exits": {
        "South": 40765,
        "Up": 40767
      }
    },
    {
      "id": 40767,
      "name": "Entering The Canyon",
      "exits": {
        "East": 40768,
        "Down": 40766
      }
    },
    {
      "id": 40768,
      "name": "A Beaten Path Through The Canyon",
      "exits": {
        "North": 40769,
        "West": 40767
      }
    },
    {
      "id": 40769,
      "name": "A Beaten Path Through The Canyon",
      "exits": {
        "East": 40770,
        "South": 40768
      }
    },
    {
      "id": 40770,
      "name": "A Beaten Path Through The Canyon",
      "exits": {
        "East": 40771,
        "West": 40769
      }
    },
    {
      "id": 40771,
      "name": "A Beaten Path Through The Canyon",
      "exits": {
        "North": 40772,
        "West": 40770
      }
    },
    {
      "id": 40772,
      "name": "A Beaten Path Through The Canyon",
      "exits": {
        "South": 40771,
        "West": 40773
      }
    },
    {
      "id": 40773,
      "name": "A Beaten Path Through The Canyon",
      "exits": {
        "East": 40772,
        "West": 40775,
        "Down": 40797
      }
    },
    {
      "id": 40774,
      "name": "A beaten path",
      "exits": {
        "East": 40773,
        "West": 40775
      }
    },
    {
      "id": 40775,
      "name": "A Beaten Path Through The Canyon",
      "exits": {
        "East": 40773,
        "South": 40776
      }
    },
    {
      "id": 40776,
      "name": "A Beaten Path Through The Canyon",
      "exits": {
        "North": 40775,
        "West": 40777
      }
    },
    {
      "id": 40777,
      "name": "A Beaten Path Through The Canyon",
      "exits": {
        "East": 40776,
        "Up": 40778
      }
    },
    {
      "id": 40778,
      "name": "A Twisting Mountain Path ",
      "exits": {
        "West": 40779,
        "Down": 40777
      }
    },
    {
      "id": 40779,
      "name": "A Twisting Mountain Path ",
      "exits": {
        "East": 40778,
        "Up": 40783
      }
    },
    {
      "id": 40780,
      "name": "A Twisting Mountain Path ",
      "exits": {
        "North": 40783,
        "West": 40784
      }
    },
    {
      "id": 40781,
      "name": "A Twisting Mountain Path ",
      "exits": {
        "North": 40788,
        "Up": 40782
      }
    },
    {
      "id": 40782,
      "name": "A Twisting Mountain Path ",
      "exits": {
        "Up": 40789,
        "Down": 40781
      }
    },
    {
      "id": 40783,
      "name": "A Twisting Mountain Path ",
      "exits": {
        "South": 40780,
        "Down": 40779
      }
    },
    {
      "id": 40784,
      "name": "A Twisting Mountain Path ",
      "exits": {
        "East": 40780,
        "Up": 40785
      }
    },
    {
      "id": 40785,
      "name": "A Twisting Mountain Path ",
      "exits": {
        "West": 40786,
        "Down": 40784
      }
    },
    {
      "id": 40786,
      "name": "A Twisting Mountain Path ",
      "exits": {
        "East": 40785,
        "South": 40787
      }
    },
    {
      "id": 40787,
      "name": "A Twisting Mountain Path ",
      "exits": {
        "North": 40786,
        "Up": 40788
      }
    },
    {
      "id": 40788,
      "name": "A Twisting Mountain Path ",
      "exits": {
        "North": 30405,
        "South": 40781,
        "Down": 40787
      }
    },
    {
      "id": 40789,
      "name": "A Twisting Mountain Path ",
      "exits": {
        "South": 40790,
        "Down": 40782
      }
    },
    {
      "id": 40790,
      "name": "A Twisting Mountain Path ",
      "exits": {
        "North": 40789,
        "West": 40791
      }
    },
    {
      "id": 40791,
      "name": "A Twisting Mountain Path ",
      "exits": {
        "East": 40790,
        "South": 40792
      }
    },
    {
      "id": 40792,
      "name": "A Twisting Mountain Path ",
      "exits": {
        "North": 40791,
        "South": 40793
      }
    },
    {
      "id": 40793,
      "name": "Rim of the Canyon",
      "exits": {
        "North": 40792,
        "South": 40794
      }
    },
    {
      "id": 40794,
      "name": "Over The Canyon",
      "exits": {
        "North": 40793
      }
    },
    {
      "id": 40795,
      "name": "Entering the city Ofcol",
      "exits": {
        "North": 40796,
        "South": 40746
      }
    },
    {
      "id": 40796,
      "name": "Just inside of Ofcol",
      "exits": {
        "North": 5550,
        "South": 40795
      }
    },
    {
      "id": 40797,
      "name": "A Winding Path Through the Mountains",
      "exits": {
        "North": 40798,
        "Up": 40773
      }
    },
    {
      "id": 40798,
      "name": "A Winding Path Through the Mountains",
      "exits": {
        "North": 40799,
        "South": 40797
      }
    },
    {
      "id": 40799,
      "name": "A Winding Path Through the Mountains",
      "exits": {
        "North": 40800,
        "South": 40798
      }
    },
    {
      "id": 40800,
      "name": "Before the Gates of Visham",
      "exits": {
        "North": 40072,
        "South": 40799
      }
    },
    {
      "id": 359,
      "name": "Western Outskirts of Ofcol",
      "exits": {
        "North": 360,
        "South": 40740,
        "West": 339
      }
    },
    {
      "id": 360,
      "name": "Western Outskirts of Ofcol",
      "exits": {
        "North": 361,
        "South": 359,
        "West": 332
      }
    },
    {
      "id": 361,
      "name": "Western Outskirts of Ofcol",
      "exits": {
        "North": 362,
        "South": 360,
        "West": 312
      }
    },
    {
      "id": 362,
      "name": "Northwest Outskirts of Ofcol",
      "exits": {
        "North": 348,
        "East": 363,
        "South": 361,
        "West": 308
      }
    },
    {
      "id": 363,
      "name": "Northern Outskirts of Ofcol",
      "exits": {
        "North": 349,
        "East": 364,
        "West": 362
      }
    },
    {
      "id": 364,
      "name": "Northern Outskirts of Ofcol",
      "exits": {
        "North": 350,
        "East": 365,
        "West": 363
      }
    },
    {
      "id": 365,
      "name": "Northern Outskirts of Ofcol",
      "exits": {
        "North": 351,
        "East": 367,
        "West": 364
      }
    },
    {
      "id": 367,
      "name": "Northern Outskirts of Ofcol",
      "exits": {
        "North": 352,
        "East": 368,
        "West": 365
      }
    },
    {
      "id": 368,
      "name": "Northern Outskirts of Ofcol",
      "exits": {
        "North": 353,
        "East": 40757,
        "West": 367
      }
    },
    {
      "id": 40801,
      "name": "A Beaten Path",
      "exits": {
        "North": 40802,
        "South": 40764
      }
    },
    {
      "id": 40802,
      "name": "A Beaten Path",
      "exits": {
        "North": 40803,
        "South": 40801
      }
    },
    {
      "id": 40803,
      "name": "A Beaten Path",
      "exits": {
        "North": 40804,
        "South": 40802
      }
    },
    {
      "id": 40804,
      "name": "A Beaten Path",
      "exits": {
        "North": 40805,
        "South": 40803
      }
    },
    {
      "id": 40805,
      "name": "A Beaten Path",
      "exits": {
        "North": 40806,
        "South": 40804
      }
    },
    {
      "id": 40806,
      "name": "A Beaten Path",
      "exits": {
        "North": 40807,
        "South": 40805
      }
    },
    {
      "id": 40807,
      "name": "A Beaten Path",
      "exits": {
        "North": 40808,
        "South": 40806
      }
    },
    {
      "id": 40808,
      "name": "A Beaten Path",
      "exits": {
        "North": 40809,
        "South": 40807
      }
    },
    {
      "id": 40809,
      "name": "A Beaten Path",
      "exits": {
        "North": 40765,
        "South": 40808
      }
    },
    {
      "id": 40810,
      "name": "The North Road ",
      "exits": {
        "East": 40739,
        "West": 40811
      }
    },
    {
      "id": 40811,
      "name": "The North Road ",
      "exits": {
        "East": 40810,
        "West": 40812
      }
    },
    {
      "id": 40812,
      "name": "The North Road ",
      "exits": {
        "East": 40811,
        "West": 40738
      }
    },
    {
      "id": 19520,
      "name": "To Outskirts of Astoria",
      "otherAreaExit": true,
      "exits": {
        "North": 40700,
        "East": 19519,
        "South": 19115,
        "West": 19521
      }
    },
    {
      "id": 40900,
      "name": "To Eastern Shatar Road",
      "otherAreaExit": true,
      "exits": {
        "East": 40901,
        "West": 40719
      }
    },
    {
      "id": 50100,
      "name": "To Western Shatar Road",
      "otherAreaExit": true,
      "exits": {
        "North": 51214,
        "East": 40719,
        "West": 50101
      }
    },
    {
      "id": 51214,
      "name": "To The Western Plains",
      "otherAreaExit": true,
      "exits": {
        "North": 51213,
        "East": 40720,
        "South": 50100,
        "West": 51215
      }
    },
    {
      "id": 51213,
      "name": "To The Western Plains",
      "otherAreaExit": true,
      "exits": {
        "North": 51212,
        "East": 40721,
        "South": 51214,
        "West": 51216
      }
    },
    {
      "id": 2160,
      "name": "To Gangland",
      "otherAreaExit": true,
      "exits": {
        "East": 2161,
        "West": 40722
      }
    },
    {
      "id": 51212,
      "name": "To The Western Plains",
      "otherAreaExit": true,
      "exits": {
        "North": 51211,
        "East": 40722,
        "South": 51213,
        "West": 51217
      }
    },
    {
      "id": 51211,
      "name": "To The Western Plains",
      "otherAreaExit": true,
      "exits": {
        "North": 51210,
        "East": 40723,
        "South": 51212,
        "West": 51218
      }
    },
    {
      "id": 51210,
      "name": "To The Western Plains",
      "otherAreaExit": true,
      "exits": {
        "North": 51209,
        "East": 40724,
        "South": 51211,
        "West": 51219
      }
    },
    {
      "id": 51209,
      "name": "To The Western Plains",
      "otherAreaExit": true,
      "exits": {
        "North": 51208,
        "East": 40725,
        "South": 51210,
        "West": 51220
      }
    },
    {
      "id": 51208,
      "name": "To The Western Plains",
      "otherAreaExit": true,
      "exits": {
        "North": 51207,
        "East": 40726,
        "South": 51209,
        "West": 51221
      }
    },
    {
      "id": 51207,
      "name": "To The Western Plains",
      "otherAreaExit": true,
      "exits": {
        "North": 51206,
        "East": 40727,
        "South": 51208,
        "West": 51222
      }
    },
    {
      "id": 51206,
      "name": "To The Western Plains",
      "otherAreaExit": true,
      "exits": {
        "North": 51205,
        "East": 40728,
        "South": 51207,
        "West": 51223
      }
    },
    {
      "id": 51205,
      "name": "To The Western Plains",
      "otherAreaExit": true,
      "exits": {
        "North": 51204,
        "East": 40729,
        "South": 51206,
        "West": 51224
      }
    },
    {
      "id": 51204,
      "name": "To The Western Plains",
      "otherAreaExit": true,
      "exits": {
        "North": 51203,
        "East": 40730,
        "South": 51205,
        "West": 51225
      }
    },
    {
      "id": 51203,
      "name": "To The Western Plains",
      "otherAreaExit": true,
      "exits": {
        "North": 51202,
        "East": 40731,
        "South": 51204,
        "West": 51226
      }
    },
    {
      "id": 2101,
      "name": "To Gangland",
      "otherAreaExit": true,
      "exits": {
        "East": 2102,
        "West": 40732
      }
    },
    {
      "id": 51202,
      "name": "To The Western Plains",
      "otherAreaExit": true,
      "exits": {
        "North": 51201,
        "East": 40732,
        "South": 51203
      }
    },
    {
      "id": 51201,
      "name": "To The Western Plains",
      "otherAreaExit": true,
      "exits": {
        "North": 51200,
        "East": 40733,
        "South": 51202
      }
    },
    {
      "id": 300,
      "name": "To Plains",
      "otherAreaExit": true,
      "exits": {
        "North": 315,
        "East": 301,
        "South": 40734,
        "West": 316
      }
    },
    {
      "id": 51200,
      "name": "To The Western Plains",
      "otherAreaExit": true,
      "exits": {
        "North": 316,
        "East": 40734,
        "South": 51201
      }
    },
    {
      "id": 301,
      "name": "To Plains",
      "otherAreaExit": true,
      "exits": {
        "East": 302,
        "South": 40735,
        "West": 300
      }
    },
    {
      "id": 302,
      "name": "To Plains",
      "otherAreaExit": true,
      "exits": {
        "North": 303,
        "East": 346,
        "South": 40736,
        "West": 301
      }
    },
    {
      "id": 346,
      "name": "To Plains",
      "otherAreaExit": true,
      "exits": {
        "North": 317,
        "East": 347,
        "South": 40737,
        "West": 302
      }
    },
    {
      "id": 347,
      "name": "To Plains",
      "otherAreaExit": true,
      "exits": {
        "North": 338,
        "East": 339,
        "South": 40738,
        "West": 346
      }
    },
    {
      "id": 339,
      "name": "To Plains",
      "otherAreaExit": true,
      "exits": {
        "North": 332,
        "East": 359,
        "South": 40739,
        "West": 347,
        "Down": 340
      }
    },
    {
      "id": 40945,
      "name": "To Eastern Shatar Road",
      "otherAreaExit": true,
      "exits": {
        "North": 40745,
        "South": 40944
      }
    },
    {
      "id": 24291,
      "name": "To Tarvalon",
      "otherAreaExit": true,
      "exits": {
        "South": 1935,
        "West": 40749
      }
    },
    {
      "id": 354,
      "name": "To Plains",
      "otherAreaExit": true,
      "exits": {
        "East": 355,
        "South": 40757,
        "West": 353
      }
    },
    {
      "id": 355,
      "name": "To Plains",
      "otherAreaExit": true,
      "exits": {
        "East": 40760,
        "South": 40758,
        "West": 354
      }
    },
    {
      "id": 30405,
      "name": "To Cliffs of Kylos",
      "otherAreaExit": true,
      "exits": {
        "South": 40788,
        "West": 30400
      }
    },
    {
      "id": 5550,
      "name": "To Ofcol",
      "otherAreaExit": true,
      "exits": {
        "North": 5551,
        "South": 40796
      }
    },
    {
      "id": 40072,
      "name": "To Visham",
      "otherAreaExit": true,
      "exits": {
        "North": 40071,
        "South": 40800
      }
    },
    {
      "id": 332,
      "name": "To Plains",
      "otherAreaExit": true,
      "exits": {
        "North": 312,
        "East": 360,
        "South": 339,
        "West": 338
      }
    },
    {
      "id": 312,
      "name": "To Plains",
      "otherAreaExit": true,
      "exits": {
        "North": 308,
        "East": 361,
        "South": 332,
        "West": 321
      }
    },
    {
      "id": 348,
      "name": "To Plains",
      "otherAreaExit": true,
      "exits": {
        "East": 349,
        "South": 362,
        "West": 309
      }
    },
    {
      "id": 308,
      "name": "To Plains",
      "otherAreaExit": true,
      "exits": {
        "North": 309,
        "East": 362,
        "South": 312,
        "West": 307
      }
    },
    {
      "id": 349,
      "name": "To Plains",
      "otherAreaExit": true,
      "exits": {
        "East": 350,
        "South": 363,
        "West": 348
      }
    },
    {
      "id": 350,
      "name": "To Plains",
      "otherAreaExit": true,
      "exits": {
        "East": 351,
        "South": 364,
        "West": 349
      }
    },
    {
      "id": 351,
      "name": "To Plains",
      "otherAreaExit": true,
      "exits": {
        "East": 352,
        "South": 365,
        "West": 350
      }
    },
    {
      "id": 352,
      "name": "To Plains",
      "otherAreaExit": true,
      "exits": {
        "East": 353,
        "South": 367,
        "West": 351
      }
    },
    {
      "id": 353,
      "name": "To Plains",
      "otherAreaExit": true,
      "exits": {
        "East": 354,
        "South": 368,
        "West": 352
      }
    }
  ]
}