{
  "name": "The Elven Stronghold",
  "buildOptions": {
    "maxSteps": 1000,
    "fixObstacles": true,
    "fixNonStraight": true,
    "fixIntersected": false,
    "compactMap": true,
    "addDebugInfo": false,
    "colorizeConnectionIssues": true
  },
  "rooms": [
    {
      "id": 4200,
      "name": "Before a vast ravine",
      "exits": {
        "North": 4201,
        "South": 22500
      }
    },
    {
      "id": 4201,
      "name": "Upon a wooden bridge",
      "exits": {
        "North": 4202,
        "South": 4200
      }
    },
    {
      "id": 4202,
      "name": "Before the gates of the Elven Stronghold",
      "exits": {
        "North": 4203,
        "South": 4201
      }
    },
    {
      "id": 4203,
      "name": "The Entrance Hall",
      "exits": {
        "North": 4206,
        "East": 4205,
        "South": 4202,
        "West": 4204
      }
    },
    {
      "id": 4204,
      "name": "A Guard Room",
      "exits": {
        "East": 4203
      }
    },
    {
      "id": 4205,
      "name": "A Guard Room",
      "exits": {
        "West": 4203
      }
    },
    {
      "id": 4206,
      "name": "A Large Apex",
      "exits": {
        "North": 4245,
        "East": 4207,
        "South": 4203,
        "West": 4233
      }
    },
    {
      "id": 4207,
      "name": "A Hallway Outside of the Grand Hall",
      "exits": {
        "East": 4208,
        "West": 4206
      }
    },
    {
      "id": 4208,
      "name": "The Grand Hall",
      "exits": {
        "North": 4209,
        "East": 4212,
        "South": 4210,
        "West": 4207
      }
    },
    {
      "id": 4209,
      "name": "The Grand Hall",
      "exits": {
        "North": 4220,
        "East": 4213,
        "South": 4208
      }
    },
    {
      "id": 4210,
      "name": "The Grand Hall",
      "exits": {
        "North": 4208,
        "East": 4211,
        "South": 4232
      }
    },
    {
      "id": 4211,
      "name": "The Grand Hall",
      "exits": {
        "North": 4212,
        "East": 4216,
        "South": 4231,
        "West": 4210
      }
    },
    {
      "id": 4212,
      "name": "The Center of the Grand Hall",
      "exits": {
        "North": 4213,
        "East": 4215,
        "South": 4211,
        "West": 4208
      }
    },
    {
      "id": 4213,
      "name": "The Grand Hall",
      "exits": {
        "North": 4221,
        "East": 4214,
        "South": 4212,
        "West": 4209
      }
    },
    {
      "id": 4214,
      "name": "The Grand Hall",
      "exits": {
        "North": 4222,
        "East": 4219,
        "South": 4215,
        "West": 4213
      }
    },
    {
      "id": 4215,
      "name": "The Center of the Grand Hall",
      "exits": {
        "North": 4214,
        "East": 4218,
        "South": 4216,
        "West": 4212
      }
    },
    {
      "id": 4216,
      "name": "The Grand Hall",
      "exits": {
        "North": 4215,
        "East": 4217,
        "South": 4230,
        "West": 4211
      }
    },
    {
      "id": 4217,
      "name": "The Grand Hall",
      "exits": {
        "North": 4218,
        "East": 4227,
        "South": 4229,
        "West": 4216
      }
    },
    {
      "id": 4218,
      "name": "The Grand Hall",
      "exits": {
        "North": 4219,
        "East": 4219,
        "South": 4217,
        "West": 4215
      }
    },
    {
      "id": 4219,
      "name": "The Grand Hall",
      "exits": {
        "North": 4223,
        "East": 4225,
        "South": 4218,
        "West": 4214
      }
    },
    {
      "id": 4220,
      "name": "The Upper Gallery",
      "exits": {
        "East": 4221,
        "South": 4209
      }
    },
    {
      "id": 4221,
      "name": "The Upper Gallery",
      "exits": {
        "East": 4222,
        "South": 4213,
        "West": 4221
      }
    },
    {
      "id": 4222,
      "name": "The Upper Gallery",
      "exits": {
        "East": 4223,
        "South": 4214,
        "West": 4221
      }
    },
    {
      "id": 4223,
      "name": "The Upper Gallery",
      "exits": {
        "East": 4224,
        "South": 4219,
        "West": 4222
      }
    },
    {
      "id": 4224,
      "name": "The Upper Gallery",
      "exits": {
        "South": 4225,
        "West": 4223
      }
    },
    {
      "id": 4225,
      "name": "The Upper Gallery",
      "exits": {
        "North": 4224,
        "South": 4226,
        "West": 4219
      }
    },
    {
      "id": 4226,
      "name": "The Upper Gallery",
      "exits": {
        "North": 4225,
        "South": 4227,
        "West": 4218
      }
    },
    {
      "id": 4227,
      "name": "The Upper Gallery",
      "exits": {
        "South": 4228,
        "West": 4217
      }
    },
    {
      "id": 4228,
      "name": "The Upper Gallery",
      "exits": {
        "North": 4227,
        "West": 4229
      }
    },
    {
      "id": 4229,
      "name": "The Upper Gallery",
      "exits": {
        "North": 4217,
        "East": 4228,
        "West": 4230
      }
    },
    {
      "id": 4230,
      "name": "The Upper Gallery",
      "exits": {
        "North": 4216,
        "East": 4229,
        "West": 4231
      }
    },
    {
      "id": 4231,
      "name": "The Upper Gallery",
      "exits": {
        "North": 4211,
        "East": 4230,
        "West": 4232
      }
    },
    {
      "id": 4232,
      "name": "The Upper Gallery",
      "exits": {
        "North": 4210,
        "East": 4231
      }
    },
    {
      "id": 4233,
      "name": "An Ornate Hallway",
      "exits": {
        "North": 4234,
        "East": 4206
      }
    },
    {
      "id": 4234,
      "name": "An Ornate Hallway",
      "exits": {
        "North": 4237,
        "East": 4236,
        "South": 4233,
        "West": 4235
      }
    },
    {
      "id": 4235,
      "name": "A Guest Room",
      "exits": {
        "East": 4234
      }
    },
    {
      "id": 4236,
      "name": "A Guest Room",
      "exits": {
        "West": 4234
      }
    },
    {
      "id": 4237,
      "name": "An Ornate Hallway",
      "exits": {
        "North": 4240,
        "East": 4239,
        "South": 4234,
        "West": 4238
      }
    },
    {
      "id": 4238,
      "name": "A Guest Room",
      "exits": {
        "East": 4237
      }
    },
    {
      "id": 4239,
      "name": "A Guest Room",
      "exits": {
        "West": 4237
      }
    },
    {
      "id": 4240,
      "name": "An Ornate Hallway",
      "exits": {
        "North": 4243,
        "East": 4242,
        "South": 4237,
        "West": 4241
      }
    },
    {
      "id": 4241,
      "name": "A Guest Room",
      "exits": {
        "East": 4240
      }
    },
    {
      "id": 4242,
      "name": "A Guest Room",
      "exits": {
        "West": 4240
      }
    },
    {
      "id": 4243,
      "name": "An Ornate Hallway",
      "exits": {
        "East": 4244,
        "South": 4240
      }
    },
    {
      "id": 4244,
      "name": "An Arched Hallway",
      "exits": {
        "North": 4249,
        "East": 4250,
        "South": 4247,
        "West": 4243
      }
    },
    {
      "id": 4245,
      "name": "An Arched Hallway",
      "exits": {
        "North": 4246,
        "South": 4206
      }
    },
    {
      "id": 4246,
      "name": "An Arched Hallway",
      "exits": {
        "North": 4247,
        "East": 4248,
        "South": 4245
      }
    },
    {
      "id": 4247,
      "name": "An Arched Hallway",
      "exits": {
        "North": 4244,
        "South": 4246
      }
    },
    {
      "id": 4248,
      "name": "The Bottom of a Spiral Staircase",
      "exits": {
        "West": 4246,
        "Up": 4253
      }
    },
    {
      "id": 4249,
      "name": "Entrance to Gwenidill",
      "exits": {
        "South": 4244,
        "Down": 4304
      }
    },
    {
      "id": 4250,
      "name": "Hall of the Elven Lords",
      "exits": {
        "East": 4251,
        "West": 4244
      }
    },
    {
      "id": 4251,
      "name": "Before the Chambers of the Elven Lord",
      "exits": {
        "East": 4252,
        "West": 4250
      }
    },
    {
      "id": 4252,
      "name": "The Bed Chambers of the Elven Lord",
      "exits": {
        "West": 4251
      }
    },
    {
      "id": 4253,
      "name": "On a Spiral Staircase",
      "exits": {
        "South": 4254,
        "Up": 4280,
        "Down": 4248
      }
    },
    {
      "id": 4254,
      "name": "A Wide Hallway",
      "exits": {
        "North": 4253,
        "South": 4255
      }
    },
    {
      "id": 4255,
      "name": "A Split in the Hallway",
      "exits": {
        "North": 4254,
        "East": 4256,
        "West": 4263
      }
    },
    {
      "id": 4256,
      "name": "A Wide Hallway",
      "exits": {
        "East": 4257,
        "West": 4255
      }
    },
    {
      "id": 4257,
      "name": "The Elven Forge",
      "exits": {
        "North": 4258,
        "East": 4261,
        "South": 4259,
        "West": 4256
      }
    },
    {
      "id": 4258,
      "name": "The Elven Forge",
      "exits": {
        "East": 4262,
        "South": 4257
      }
    },
    {
      "id": 4259,
      "name": "The Elven Forge",
      "exits": {
        "North": 4257,
        "East": 4260
      }
    },
    {
      "id": 4260,
      "name": "The Elven Forge",
      "exits": {
        "North": 4261,
        "West": 4259
      }
    },
    {
      "id": 4261,
      "name": "The Elven Forge",
      "exits": {
        "North": 4262,
        "South": 4260,
        "West": 4257
      }
    },
    {
      "id": 4262,
      "name": "The Elven Forge",
      "exits": {
        "South": 4261,
        "West": 4258
      }
    },
    {
      "id": 4263,
      "name": "A Wide Hallway",
      "exits": {
        "East": 4255,
        "West": 4264
      }
    },
    {
      "id": 4264,
      "name": "The Guard Barracks",
      "exits": {
        "North": 4266,
        "East": 4263,
        "South": 4265,
        "West": 4270
      }
    },
    {
      "id": 4265,
      "name": "The Guard Barracks",
      "exits": {
        "North": 4264,
        "West": 4271
      }
    },
    {
      "id": 4266,
      "name": "The Guard Barracks",
      "exits": {
        "North": 4267,
        "South": 4264,
        "West": 4269
      }
    },
    {
      "id": 4267,
      "name": "The Guard Barracks",
      "exits": {
        "South": 4266,
        "West": 4268
      }
    },
    {
      "id": 4268,
      "name": "The Guard Barracks",
      "exits": {
        "East": 4267,
        "South": 4269,
        "West": 4275
      }
    },
    {
      "id": 4269,
      "name": "The Guard Barracks",
      "exits": {
        "North": 4268,
        "East": 4266,
        "South": 4270,
        "West": 4274
      }
    },
    {
      "id": 4270,
      "name": "The Guard Barracks",
      "exits": {
        "North": 4269,
        "East": 4264,
        "South": 4271,
        "West": 4273
      }
    },
    {
      "id": 4271,
      "name": "The Guard Barracks",
      "exits": {
        "North": 4270,
        "East": 4265,
        "West": 4272
      }
    },
    {
      "id": 4272,
      "name": "The Guard Barracks",
      "exits": {
        "North": 4273,
        "East": 4271,
        "West": 4279
      }
    },
    {
      "id": 4273,
      "name": "The Guard Barracks",
      "exits": {
        "North": 4274,
        "East": 4270,
        "South": 4272,
        "West": 4278
      }
    },
    {
      "id": 4274,
      "name": "The Guard Barracks",
      "exits": {
        "North": 4275,
        "East": 4269,
        "South": 4273,
        "West": 4277
      }
    },
    {
      "id": 4275,
      "name": "The Guard Barracks",
      "exits": {
        "East": 4268,
        "South": 4274,
        "West": 4276
      }
    },
    {
      "id": 4276,
      "name": "The Guard Barracks",
      "exits": {
        "East": 4275,
        "South": 4277
      }
    },
    {
      "id": 4277,
      "name": "The Guard Barracks",
      "exits": {
        "North": 4276,
        "East": 4274,
        "South": 4278
      }
    },
    {
      "id": 4278,
      "name": "The Guard Barracks",
      "exits": {
        "North": 4277,
        "East": 4273,
        "South": 4279
      }
    },
    {
      "id": 4279,
      "name": "The Guard Barracks",
      "exits": {
        "North": 4278,
        "East": 4272
      }
    },
    {
      "id": 4280,
      "name": "The Top of a Spiral Staircase",
      "exits": {
        "South": 4281,
        "Down": 4253
      }
    },
    {
      "id": 4281,
      "name": "A Small Hallway",
      "exits": {
        "North": 4280,
        "East": 4284,
        "South": 4286,
        "West": 4282
      }
    },
    {
      "id": 4282,
      "name": "A Small Hallway",
      "exits": {
        "North": 4300,
        "East": 4281,
        "South": 4288,
        "West": 4283
      }
    },
    {
      "id": 4283,
      "name": "A Small Hallway",
      "exits": {
        "North": 4302,
        "East": 4282,
        "South": 4290
      }
    },
    {
      "id": 4284,
      "name": "A Small Hallway",
      "exits": {
        "North": 4298,
        "East": 4285,
        "South": 4292,
        "West": 4281
      }
    },
    {
      "id": 4285,
      "name": "A Small Hallway",
      "exits": {
        "North": 4296,
        "South": 4294,
        "West": 4284
      }
    },
    {
      "id": 4286,
      "name": "A Small Hallway",
      "exits": {
        "North": 4281,
        "South": 4287
      }
    },
    {
      "id": 4287,
      "name": "An Archer\u0027s Post",
      "exits": {
        "North": 4286
      }
    },
    {
      "id": 4288,
      "name": "A Small Hallway",
      "exits": {
        "North": 4282,
        "South": 4289
      }
    },
    {
      "id": 4289,
      "name": "An Archer\u0027s Post",
      "exits": {
        "North": 4288
      }
    },
    {
      "id": 4290,
      "name": "A Small Hallway",
      "exits": {
        "North": 4283,
        "South": 4291
      }
    },
    {
      "id": 4291,
      "name": "An Archer\u0027s Post",
      "exits": {
        "North": 4290
      }
    },
    {
      "id": 4292,
      "name": "A Small Hallway",
      "exits": {
        "North": 4284,
        "South": 4293
      }
    },
    {
      "id": 4293,
      "name": "An Archer\u0027s Post",
      "exits": {
        "North": 4292
      }
    },
    {
      "id": 4294,
      "name": "A Small Hallway",
      "exits": {
        "North": 4285,
        "South": 4295
      }
    },
    {
      "id": 4295,
      "name": "An Archer\u0027s Post",
      "exits": {
        "North": 4294
      }
    },
    {
      "id": 4296,
      "name": "A Small Hallway",
      "exits": {
        "North": 4297,
        "South": 4285
      }
    },
    {
      "id": 4297,
      "name": "An Archer\u0027s Post",
      "exits": {
        "South": 4296
      }
    },
    {
      "id": 4298,
      "name": "A Small Hallway",
      "exits": {
        "North": 4299,
        "South": 4284
      }
    },
    {
      "id": 4299,
      "name": "An Archer\u0027s Post",
      "exits": {
        "South": 4298
      }
    },
    {
      "id": 4300,
      "name": "A Small Hallway",
      "exits": {
        "North": 4301,
        "South": 4282
      }
    },
    {
      "id": 4301,
      "name": "An Archer\u0027s Post",
      "exits": {
        "South": 4300
      }
    },
    {
      "id": 4302,
      "name": "A Small Hallway",
      "exits": {
        "North": 4303,
        "South": 4283
      }
    },
    {
      "id": 4303,
      "name": "An Archer\u0027s Post",
      "exits": {
        "South": 4302
      }
    },
    {
      "id": 4304,
      "name": "Entrance to the Ancient Halls of Gwenidill",
      "exits": {
        "South": 4305,
        "Up": 4249
      }
    },
    {
      "id": 4305,
      "name": "A Hallway through Gwenidill",
      "exits": {
        "North": 4304,
        "South": 4306
      }
    },
    {
      "id": 4306,
      "name": "Hall of the Elven Chiliad",
      "exits": {
        "North": 4305,
        "East": 4307,
        "South": 4310,
        "West": 4308
      }
    },
    {
      "id": 4307,
      "name": "Hall of the Elven Chiliad",
      "exits": {
        "South": 4311,
        "West": 4306
      }
    },
    {
      "id": 4308,
      "name": "Hall of the Elven Chiliad",
      "exits": {
        "East": 4306,
        "South": 4309,
        "West": 4312
      }
    },
    {
      "id": 4309,
      "name": "Hall of the Elven Chiliad",
      "exits": {
        "North": 4308,
        "East": 4310,
        "West": 4384
      }
    },
    {
      "id": 4310,
      "name": "Hall of the Elven Chiliad",
      "exits": {
        "North": 4306,
        "East": 4311,
        "South": 4320,
        "West": 4309
      }
    },
    {
      "id": 4311,
      "name": "Hall of the Elven Chiliad",
      "exits": {
        "North": 4307,
        "East": 4333,
        "West": 4310
      }
    },
    {
      "id": 4312,
      "name": "A Hallway through Gwenidill",
      "exits": {
        "East": 4308,
        "West": 4313
      }
    },
    {
      "id": 4313,
      "name": "A Hallway through Gwenidill",
      "exits": {
        "North": 4314,
        "East": 4312
      }
    },
    {
      "id": 4314,
      "name": "Before a Strange Doorway",
      "exits": {
        "South": 4313,
        "West": 4315
      }
    },
    {
      "id": 4315,
      "name": "A Large Laboratory",
      "exits": {
        "North": 4318,
        "East": 4314,
        "West": 4316
      }
    },
    {
      "id": 4316,
      "name": "A Large Laboratory",
      "exits": {
        "North": 4317,
        "East": 4315
      }
    },
    {
      "id": 4317,
      "name": "A Large Laboratory",
      "exits": {
        "East": 4318,
        "South": 4316,
        "West": 4319
      }
    },
    {
      "id": 4318,
      "name": "A Large Laboratory",
      "exits": {
        "South": 4315,
        "West": 4317
      }
    },
    {
      "id": 4319,
      "name": "A Hidden Alcove",
      "exits": {
        "East": 4317
      }
    },
    {
      "id": 4320,
      "name": "A Hallway through Gwenidill",
      "exits": {
        "North": 4310,
        "South": 4321
      }
    },
    {
      "id": 4321,
      "name": "Before a Scorched Gate",
      "exits": {
        "North": 4320,
        "South": 4322
      }
    },
    {
      "id": 4322,
      "name": "The Elven Coffers",
      "exits": {
        "North": 4321,
        "East": 4330,
        "South": 4326,
        "West": 4324
      }
    },
    {
      "id": 4324,
      "name": "The Elven Coffers",
      "exits": {
        "East": 4322,
        "South": 4325
      }
    },
    {
      "id": 4325,
      "name": "The Elven Coffers",
      "exits": {
        "North": 4324,
        "East": 4326
      }
    },
    {
      "id": 4326,
      "name": "The Elven Coffers",
      "exits": {
        "North": 4322,
        "East": 4327,
        "West": 4325
      }
    },
    {
      "id": 4327,
      "name": "The Elven Coffers",
      "exits": {
        "North": 4330,
        "East": 4328,
        "West": 4326
      }
    },
    {
      "id": 4328,
      "name": "The Elven Coffers",
      "exits": {
        "North": 4331,
        "East": 4329,
        "West": 4327
      }
    },
    {
      "id": 4329,
      "name": "The Elven Coffers",
      "exits": {
        "North": 4332,
        "West": 4328
      }
    },
    {
      "id": 4330,
      "name": "The Elven Coffers",
      "exits": {
        "East": 4331,
        "South": 4327,
        "West": 4322
      }
    },
    {
      "id": 4331,
      "name": "The Elven Coffers",
      "exits": {
        "East": 4332,
        "South": 4328,
        "West": 4330
      }
    },
    {
      "id": 4332,
      "name": "The Elven Coffers",
      "exits": {
        "South": 4329,
        "West": 4331
      }
    },
    {
      "id": 4333,
      "name": "A Hallway through Gwenidill",
      "exits": {
        "East": 4334,
        "West": 4311
      }
    },
    {
      "id": 4334,
      "name": "A Large Rotunda",
      "exits": {
        "North": 4335,
        "East": 4364,
        "South": 4375,
        "West": 4333
      }
    },
    {
      "id": 4335,
      "name": "Before a Set of Ornate Doors",
      "exits": {
        "North": 4336,
        "South": 4334
      }
    },
    {
      "id": 4336,
      "name": "The Ancient Gallery",
      "exits": {
        "East": 4347,
        "South": 4335,
        "West": 4337
      }
    },
    {
      "id": 4337,
      "name": "The Ancient Gallery",
      "exits": {
        "East": 4336,
        "West": 4338
      }
    },
    {
      "id": 4338,
      "name": "The Ancient Gallery",
      "exits": {
        "North": 4339,
        "East": 4337
      }
    },
    {
      "id": 4339,
      "name": "The Ancient Gallery",
      "exits": {
        "North": 4340,
        "South": 4338,
        "Down": 4363
      }
    },
    {
      "id": 4340,
      "name": "The Ancient Gallery",
      "exits": {
        "East": 4341,
        "South": 4339
      }
    },
    {
      "id": 4341,
      "name": "The Ancient Gallery",
      "exits": {
        "East": 4342,
        "West": 4340
      }
    },
    {
      "id": 4342,
      "name": "The Ancient Gallery",
      "exits": {
        "East": 4343,
        "West": 4341
      }
    },
    {
      "id": 4343,
      "name": "The Ancient Gallery",
      "exits": {
        "East": 4344,
        "West": 4342
      }
    },
    {
      "id": 4344,
      "name": "The Ancient Gallery",
      "exits": {
        "South": 4345,
        "West": 4343
      }
    },
    {
      "id": 4345,
      "name": "The Ancient Gallery",
      "exits": {
        "North": 4344,
        "South": 4346,
        "Down": 4348
      }
    },
    {
      "id": 4346,
      "name": "The Ancient Gallery",
      "exits": {
        "North": 4345,
        "West": 4347
      }
    },
    {
      "id": 4347,
      "name": "The Ancient Gallery",
      "exits": {
        "East": 4346,
        "West": 4336
      }
    },
    {
      "id": 4348,
      "name": "A Massive Library",
      "exits": {
        "North": 4349,
        "South": 4350,
        "West": 4352,
        "Up": 4345
      }
    },
    {
      "id": 4349,
      "name": "A Massive Library",
      "exits": {
        "South": 4348,
        "West": 4353
      }
    },
    {
      "id": 4350,
      "name": "A Massive Library",
      "exits": {
        "North": 4348,
        "West": 4351
      }
    },
    {
      "id": 4351,
      "name": "A Massive Library",
      "exits": {
        "North": 4352,
        "East": 4350,
        "West": 4356
      }
    },
    {
      "id": 4352,
      "name": "The Center of the Massive Library",
      "exits": {
        "North": 4353,
        "East": 4348,
        "South": 4351,
        "West": 4355
      }
    },
    {
      "id": 4353,
      "name": "A Massive Library",
      "exits": {
        "East": 4349,
        "South": 4352,
        "West": 4354
      }
    },
    {
      "id": 4354,
      "name": "A Massive Library",
      "exits": {
        "East": 4353,
        "South": 4355,
        "West": 4359
      }
    },
    {
      "id": 4355,
      "name": "The Center of the Massive Library",
      "exits": {
        "North": 4354,
        "East": 4352,
        "South": 4356,
        "West": 4358
      }
    },
    {
      "id": 4356,
      "name": "A Massive Library",
      "exits": {
        "North": 4355,
        "East": 4351,
        "West": 4357
      }
    },
    {
      "id": 4357,
      "name": "A Massive Library",
      "exits": {
        "North": 4358,
        "East": 4356,
        "West": 4361
      }
    },
    {
      "id": 4358,
      "name": "The Center of the Massive Library",
      "exits": {
        "North": 4359,
        "East": 4355,
        "South": 4357,
        "West": 4363
      }
    },
    {
      "id": 4359,
      "name": "A Massive Library",
      "exits": {
        "East": 4354,
        "South": 4358,
        "West": 4362
      }
    },
    {
      "id": 4361,
      "name": "A Massive Library",
      "exits": {
        "North": 4363,
        "East": 4357
      }
    },
    {
      "id": 4362,
      "name": "A Massive Library",
      "exits": {
        "East": 4359,
        "South": 4363
      }
    },
    {
      "id": 4363,
      "name": "A Massive Library",
      "exits": {
        "North": 4362,
        "East": 4358,
        "South": 4361,
        "Up": 4339
      }
    },
    {
      "id": 4364,
      "name": "A Hallway through Gwenidill",
      "exits": {
        "East": 4365,
        "West": 4334
      }
    },
    {
      "id": 4365,
      "name": "Before a Door Embossed with Stars",
      "exits": {
        "East": 4366,
        "West": 4364
      }
    },
    {
      "id": 4366,
      "name": "Inside the Observatory",
      "exits": {
        "North": 4367,
        "East": 4374,
        "South": 4368,
        "West": 4365
      }
    },
    {
      "id": 4367,
      "name": "Inside the Observatory",
      "exits": {
        "East": 4373,
        "South": 4366
      }
    },
    {
      "id": 4368,
      "name": "Inside the Observatory",
      "exits": {
        "North": 4366,
        "East": 4369
      }
    },
    {
      "id": 4369,
      "name": "Inside the Observatory",
      "exits": {
        "North": 4374,
        "East": 4370,
        "West": 4368
      }
    },
    {
      "id": 4370,
      "name": "Inside the Observatory",
      "exits": {
        "North": 4371,
        "West": 4369
      }
    },
    {
      "id": 4371,
      "name": "Inside the Observatory",
      "exits": {
        "North": 4372,
        "South": 4370,
        "West": 4374
      }
    },
    {
      "id": 4372,
      "name": "Inside the Observatory",
      "exits": {
        "South": 4371,
        "West": 4373
      }
    },
    {
      "id": 4373,
      "name": "Inside the Observatory",
      "exits": {
        "East": 4372,
        "South": 4374,
        "West": 4367
      }
    },
    {
      "id": 4374,
      "name": "Under a Massive Telescope",
      "exits": {
        "North": 4373,
        "East": 4371,
        "South": 4369,
        "West": 4366
      }
    },
    {
      "id": 4375,
      "name": "A Hallway through Gwenidill",
      "exits": {
        "North": 4334,
        "South": 4376
      }
    },
    {
      "id": 4376,
      "name": "Before a Door Depicting a Large Constellation",
      "exits": {
        "North": 4375,
        "East": 4377
      }
    },
    {
      "id": 4377,
      "name": "Throne Room of the First Elven Lord",
      "exits": {
        "East": 4380,
        "South": 4378,
        "West": 4376
      }
    },
    {
      "id": 4378,
      "name": "Throne Room of the First Elven Lord",
      "exits": {
        "North": 4377,
        "East": 4379
      }
    },
    {
      "id": 4379,
      "name": "Throne Room of the First Elven Lord",
      "exits": {
        "North": 4380,
        "East": 4382,
        "South": 4383,
        "West": 4378
      }
    },
    {
      "id": 4380,
      "name": "Throne Room of the First Elven Lord",
      "exits": {
        "East": 4381,
        "South": 4379,
        "West": 4377
      }
    },
    {
      "id": 4381,
      "name": "Throne Room of the First Elven Lord",
      "exits": {
        "South": 4382,
        "West": 4380
      }
    },
    {
      "id": 4382,
      "name": "Throne Room of the First Elven Lord",
      "exits": {
        "North": 4381,
        "West": 4379
      }
    },
    {
      "id": 4383,
      "name": "Behind the Throne",
      "exits": {
        "North": 4379
      }
    },
    {
      "id": 4384,
      "name": "A Hallway through Gwenidill",
      "exits": {
        "East": 4309,
        "West": 4385
      }
    },
    {
      "id": 4385,
      "name": "Before a Door Carved with Ancient Runes",
      "exits": {
        "East": 4384,
        "South": 4386
      }
    },
    {
      "id": 4386,
      "name": "The Pantheon of Gwenidill",
      "exits": {
        "North": 4385,
        "East": 4387,
        "South": 4391,
        "West": 4388
      }
    },
    {
      "id": 4387,
      "name": "The Pantheon of Gwenidill",
      "exits": {
        "West": 4386
      }
    },
    {
      "id": 4388,
      "name": "The Pantheon of Gwenidill",
      "exits": {
        "East": 4386,
        "South": 4390,
        "West": 4389
      }
    },
    {
      "id": 4389,
      "name": "The Pantheon of Gwenidill",
      "exits": {
        "East": 4388
      }
    },
    {
      "id": 4390,
      "name": "The Pantheon of Gwenidill",
      "exits": {
        "North": 4388,
        "East": 4391
      }
    },
    {
      "id": 4391,
      "name": "The Pantheon of Gwenidill",
      "exits": {
        "North": 4386,
        "West": 4390
      }
    },
    {
      "id": 4392,
      "name": "The Inner Sanctum of Virinahn",
      "exits": {
        "West": 13818
      }
    },
    {
      "id": 4393,
      "name": "Dummy Room",
      "exits": {}
    },
    {
      "id": 22500,
      "name": "To Forest of Myth Drannor",
      "otherAreaExit": true,
      "exits": {
        "East": 22501,
        "West": 22561
      }
    },
    {
      "id": 13818,
      "name": "To Ruins of Drannor",
      "otherAreaExit": true,
      "exits": {
        "West": 13817
      }
    }
  ]
}