{
  "name": "The Minotaur Maze",
  "buildOptions": {
    "maxSteps": 1000,
    "fixObstacles": true,
    "fixNonStraight": false,
    "fixIntersected": false,
    "compactMap": true,
    "addDebugInfo": false,
    "colorizeConnectionIssues": true
  },
  "rooms": [
    {
      "id": 17900,
      "name": "A Four-Way Junction",
      "exits": {
        "North": 17910,
        "East": 17901,
        "West": 17909
      }
    },
    {
      "id": 17901,
      "name": "A Four-Way Junction",
      "exits": {
        "North": 17911,
        "East": 17902,
        "South": 17991,
        "West": 17900
      }
    },
    {
      "id": 17902,
      "name": "A Four-Way Junction",
      "exits": {
        "North": 17912,
        "East": 17903,
        "South": 17992,
        "West": 17901
      }
    },
    {
      "id": 17903,
      "name": "A Four-Way Junction",
      "exits": {
        "North": 17913,
        "East": 17904,
        "South": 17993,
        "West": 17902
      }
    },
    {
      "id": 17904,
      "name": "A Four-Way Junction",
      "exits": {
        "North": 17914,
        "East": 17905,
        "South": 17994,
        "West": 17903
      }
    },
    {
      "id": 17905,
      "name": "A Four-Way Junction",
      "exits": {
        "North": 17915,
        "East": 17906,
        "South": 17995,
        "West": 17904
      }
    },
    {
      "id": 17906,
      "name": "A Four-Way Junction",
      "exits": {
        "North": 17916,
        "East": 17907,
        "South": 17996,
        "West": 17905
      }
    },
    {
      "id": 17907,
      "name": "A Four-Way Junction",
      "exits": {
        "North": 17917,
        "East": 17908,
        "South": 17997,
        "West": 17906
      }
    },
    {
      "id": 17908,
      "name": "A Four-Way Junction",
      "exits": {
        "North": 17918,
        "East": 17909,
        "South": 17998,
        "West": 17907
      }
    },
    {
      "id": 17909,
      "name": "A Four-Way Junction",
      "exits": {
        "North": 17919,
        "East": 17900,
        "South": 17999,
        "West": 17908
      }
    },
    {
      "id": 17910,
      "name": "A Four-Way Junction",
      "exits": {
        "North": 17920,
        "East": 17911,
        "South": 17900,
        "West": 17919
      }
    },
    {
      "id": 17911,
      "name": "A Four-Way Junction",
      "exits": {
        "North": 17921,
        "East": 17912,
        "South": 17901,
        "West": 17910
      }
    },
    {
      "id": 17912,
      "name": "A Four-Way Junction",
      "exits": {
        "North": 17922,
        "East": 17913,
        "South": 17902,
        "West": 17911
      }
    },
    {
      "id": 17913,
      "name": "A Four-Way Junction",
      "exits": {
        "North": 17923,
        "East": 17914,
        "South": 17903,
        "West": 17912
      }
    },
    {
      "id": 17914,
      "name": "A Four-Way Junction",
      "exits": {
        "North": 17924,
        "East": 17915,
        "South": 17904,
        "West": 17913
      }
    },
    {
      "id": 17915,
      "name": "A Four-Way Junction",
      "exits": {
        "North": 17925,
        "East": 17916,
        "South": 17905,
        "West": 17914
      }
    },
    {
      "id": 17916,
      "name": "A Four-Way Junction",
      "exits": {
        "North": 17926,
        "East": 17917,
        "South": 17906,
        "West": 17915
      }
    },
    {
      "id": 17917,
      "name": "A Four-Way Junction",
      "exits": {
        "North": 17927,
        "East": 17918,
        "South": 17907,
        "West": 17916
      }
    },
    {
      "id": 17918,
      "name": "A Four-Way Junction",
      "exits": {
        "North": 17928,
        "East": 17919,
        "South": 17908,
        "West": 17917
      }
    },
    {
      "id": 17919,
      "name": "A Four-Way Junction",
      "exits": {
        "North": 17929,
        "East": 17910,
        "South": 17909,
        "West": 17918
      }
    },
    {
      "id": 17920,
      "name": "A Four-Way Junction",
      "exits": {
        "North": 17930,
        "East": 17921,
        "South": 17910,
        "West": 17929
      }
    },
    {
      "id": 17921,
      "name": "A Four-Way Junction",
      "exits": {
        "North": 17931,
        "East": 17922,
        "South": 17911,
        "West": 17920
      }
    },
    {
      "id": 17922,
      "name": "A Four-Way Junction",
      "exits": {
        "North": 17932,
        "East": 17923,
        "South": 17912,
        "West": 17921
      }
    },
    {
      "id": 17923,
      "name": "Dead End",
      "exits": {
        "East": 17924
      }
    },
    {
      "id": 17924,
      "name": "A Four-Way Junction",
      "exits": {
        "North": 17934,
        "East": 17925,
        "South": 17914,
        "West": 17923
      }
    },
    {
      "id": 17925,
      "name": "A Four-Way Junction",
      "exits": {
        "North": 17935,
        "East": 17926,
        "South": 17915,
        "West": 17924
      }
    },
    {
      "id": 17926,
      "name": "A Four-Way Junction",
      "exits": {
        "North": 17936,
        "East": 17927,
        "South": 17916,
        "West": 17925
      }
    },
    {
      "id": 17927,
      "name": "A Four-Way Junction",
      "exits": {
        "North": 17937,
        "East": 17928,
        "South": 17917,
        "West": 17926
      }
    },
    {
      "id": 17928,
      "name": "A Four-Way Junction",
      "exits": {
        "North": 17938,
        "East": 17929,
        "South": 17918,
        "West": 17927
      }
    },
    {
      "id": 17929,
      "name": "A Four-Way Junction",
      "exits": {
        "North": 17939,
        "East": 17920,
        "South": 17919,
        "West": 17928
      }
    },
    {
      "id": 17930,
      "name": "A Four-Way Junction",
      "exits": {
        "North": 17940,
        "East": 17931,
        "South": 17920,
        "West": 17939
      }
    },
    {
      "id": 17931,
      "name": "A Four-Way Junction",
      "exits": {
        "North": 17941,
        "East": 17932,
        "South": 17921,
        "West": 17930
      }
    },
    {
      "id": 17932,
      "name": "A Four-Way Junction",
      "exits": {
        "North": 17942,
        "East": 17933,
        "South": 17922,
        "West": 17931
      }
    },
    {
      "id": 17933,
      "name": "A Four-Way Junction",
      "exits": {
        "North": 17943,
        "East": 17934,
        "South": 17923,
        "West": 17932
      }
    },
    {
      "id": 17934,
      "name": "A Four-Way Junction",
      "exits": {
        "North": 17944,
        "East": 17935,
        "South": 17924,
        "West": 17933
      }
    },
    {
      "id": 17935,
      "name": "A Four-Way Junction",
      "exits": {
        "North": 17945,
        "East": 17936,
        "South": 17925,
        "West": 17934
      }
    },
    {
      "id": 17936,
      "name": "A Four-Way Junction",
      "exits": {
        "North": 17946,
        "East": 17937,
        "South": 17926,
        "West": 17935
      }
    },
    {
      "id": 17937,
      "name": "A Four-Way Junction",
      "exits": {
        "North": 17947,
        "East": 17938,
        "South": 17927,
        "West": 17936
      }
    },
    {
      "id": 17938,
      "name": "A Four-Way Junction",
      "exits": {
        "North": 17948,
        "East": 17939,
        "South": 17928,
        "West": 17937
      }
    },
    {
      "id": 17939,
      "name": "A Four-Way Junction",
      "exits": {
        "North": 17949,
        "East": 17930,
        "South": 17929,
        "West": 17938
      }
    },
    {
      "id": 17940,
      "name": "A Four-Way Junction",
      "exits": {
        "North": 17950,
        "East": 17941,
        "South": 17930,
        "West": 17949
      }
    },
    {
      "id": 17941,
      "name": "A Four-Way Junction",
      "exits": {
        "North": 17951,
        "East": 17942,
        "South": 17931,
        "West": 17940
      }
    },
    {
      "id": 17942,
      "name": "A Four-Way Junction",
      "exits": {
        "North": 17952,
        "East": 17943,
        "South": 17932,
        "West": 17941
      }
    },
    {
      "id": 17943,
      "name": "A Four-Way Junction",
      "exits": {
        "North": 17953,
        "East": 17944,
        "South": 17933,
        "West": 17942
      }
    },
    {
      "id": 17944,
      "name": "A Four-Way Junction",
      "exits": {
        "North": 17954,
        "East": 17945,
        "South": 17934,
        "West": 17943
      }
    },
    {
      "id": 17945,
      "name": "A Four-Way Junction",
      "exits": {
        "North": 17955,
        "East": 17946,
        "South": 17935,
        "West": 17944
      }
    },
    {
      "id": 17946,
      "name": "A Four-Way Junction",
      "exits": {
        "North": 17956,
        "East": 17947,
        "South": 17936,
        "West": 17945
      }
    },
    {
      "id": 17947,
      "name": "A Four-Way Junction",
      "exits": {
        "North": 17957,
        "East": 17948,
        "South": 17937,
        "West": 17946
      }
    },
    {
      "id": 17948,
      "name": "A Four-Way Junction",
      "exits": {
        "North": 17958,
        "East": 17949,
        "South": 17938,
        "West": 17947
      }
    },
    {
      "id": 17949,
      "name": "A Four-Way Junction",
      "exits": {
        "North": 17959,
        "East": 17940,
        "South": 17939,
        "West": 17948
      }
    },
    {
      "id": 17950,
      "name": "A Four-Way Junction",
      "exits": {
        "North": 17960,
        "East": 17951,
        "South": 17940,
        "West": 17959
      }
    },
    {
      "id": 17951,
      "name": "A Four-Way Junction",
      "exits": {
        "North": 17961,
        "East": 17952,
        "South": 17941,
        "West": 17950
      }
    },
    {
      "id": 17952,
      "name": "A Four-Way Junction",
      "exits": {
        "North": 17962,
        "East": 17953,
        "South": 17942,
        "West": 17951
      }
    },
    {
      "id": 17953,
      "name": "A Four-Way Junction",
      "exits": {
        "North": 17963,
        "East": 17954,
        "South": 17943,
        "West": 17952
      }
    },
    {
      "id": 17954,
      "name": "A Four-Way Junction",
      "exits": {
        "North": 17964,
        "East": 17955,
        "South": 17944,
        "West": 17953
      }
    },
    {
      "id": 17955,
      "name": "A Four-Way Junction",
      "exits": {
        "North": 17965,
        "East": 17956,
        "South": 17945,
        "West": 17954
      }
    },
    {
      "id": 17956,
      "name": "A Four-Way Junction",
      "exits": {
        "North": 17966,
        "East": 17957,
        "South": 17946,
        "West": 17955
      }
    },
    {
      "id": 17957,
      "name": "A Four-Way Junction",
      "exits": {
        "North": 17967,
        "East": 17958,
        "South": 17947,
        "West": 17956
      }
    },
    {
      "id": 17958,
      "name": "Dead End",
      "exits": {
        "South": 17948
      }
    },
    {
      "id": 17959,
      "name": "A Four-Way Junction",
      "exits": {
        "North": 17969,
        "East": 17950,
        "South": 17949,
        "West": 17958
      }
    },
    {
      "id": 17960,
      "name": "A Four-Way Junction",
      "exits": {
        "North": 17970,
        "East": 17961,
        "South": 17950,
        "West": 17969
      }
    },
    {
      "id": 17961,
      "name": "A Four-Way Junction",
      "exits": {
        "North": 17971,
        "East": 17962,
        "South": 17951,
        "West": 17960
      }
    },
    {
      "id": 17962,
      "name": "A Four-Way Junction",
      "exits": {
        "North": 17972,
        "East": 17963,
        "South": 17952,
        "West": 17961
      }
    },
    {
      "id": 17963,
      "name": "A Four-Way Junction",
      "exits": {
        "North": 17973,
        "East": 17964,
        "South": 17953,
        "West": 17962
      }
    },
    {
      "id": 17964,
      "name": "A Four-Way Junction",
      "exits": {
        "North": 17974,
        "East": 17965,
        "South": 17954,
        "West": 17963
      }
    },
    {
      "id": 17965,
      "name": "A Four-Way Junction",
      "exits": {
        "North": 17975,
        "East": 17966,
        "South": 17955,
        "West": 17964
      }
    },
    {
      "id": 17966,
      "name": "A Four-Way Junction",
      "exits": {
        "North": 17976,
        "East": 17967,
        "South": 17956,
        "West": 17965
      }
    },
    {
      "id": 17967,
      "name": "A Four-Way Junction",
      "exits": {
        "North": 17977,
        "East": 17968,
        "South": 17957,
        "West": 17966
      }
    },
    {
      "id": 17968,
      "name": "A Four-Way Junction",
      "exits": {
        "North": 17978,
        "East": 17969,
        "South": 17958,
        "West": 17967
      }
    },
    {
      "id": 17969,
      "name": "A Four-Way Junction",
      "exits": {
        "North": 17979,
        "East": 17960,
        "South": 17959,
        "West": 17968
      }
    },
    {
      "id": 17970,
      "name": "The Minotaur Deadlands",
      "exits": {
        "North": 17980,
        "South": 100493
      }
    },
    {
      "id": 17971,
      "name": "A Four-Way Junction",
      "exits": {
        "North": 17981,
        "East": 17972,
        "South": 17961,
        "West": 17970
      }
    },
    {
      "id": 17972,
      "name": "A Four-Way Junction",
      "exits": {
        "North": 17982,
        "East": 17973,
        "South": 17962,
        "West": 17971
      }
    },
    {
      "id": 17973,
      "name": "A Four-Way Junction",
      "exits": {
        "North": 17983,
        "East": 17974,
        "South": 17963,
        "West": 17972
      }
    },
    {
      "id": 17974,
      "name": "A Four-Way Junction",
      "exits": {
        "North": 17984,
        "East": 17975,
        "South": 17964,
        "West": 17973
      }
    },
    {
      "id": 17975,
      "name": "A Four-Way Junction",
      "exits": {
        "North": 17985,
        "East": 17976,
        "South": 17965,
        "West": 17974
      }
    },
    {
      "id": 17976,
      "name": "A Four-Way Junction",
      "exits": {
        "North": 17986,
        "East": 17977,
        "South": 17966,
        "West": 17975
      }
    },
    {
      "id": 17977,
      "name": "A Four-Way Junction",
      "exits": {
        "North": 17987,
        "East": 17978,
        "South": 17967,
        "West": 17976
      }
    },
    {
      "id": 17978,
      "name": "A Four-Way Junction",
      "exits": {
        "North": 17988,
        "East": 17979,
        "South": 17968,
        "West": 17977
      }
    },
    {
      "id": 17979,
      "name": "A Four-Way Junction",
      "exits": {
        "North": 17989,
        "East": 17970,
        "South": 17969,
        "West": 17978
      }
    },
    {
      "id": 17980,
      "name": "A Four-Way Junction",
      "exits": {
        "North": 17990,
        "East": 17981,
        "South": 17970,
        "West": 17989
      }
    },
    {
      "id": 17981,
      "name": "A Four-Way Junction",
      "exits": {
        "North": 17991,
        "East": 17982,
        "South": 17971,
        "West": 17980
      }
    },
    {
      "id": 17982,
      "name": "A Four-Way Junction",
      "exits": {
        "North": 17992,
        "East": 17983,
        "South": 17972,
        "West": 17981
      }
    },
    {
      "id": 17983,
      "name": "A Four-Way Junction",
      "exits": {
        "North": 17993,
        "East": 17984,
        "South": 17973,
        "West": 17982
      }
    },
    {
      "id": 17984,
      "name": "A Four-Way Junction",
      "exits": {
        "North": 17994,
        "East": 17985,
        "South": 17974,
        "West": 17983
      }
    },
    {
      "id": 17985,
      "name": "A Four-Way Junction",
      "exits": {
        "North": 17995,
        "East": 17986,
        "South": 17975,
        "West": 17984
      }
    },
    {
      "id": 17986,
      "name": "A Four-Way Junction",
      "exits": {
        "North": 17996,
        "East": 17987,
        "South": 17976,
        "West": 17985
      }
    },
    {
      "id": 17987,
      "name": "A Four-Way Junction",
      "exits": {
        "North": 17997,
        "East": 17988,
        "South": 17977,
        "West": 17986
      }
    },
    {
      "id": 17988,
      "name": "A Four-Way Junction",
      "exits": {
        "North": 17998,
        "East": 17989,
        "South": 17978,
        "West": 17987
      }
    },
    {
      "id": 17989,
      "name": "A Four-Way Junction",
      "exits": {
        "North": 17999,
        "East": 17980,
        "South": 17979,
        "West": 17988
      }
    },
    {
      "id": 17990,
      "name": "The Cell",
      "exits": {
        "South": 17980
      }
    },
    {
      "id": 17991,
      "name": "A Four-Way Junction",
      "exits": {
        "North": 17901,
        "East": 17992,
        "South": 17981,
        "West": 17990
      }
    },
    {
      "id": 17992,
      "name": "A Four-Way Junction",
      "exits": {
        "North": 17902,
        "East": 17993,
        "South": 17982,
        "West": 17991
      }
    },
    {
      "id": 17993,
      "name": "A Four-Way Junction",
      "exits": {
        "North": 17903,
        "East": 17994,
        "South": 17983,
        "West": 17992
      }
    },
    {
      "id": 17994,
      "name": "A Four-Way Junction",
      "exits": {
        "North": 17904,
        "East": 17995,
        "South": 17984,
        "West": 17993
      }
    },
    {
      "id": 17995,
      "name": "A Four-Way Junction",
      "exits": {
        "North": 17905,
        "East": 17996,
        "South": 17985,
        "West": 17994
      }
    },
    {
      "id": 17996,
      "name": "A Four-Way Junction",
      "exits": {
        "North": 17906,
        "East": 17997,
        "South": 17986,
        "West": 17995
      }
    },
    {
      "id": 17997,
      "name": "A Four-Way Junction",
      "exits": {
        "North": 17907,
        "East": 17998,
        "South": 17987,
        "West": 17996
      }
    },
    {
      "id": 17998,
      "name": "A Four-Way Junction",
      "exits": {
        "North": 17908,
        "East": 17999,
        "South": 17988,
        "West": 17997
      }
    },
    {
      "id": 17999,
      "name": "A Four-Way Junction",
      "exits": {
        "North": 17909,
        "East": 17999,
        "South": 17989,
        "West": 17998
      }
    },
    {
      "id": 100493,
      "name": "To The Dragon Sea",
      "otherAreaExit": true,
      "exits": {
        "North": 17970,
        "South": 100492
      }
    }
  ]
}