{
  "name": "The Western Plains",
  "buildOptions": {
    "maxSteps": 1000,
    "fixObstacles": true,
    "fixNonStraight": true,
    "fixIntersected": true,
    "compactMap": true,
    "addDebugInfo": false,
    "colorizeConnectionIssues": true
  },
  "rooms": [
    {
      "id": 51200,
      "name": "The Western Plains",
      "exits": {
        "North": 316,
        "East": 40734,
        "South": 51201
      }
    },
    {
      "id": 51201,
      "name": "The Western Plains",
      "exits": {
        "North": 51200,
        "East": 40733,
        "South": 51202
      }
    },
    {
      "id": 51202,
      "name": "The Western Plains",
      "exits": {
        "North": 51201,
        "East": 40732,
        "South": 51203
      }
    },
    {
      "id": 51203,
      "name": "The Western Plains",
      "exits": {
        "North": 51202,
        "East": 40731,
        "South": 51204,
        "West": 51226
      }
    },
    {
      "id": 51204,
      "name": "The Western Plains",
      "exits": {
        "North": 51203,
        "East": 40730,
        "South": 51205,
        "West": 51225
      }
    },
    {
      "id": 51205,
      "name": "The Western Plains",
      "exits": {
        "North": 51204,
        "East": 40729,
        "South": 51206,
        "West": 51224
      }
    },
    {
      "id": 51206,
      "name": "The Western Plains",
      "exits": {
        "North": 51205,
        "East": 40728,
        "South": 51207,
        "West": 51223
      }
    },
    {
      "id": 51207,
      "name": "The Western Plains",
      "exits": {
        "North": 51206,
        "East": 40727,
        "South": 51208,
        "West": 51222
      }
    },
    {
      "id": 51208,
      "name": "The Western Plains",
      "exits": {
        "North": 51207,
        "East": 40726,
        "South": 51209,
        "West": 51221
      }
    },
    {
      "id": 51209,
      "name": "The Western Plains",
      "exits": {
        "North": 51208,
        "East": 40725,
        "South": 51210,
        "West": 51220
      }
    },
    {
      "id": 51210,
      "name": "The Western Plains",
      "exits": {
        "North": 51209,
        "East": 40724,
        "South": 51211,
        "West": 51219
      }
    },
    {
      "id": 51211,
      "name": "The Western Plains",
      "exits": {
        "North": 51210,
        "East": 40723,
        "South": 51212,
        "West": 51218
      }
    },
    {
      "id": 51212,
      "name": "The Western Plains",
      "exits": {
        "North": 51211,
        "East": 40722,
        "South": 51213,
        "West": 51217
      }
    },
    {
      "id": 51213,
      "name": "The Western Plains",
      "exits": {
        "North": 51212,
        "East": 40721,
        "South": 51214,
        "West": 51216
      }
    },
    {
      "id": 51214,
      "name": "Gallow Hill",
      "exits": {
        "North": 51213,
        "East": 40720,
        "South": 50100,
        "West": 51215
      }
    },
    {
      "id": 316,
      "name": "To Plains",
      "otherAreaExit": true,
      "exits": {
        "North": 318,
        "East": 300,
        "South": 51200
      }
    },
    {
      "id": 40734,
      "name": "To The North Road",
      "otherAreaExit": true,
      "exits": {
        "North": 300,
        "East": 40735,
        "South": 40733,
        "West": 51200
      }
    },
    {
      "id": 40733,
      "name": "To The North Road",
      "otherAreaExit": true,
      "exits": {
        "North": 40734,
        "South": 40732,
        "West": 51201
      }
    },
    {
      "id": 40732,
      "name": "To The North Road",
      "otherAreaExit": true,
      "exits": {
        "North": 40733,
        "East": 2101,
        "South": 40731,
        "West": 51202
      }
    },
    {
      "id": 40731,
      "name": "To The North Road",
      "otherAreaExit": true,
      "exits": {
        "North": 40732,
        "South": 40730,
        "West": 51203
      }
    },
    {
      "id": 51226,
      "name": "To Western Shatar Road",
      "otherAreaExit": true,
      "exits": {
        "East": 51203,
        "South": 51225,
        "West": 51227
      }
    },
    {
      "id": 40730,
      "name": "To The North Road",
      "otherAreaExit": true,
      "exits": {
        "North": 40731,
        "South": 40729,
        "West": 51204
      }
    },
    {
      "id": 51225,
      "name": "To Western Shatar Road",
      "otherAreaExit": true,
      "exits": {
        "North": 51226,
        "East": 51204,
        "South": 51224
      }
    },
    {
      "id": 40729,
      "name": "To The North Road",
      "otherAreaExit": true,
      "exits": {
        "North": 40730,
        "South": 40728,
        "West": 51205
      }
    },
    {
      "id": 51224,
      "name": "To Western Shatar Road",
      "otherAreaExit": true,
      "exits": {
        "North": 51225,
        "East": 51205,
        "South": 51223
      }
    },
    {
      "id": 40728,
      "name": "To The North Road",
      "otherAreaExit": true,
      "exits": {
        "North": 40729,
        "South": 40727,
        "West": 51206
      }
    },
    {
      "id": 51223,
      "name": "To Western Shatar Road",
      "otherAreaExit": true,
      "exits": {
        "North": 51224,
        "East": 51206,
        "South": 51222
      }
    },
    {
      "id": 40727,
      "name": "To The North Road",
      "otherAreaExit": true,
      "exits": {
        "North": 40728,
        "South": 40726,
        "West": 51207
      }
    },
    {
      "id": 51222,
      "name": "To Western Shatar Road",
      "otherAreaExit": true,
      "exits": {
        "North": 51223,
        "East": 51207,
        "South": 51221
      }
    },
    {
      "id": 40726,
      "name": "To The North Road",
      "otherAreaExit": true,
      "exits": {
        "North": 40727,
        "South": 40725,
        "West": 51208
      }
    },
    {
      "id": 51221,
      "name": "To Western Shatar Road",
      "otherAreaExit": true,
      "exits": {
        "North": 51222,
        "East": 51208,
        "South": 51220
      }
    },
    {
      "id": 40725,
      "name": "To The North Road",
      "otherAreaExit": true,
      "exits": {
        "North": 40726,
        "South": 40724,
        "West": 51209
      }
    },
    {
      "id": 51220,
      "name": "To Western Shatar Road",
      "otherAreaExit": true,
      "exits": {
        "North": 51221,
        "East": 51209,
        "South": 51219
      }
    },
    {
      "id": 40724,
      "name": "To The North Road",
      "otherAreaExit": true,
      "exits": {
        "North": 40725,
        "South": 40723,
        "West": 51210
      }
    },
    {
      "id": 51219,
      "name": "To Western Shatar Road",
      "otherAreaExit": true,
      "exits": {
        "North": 51220,
        "East": 51210,
        "South": 51218
      }
    },
    {
      "id": 40723,
      "name": "To The North Road",
      "otherAreaExit": true,
      "exits": {
        "North": 40724,
        "South": 40722,
        "West": 51211
      }
    },
    {
      "id": 51218,
      "name": "To Western Shatar Road",
      "otherAreaExit": true,
      "exits": {
        "North": 51219,
        "East": 51210,
        "South": 51217
      }
    },
    {
      "id": 40722,
      "name": "To The North Road",
      "otherAreaExit": true,
      "exits": {
        "North": 40723,
        "East": 2160,
        "South": 40721,
        "West": 51212
      }
    },
    {
      "id": 51217,
      "name": "To Western Shatar Road",
      "otherAreaExit": true,
      "exits": {
        "North": 51218,
        "East": 51212,
        "South": 51216
      }
    },
    {
      "id": 40721,
      "name": "To The North Road",
      "otherAreaExit": true,
      "exits": {
        "North": 40722,
        "South": 40720,
        "West": 51213
      }
    },
    {
      "id": 51216,
      "name": "To Western Shatar Road",
      "otherAreaExit": true,
      "exits": {
        "North": 51217,
        "East": 51213,
        "South": 51215
      }
    },
    {
      "id": 40720,
      "name": "To The North Road",
      "otherAreaExit": true,
      "exits": {
        "North": 40721,
        "South": 40719,
        "West": 51214
      }
    },
    {
      "id": 50100,
      "name": "To Western Shatar Road",
      "otherAreaExit": true,
      "exits": {
        "North": 51214,
        "East": 40719,
        "West": 50101
      }
    },
    {
      "id": 51215,
      "name": "To Western Shatar Road",
      "otherAreaExit": true,
      "exits": {
        "North": 51216,
        "East": 51214,
        "South": 50101
      }
    }
  ]
}