{
  "name": "The Pit of Despair",
  "buildOptions": {
    "maxSteps": 1000,
    "fixObstacles": true,
    "fixNonStraight": true,
    "fixIntersected": true,
    "compactMap": true,
    "addDebugInfo": false,
    "colorizeConnectionIssues": true
  },
  "rooms": [
    {
      "id": 28100,
      "name": "A downward spiral",
      "exits": {
        "Up": 24482,
        "Down": 28101
      }
    },
    {
      "id": 28101,
      "name": "A downward spiral",
      "exits": {
        "Up": 28100,
        "Down": 28102
      }
    },
    {
      "id": 28102,
      "name": "A downward spiral",
      "exits": {
        "Up": 28101,
        "Down": 28103
      }
    },
    {
      "id": 28103,
      "name": "A downward spiral",
      "exits": {
        "Up": 28102,
        "Down": 28104
      }
    },
    {
      "id": 28104,
      "name": "A downward spiral",
      "exits": {
        "Up": 28103,
        "Down": 28105
      }
    },
    {
      "id": 28105,
      "name": "A dimly lit corridor",
      "exits": {
        "East": 28106,
        "West": 28144,
        "Up": 28104
      }
    },
    {
      "id": 28106,
      "name": "A dimly lit corridor",
      "exits": {
        "East": 28107,
        "West": 28105
      }
    },
    {
      "id": 28107,
      "name": "A dimly lit corridor",
      "exits": {
        "East": 28108,
        "West": 28106
      }
    },
    {
      "id": 28108,
      "name": "A dimly lit corridor",
      "exits": {
        "East": 28109,
        "West": 28107
      }
    },
    {
      "id": 28109,
      "name": "A dimly lit corridor",
      "exits": {
        "East": 28110,
        "West": 28108
      }
    },
    {
      "id": 28110,
      "name": "A dimly lit corridor",
      "exits": {
        "South": 28111,
        "West": 28109
      }
    },
    {
      "id": 28111,
      "name": "A dimly lit corridor",
      "exits": {
        "North": 28110,
        "West": 28112
      }
    },
    {
      "id": 28112,
      "name": "A dimly lit corridor",
      "exits": {
        "East": 28111,
        "West": 28113
      }
    },
    {
      "id": 28113,
      "name": "A dimly lit corridor",
      "exits": {
        "East": 28112,
        "South": 28114
      }
    },
    {
      "id": 28114,
      "name": "A dimly lit corridor",
      "exits": {
        "North": 28113,
        "South": 28115
      }
    },
    {
      "id": 28115,
      "name": "A dimly lit corridor",
      "exits": {
        "North": 28114,
        "South": 28116
      }
    },
    {
      "id": 28116,
      "name": "A dimly lit corridor",
      "exits": {
        "North": 28115,
        "East": 28117
      }
    },
    {
      "id": 28117,
      "name": "A dimly lit corridor",
      "exits": {
        "East": 28118,
        "West": 28116
      }
    },
    {
      "id": 28118,
      "name": "A dimly lit corridor",
      "exits": {
        "South": 28119,
        "West": 28117
      }
    },
    {
      "id": 28119,
      "name": "A dimly lit corridor",
      "exits": {
        "North": 28118,
        "South": 28120
      }
    },
    {
      "id": 28120,
      "name": "A dimly lit corridor",
      "exits": {
        "North": 28119,
        "West": 28121
      }
    },
    {
      "id": 28121,
      "name": "A dimly lit corridor",
      "exits": {
        "East": 28120,
        "West": 28122
      }
    },
    {
      "id": 28122,
      "name": "A dimly lit corridor",
      "exits": {
        "East": 28121,
        "West": 28123
      }
    },
    {
      "id": 28123,
      "name": "A dimly lit corridor",
      "exits": {
        "East": 28122,
        "West": 28124
      }
    },
    {
      "id": 28124,
      "name": "A dimly lit corridor",
      "exits": {
        "East": 28123,
        "West": 28125
      }
    },
    {
      "id": 28125,
      "name": "A dimly lit corridor",
      "exits": {
        "North": 28145,
        "East": 28124,
        "West": 28126
      }
    },
    {
      "id": 28126,
      "name": "A dimly lit corridor",
      "exits": {
        "East": 28125,
        "West": 28127
      }
    },
    {
      "id": 28127,
      "name": "A dimly lit corridor",
      "exits": {
        "East": 28126,
        "West": 28128
      }
    },
    {
      "id": 28128,
      "name": "A dimly lit corridor",
      "exits": {
        "East": 28127,
        "West": 28129
      }
    },
    {
      "id": 28129,
      "name": "A dimly lit corridor",
      "exits": {
        "East": 28128,
        "West": 28130
      }
    },
    {
      "id": 28130,
      "name": "A dimly lit corridor",
      "exits": {
        "North": 28131,
        "East": 28129
      }
    },
    {
      "id": 28131,
      "name": "A dimly lit corridor",
      "exits": {
        "North": 28132,
        "South": 28130
      }
    },
    {
      "id": 28132,
      "name": "A dimly lit corridor",
      "exits": {
        "East": 28133,
        "South": 28131
      }
    },
    {
      "id": 28133,
      "name": "A dimly lit corridor",
      "exits": {
        "East": 28134,
        "West": 28132
      }
    },
    {
      "id": 28134,
      "name": "A dimly lit corridor",
      "exits": {
        "North": 28135,
        "West": 28133
      }
    },
    {
      "id": 28135,
      "name": "A dimly lit corridor",
      "exits": {
        "North": 28136,
        "South": 28134
      }
    },
    {
      "id": 28136,
      "name": "A dimly lit corridor",
      "exits": {
        "North": 28137,
        "South": 28135
      }
    },
    {
      "id": 28137,
      "name": "A dimly lit corridor",
      "exits": {
        "South": 28136,
        "West": 28138
      }
    },
    {
      "id": 28138,
      "name": "A dimly lit corridor",
      "exits": {
        "East": 28137,
        "West": 28139
      }
    },
    {
      "id": 28139,
      "name": "A dimly lit corridor",
      "exits": {
        "North": 28140,
        "East": 28138
      }
    },
    {
      "id": 28140,
      "name": "A dimly lit corridor",
      "exits": {
        "East": 28141,
        "South": 28139
      }
    },
    {
      "id": 28141,
      "name": "A dimly lit corridor",
      "exits": {
        "East": 28142,
        "West": 28140
      }
    },
    {
      "id": 28142,
      "name": "A dimly lit corridor",
      "exits": {
        "East": 28143,
        "West": 28141
      }
    },
    {
      "id": 28143,
      "name": "A dimly lit corridor",
      "exits": {
        "East": 28144,
        "West": 28142
      }
    },
    {
      "id": 28144,
      "name": "A dimly lit corridor",
      "exits": {
        "East": 28105,
        "West": 28143
      }
    },
    {
      "id": 28145,
      "name": "A small room ",
      "exits": {
        "North": 28146,
        "South": 28125
      }
    },
    {
      "id": 28146,
      "name": "A small staircase",
      "exits": {
        "South": 28145,
        "Down": 28147
      }
    },
    {
      "id": 28147,
      "name": "Entering the lower levels",
      "exits": {
        "South": 28148,
        "Up": 28146
      }
    },
    {
      "id": 28148,
      "name": "The realm of the sadist",
      "exits": {
        "North": 28147,
        "South": 28149
      }
    },
    {
      "id": 28149,
      "name": "The realm of the sadist",
      "exits": {
        "North": 28148,
        "South": 28150
      }
    },
    {
      "id": 28150,
      "name": "The realm of the sadist",
      "exits": {
        "North": 28149,
        "East": 28151,
        "West": 28173
      }
    },
    {
      "id": 28151,
      "name": "The realm of the sadist",
      "exits": {
        "East": 28152,
        "West": 28150
      }
    },
    {
      "id": 28152,
      "name": "The realm of the sadist",
      "exits": {
        "North": 28174,
        "East": 28153,
        "West": 28151
      }
    },
    {
      "id": 28153,
      "name": "The realm of the sadist",
      "exits": {
        "East": 28154,
        "West": 28152
      }
    },
    {
      "id": 28154,
      "name": "The realm of the sadist",
      "exits": {
        "South": 28155,
        "West": 28153
      }
    },
    {
      "id": 28155,
      "name": "The realm of the sadist",
      "exits": {
        "North": 28154,
        "South": 28156
      }
    },
    {
      "id": 28156,
      "name": "The realm of the sadist",
      "exits": {
        "North": 28155,
        "East": 28175,
        "South": 28157
      }
    },
    {
      "id": 28157,
      "name": "The realm of the sadist",
      "exits": {
        "North": 28156,
        "South": 28158
      }
    },
    {
      "id": 28158,
      "name": "The realm of the sadist",
      "exits": {
        "North": 28157,
        "West": 28159
      }
    },
    {
      "id": 28159,
      "name": "The realm of the sadist",
      "exits": {
        "East": 28158,
        "West": 28160
      }
    },
    {
      "id": 28160,
      "name": "The realm of the sadist",
      "exits": {
        "North": 28176,
        "East": 28159,
        "South": 28177,
        "West": 28161
      }
    },
    {
      "id": 28161,
      "name": "The realm of the sadist",
      "exits": {
        "East": 28160,
        "West": 28162
      }
    },
    {
      "id": 28162,
      "name": "The realm of the sadist",
      "exits": {
        "North": 28178,
        "East": 28161,
        "South": 28179,
        "West": 28163
      }
    },
    {
      "id": 28163,
      "name": "The realm of the sadist",
      "exits": {
        "East": 28162,
        "West": 28164
      }
    },
    {
      "id": 28164,
      "name": "The realm of the sadist",
      "exits": {
        "North": 28180,
        "East": 28163,
        "South": 28181,
        "West": 28165
      }
    },
    {
      "id": 28165,
      "name": "The realm of the sadist",
      "exits": {
        "East": 28164,
        "West": 28166
      }
    },
    {
      "id": 28166,
      "name": "The realm of the sadist",
      "exits": {
        "North": 28167,
        "East": 28165
      }
    },
    {
      "id": 28167,
      "name": "The realm of the sadist",
      "exits": {
        "North": 28168,
        "South": 28166
      }
    },
    {
      "id": 28168,
      "name": "The realm of the sadist",
      "exits": {
        "North": 28169,
        "South": 28167,
        "West": 28182
      }
    },
    {
      "id": 28169,
      "name": "The realm of the sadist",
      "exits": {
        "North": 28170,
        "South": 28168
      }
    },
    {
      "id": 28170,
      "name": "The realm of the sadist",
      "exits": {
        "East": 28171,
        "South": 28169
      }
    },
    {
      "id": 28171,
      "name": "The realm of the sadist",
      "exits": {
        "East": 28172,
        "West": 28170
      }
    },
    {
      "id": 28172,
      "name": "The realm of the sadist",
      "exits": {
        "North": 28183,
        "East": 28173,
        "West": 28171
      }
    },
    {
      "id": 28173,
      "name": "The realm of the sadist",
      "exits": {
        "East": 28150,
        "West": 28172
      }
    },
    {
      "id": 28174,
      "name": "A prison room",
      "exits": {
        "South": 28152
      }
    },
    {
      "id": 28175,
      "name": "A prison room",
      "exits": {
        "West": 28156
      }
    },
    {
      "id": 28176,
      "name": "A prison room",
      "exits": {
        "South": 28160
      }
    },
    {
      "id": 28177,
      "name": "A prison room",
      "exits": {
        "North": 28160
      }
    },
    {
      "id": 28178,
      "name": "Madhatter\u0027s private room",
      "exits": {
        "South": 28162
      }
    },
    {
      "id": 28179,
      "name": "A prison room",
      "exits": {
        "North": 28162
      }
    },
    {
      "id": 28180,
      "name": "A prison room",
      "exits": {
        "South": 28164
      }
    },
    {
      "id": 28181,
      "name": "A prison room",
      "exits": {
        "North": 28164
      }
    },
    {
      "id": 28182,
      "name": "A prison room",
      "exits": {
        "East": 28168
      }
    },
    {
      "id": 28183,
      "name": "A prison room",
      "exits": {
        "South": 28172
      }
    },
    {
      "id": 28184,
      "name": "The sanctuary",
      "exits": {
        "South": 28185
      }
    },
    {
      "id": 28185,
      "name": "The sanctuary",
      "exits": {
        "North": 28184,
        "South": 28186
      }
    },
    {
      "id": 28186,
      "name": "The sanctuary",
      "exits": {
        "North": 28185
      }
    },
    {
      "id": 24482,
      "name": "To strange carnival.are",
      "otherAreaExit": true,
      "exits": {
        "West": 24481,
        "Down": 28100
      }
    }
  ]
}