{
  "name": "Tigris River",
  "buildOptions": {
    "maxSteps": 1000,
    "fixObstacles": true,
    "fixNonStraight": true,
    "fixIntersected": true,
    "compactMap": true,
    "addDebugInfo": false,
    "colorizeConnectionIssues": true
  },
  "rooms": [
    {
      "id": 60300,
      "name": "The Tigris River",
      "exits": {
        "North": 1824,
        "East": 60301,
        "South": 60305,
        "West": 60304
      }
    },
    {
      "id": 60301,
      "name": "The Tigris River ",
      "exits": {
        "North": 1823,
        "East": 60302,
        "West": 60300
      }
    },
    {
      "id": 60302,
      "name": "The Tigris River ",
      "exits": {
        "North": 1822,
        "East": 60303,
        "West": 60301
      }
    },
    {
      "id": 60303,
      "name": "The Tigris River ",
      "exits": {
        "North": 1821,
        "West": 60302
      }
    },
    {
      "id": 60304,
      "name": "The Tigris River ",
      "exits": {
        "East": 60300
      }
    },
    {
      "id": 60305,
      "name": "The Tigris River",
      "exits": {
        "North": 60300,
        "South": 60306
      }
    },
    {
      "id": 60306,
      "name": "The Tigris River",
      "exits": {
        "North": 60305,
        "South": 60307
      }
    },
    {
      "id": 60307,
      "name": "The Tigris River",
      "exits": {
        "North": 60306,
        "West": 60308
      }
    },
    {
      "id": 60308,
      "name": "The Tigris River",
      "exits": {
        "East": 60307,
        "West": 60309
      }
    },
    {
      "id": 60309,
      "name": "The Tigris River",
      "exits": {
        "East": 60308,
        "South": 60310
      }
    },
    {
      "id": 60310,
      "name": "The Tigris River",
      "exits": {
        "North": 60309,
        "South": 60311
      }
    },
    {
      "id": 60311,
      "name": "The Tigris River",
      "exits": {
        "North": 60310,
        "South": 60312
      }
    },
    {
      "id": 60312,
      "name": "The Tigris River",
      "exits": {
        "North": 60311,
        "South": 60313
      }
    },
    {
      "id": 60313,
      "name": "The Tigris River",
      "exits": {
        "North": 60312,
        "South": 60314
      }
    },
    {
      "id": 60314,
      "name": "The Tigris River",
      "exits": {
        "North": 60313,
        "South": 60315
      }
    },
    {
      "id": 60315,
      "name": "The Tigris River",
      "exits": {
        "North": 60314,
        "West": 60316
      }
    },
    {
      "id": 60316,
      "name": "The Tigris River",
      "exits": {
        "East": 60315,
        "West": 60317
      }
    },
    {
      "id": 60317,
      "name": "The Tigris River",
      "exits": {
        "North": 24290,
        "East": 60316,
        "West": 60318
      }
    },
    {
      "id": 60318,
      "name": "The Tigris River",
      "exits": {
        "East": 60317,
        "South": 60319
      }
    },
    {
      "id": 60319,
      "name": "The Tigris River",
      "exits": {
        "North": 60318,
        "South": 60320
      }
    },
    {
      "id": 60320,
      "name": "The Tigris River",
      "exits": {
        "North": 60319,
        "South": 60321
      }
    },
    {
      "id": 60321,
      "name": "The Tigris River",
      "exits": {
        "North": 60320,
        "South": 60322
      }
    },
    {
      "id": 60322,
      "name": "The Tigris River",
      "exits": {
        "North": 60321,
        "South": 60323
      }
    },
    {
      "id": 60323,
      "name": "The Tigris River",
      "exits": {
        "North": 60322,
        "South": 60324
      }
    },
    {
      "id": 60324,
      "name": "The Tigris River",
      "exits": {
        "North": 60323,
        "South": 60325
      }
    },
    {
      "id": 60325,
      "name": "The Tigris River",
      "exits": {
        "North": 60324,
        "South": 60326
      }
    },
    {
      "id": 60326,
      "name": "The Tigris River",
      "exits": {
        "North": 60325,
        "West": 60327
      }
    },
    {
      "id": 60327,
      "name": "The Tigris River",
      "exits": {
        "East": 60326,
        "West": 60328
      }
    },
    {
      "id": 60328,
      "name": "The Tigris River",
      "exits": {
        "East": 60327,
        "South": 60329
      }
    },
    {
      "id": 60329,
      "name": "The Tigris River",
      "exits": {
        "North": 60328,
        "West": 60330
      }
    },
    {
      "id": 60330,
      "name": "The Tigris River",
      "exits": {
        "East": 60329,
        "South": 60331
      }
    },
    {
      "id": 60331,
      "name": "The Tigris River",
      "exits": {
        "North": 60330,
        "West": 60332
      }
    },
    {
      "id": 60332,
      "name": "The Tigris River",
      "exits": {
        "East": 60331,
        "South": 60333
      }
    },
    {
      "id": 60333,
      "name": "The Tigris River",
      "exits": {
        "North": 60332,
        "South": 60334
      }
    },
    {
      "id": 60334,
      "name": "The Tigris River",
      "exits": {
        "North": 60333,
        "South": 60335
      }
    },
    {
      "id": 60335,
      "name": "The Tigris River",
      "exits": {
        "North": 60334,
        "East": 60338,
        "South": 60336,
        "West": 60367
      }
    },
    {
      "id": 60336,
      "name": "The Tigris River",
      "exits": {
        "North": 60335,
        "South": 60337
      }
    },
    {
      "id": 60337,
      "name": "The Tigris River",
      "exits": {
        "North": 60336,
        "East": 60339,
        "South": 60340,
        "West": 60366
      }
    },
    {
      "id": 60338,
      "name": "The Riverbank",
      "exits": {
        "South": 19620,
        "West": 60335
      }
    },
    {
      "id": 60339,
      "name": "The Riverbank",
      "exits": {
        "North": 19620,
        "West": 60337
      }
    },
    {
      "id": 60340,
      "name": "The Tigris River",
      "exits": {
        "North": 60337,
        "South": 60341
      }
    },
    {
      "id": 60341,
      "name": "The Tigris River",
      "exits": {
        "North": 60340,
        "West": 60342
      }
    },
    {
      "id": 60342,
      "name": "The Tigris River",
      "exits": {
        "East": 60341,
        "West": 60343
      }
    },
    {
      "id": 60343,
      "name": "The Tigris River",
      "exits": {
        "East": 60342,
        "West": 60344
      }
    },
    {
      "id": 60344,
      "name": "The Tigris River",
      "exits": {
        "East": 60343,
        "West": 60345
      }
    },
    {
      "id": 60345,
      "name": "The Tigris River",
      "exits": {
        "East": 60344,
        "West": 60346
      }
    },
    {
      "id": 60346,
      "name": "The Tigris River",
      "exits": {
        "East": 60345,
        "South": 60347
      }
    },
    {
      "id": 60347,
      "name": "The Tigris River",
      "exits": {
        "North": 60346,
        "West": 60348
      }
    },
    {
      "id": 60348,
      "name": "The Tigris River",
      "exits": {
        "East": 60347,
        "West": 60349
      }
    },
    {
      "id": 60349,
      "name": "The Tigris River",
      "exits": {
        "East": 60348,
        "West": 60350
      }
    },
    {
      "id": 60350,
      "name": "The Tigris River",
      "exits": {
        "East": 60349,
        "West": 60351
      }
    },
    {
      "id": 60351,
      "name": "The Tigris River",
      "exits": {
        "East": 60350,
        "West": 60352
      }
    },
    {
      "id": 60352,
      "name": "The Tigris River",
      "exits": {
        "East": 60351,
        "West": 60353
      }
    },
    {
      "id": 60353,
      "name": "The Tigris River",
      "exits": {
        "East": 60352,
        "West": 60354
      }
    },
    {
      "id": 60354,
      "name": "The Tigris River",
      "exits": {
        "East": 60353,
        "South": 60355
      }
    },
    {
      "id": 60355,
      "name": "The Tigris River",
      "exits": {
        "North": 60354,
        "West": 60356
      }
    },
    {
      "id": 60356,
      "name": "The Tigris River",
      "exits": {
        "East": 60355,
        "West": 60357
      }
    },
    {
      "id": 60357,
      "name": "The Tigris River",
      "exits": {
        "East": 60356,
        "West": 60358
      }
    },
    {
      "id": 60358,
      "name": "The Tigris River",
      "exits": {
        "East": 60357,
        "South": 60359
      }
    },
    {
      "id": 60359,
      "name": "The Tigris River",
      "exits": {
        "North": 60358,
        "West": 60360
      }
    },
    {
      "id": 60360,
      "name": "The Tigris River",
      "exits": {
        "East": 60359,
        "West": 60361
      }
    },
    {
      "id": 60361,
      "name": "The Tigris River",
      "exits": {
        "East": 60360,
        "West": 60362
      }
    },
    {
      "id": 60362,
      "name": "The Tigris River",
      "exits": {
        "East": 60361,
        "West": 60363
      }
    },
    {
      "id": 60363,
      "name": "The Tigris River",
      "exits": {
        "East": 60362,
        "West": 60364
      }
    },
    {
      "id": 60364,
      "name": "The Tigris River",
      "exits": {
        "East": 60363,
        "West": 60365
      }
    },
    {
      "id": 60365,
      "name": "The Tigris River",
      "exits": {
        "East": 60364,
        "South": 60368,
        "West": 19582
      }
    },
    {
      "id": 60366,
      "name": "The Riverbank",
      "exits": {
        "North": 19618,
        "East": 60337
      }
    },
    {
      "id": 60367,
      "name": "The Riverbank",
      "exits": {
        "East": 60335,
        "South": 19618
      }
    },
    {
      "id": 60368,
      "name": "A Treacherous Sandbar",
      "exits": {
        "North": 60365,
        "South": 60369
      }
    },
    {
      "id": 60369,
      "name": "Tigris River",
      "exits": {
        "North": 60368,
        "South": 60370,
        "West": 19583
      }
    },
    {
      "id": 60370,
      "name": "Tigris River",
      "exits": {
        "North": 60369,
        "West": 60371
      }
    },
    {
      "id": 60371,
      "name": "Tigris River",
      "exits": {
        "North": 19583,
        "East": 60370,
        "South": 60372
      }
    },
    {
      "id": 60372,
      "name": "Tigris River",
      "exits": {
        "North": 60371,
        "South": 60373
      }
    },
    {
      "id": 60373,
      "name": "Tigris River",
      "exits": {
        "North": 60372,
        "South": 60374
      }
    },
    {
      "id": 60374,
      "name": "Tigris River",
      "exits": {
        "North": 60373,
        "South": 60375
      }
    },
    {
      "id": 60375,
      "name": "Tigris River",
      "exits": {
        "North": 60374,
        "West": 60376
      }
    },
    {
      "id": 60376,
      "name": "Tigris River",
      "exits": {
        "East": 60375,
        "South": 60377
      }
    },
    {
      "id": 60377,
      "name": "Tigris River",
      "exits": {
        "North": 60376,
        "West": 60378
      }
    },
    {
      "id": 60378,
      "name": "Tigris River",
      "exits": {
        "East": 60377,
        "South": 60379
      }
    },
    {
      "id": 60379,
      "name": "Tigris River",
      "exits": {
        "North": 60378,
        "South": 60380
      }
    },
    {
      "id": 60380,
      "name": "Tigris River",
      "exits": {
        "North": 60379,
        "East": 60386,
        "South": 60381
      }
    },
    {
      "id": 60381,
      "name": "Tigris River",
      "exits": {
        "North": 60380,
        "South": 60382
      }
    },
    {
      "id": 60382,
      "name": "Tigris River",
      "exits": {
        "North": 60381,
        "East": 60387,
        "South": 60383
      }
    },
    {
      "id": 60383,
      "name": "Tigris River",
      "exits": {
        "North": 60382,
        "South": 60384
      }
    },
    {
      "id": 60384,
      "name": "Tigris River",
      "exits": {
        "North": 60383,
        "South": 60385
      }
    },
    {
      "id": 60385,
      "name": "Tigris River",
      "exits": {
        "North": 60384
      }
    },
    {
      "id": 60386,
      "name": "The Riverbank",
      "exits": {
        "South": 40624,
        "West": 60380
      }
    },
    {
      "id": 60387,
      "name": "The Riverbank",
      "exits": {
        "North": 40624,
        "West": 60382
      }
    },
    {
      "id": 1824,
      "name": "To Tarvalon",
      "otherAreaExit": true,
      "exits": {
        "North": 1825,
        "East": 1823,
        "South": 60300,
        "West": 1924
      }
    },
    {
      "id": 1823,
      "name": "To Tarvalon",
      "otherAreaExit": true,
      "exits": {
        "East": 1822,
        "South": 60301,
        "West": 1824
      }
    },
    {
      "id": 1822,
      "name": "To Tarvalon",
      "otherAreaExit": true,
      "exits": {
        "East": 1821,
        "South": 60302,
        "West": 1823
      }
    },
    {
      "id": 1821,
      "name": "To Tarvalon",
      "otherAreaExit": true,
      "exits": {
        "North": 1820,
        "South": 60303,
        "West": 1822
      }
    },
    {
      "id": 24290,
      "name": "To Tarvalon",
      "otherAreaExit": true,
      "exits": {
        "North": 24289,
        "South": 60317
      }
    },
    {
      "id": 19620,
      "name": "To Eastern Road",
      "otherAreaExit": true,
      "exits": {
        "North": 60338,
        "East": 19621,
        "South": 60339,
        "West": 19619
      }
    },
    {
      "id": 19582,
      "name": "To Outskirts of Astoria",
      "otherAreaExit": true,
      "exits": {
        "East": 60365,
        "South": 19581
      }
    },
    {
      "id": 19618,
      "name": "To Eastern Road",
      "otherAreaExit": true,
      "exits": {
        "North": 60367,
        "East": 19619,
        "South": 60366,
        "West": 19617
      }
    },
    {
      "id": 19583,
      "name": "To Outskirts of Astoria",
      "otherAreaExit": true,
      "exits": {
        "North": 19581,
        "East": 60369,
        "South": 60371
      }
    },
    {
      "id": 40624,
      "name": "To Miden\u0027nir",
      "otherAreaExit": true,
      "exits": {
        "North": 60386,
        "East": 50400,
        "South": 60387,
        "West": 40623
      }
    }
  ]
}