{
  "name": "UnderDark",
  "buildOptions": {
    "maxSteps": 1000,
    "fixObstacles": true,
    "fixNonStraight": true,
    "fixIntersected": false,
    "compactMap": false,
    "addDebugInfo": false,
    "colorizeConnectionIssues": true
  },
  "rooms": [
    {
      "id": 17000,
      "name": "Chamber of Silence",
      "exits": {
        "North": 17349,
        "East": 17001,
        "Down": 17482
      }
    },
    {
      "id": 17001,
      "name": "The Wyrm Tunnels",
      "exits": {
        "East": 17002,
        "South": 17022,
        "West": 17000
      }
    },
    {
      "id": 17002,
      "name": "The Wyrm Tunnels",
      "exits": {
        "East": 17003,
        "West": 17001
      }
    },
    {
      "id": 17003,
      "name": "The Wyrm Tunnels",
      "exits": {
        "East": 17004,
        "West": 17002
      }
    },
    {
      "id": 17004,
      "name": "The Wyrm Tunnels",
      "exits": {
        "East": 17005,
        "West": 17003
      }
    },
    {
      "id": 17005,
      "name": "The Wyrm Tunnels",
      "exits": {
        "East": 17006,
        "West": 17004
      }
    },
    {
      "id": 17006,
      "name": "The Wyrm Tunnels",
      "exits": {
        "East": 17007,
        "West": 17005
      }
    },
    {
      "id": 17007,
      "name": "The Wyrm Tunnels",
      "exits": {
        "East": 17008,
        "West": 17006
      }
    },
    {
      "id": 17008,
      "name": "The Wyrm Tunnels",
      "exits": {
        "East": 17009,
        "South": 17026,
        "West": 17007
      }
    },
    {
      "id": 17009,
      "name": "The Wyrm Tunnels",
      "exits": {
        "East": 17010,
        "West": 17008
      }
    },
    {
      "id": 17010,
      "name": "The Wyrm Tunnels",
      "exits": {
        "East": 17011,
        "West": 17009
      }
    },
    {
      "id": 17011,
      "name": "The Wyrm Tunnels",
      "exits": {
        "East": 17012,
        "South": 17031,
        "West": 17010
      }
    },
    {
      "id": 17012,
      "name": "The Wyrm Tunnels",
      "exits": {
        "East": 17013,
        "West": 17011
      }
    },
    {
      "id": 17013,
      "name": "The Wyrm Tunnels",
      "exits": {
        "East": 17014,
        "West": 17012
      }
    },
    {
      "id": 17014,
      "name": "The Wyrm Tunnels",
      "exits": {
        "East": 17015,
        "West": 17013
      }
    },
    {
      "id": 17015,
      "name": "The Wyrm Tunnels",
      "exits": {
        "East": 17016,
        "West": 17014
      }
    },
    {
      "id": 17016,
      "name": "The Wyrm Tunnels",
      "exits": {
        "East": 17017,
        "West": 17015
      }
    },
    {
      "id": 17017,
      "name": "The Wyrm Tunnels",
      "exits": {
        "East": 17018,
        "West": 17016
      }
    },
    {
      "id": 17018,
      "name": "The Wyrm Tunnels",
      "exits": {
        "East": 17019,
        "West": 17017
      }
    },
    {
      "id": 17019,
      "name": "The Wyrm Tunnels",
      "exits": {
        "North": 17498,
        "East": 17020,
        "West": 17018
      }
    },
    {
      "id": 17020,
      "name": "The Wyrm Tunnels",
      "exits": {
        "South": 17033,
        "West": 17019
      }
    },
    {
      "id": 17021,
      "name": "Moonlight ave",
      "exits": {
        "North": 17031,
        "East": 17274,
        "South": 17032
      }
    },
    {
      "id": 17022,
      "name": "North end of sunset",
      "exits": {
        "North": 17001,
        "South": 17023
      }
    },
    {
      "id": 17023,
      "name": "Sunset",
      "exits": {
        "North": 17022,
        "South": 17024
      }
    },
    {
      "id": 17024,
      "name": "Sunset",
      "exits": {
        "North": 17023,
        "South": 17036
      }
    },
    {
      "id": 17025,
      "name": "Before a huge dwelling",
      "exits": {
        "North": 17228,
        "South": 17039
      }
    },
    {
      "id": 17026,
      "name": "Ruby Street",
      "exits": {
        "North": 17008,
        "South": 17027
      }
    },
    {
      "id": 17027,
      "name": "Ruby Street",
      "exits": {
        "North": 17026,
        "South": 17028
      }
    },
    {
      "id": 17028,
      "name": "Ruby Street",
      "exits": {
        "North": 17027,
        "East": 17029,
        "South": 17043
      }
    },
    {
      "id": 17029,
      "name": "Sapphire Street",
      "exits": {
        "East": 17030,
        "West": 17028
      }
    },
    {
      "id": 17030,
      "name": "Sapphire street before the tavern",
      "exits": {
        "North": 17246,
        "East": 17032,
        "West": 17029
      }
    },
    {
      "id": 17031,
      "name": "Moonlight Avenue",
      "exits": {
        "North": 17011,
        "South": 17021
      }
    },
    {
      "id": 17032,
      "name": "Moonlight Avenue",
      "exits": {
        "North": 17021,
        "South": 17044,
        "West": 17030
      }
    },
    {
      "id": 17033,
      "name": "Sunrise",
      "exits": {
        "North": 17020,
        "South": 17034
      }
    },
    {
      "id": 17034,
      "name": "Sunrise",
      "exits": {
        "North": 17033,
        "South": 17035
      }
    },
    {
      "id": 17035,
      "name": "Sunrise",
      "exits": {
        "North": 17034,
        "South": 17058
      }
    },
    {
      "id": 17036,
      "name": "Sunset",
      "exits": {
        "North": 17024,
        "East": 17037,
        "South": 17484
      }
    },
    {
      "id": 17037,
      "name": "Sunset",
      "exits": {
        "East": 17038,
        "South": 17485,
        "West": 17036
      }
    },
    {
      "id": 17038,
      "name": "Sunset",
      "exits": {
        "East": 17039,
        "South": 17486,
        "West": 17037
      }
    },
    {
      "id": 17039,
      "name": "Sunset",
      "exits": {
        "North": 17025,
        "East": 17040,
        "South": 17487,
        "West": 17038
      }
    },
    {
      "id": 17040,
      "name": "Sunset",
      "exits": {
        "East": 17041,
        "South": 17061,
        "West": 17039
      }
    },
    {
      "id": 17041,
      "name": "Ruby Street",
      "exits": {
        "East": 17042,
        "West": 17040
      }
    },
    {
      "id": 17042,
      "name": "Ruby Street",
      "exits": {
        "East": 17043,
        "West": 17041
      }
    },
    {
      "id": 17043,
      "name": "Ruby Street",
      "exits": {
        "North": 17028,
        "West": 17042
      }
    },
    {
      "id": 17044,
      "name": "Moonlight Avenue",
      "exits": {
        "North": 17032,
        "South": 17045
      }
    },
    {
      "id": 17045,
      "name": "Moonlight Avenue",
      "exits": {
        "North": 17044,
        "East": 17046,
        "South": 17065
      }
    },
    {
      "id": 17046,
      "name": "Diamond Street",
      "exits": {
        "East": 17047,
        "West": 17045
      }
    },
    {
      "id": 17047,
      "name": "Diamond Street",
      "exits": {
        "East": 17052,
        "West": 17046
      }
    },
    {
      "id": 17048,
      "name": "Diamond Street",
      "exits": {
        "East": 17049,
        "South": 17052
      }
    },
    {
      "id": 17049,
      "name": "Diamond Street",
      "exits": {
        "East": 17050,
        "South": 17053,
        "West": 17048
      }
    },
    {
      "id": 17050,
      "name": "Diamond Street",
      "exits": {
        "East": 17051,
        "South": 17054,
        "West": 17049
      }
    },
    {
      "id": 17051,
      "name": "Diamond Street",
      "exits": {
        "South": 17055,
        "West": 17050
      }
    },
    {
      "id": 17052,
      "name": "Diamond Street",
      "exits": {
        "North": 17048,
        "East": 17053,
        "South": 17068,
        "West": 17047
      }
    },
    {
      "id": 17053,
      "name": "Diamond Street",
      "exits": {
        "North": 17049,
        "East": 17054,
        "West": 17052
      }
    },
    {
      "id": 17054,
      "name": "Diamond Street",
      "exits": {
        "North": 17050,
        "East": 17055,
        "West": 17053
      }
    },
    {
      "id": 17055,
      "name": "Diamond Street",
      "exits": {
        "North": 17051,
        "East": 17056,
        "West": 17054
      }
    },
    {
      "id": 17056,
      "name": "Diamond Street",
      "exits": {
        "East": 17057,
        "West": 17055
      }
    },
    {
      "id": 17057,
      "name": "Diamond Street",
      "exits": {
        "East": 17059,
        "West": 17056
      }
    },
    {
      "id": 17058,
      "name": "Sunrise",
      "exits": {
        "North": 17035,
        "South": 17059
      }
    },
    {
      "id": 17059,
      "name": "Junction of Sunrise and Diamond",
      "exits": {
        "North": 17058,
        "South": 17071,
        "West": 17057
      }
    },
    {
      "id": 17061,
      "name": "Sunset",
      "exits": {
        "North": 17040,
        "South": 17062
      }
    },
    {
      "id": 17062,
      "name": "Sunset",
      "exits": {
        "North": 17061,
        "South": 17063
      }
    },
    {
      "id": 17063,
      "name": "Sunset",
      "exits": {
        "North": 17062,
        "South": 17064
      }
    },
    {
      "id": 17064,
      "name": "Sunset",
      "exits": {
        "North": 17063,
        "South": 17078
      }
    },
    {
      "id": 17065,
      "name": "Moonlight Avenue",
      "exits": {
        "North": 17045,
        "South": 17066
      }
    },
    {
      "id": 17066,
      "name": "Moonlight Avenue",
      "exits": {
        "North": 17065,
        "South": 17067
      }
    },
    {
      "id": 17067,
      "name": "Moonlight Avenue",
      "exits": {
        "North": 17066,
        "East": 17089,
        "South": 17084
      }
    },
    {
      "id": 17068,
      "name": "Emerald Street",
      "exits": {
        "North": 17052,
        "South": 17069
      }
    },
    {
      "id": 17069,
      "name": "Emerald Street",
      "exits": {
        "North": 17068,
        "South": 17070
      }
    },
    {
      "id": 17070,
      "name": "Emerald Street",
      "exits": {
        "North": 17069,
        "South": 17087
      }
    },
    {
      "id": 17071,
      "name": "Sunrise",
      "exits": {
        "North": 17059,
        "South": 17072
      }
    },
    {
      "id": 17072,
      "name": "Sunrise",
      "exits": {
        "North": 17071,
        "South": 17073
      }
    },
    {
      "id": 17073,
      "name": "Sunrise",
      "exits": {
        "North": 17072,
        "South": 17093
      }
    },
    {
      "id": 17074,
      "name": "Slaver\u0027s Route",
      "exits": {
        "North": 17488,
        "East": 17075,
        "South": 17492
      }
    },
    {
      "id": 17075,
      "name": "Slaver\u0027s Route",
      "exits": {
        "North": 17489,
        "East": 17076,
        "South": 17493,
        "West": 17074
      }
    },
    {
      "id": 17076,
      "name": "Slaver\u0027s Route",
      "exits": {
        "North": 17490,
        "East": 17077,
        "South": 17494,
        "West": 17075
      }
    },
    {
      "id": 17077,
      "name": "Slaver\u0027s Route",
      "exits": {
        "East": 17078,
        "South": 17094,
        "West": 17076
      }
    },
    {
      "id": 17078,
      "name": "Slaver\u0027s Route",
      "exits": {
        "North": 17064,
        "East": 17079,
        "South": 17095,
        "West": 17077
      }
    },
    {
      "id": 17079,
      "name": "Slaver\u0027s Route",
      "exits": {
        "North": 17275,
        "East": 17080,
        "West": 17078
      }
    },
    {
      "id": 17080,
      "name": "Slaver\u0027s Route",
      "exits": {
        "East": 17081,
        "West": 17079
      }
    },
    {
      "id": 17081,
      "name": "Slaver\u0027s Route",
      "exits": {
        "East": 17082,
        "West": 17080
      }
    },
    {
      "id": 17082,
      "name": "Slaver\u0027s Route",
      "exits": {
        "East": 17083,
        "West": 17081
      }
    },
    {
      "id": 17083,
      "name": "Slaver\u0027s Route",
      "exits": {
        "East": 17084,
        "South": 17098,
        "West": 17082
      }
    },
    {
      "id": 17084,
      "name": "Slaver\u0027s Route (midtown)",
      "exits": {
        "North": 17067,
        "East": 17085,
        "South": 17099,
        "West": 17083
      }
    },
    {
      "id": 17085,
      "name": "Slaver\u0027s route, before the Whore House",
      "exits": {
        "North": 17299,
        "East": 17086,
        "West": 17084
      }
    },
    {
      "id": 17086,
      "name": "Slaver\u0027s Route",
      "exits": {
        "East": 17087,
        "West": 17085
      }
    },
    {
      "id": 17087,
      "name": "Slaver\u0027s Route at Emerald",
      "exits": {
        "North": 17070,
        "West": 17086,
        "Down": 17088
      }
    },
    {
      "id": 17088,
      "name": "Slaver\u0027s Route before the Inn",
      "exits": {
        "North": 17305,
        "East": 17089,
        "West": 17067,
        "Up": 17087
      }
    },
    {
      "id": 17089,
      "name": "Slaver\u0027s Route Before the Prisons",
      "exits": {
        "East": 17090,
        "South": 17327,
        "West": 17088
      }
    },
    {
      "id": 17090,
      "name": "Slaver\u0027s Route",
      "exits": {
        "East": 17091,
        "West": 17089
      }
    },
    {
      "id": 17091,
      "name": "Slaver\u0027s Route",
      "exits": {
        "East": 17092,
        "West": 17090
      }
    },
    {
      "id": 17092,
      "name": "Slaver\u0027s Route",
      "exits": {
        "East": 17093,
        "West": 17091
      }
    },
    {
      "id": 17093,
      "name": "Before the east entrance",
      "exits": {
        "North": 17073,
        "East": 17227,
        "South": 17102,
        "West": 17092
      }
    },
    {
      "id": 17094,
      "name": "The Gathering Place",
      "exits": {
        "North": 17077,
        "East": 17095,
        "South": 17096
      }
    },
    {
      "id": 17095,
      "name": "The Gathering Place",
      "exits": {
        "North": 17078,
        "West": 17094,
        "Down": 17097
      }
    },
    {
      "id": 17096,
      "name": "The Gathering Place",
      "exits": {
        "North": 17094,
        "East": 17097,
        "South": 17111
      }
    },
    {
      "id": 17097,
      "name": "The Gathering Place",
      "exits": {
        "North": 17095,
        "South": 17112,
        "West": 17096,
        "Up": 17095
      }
    },
    {
      "id": 17098,
      "name": "The Slave\u0027s Square",
      "exits": {
        "North": 17083,
        "East": 17099,
        "South": 17100
      }
    },
    {
      "id": 17099,
      "name": "The Slave\u0027s Square",
      "exits": {
        "North": 17084,
        "South": 17101,
        "West": 17098
      }
    },
    {
      "id": 17100,
      "name": "The slave\u0027s square",
      "exits": {
        "North": 17098,
        "East": 17101,
        "South": 17117,
        "West": 17319
      }
    },
    {
      "id": 17101,
      "name": "The slave\u0027s square",
      "exits": {
        "North": 17099,
        "South": 17118,
        "West": 17100
      }
    },
    {
      "id": 17102,
      "name": "Sunrise",
      "exits": {
        "North": 17093,
        "South": 17103
      }
    },
    {
      "id": 17103,
      "name": "Sunrise before the cages",
      "exits": {
        "North": 17102,
        "South": 17438,
        "West": 17104
      }
    },
    {
      "id": 17104,
      "name": "Sunrise",
      "exits": {
        "East": 17103,
        "West": 17105
      }
    },
    {
      "id": 17105,
      "name": "Sunrise",
      "exits": {
        "East": 17104,
        "South": 17106
      }
    },
    {
      "id": 17106,
      "name": "Sunrise",
      "exits": {
        "East": 17105,
        "South": 17107
      }
    },
    {
      "id": 17107,
      "name": "Sunrise before the Prisons",
      "exits": {
        "North": 17106,
        "South": 17144,
        "West": 17337
      }
    },
    {
      "id": 17108,
      "name": "Street of the Gods, Silence",
      "exits": {
        "North": 17497,
        "East": 17109
      }
    },
    {
      "id": 17109,
      "name": "Street of the Gods, Snikt",
      "exits": {
        "North": 17496,
        "East": 17110,
        "West": 17108
      }
    },
    {
      "id": 17110,
      "name": "Street of the Gods, Ironhand",
      "exits": {
        "North": 17495,
        "East": 17111,
        "South": 17124,
        "West": 17109
      }
    },
    {
      "id": 17111,
      "name": "Street of the Gods, Strahd",
      "exits": {
        "North": 17096,
        "East": 17112,
        "South": 17360,
        "West": 17110
      }
    },
    {
      "id": 17112,
      "name": "Street of the Gods, Lenny",
      "exits": {
        "North": 17097,
        "East": 17113,
        "South": 17359,
        "West": 17111
      }
    },
    {
      "id": 17113,
      "name": "Street of the Gods, Jhaele",
      "exits": {
        "East": 17114,
        "South": 17358,
        "West": 17112
      }
    },
    {
      "id": 17114,
      "name": "Street of the Gods, Reflection",
      "exits": {
        "East": 17115,
        "South": 17357,
        "West": 17113
      }
    },
    {
      "id": 17115,
      "name": "Street of the Gods, Dizzy",
      "exits": {
        "East": 17116,
        "South": 17356,
        "West": 17114
      }
    },
    {
      "id": 17116,
      "name": "Street of the Gods, Raptor",
      "exits": {
        "North": 17319,
        "East": 17117,
        "South": 17126,
        "West": 17115
      }
    },
    {
      "id": 17117,
      "name": "Street of the Gods, RoX",
      "exits": {
        "North": 17100,
        "East": 17118,
        "South": 17348,
        "West": 17116
      }
    },
    {
      "id": 17118,
      "name": "Street of the Gods, Soapbox",
      "exits": {
        "North": 17101,
        "East": 17119,
        "West": 17117
      }
    },
    {
      "id": 17119,
      "name": "Street of the Gods, Garion",
      "exits": {
        "East": 17120,
        "West": 17118
      }
    },
    {
      "id": 17120,
      "name": "Street of the Gods, Calliope",
      "exits": {
        "East": 17121,
        "South": 17121,
        "West": 17119
      }
    },
    {
      "id": 17121,
      "name": "Street of the Gods, Garth",
      "exits": {
        "South": 17122,
        "West": 17120
      }
    },
    {
      "id": 17122,
      "name": "Street of the Gods, Varcel, before the prisons",
      "exits": {
        "North": 17121,
        "East": 17338,
        "South": 17123
      }
    },
    {
      "id": 17123,
      "name": "Street of the Gods, Etaine",
      "exits": {
        "North": 17122,
        "South": 17139
      }
    },
    {
      "id": 17124,
      "name": "Sunset",
      "exits": {
        "North": 17110,
        "South": 17125
      }
    },
    {
      "id": 17125,
      "name": "Sunset",
      "exits": {
        "North": 17124,
        "South": 17128
      }
    },
    {
      "id": 17126,
      "name": "Azurite Street",
      "exits": {
        "North": 17116,
        "South": 17127
      }
    },
    {
      "id": 17127,
      "name": "Azurite Street",
      "exits": {
        "North": 17126,
        "South": 17134
      }
    },
    {
      "id": 17128,
      "name": "Road of Shadows at Sunset",
      "exits": {
        "North": 17125,
        "East": 17129,
        "South": 17198
      }
    },
    {
      "id": 17129,
      "name": "Road of Shadows",
      "exits": {
        "East": 17130,
        "West": 17128
      }
    },
    {
      "id": 17130,
      "name": "Road of Shadows",
      "exits": {
        "East": 17131,
        "West": 17129
      }
    },
    {
      "id": 17131,
      "name": "Road of Shadows",
      "exits": {
        "East": 17132,
        "West": 17130
      }
    },
    {
      "id": 17132,
      "name": "Road of Shadows",
      "exits": {
        "East": 17133,
        "West": 17131
      }
    },
    {
      "id": 17133,
      "name": "Road of Shadows",
      "exits": {
        "East": 17134,
        "West": 17132
      }
    },
    {
      "id": 17134,
      "name": "Road of Shadows at Azurite",
      "exits": {
        "North": 17127,
        "East": 17135,
        "South": 17179,
        "West": 17133
      }
    },
    {
      "id": 17135,
      "name": "Road of Shadows",
      "exits": {
        "East": 17136,
        "West": 17134
      }
    },
    {
      "id": 17136,
      "name": "Road of Shadows",
      "exits": {
        "East": 17137,
        "West": 17135
      }
    },
    {
      "id": 17137,
      "name": "Road Of Shadows",
      "exits": {
        "East": 17138,
        "South": 17369,
        "West": 17136
      }
    },
    {
      "id": 17138,
      "name": "Road of Shadows",
      "exits": {
        "East": 17139,
        "West": 17137
      }
    },
    {
      "id": 17139,
      "name": "Road of Shadows",
      "exits": {
        "North": 17123,
        "East": 17140,
        "West": 17138
      }
    },
    {
      "id": 17140,
      "name": "Road of Shadows",
      "exits": {
        "East": 17141,
        "West": 17139
      }
    },
    {
      "id": 17141,
      "name": "Road of Shadows",
      "exits": {
        "East": 17142,
        "West": 17140
      }
    },
    {
      "id": 17142,
      "name": "Road of Shadows",
      "exits": {
        "East": 17143,
        "South": 17174,
        "West": 17141
      }
    },
    {
      "id": 17143,
      "name": "Sunrise",
      "exits": {
        "North": 17144,
        "South": 17173,
        "West": 17142
      }
    },
    {
      "id": 17144,
      "name": "Sunrise",
      "exits": {
        "North": 17107,
        "East": 17145,
        "South": 17143
      }
    },
    {
      "id": 17145,
      "name": "Forgotten Alley",
      "exits": {
        "East": 17146,
        "West": 17144
      }
    },
    {
      "id": 17146,
      "name": "Forgotten Alley",
      "exits": {
        "East": 17147,
        "West": 17145
      }
    },
    {
      "id": 17147,
      "name": "Forgotten Alley",
      "exits": {
        "East": 17148,
        "West": 17146
      }
    },
    {
      "id": 17148,
      "name": "Forgotten Alley",
      "exits": {
        "East": 17149,
        "West": 17147
      }
    },
    {
      "id": 17149,
      "name": "Forgotten Alley",
      "exits": {
        "East": 17150,
        "West": 17148
      }
    },
    {
      "id": 17150,
      "name": "Forgotten Alley",
      "exits": {
        "North": 17151,
        "West": 17149
      }
    },
    {
      "id": 17151,
      "name": "Forgotten Alley",
      "exits": {
        "North": 17152,
        "South": 17150
      }
    },
    {
      "id": 17152,
      "name": "Forgotten Alley",
      "exits": {
        "North": 17153,
        "South": 17151
      }
    },
    {
      "id": 17153,
      "name": "Forgotten Alley",
      "exits": {
        "East": 17154,
        "South": 17152
      }
    },
    {
      "id": 17154,
      "name": "Forgotten Alley",
      "exits": {
        "South": 17155,
        "West": 17153
      }
    },
    {
      "id": 17155,
      "name": "Forgotten Alley",
      "exits": {
        "North": 17154,
        "South": 17156
      }
    },
    {
      "id": 17156,
      "name": "Forgotten Alley",
      "exits": {
        "North": 17155,
        "South": 17157
      }
    },
    {
      "id": 17157,
      "name": "Forgotten Alley",
      "exits": {
        "North": 17156,
        "South": 17159
      }
    },
    {
      "id": 17159,
      "name": "Dark Entrance Way",
      "exits": {
        "North": 17157,
        "East": 17160,
        "West": 17424
      }
    },
    {
      "id": 17160,
      "name": "Forgotten Alley",
      "exits": {
        "South": 17161,
        "West": 17159
      }
    },
    {
      "id": 17161,
      "name": "Forgotten Alley",
      "exits": {
        "North": 17160,
        "South": 17162
      }
    },
    {
      "id": 17162,
      "name": "Forgotten Alley",
      "exits": {
        "North": 17161,
        "West": 17163
      }
    },
    {
      "id": 17163,
      "name": "Forgotten Alley",
      "exits": {
        "East": 17162,
        "West": 17164
      }
    },
    {
      "id": 17164,
      "name": "Forgotten Alley",
      "exits": {
        "East": 17163,
        "West": 17165
      }
    },
    {
      "id": 17165,
      "name": "Forgotten Alley",
      "exits": {
        "East": 17164,
        "West": 17167
      }
    },
    {
      "id": 17166,
      "name": "Forgotten Alley",
      "exits": {
        "North": 17169,
        "South": 17168
      }
    },
    {
      "id": 17167,
      "name": "The Forgotten Alley",
      "exits": {
        "North": 17168,
        "East": 17165,
        "West": 17397
      }
    },
    {
      "id": 17168,
      "name": "Forgotten Alley",
      "exits": {
        "North": 17166,
        "South": 17167
      }
    },
    {
      "id": 17169,
      "name": "Forgotten Alley",
      "exits": {
        "South": 17166,
        "West": 17170
      }
    },
    {
      "id": 17170,
      "name": "Forgotten Alley",
      "exits": {
        "East": 17169,
        "West": 17172
      }
    },
    {
      "id": 17172,
      "name": "Forgotten Alley",
      "exits": {
        "East": 17170,
        "West": 17173
      }
    },
    {
      "id": 17173,
      "name": "Sunrise",
      "exits": {
        "North": 17143,
        "East": 17172,
        "West": 17174
      }
    },
    {
      "id": 17174,
      "name": "Sunrise",
      "exits": {
        "North": 17142,
        "East": 17173,
        "South": 17175
      }
    },
    {
      "id": 17175,
      "name": "Sunrise",
      "exits": {
        "North": 17174,
        "South": 17176
      }
    },
    {
      "id": 17176,
      "name": "Sunrise",
      "exits": {
        "North": 17175,
        "South": 17177
      }
    },
    {
      "id": 17177,
      "name": "Sunrise",
      "exits": {
        "North": 17176,
        "South": 17178
      }
    },
    {
      "id": 17178,
      "name": "Sunrise",
      "exits": {
        "North": 17177,
        "South": 17192
      }
    },
    {
      "id": 17179,
      "name": "Azurite Street",
      "exits": {
        "North": 17134,
        "South": 17180
      }
    },
    {
      "id": 17180,
      "name": "Azurite Street",
      "exits": {
        "North": 17179,
        "South": 17181
      }
    },
    {
      "id": 17181,
      "name": "Azurite Street",
      "exits": {
        "North": 17180,
        "East": 17374,
        "South": 17182
      }
    },
    {
      "id": 17182,
      "name": "Azurite Street",
      "exits": {
        "North": 17181,
        "South": 17183
      }
    },
    {
      "id": 17183,
      "name": "Azurite Street",
      "exits": {
        "North": 17182,
        "South": 17184
      }
    },
    {
      "id": 17184,
      "name": "Death\u0027s Lane",
      "exits": {
        "North": 17183,
        "East": 17185
      }
    },
    {
      "id": 17185,
      "name": "Death\u0027s Lane",
      "exits": {
        "East": 17186,
        "West": 17184
      }
    },
    {
      "id": 17186,
      "name": "Death\u0027s Lane",
      "exits": {
        "East": 17187,
        "West": 17185
      }
    },
    {
      "id": 17187,
      "name": "Death\u0027s Lane",
      "exits": {
        "East": 17188,
        "West": 17186
      }
    },
    {
      "id": 17188,
      "name": "Death\u0027s Lane",
      "exits": {
        "East": 17189,
        "West": 17187
      }
    },
    {
      "id": 17189,
      "name": "Death\u0027s Lane",
      "exits": {
        "East": 17190,
        "West": 17188
      }
    },
    {
      "id": 17190,
      "name": "Death\u0027s Lane",
      "exits": {
        "East": 17191,
        "West": 17189
      }
    },
    {
      "id": 17191,
      "name": "Death\u0027s Lane",
      "exits": {
        "East": 17192,
        "West": 17190
      }
    },
    {
      "id": 17192,
      "name": "Death\u0027s Lane",
      "exits": {
        "North": 17178,
        "South": 17193,
        "West": 17191
      }
    },
    {
      "id": 17193,
      "name": "Death\u0027s Lane",
      "exits": {
        "North": 17192,
        "East": 17194
      }
    },
    {
      "id": 17194,
      "name": "Death\u0027s Lane",
      "exits": {
        "East": 17195,
        "West": 17193
      }
    },
    {
      "id": 17195,
      "name": "Death\u0027s Lane",
      "exits": {
        "North": 17414,
        "East": 17196,
        "West": 17194
      }
    },
    {
      "id": 17196,
      "name": "Death\u0027s Lane",
      "exits": {
        "South": 17197,
        "West": 17195
      }
    },
    {
      "id": 17197,
      "name": "Beginning of Death\u0027s Lane",
      "exits": {
        "North": 17196
      }
    },
    {
      "id": 17198,
      "name": "Beginning of Sunset",
      "exits": {
        "North": 17128,
        "South": 17201
      }
    },
    {
      "id": 17199,
      "name": "Traveller\u0027s Crescent",
      "exits": {
        "East": 17200,
        "South": 17218,
        "West": 17222
      }
    },
    {
      "id": 17200,
      "name": "Traveller\u0027s Crescent",
      "exits": {
        "East": 17201,
        "West": 17199
      }
    },
    {
      "id": 17201,
      "name": "Traveller\u0027s Crescent",
      "exits": {
        "North": 17198,
        "East": 17202,
        "West": 17200
      }
    },
    {
      "id": 17202,
      "name": "Traveller\u0027s Crescent",
      "exits": {
        "East": 17203,
        "West": 17201
      }
    },
    {
      "id": 17203,
      "name": "Traveller\u0027s Crescent",
      "exits": {
        "East": 17204,
        "West": 17202
      }
    },
    {
      "id": 17204,
      "name": "Traveller\u0027s Crescent",
      "exits": {
        "East": 17205,
        "West": 17203
      }
    },
    {
      "id": 17205,
      "name": "Traveller\u0027s Crescent",
      "exits": {
        "South": 17206,
        "West": 17204
      }
    },
    {
      "id": 17206,
      "name": "Traveller\u0027s Crescent",
      "exits": {
        "North": 17205,
        "South": 17207
      }
    },
    {
      "id": 17207,
      "name": "Traveller\u0027s Crescent",
      "exits": {
        "North": 17206,
        "South": 17208
      }
    },
    {
      "id": 17208,
      "name": "Traveller\u0027s Crescent",
      "exits": {
        "North": 17207,
        "South": 17209,
        "West": 17442
      }
    },
    {
      "id": 17209,
      "name": "Traveller\u0027s Crescent",
      "exits": {
        "North": 17208,
        "West": 17210
      }
    },
    {
      "id": 17210,
      "name": "Traveller\u0027s Crescent",
      "exits": {
        "East": 17209,
        "West": 17211
      }
    },
    {
      "id": 17211,
      "name": "Traveller\u0027s Crescent",
      "exits": {
        "East": 17210,
        "West": 17212
      }
    },
    {
      "id": 17212,
      "name": "Traveller\u0027s Crescent",
      "exits": {
        "East": 17211,
        "West": 17213
      }
    },
    {
      "id": 17213,
      "name": "Traveller\u0027s Crescent",
      "exits": {
        "East": 17212,
        "West": 17214
      }
    },
    {
      "id": 17214,
      "name": "Traveller\u0027s Crescent",
      "exits": {
        "East": 17213,
        "West": 17215
      }
    },
    {
      "id": 17215,
      "name": "Traveller\u0027s Crescent",
      "exits": {
        "North": 17216,
        "East": 17214
      }
    },
    {
      "id": 17216,
      "name": "Traveller\u0027s Crescent",
      "exits": {
        "North": 17217,
        "South": 17215
      }
    },
    {
      "id": 17217,
      "name": "Traveller\u0027s Crescent",
      "exits": {
        "North": 17218,
        "South": 17216
      }
    },
    {
      "id": 17218,
      "name": "Traveller\u0027s Crescent",
      "exits": {
        "North": 17199,
        "South": 17217
      }
    },
    {
      "id": 17219,
      "name": "The Underdark ",
      "exits": {
        "South": 17220,
        "West": 50439
      }
    },
    {
      "id": 17220,
      "name": "Destroyed Section of the Tunnel",
      "exits": {
        "North": 17219,
        "East": 17221
      }
    },
    {
      "id": 17221,
      "name": "Quiet Desolation",
      "exits": {
        "East": 17222,
        "West": 17220
      }
    },
    {
      "id": 17222,
      "name": "The Hidden Way",
      "exits": {
        "East": 17199,
        "West": 17221
      }
    },
    {
      "id": 17223,
      "name": "Vast Corridor",
      "exits": {
        "East": 60716,
        "Down": 17224
      }
    },
    {
      "id": 17224,
      "name": "Vast Corridor",
      "exits": {
        "Up": 17223,
        "Down": 17225
      }
    },
    {
      "id": 17225,
      "name": "Vast Corridor",
      "exits": {
        "North": 17456,
        "Up": 17224,
        "Down": 17226
      }
    },
    {
      "id": 17226,
      "name": "Vast Corridor",
      "exits": {
        "Up": 17225,
        "Down": 17227
      }
    },
    {
      "id": 17227,
      "name": "Before the entrance to the Underdark",
      "exits": {
        "West": 17093,
        "Up": 17226
      }
    },
    {
      "id": 17228,
      "name": "Entry Hall",
      "exits": {
        "North": 17231,
        "South": 17025
      }
    },
    {
      "id": 17229,
      "name": "Jaded Hall",
      "exits": {
        "East": 17230
      }
    },
    {
      "id": 17230,
      "name": "Jaded Hall Before a Beautiful Door",
      "exits": {
        "East": 17231,
        "South": 17237,
        "West": 17229
      }
    },
    {
      "id": 17231,
      "name": "Jaded Hall",
      "exits": {
        "East": 17232,
        "South": 17228,
        "West": 17230
      }
    },
    {
      "id": 17232,
      "name": "Jaded Hall",
      "exits": {
        "East": 17233,
        "West": 17231
      }
    },
    {
      "id": 17233,
      "name": "Jaded Hall",
      "exits": {
        "South": 17234,
        "West": 17232
      }
    },
    {
      "id": 17234,
      "name": "Jaded Corridor",
      "exits": {
        "North": 17233,
        "East": 17240,
        "South": 17235,
        "West": 17241
      }
    },
    {
      "id": 17235,
      "name": "Jaded Corridor",
      "exits": {
        "North": 17234,
        "East": 17242,
        "West": 17243
      }
    },
    {
      "id": 17236,
      "name": "Vast Hall",
      "exits": {
        "East": 17237,
        "South": 17238
      }
    },
    {
      "id": 17237,
      "name": "Entrance to the Vast Hall",
      "exits": {
        "North": 17230,
        "South": 17239,
        "West": 17236
      }
    },
    {
      "id": 17238,
      "name": "Vast Hall",
      "exits": {
        "North": 17236,
        "East": 17239
      }
    },
    {
      "id": 17239,
      "name": "Vast Hall",
      "exits": {
        "North": 17237,
        "West": 17238
      }
    },
    {
      "id": 17240,
      "name": "Guest Chamber",
      "exits": {
        "West": 17234
      }
    },
    {
      "id": 17241,
      "name": "Guest Chamber",
      "exits": {
        "East": 17234
      }
    },
    {
      "id": 17242,
      "name": "Guest Chamber",
      "exits": {
        "West": 17235
      }
    },
    {
      "id": 17243,
      "name": "The Supreme Attendant\u0027s Chamber",
      "exits": {
        "East": 17235
      }
    },
    {
      "id": 17244,
      "name": "The Gemstone",
      "exits": {
        "South": 17246,
        "West": 17247
      }
    },
    {
      "id": 17245,
      "name": "The Gemstone",
      "exits": {
        "North": 17247,
        "East": 17246
      }
    },
    {
      "id": 17246,
      "name": "The Gemstone",
      "exits": {
        "North": 17244,
        "South": 17030,
        "West": 17245
      }
    },
    {
      "id": 17247,
      "name": "The Gemstone",
      "exits": {
        "East": 17244,
        "South": 17245
      }
    },
    {
      "id": 17248,
      "name": "Deserted Warehouse",
      "exits": {
        "North": 17249,
        "East": 17254,
        "South": 17251,
        "West": 17274
      }
    },
    {
      "id": 17249,
      "name": "Confusing Passage",
      "exits": {
        "South": 17248,
        "West": 17250
      }
    },
    {
      "id": 17250,
      "name": "Cluttered Room",
      "exits": {
        "East": 17249
      }
    },
    {
      "id": 17251,
      "name": "Twisting Passage",
      "exits": {
        "North": 17248,
        "South": 17253,
        "West": 17252
      }
    },
    {
      "id": 17252,
      "name": "Small Dusty Enclave",
      "exits": {
        "East": 17251
      }
    },
    {
      "id": 17253,
      "name": "Chaotic Cluttered Room",
      "exits": {
        "North": 17251
      }
    },
    {
      "id": 17254,
      "name": "Dark Chaotic Corridor",
      "exits": {
        "North": 17256,
        "East": 17257,
        "South": 17255,
        "West": 17248
      }
    },
    {
      "id": 17255,
      "name": "Dark Small Room",
      "exits": {
        "North": 17254
      }
    },
    {
      "id": 17256,
      "name": "Cramped Room",
      "exits": {
        "South": 17254
      }
    },
    {
      "id": 17257,
      "name": "Twisting Dark Corridor",
      "exits": {
        "North": 17258,
        "South": 17259,
        "West": 17254
      }
    },
    {
      "id": 17258,
      "name": "Damp Cluttered Room",
      "exits": {
        "South": 17257
      }
    },
    {
      "id": 17259,
      "name": "Very Cluttered Corridor",
      "exits": {
        "North": 17257,
        "East": 17260
      }
    },
    {
      "id": 17260,
      "name": "Dark Corridor",
      "exits": {
        "North": 17262,
        "East": 17261,
        "West": 17259
      }
    },
    {
      "id": 17261,
      "name": "A Dim Room",
      "exits": {
        "West": 17260
      }
    },
    {
      "id": 17262,
      "name": "Shadowy Jumbled Corridor",
      "exits": {
        "North": 17264,
        "East": 17263,
        "South": 17260
      }
    },
    {
      "id": 17263,
      "name": "A Gloomy Room",
      "exits": {
        "West": 17262
      }
    },
    {
      "id": 17264,
      "name": "The Corridor in the Abandoned Warehouse",
      "exits": {
        "East": 17265,
        "South": 17262
      }
    },
    {
      "id": 17265,
      "name": "The Corridor is Bathed in a Weird Light",
      "exits": {
        "East": 17266,
        "West": 17264
      }
    },
    {
      "id": 17266,
      "name": "Corridor in the Warehouse",
      "exits": {
        "East": 17267,
        "South": 17268,
        "West": 17265
      }
    },
    {
      "id": 17267,
      "name": "Cramped Dim Room",
      "exits": {
        "West": 17266
      }
    },
    {
      "id": 17268,
      "name": "The Corridor",
      "exits": {
        "North": 17266,
        "East": 17270,
        "South": 17269
      }
    },
    {
      "id": 17269,
      "name": "The Old Office",
      "exits": {
        "North": 17268
      }
    },
    {
      "id": 17270,
      "name": "Corridor of Darkness",
      "exits": {
        "South": 17271,
        "West": 17268
      }
    },
    {
      "id": 17271,
      "name": "End of the Corridor",
      "exits": {
        "North": 17270,
        "South": 17272
      }
    },
    {
      "id": 17272,
      "name": "Old Recreation Area",
      "exits": {
        "North": 17271,
        "West": 17273
      }
    },
    {
      "id": 17273,
      "name": "Abandoned Rest Room",
      "exits": {
        "East": 17272
      }
    },
    {
      "id": 17274,
      "name": "Entrance To An Abandoned Warehouse",
      "exits": {
        "East": 17248,
        "West": 17021
      }
    },
    {
      "id": 17275,
      "name": "Entrance Hall",
      "exits": {
        "East": 17278,
        "South": 17079
      }
    },
    {
      "id": 17278,
      "name": "Main Hall",
      "exits": {
        "North": 17279,
        "East": 17290,
        "West": 17275
      }
    },
    {
      "id": 17279,
      "name": "Hallway in the mansion",
      "exits": {
        "North": 17281,
        "South": 17278,
        "West": 17280
      }
    },
    {
      "id": 17280,
      "name": "Guest Room",
      "exits": {
        "East": 17279
      }
    },
    {
      "id": 17281,
      "name": "Hallway in the Mansion",
      "exits": {
        "North": 17286,
        "East": 17283,
        "South": 17279,
        "West": 17282
      }
    },
    {
      "id": 17282,
      "name": "Guest Chamber",
      "exits": {
        "East": 17281
      }
    },
    {
      "id": 17283,
      "name": "A Hallway in the Mansion",
      "exits": {
        "South": 17287
      }
    },
    {
      "id": 17284,
      "name": "Washroom",
      "exits": {
        "East": 17286
      }
    },
    {
      "id": 17285,
      "name": "Small Well Furnished Chamber",
      "exits": {
        "West": 17286
      }
    },
    {
      "id": 17286,
      "name": "End of Hall in the Mansion",
      "exits": {
        "East": 17285,
        "South": 17281,
        "West": 17284
      }
    },
    {
      "id": 17287,
      "name": "Dining Hall",
      "exits": {
        "North": 17283,
        "East": 17288
      }
    },
    {
      "id": 17288,
      "name": "Dining Hall",
      "exits": {
        "North": 17289,
        "West": 17287
      }
    },
    {
      "id": 17289,
      "name": "Secret Chamber",
      "exits": {
        "North": 17296,
        "South": 17288
      }
    },
    {
      "id": 17290,
      "name": "Main Hall",
      "exits": {
        "East": 17291,
        "West": 17278
      }
    },
    {
      "id": 17291,
      "name": "The Main Hall",
      "exits": {
        "East": 17292,
        "West": 17290
      }
    },
    {
      "id": 17292,
      "name": "Main Hall",
      "exits": {
        "North": 17293,
        "West": 17291
      }
    },
    {
      "id": 17293,
      "name": "Main Hall",
      "exits": {
        "North": 17294,
        "South": 17292
      }
    },
    {
      "id": 17294,
      "name": "Main Hall",
      "exits": {
        "North": 17295,
        "South": 17293
      }
    },
    {
      "id": 17295,
      "name": "Audience Chamber",
      "exits": {
        "North": 17297,
        "South": 17294,
        "West": 17296
      }
    },
    {
      "id": 17296,
      "name": "Audience Chamber",
      "exits": {
        "North": 17298,
        "East": 17295,
        "South": 17289
      }
    },
    {
      "id": 17297,
      "name": "Audience Chamber",
      "exits": {
        "South": 17295,
        "West": 17298
      }
    },
    {
      "id": 17298,
      "name": "Audience Chamber",
      "exits": {
        "East": 17297,
        "South": 17296
      }
    },
    {
      "id": 17299,
      "name": "Entrance to the Whore House",
      "exits": {
        "North": 17301,
        "East": 17300,
        "South": 17085
      }
    },
    {
      "id": 17300,
      "name": "Paying Room",
      "exits": {
        "West": 17299
      }
    },
    {
      "id": 17301,
      "name": "Whoring Area",
      "exits": {
        "North": 17303,
        "East": 17302,
        "South": 17299
      }
    },
    {
      "id": 17302,
      "name": "Whoring Area",
      "exits": {
        "North": 17304,
        "West": 17301
      }
    },
    {
      "id": 17303,
      "name": "Whoring Area",
      "exits": {
        "East": 17304,
        "South": 17301
      }
    },
    {
      "id": 17304,
      "name": "Whoring Area",
      "exits": {
        "South": 17302,
        "West": 17303
      }
    },
    {
      "id": 17305,
      "name": "Entrance to the Traveller\u0027s Den",
      "exits": {
        "North": 17306,
        "South": 17088
      }
    },
    {
      "id": 17306,
      "name": "Entrance Hall to the Inn",
      "exits": {
        "North": 17307,
        "East": 17308,
        "South": 17305
      }
    },
    {
      "id": 17307,
      "name": "Rest Room",
      "exits": {
        "South": 17306
      }
    },
    {
      "id": 17308,
      "name": "Common Room",
      "exits": {
        "North": 17310,
        "East": 17311,
        "South": 17309,
        "West": 17306
      }
    },
    {
      "id": 17309,
      "name": "Inn Room",
      "exits": {
        "North": 17308
      }
    },
    {
      "id": 17310,
      "name": "Common Room",
      "exits": {
        "East": 17314,
        "South": 17308
      }
    },
    {
      "id": 17311,
      "name": "Common Room",
      "exits": {
        "North": 17314,
        "East": 17313,
        "South": 17312,
        "West": 17308
      }
    },
    {
      "id": 17312,
      "name": "Inn Room",
      "exits": {
        "North": 17311
      }
    },
    {
      "id": 17313,
      "name": "Hall to the Inn Rooms",
      "exits": {
        "North": 17315,
        "East": 17317,
        "South": 17316,
        "West": 17311
      }
    },
    {
      "id": 17314,
      "name": "Common Room",
      "exits": {
        "South": 17311,
        "West": 17310
      }
    },
    {
      "id": 17315,
      "name": "Inn Room",
      "exits": {
        "South": 17313
      }
    },
    {
      "id": 17316,
      "name": "Inn Room",
      "exits": {
        "North": 17313
      }
    },
    {
      "id": 17317,
      "name": "Traveller\u0027s Den Hallway",
      "exits": {
        "South": 17318,
        "West": 17313
      }
    },
    {
      "id": 17318,
      "name": "Inn Room",
      "exits": {
        "North": 17317
      }
    },
    {
      "id": 17319,
      "name": "Entrance to the Slaver\u0027s Market",
      "exits": {
        "North": 17320,
        "East": 17100,
        "South": 17116,
        "West": 17321
      }
    },
    {
      "id": 17320,
      "name": "Slave Cage",
      "exits": {
        "South": 17319,
        "West": 17322
      }
    },
    {
      "id": 17321,
      "name": "Slave Hall",
      "exits": {
        "East": 17319,
        "West": 17323
      }
    },
    {
      "id": 17322,
      "name": "Slave Cage",
      "exits": {
        "East": 17320,
        "West": 17324
      }
    },
    {
      "id": 17323,
      "name": "Slave Hall",
      "exits": {
        "East": 17321,
        "West": 17325
      }
    },
    {
      "id": 17324,
      "name": "Slave Cage",
      "exits": {
        "East": 17322,
        "West": 17326
      }
    },
    {
      "id": 17325,
      "name": "Slave Hall",
      "exits": {
        "North": 17326,
        "East": 17323
      }
    },
    {
      "id": 17326,
      "name": "Slave Cage",
      "exits": {
        "East": 17324,
        "South": 17325
      }
    },
    {
      "id": 17327,
      "name": "Before the Northern Entrance of the Prisons",
      "exits": {
        "North": 17089,
        "East": 17328,
        "South": 17330,
        "West": 17329
      }
    },
    {
      "id": 17328,
      "name": "Prison Cell",
      "exits": {
        "West": 17327
      }
    },
    {
      "id": 17329,
      "name": "Prison Hall",
      "exits": {
        "East": 17327,
        "West": 17342
      }
    },
    {
      "id": 17330,
      "name": "Prison Hall",
      "exits": {
        "North": 17327,
        "East": 17331,
        "South": 17333,
        "West": 17332
      }
    },
    {
      "id": 17331,
      "name": "Prison Cell",
      "exits": {
        "West": 17330
      }
    },
    {
      "id": 17332,
      "name": "Prison Cell",
      "exits": {
        "East": 17330
      }
    },
    {
      "id": 17333,
      "name": "Prison Hall",
      "exits": {
        "North": 17330,
        "East": 17335,
        "South": 17336,
        "West": 17334
      }
    },
    {
      "id": 17334,
      "name": "Prison Cell",
      "exits": {
        "East": 17333
      }
    },
    {
      "id": 17335,
      "name": "Prison Cell",
      "exits": {
        "West": 17333
      }
    },
    {
      "id": 17336,
      "name": "Prison Hall",
      "exits": {
        "North": 17333,
        "East": 17337,
        "South": 17339,
        "West": 17338
      }
    },
    {
      "id": 17337,
      "name": "The eastern entrance",
      "exits": {
        "East": 17107,
        "South": 17341,
        "West": 17336
      }
    },
    {
      "id": 17338,
      "name": "Western Entrance",
      "exits": {
        "East": 17336,
        "South": 17340,
        "West": 17122
      }
    },
    {
      "id": 17339,
      "name": "Prison Cell",
      "exits": {
        "North": 17336
      }
    },
    {
      "id": 17340,
      "name": "Prison Cell",
      "exits": {
        "North": 17338
      }
    },
    {
      "id": 17341,
      "name": "Prison Cell",
      "exits": {
        "North": 17337
      }
    },
    {
      "id": 17342,
      "name": "Prison Hall",
      "exits": {
        "East": 17329,
        "South": 17343,
        "West": 17344
      }
    },
    {
      "id": 17343,
      "name": "Prison Cell",
      "exits": {
        "North": 17342
      }
    },
    {
      "id": 17344,
      "name": "Prison Hall",
      "exits": {
        "East": 17342,
        "South": 17345,
        "West": 17346
      }
    },
    {
      "id": 17345,
      "name": "Prison Cell",
      "exits": {
        "North": 17344
      }
    },
    {
      "id": 17346,
      "name": "The end of the prison hallway",
      "exits": {
        "East": 17344,
        "South": 17347
      }
    },
    {
      "id": 17347,
      "name": "Chamber of the Beholder",
      "exits": {
        "North": 17346
      }
    },
    {
      "id": 17348,
      "name": "The entrance to the Shadow\u0027s Shadow",
      "exits": {
        "North": 17117,
        "South": 17349
      }
    },
    {
      "id": 17349,
      "name": "Entrance Hall of the Shadow\u0027s Shadow",
      "exits": {
        "North": 17348,
        "East": 17350,
        "South": 17000
      }
    },
    {
      "id": 17350,
      "name": "Entrance Hallway",
      "exits": {
        "East": 17351,
        "West": 17349
      }
    },
    {
      "id": 17351,
      "name": "Dining Area",
      "exits": {
        "North": 17354,
        "East": 17352,
        "West": 17350
      }
    },
    {
      "id": 17352,
      "name": "The Dining Area",
      "exits": {
        "North": 17353,
        "West": 17351
      }
    },
    {
      "id": 17353,
      "name": "Dining Area",
      "exits": {
        "South": 17352,
        "West": 17354
      }
    },
    {
      "id": 17354,
      "name": "Dining Area",
      "exits": {
        "East": 17353,
        "South": 17351,
        "West": 17355
      }
    },
    {
      "id": 17355,
      "name": "Washroom of the Shadow\u0027s Shadow",
      "exits": {
        "East": 17354
      }
    },
    {
      "id": 17356,
      "name": "The Glowing Hand",
      "exits": {
        "North": 17115
      }
    },
    {
      "id": 17357,
      "name": "The Cracked Sword",
      "exits": {
        "North": 17114
      }
    },
    {
      "id": 17358,
      "name": "The Dented Shield",
      "exits": {
        "North": 17113
      }
    },
    {
      "id": 17359,
      "name": "The Sparkling Jewel",
      "exits": {
        "North": 17112
      }
    },
    {
      "id": 17360,
      "name": "The Darkened Root",
      "exits": {
        "North": 17111
      }
    },
    {
      "id": 17361,
      "name": "Foyer of Svirfneblin Embassy",
      "exits": {
        "East": 17124,
        "West": 17362
      }
    },
    {
      "id": 17362,
      "name": "Svirfneblin Hallway",
      "exits": {
        "East": 17361,
        "South": 17363
      }
    },
    {
      "id": 17363,
      "name": "Svirfneblin Hallway",
      "exits": {
        "North": 17362,
        "East": 17364,
        "South": 17365
      }
    },
    {
      "id": 17364,
      "name": "Svirfneblin Chamber",
      "exits": {
        "West": 17363
      }
    },
    {
      "id": 17365,
      "name": "Svirfneblin Hallway",
      "exits": {
        "North": 17363,
        "East": 17366,
        "South": 17367
      }
    },
    {
      "id": 17366,
      "name": "Svirfneblin Chamber",
      "exits": {
        "West": 17365
      }
    },
    {
      "id": 17367,
      "name": "Svirfneblin Hallway",
      "exits": {
        "North": 17365,
        "East": 17368
      }
    },
    {
      "id": 17368,
      "name": "Svirfneblin Chamber",
      "exits": {
        "West": 17367
      }
    },
    {
      "id": 17369,
      "name": "Entrance to the Thieve\u0027s Guild",
      "exits": {
        "North": 17137,
        "East": 17370,
        "South": 17372,
        "West": 17371
      }
    },
    {
      "id": 17370,
      "name": "Thieve\u0027s Guard Room",
      "exits": {
        "West": 17369
      }
    },
    {
      "id": 17371,
      "name": "Thieve\u0027s Guard Room",
      "exits": {
        "East": 17369
      }
    },
    {
      "id": 17372,
      "name": "Hallway in the Thieve\u0027s Guild",
      "exits": {
        "North": 17369,
        "East": 17382,
        "South": 17378,
        "West": 17373
      }
    },
    {
      "id": 17373,
      "name": "Hallway in the Thieve\u0027s Guild",
      "exits": {
        "East": 17372,
        "West": 17374
      }
    },
    {
      "id": 17374,
      "name": "Hallway in the Thieve\u0027s Guild",
      "exits": {
        "North": 17375,
        "East": 17373,
        "South": 17376,
        "West": 17181
      }
    },
    {
      "id": 17375,
      "name": "Thieve\u0027s Guard Room",
      "exits": {
        "South": 17374
      }
    },
    {
      "id": 17376,
      "name": "Thieve\u0027s Guard Room",
      "exits": {
        "North": 17374
      }
    },
    {
      "id": 17377,
      "name": "Storage Room",
      "exits": {
        "East": 17378
      }
    },
    {
      "id": 17378,
      "name": "Hallway in the Thieve\u0027s Guild",
      "exits": {
        "North": 17372,
        "South": 17379,
        "West": 17377
      }
    },
    {
      "id": 17379,
      "name": "Hallway in the Thieve\u0027s Guild",
      "exits": {
        "North": 17378,
        "West": 17380
      }
    },
    {
      "id": 17380,
      "name": "Practice Room",
      "exits": {
        "East": 17379,
        "West": 17381
      }
    },
    {
      "id": 17381,
      "name": "Training Room",
      "exits": {
        "East": 17380
      }
    },
    {
      "id": 17382,
      "name": "Hallway in the Thieve\u0027s Guild",
      "exits": {
        "East": 17387,
        "South": 17383,
        "West": 17372
      }
    },
    {
      "id": 17383,
      "name": "Thieve\u0027s Council Chamber",
      "exits": {
        "North": 17382,
        "East": 17384,
        "South": 17386
      }
    },
    {
      "id": 17384,
      "name": "Thieve\u0027s Council Chamber",
      "exits": {
        "South": 17385,
        "West": 17383
      }
    },
    {
      "id": 17385,
      "name": "Thieve\u0027s Council Chamber",
      "exits": {
        "North": 17384,
        "West": 17386
      }
    },
    {
      "id": 17386,
      "name": "Thieve\u0027s Council Chamber",
      "exits": {
        "North": 17383,
        "East": 17385
      }
    },
    {
      "id": 17387,
      "name": "Hallway in the Thieve\u0027s Guild",
      "exits": {
        "North": 17388,
        "East": 17389,
        "West": 17382
      }
    },
    {
      "id": 17388,
      "name": "Personal Chamber",
      "exits": {
        "South": 17387
      }
    },
    {
      "id": 17389,
      "name": "Hallway in the Thieve\u0027s Guild",
      "exits": {
        "North": 17390,
        "East": 17391,
        "South": 17393,
        "West": 17387
      }
    },
    {
      "id": 17390,
      "name": "Mage Chamber",
      "exits": {
        "South": 17389
      }
    },
    {
      "id": 17391,
      "name": "Master Thief\u0027s Room",
      "exits": {
        "North": 17392,
        "West": 17389
      }
    },
    {
      "id": 17392,
      "name": "Master Thief\u0027s Sleep Chamber",
      "exits": {
        "South": 17391
      }
    },
    {
      "id": 17393,
      "name": "Hallway in the Thieve\u0027s Guild",
      "exits": {
        "North": 17389,
        "East": 17394,
        "South": 17395
      }
    },
    {
      "id": 17394,
      "name": "Private Room",
      "exits": {
        "West": 17393
      }
    },
    {
      "id": 17395,
      "name": "Hallway in the Thieve\u0027s Guild",
      "exits": {
        "North": 17393,
        "East": 17396
      }
    },
    {
      "id": 17396,
      "name": "Private Chamber",
      "exits": {
        "West": 17395
      }
    },
    {
      "id": 17397,
      "name": "Entrance to the Assassin\u0027s Guild",
      "exits": {
        "East": 17167,
        "West": 17398
      }
    },
    {
      "id": 17398,
      "name": "Hallway in Assassin\u0027s Guild",
      "exits": {
        "East": 17397,
        "South": 17399
      }
    },
    {
      "id": 17399,
      "name": "Hallway in the Assassin\u0027s Guild",
      "exits": {
        "North": 17398,
        "South": 17400
      }
    },
    {
      "id": 17400,
      "name": "Hallway in the Assassin\u0027s Guild",
      "exits": {
        "North": 17399,
        "East": 17401,
        "West": 17414
      }
    },
    {
      "id": 17401,
      "name": "Corridor in the Assassin\u0027s Guild",
      "exits": {
        "North": 17402,
        "East": 17404,
        "South": 17403,
        "West": 17400
      }
    },
    {
      "id": 17402,
      "name": "Chamber in the Assassin\u0027s Guild",
      "exits": {
        "South": 17401
      }
    },
    {
      "id": 17403,
      "name": "Chamber in the Assassin\u0027s Guild",
      "exits": {
        "North": 17401
      }
    },
    {
      "id": 17404,
      "name": "Corridor in the Assassin\u0027s Guild",
      "exits": {
        "North": 17406,
        "East": 17407,
        "South": 17405,
        "West": 17401
      }
    },
    {
      "id": 17405,
      "name": "Chamber in the Assassin\u0027s Guild",
      "exits": {
        "North": 17404
      }
    },
    {
      "id": 17406,
      "name": "Chamber in the Assassin\u0027s Guild",
      "exits": {
        "South": 17404
      }
    },
    {
      "id": 17407,
      "name": "Corridor in the Assassin\u0027s Guild",
      "exits": {
        "North": 17408,
        "East": 17410,
        "South": 17409,
        "West": 17404
      }
    },
    {
      "id": 17408,
      "name": "Chamber in the Assassin\u0027s Guild",
      "exits": {
        "South": 17407
      }
    },
    {
      "id": 17409,
      "name": "Chamber in the Assassin\u0027s Guild",
      "exits": {
        "North": 17407
      }
    },
    {
      "id": 17410,
      "name": "Assassin\u0027s Meeting Chamber",
      "exits": {
        "East": 17411,
        "South": 17413,
        "West": 17407
      }
    },
    {
      "id": 17411,
      "name": "Assassin\u0027s Meeting Chamber",
      "exits": {
        "South": 17412,
        "West": 17410
      }
    },
    {
      "id": 17412,
      "name": "Assassin\u0027s Meeting Chamber",
      "exits": {
        "North": 17411,
        "West": 17413
      }
    },
    {
      "id": 17413,
      "name": "Assassin\u0027s Meeting Chamber",
      "exits": {
        "North": 17410,
        "East": 17412
      }
    },
    {
      "id": 17414,
      "name": "Hallway in the Assassin\u0027s Guild",
      "exits": {
        "North": 17415,
        "East": 17400,
        "South": 17195
      }
    },
    {
      "id": 17415,
      "name": "Hallway in the Assassin\u0027s Guild",
      "exits": {
        "North": 17416,
        "South": 17414
      }
    },
    {
      "id": 17416,
      "name": "Split in the Hallway",
      "exits": {
        "North": 17417,
        "East": 17420,
        "South": 17415,
        "West": 17418
      }
    },
    {
      "id": 17417,
      "name": "Assassin\u0027s Storage Room",
      "exits": {
        "South": 17416
      }
    },
    {
      "id": 17418,
      "name": "Hall of the Assassins",
      "exits": {
        "North": 17419,
        "East": 17416
      }
    },
    {
      "id": 17419,
      "name": "Assassin\u0027s Training Room",
      "exits": {
        "South": 17418
      }
    },
    {
      "id": 17420,
      "name": "Hall of the Assassins",
      "exits": {
        "North": 17421,
        "East": 17422,
        "West": 17416
      }
    },
    {
      "id": 17421,
      "name": "Assassin\u0027s Information Gathering",
      "exits": {
        "South": 17420
      }
    },
    {
      "id": 17422,
      "name": "The Hall of the Assassins",
      "exits": {
        "North": 17423,
        "West": 17420
      }
    },
    {
      "id": 17423,
      "name": "Assassin\u0027s Scrying Chamber",
      "exits": {
        "South": 17422
      }
    },
    {
      "id": 17424,
      "name": "Entrance to Eurandus\u0027 Home",
      "exits": {
        "North": 17429,
        "East": 17159,
        "West": 17425
      }
    },
    {
      "id": 17425,
      "name": "Waiting Room",
      "exits": {
        "East": 17424
      }
    },
    {
      "id": 17429,
      "name": "Large Hall",
      "exits": {
        "North": 17432,
        "East": 17430,
        "South": 17424,
        "West": 17431
      }
    },
    {
      "id": 17430,
      "name": "Large Hall",
      "exits": {
        "North": 17434,
        "West": 17429
      }
    },
    {
      "id": 17431,
      "name": "Guest Room",
      "exits": {
        "East": 17429
      }
    },
    {
      "id": 17432,
      "name": "Large Hall",
      "exits": {
        "East": 17434,
        "South": 17429,
        "West": 17435
      }
    },
    {
      "id": 17434,
      "name": "Large Hall",
      "exits": {
        "North": 17436,
        "South": 17430,
        "West": 17432
      }
    },
    {
      "id": 17435,
      "name": "Eurandus\u0027 Room",
      "exits": {
        "East": 17432
      }
    },
    {
      "id": 17436,
      "name": "Experimenting Room",
      "exits": {
        "North": 17437,
        "South": 17434
      }
    },
    {
      "id": 17437,
      "name": "Experimentation Room",
      "exits": {
        "South": 17436
      }
    },
    {
      "id": 17438,
      "name": "Entrance to the Cages",
      "exits": {
        "North": 17103,
        "South": 17440,
        "West": 17439
      }
    },
    {
      "id": 17439,
      "name": "Viewing Room",
      "exits": {
        "East": 17438
      }
    },
    {
      "id": 17440,
      "name": "The Cage",
      "exits": {
        "North": 17438,
        "West": 17441
      }
    },
    {
      "id": 17441,
      "name": "The Cage",
      "exits": {
        "East": 17440
      }
    },
    {
      "id": 17442,
      "name": "Common Room of the Traveller\u0027s Den",
      "exits": {
        "North": 17443,
        "East": 17208,
        "West": 17445
      }
    },
    {
      "id": 17443,
      "name": "Common Room at Bar",
      "exits": {
        "South": 17442,
        "West": 17444
      }
    },
    {
      "id": 17444,
      "name": "Common Room",
      "exits": {
        "East": 17443,
        "West": 17446
      }
    },
    {
      "id": 17445,
      "name": "Common Room",
      "exits": {
        "North": 17444,
        "East": 17442
      }
    },
    {
      "id": 17446,
      "name": "Hallway to the Rooms",
      "exits": {
        "North": 17447,
        "East": 17444,
        "South": 17448,
        "West": 17449
      }
    },
    {
      "id": 17447,
      "name": "Inn Room",
      "exits": {
        "South": 17446
      }
    },
    {
      "id": 17448,
      "name": "Inn Room",
      "exits": {
        "North": 17446
      }
    },
    {
      "id": 17449,
      "name": "Hallway to the Rooms",
      "exits": {
        "North": 17451,
        "East": 17446,
        "South": 17450,
        "West": 17452
      }
    },
    {
      "id": 17450,
      "name": "Inn Room",
      "exits": {
        "North": 17449
      }
    },
    {
      "id": 17451,
      "name": "Inn Room",
      "exits": {
        "South": 17449
      }
    },
    {
      "id": 17452,
      "name": "Hallway to the Rooms",
      "exits": {
        "North": 17453,
        "East": 17449,
        "South": 17454
      }
    },
    {
      "id": 17453,
      "name": "Inn Room",
      "exits": {
        "South": 17452
      }
    },
    {
      "id": 17454,
      "name": "Inn Room",
      "exits": {
        "North": 17452
      }
    },
    {
      "id": 17456,
      "name": "Entrance to Demon Clan",
      "exits": {
        "North": 17457,
        "South": 17225
      }
    },
    {
      "id": 17457,
      "name": "Hallway in the Demon Clan",
      "exits": {
        "North": 17458,
        "South": 17456
      }
    },
    {
      "id": 17458,
      "name": "Split in the Hallway",
      "exits": {
        "East": 17459,
        "South": 17457,
        "West": 17473
      }
    },
    {
      "id": 17459,
      "name": "Hallway in the Demon Clan",
      "exits": {
        "North": 17465,
        "East": 17460,
        "South": 17461,
        "West": 17458
      }
    },
    {
      "id": 17460,
      "name": "Clan Member\u0027s Sleeping Quarters",
      "exits": {
        "West": 17459
      }
    },
    {
      "id": 17461,
      "name": "Eastern Summoning Chamber",
      "exits": {
        "North": 17459,
        "East": 17462,
        "South": 17464
      }
    },
    {
      "id": 17462,
      "name": "Eastern Summoning Chamber",
      "exits": {
        "South": 17463,
        "West": 17461
      }
    },
    {
      "id": 17463,
      "name": "Eastern Summoning Chamber",
      "exits": {
        "North": 17462,
        "West": 17464
      }
    },
    {
      "id": 17464,
      "name": "Eastern Summoning Chamber",
      "exits": {
        "North": 17461,
        "East": 17463
      }
    },
    {
      "id": 17465,
      "name": "Hallway in the Demon Clan",
      "exits": {
        "North": 17467,
        "East": 17466,
        "South": 17459
      }
    },
    {
      "id": 17466,
      "name": "Clan Member\u0027s Sleeping Quarters",
      "exits": {
        "West": 17465
      }
    },
    {
      "id": 17467,
      "name": "Hallway in the Demon Clan",
      "exits": {
        "North": 17469,
        "East": 17468,
        "South": 17465
      }
    },
    {
      "id": 17468,
      "name": "Clan Member\u0027s Sleeping Quarters",
      "exits": {
        "West": 17467
      }
    },
    {
      "id": 17469,
      "name": "Hallway in the Demon Clan",
      "exits": {
        "North": 17471,
        "East": 17470,
        "South": 17467
      }
    },
    {
      "id": 17470,
      "name": "Clan Member\u0027s Sleeping Quarters",
      "exits": {
        "West": 17469
      }
    },
    {
      "id": 17471,
      "name": "End of the Hallway",
      "exits": {
        "East": 17472,
        "South": 17469
      }
    },
    {
      "id": 17472,
      "name": "Clan Member\u0027s Sleeping Quarters",
      "exits": {
        "West": 17471
      }
    },
    {
      "id": 17473,
      "name": "Hallway in the Demon Clan",
      "exits": {
        "East": 17458,
        "West": 17474
      }
    },
    {
      "id": 17474,
      "name": "Hallway in the Demon Clan",
      "exits": {
        "North": 17479,
        "East": 17473,
        "South": 17475
      }
    },
    {
      "id": 17475,
      "name": "Western Summoning Chamber",
      "exits": {
        "North": 17474,
        "East": 17476,
        "South": 17478
      }
    },
    {
      "id": 17476,
      "name": "Western Summoning Chamber",
      "exits": {
        "South": 17477,
        "West": 17475
      }
    },
    {
      "id": 17477,
      "name": "Western Summoning Chamber",
      "exits": {
        "North": 17476,
        "West": 17478
      }
    },
    {
      "id": 17478,
      "name": "Western Summoning Chamber",
      "exits": {
        "North": 17475,
        "East": 17477
      }
    },
    {
      "id": 17479,
      "name": "Hallway in the Demon Clan",
      "exits": {
        "East": 17480,
        "South": 17474
      }
    },
    {
      "id": 17480,
      "name": "Northern Summoning Room",
      "exits": {
        "North": 17483,
        "East": 17481,
        "West": 17479
      }
    },
    {
      "id": 17481,
      "name": "Northern Summoning Room",
      "exits": {
        "North": 17482,
        "West": 17480
      }
    },
    {
      "id": 17482,
      "name": "Northern Summoning Room",
      "exits": {
        "South": 17481,
        "West": 17483,
        "Up": 17000
      }
    },
    {
      "id": 17483,
      "name": "Northern Summoning Room",
      "exits": {
        "East": 17482,
        "South": 17480
      }
    },
    {
      "id": 17484,
      "name": "Denizen of the Underdark\u0027s Abode",
      "exits": {
        "North": 17036
      }
    },
    {
      "id": 17485,
      "name": "Home of a Denizen of the Underdark",
      "exits": {
        "North": 17037
      }
    },
    {
      "id": 17486,
      "name": "Denizen of the Underdark\u0027s Abode",
      "exits": {
        "North": 17038
      }
    },
    {
      "id": 17487,
      "name": "Home of a Denizen of the Underdark",
      "exits": {
        "North": 17039
      }
    },
    {
      "id": 17488,
      "name": "Denizen of the Underdark\u0027s Home",
      "exits": {
        "South": 17074
      }
    },
    {
      "id": 17489,
      "name": "Home in the Underdark",
      "exits": {
        "South": 17075
      }
    },
    {
      "id": 17490,
      "name": "Home of a Denizen of the Underdark",
      "exits": {
        "South": 17076
      }
    },
    {
      "id": 17491,
      "name": "Denizen of the Underdark\u0027s Home",
      "exits": {
        "South": 17077
      }
    },
    {
      "id": 17492,
      "name": "Denizen of the Underdark\u0027s Abode",
      "exits": {
        "North": 17074
      }
    },
    {
      "id": 17493,
      "name": "Home of a Denizen of the Underdark",
      "exits": {
        "North": 17075
      }
    },
    {
      "id": 17494,
      "name": "Home in the Underdark",
      "exits": {
        "North": 17076
      }
    },
    {
      "id": 17495,
      "name": "Home of a Denizen of the Underdark",
      "exits": {
        "South": 17110
      }
    },
    {
      "id": 17496,
      "name": "Denizen of the Underdark\u0027s Home",
      "exits": {
        "South": 17109
      }
    },
    {
      "id": 17497,
      "name": "Home in the Underdark",
      "exits": {
        "South": 17108
      }
    },
    {
      "id": 17498,
      "name": "The Underdark ",
      "exits": {
        "North": 17499,
        "South": 17019
      }
    },
    {
      "id": 17499,
      "name": "The Underdark ",
      "exits": {
        "North": 17500,
        "South": 17498
      }
    },
    {
      "id": 17500,
      "name": "The Underdark ",
      "exits": {
        "South": 17499,
        "Up": 17501
      }
    },
    {
      "id": 17501,
      "name": "The Underdark ",
      "exits": {
        "Up": 17502,
        "Down": 17500
      }
    },
    {
      "id": 17502,
      "name": "The Underdark ",
      "exits": {
        "Up": 17503,
        "Down": 17501
      }
    },
    {
      "id": 17503,
      "name": "Entrance to the Underdark ",
      "exits": {
        "West": 17504,
        "Down": 17502
      }
    },
    {
      "id": 17504,
      "name": "A Large Cave Mouth Leading into Darkness ",
      "exits": {
        "East": 17503,
        "Up": 17505
      }
    },
    {
      "id": 17505,
      "name": "A Series of Caves Along the Hillside ",
      "exits": {
        "North": 17506,
        "Down": 17504
      }
    },
    {
      "id": 17506,
      "name": "A Trail Beneath the Hills ",
      "exits": {
        "North": 17507,
        "South": 17505
      }
    },
    {
      "id": 17507,
      "name": "A Trail Beneath the Hills ",
      "exits": {
        "North": 17508,
        "South": 17506
      }
    },
    {
      "id": 17508,
      "name": "A Trail Beneath the Hills ",
      "exits": {
        "North": 19628,
        "South": 17507
      }
    },
    {
      "id": 50439,
      "name": "To Goblin Village",
      "otherAreaExit": true,
      "exits": {
        "East": 17219,
        "West": 50438
      }
    },
    {
      "id": 60716,
      "name": "To Thalos",
      "otherAreaExit": true,
      "exits": {
        "North": 60717,
        "South": 60715,
        "West": 17223
      }
    },
    {
      "id": 19628,
      "name": "To Eastern Road",
      "otherAreaExit": true,
      "exits": {
        "East": 19629,
        "South": 17508,
        "West": 19627
      }
    }
  ]
}