{
  "name": "Urtazi",
  "buildOptions": {
    "maxSteps": 1000,
    "fixObstacles": true,
    "fixNonStraight": true,
    "fixIntersected": true,
    "compactMap": true,
    "addDebugInfo": false,
    "colorizeConnectionIssues": true
  },
  "rooms": [
    {
      "id": 13300,
      "name": "Before a massive cave, on the mountainside",
      "exits": {
        "North": 13301,
        "South": 16094
      }
    },
    {
      "id": 13301,
      "name": "Within a slightly-lit cave",
      "exits": {
        "North": 13302,
        "South": 13300
      }
    },
    {
      "id": 13302,
      "name": "Within a dark cave",
      "exits": {
        "North": 13303,
        "South": 13301
      }
    },
    {
      "id": 13303,
      "name": "Before a small intersection, within a dark cave",
      "exits": {
        "East": 13304,
        "South": 13302
      }
    },
    {
      "id": 13304,
      "name": "Along a thin tunnel, within a dark cave",
      "exits": {
        "East": 13305,
        "West": 13303
      }
    },
    {
      "id": 13305,
      "name": "Along a thin tunnel, within a dark cave",
      "exits": {
        "North": 13306,
        "West": 13304
      }
    },
    {
      "id": 13306,
      "name": "Along an odd tunnel, within a dark cave",
      "exits": {
        "North": 13307,
        "South": 13305
      }
    },
    {
      "id": 13307,
      "name": "Along an odd tunnel, within a cave",
      "exits": {
        "North": 13308,
        "South": 13306
      }
    },
    {
      "id": 13308,
      "name": "Before a sharp turn, in the dark cave",
      "exits": {
        "East": 13309,
        "South": 13307
      }
    },
    {
      "id": 13309,
      "name": "Along a very small tunnel, in the dark cave",
      "exits": {
        "East": 13310,
        "West": 13308
      }
    },
    {
      "id": 13310,
      "name": "Along a very small tunnel, in the dark cave",
      "exits": {
        "North": 13319,
        "East": 13311,
        "West": 13309
      }
    },
    {
      "id": 13311,
      "name": "A dark pool of water, before an enormous cavern",
      "exits": {
        "South": 13312,
        "West": 13310
      }
    },
    {
      "id": 13312,
      "name": "Within a cavern",
      "exits": {
        "North": 13311,
        "East": 13317,
        "South": 13315,
        "West": 13313
      }
    },
    {
      "id": 13313,
      "name": "Within a cavern",
      "exits": {
        "East": 13312,
        "South": 13314
      }
    },
    {
      "id": 13314,
      "name": "Within a cavern",
      "exits": {
        "North": 13313,
        "East": 13315
      }
    },
    {
      "id": 13315,
      "name": "Within a cavern",
      "exits": {
        "North": 13312,
        "East": 13316,
        "West": 13314
      }
    },
    {
      "id": 13316,
      "name": "Within a cavern",
      "exits": {
        "North": 13317,
        "West": 13315
      }
    },
    {
      "id": 13317,
      "name": "Within a cavern",
      "exits": {
        "South": 13316,
        "West": 13312
      }
    },
    {
      "id": 13319,
      "name": "A hidden passage, in the dark cave",
      "exits": {
        "North": 13320,
        "South": 13310
      }
    },
    {
      "id": 13320,
      "name": "A hidden passage, in the dark cave",
      "exits": {
        "North": 13321,
        "South": 13319
      }
    },
    {
      "id": 13321,
      "name": "A small clearing, along the hidden passage, in the dark cave",
      "exits": {
        "North": 13322,
        "South": 13320
      }
    },
    {
      "id": 13322,
      "name": "Deep within a hidden passage, in the dark cave",
      "exits": {
        "North": 13327,
        "South": 13321,
        "West": 13323
      }
    },
    {
      "id": 13323,
      "name": "Along a secret passage, in the dark cave",
      "exits": {
        "East": 13322,
        "West": 13324
      }
    },
    {
      "id": 13324,
      "name": "Before a fiery cavern, in the dark cave",
      "exits": {
        "East": 13323,
        "West": 13325
      }
    },
    {
      "id": 13325,
      "name": "Inside a fiery cavern, in the dark cave",
      "exits": {
        "North": 13326,
        "East": 13324
      }
    },
    {
      "id": 13326,
      "name": "The Forge of Ur\u0027Tazi",
      "exits": {
        "South": 13325
      }
    },
    {
      "id": 13327,
      "name": "Along a secret passage, in the dark cave",
      "exits": {
        "North": 13328,
        "South": 13322
      }
    },
    {
      "id": 13328,
      "name": "Along a secret passage, in the dark cave",
      "exits": {
        "South": 13327
      }
    },
    {
      "id": 16094,
      "name": "To Blight",
      "otherAreaExit": true,
      "exits": {
        "North": 13300,
        "East": 16093,
        "South": 15060,
        "West": 16095
      }
    }
  ]
}