{
  "name": "Valley of the Elves",
  "buildOptions": {
    "maxSteps": 1000,
    "fixObstacles": true,
    "fixNonStraight": true,
    "fixIntersected": true,
    "compactMap": true,
    "addDebugInfo": false,
    "colorizeConnectionIssues": true
  },
  "rooms": [
    {
      "id": 7800,
      "name": "A Path from the Plains",
      "exits": {
        "North": 7801,
        "South": 323
      }
    },
    {
      "id": 7801,
      "name": "Along the Path",
      "exits": {
        "North": 7804,
        "East": 7803,
        "South": 7800,
        "West": 7802
      }
    },
    {
      "id": 7802,
      "name": "A Small Trail",
      "exits": {
        "North": 7867,
        "East": 7801,
        "West": 23100
      }
    },
    {
      "id": 7803,
      "name": "A Small Trail",
      "exits": {
        "North": 7849,
        "West": 7801
      }
    },
    {
      "id": 7804,
      "name": "The Overlook",
      "exits": {
        "South": 7801,
        "Down": 7805
      }
    },
    {
      "id": 7805,
      "name": "The Entrance to the Valley of the Elves",
      "exits": {
        "North": 7810,
        "East": 7807,
        "West": 7806,
        "Up": 7804
      }
    },
    {
      "id": 7806,
      "name": "The Edge of the Valley",
      "exits": {
        "North": 7809,
        "East": 7805
      }
    },
    {
      "id": 7807,
      "name": "The Edge of the Valley",
      "exits": {
        "North": 7811,
        "West": 7805
      }
    },
    {
      "id": 7808,
      "name": "The Edge of the Valley",
      "exits": {
        "North": 7813,
        "East": 7809
      }
    },
    {
      "id": 7809,
      "name": "The Valley of the Elves",
      "exits": {
        "North": 7814,
        "East": 7810,
        "South": 7806,
        "West": 7808
      }
    },
    {
      "id": 7810,
      "name": "The Valley of the Elves",
      "exits": {
        "North": 7815,
        "East": 7811,
        "South": 7805,
        "West": 7809
      }
    },
    {
      "id": 7811,
      "name": "The Valley of the Elves",
      "exits": {
        "North": 7816,
        "East": 7812,
        "South": 7807,
        "West": 7810
      }
    },
    {
      "id": 7812,
      "name": "The Edge of the Valley",
      "exits": {
        "North": 7817,
        "West": 7811
      }
    },
    {
      "id": 7813,
      "name": "The Edge of the Valley",
      "exits": {
        "North": 7818,
        "East": 7814,
        "South": 7808,
        "Up": 7863
      }
    },
    {
      "id": 7814,
      "name": "The Valley of the Elves",
      "exits": {
        "North": 7819,
        "East": 7815,
        "South": 7809,
        "West": 7813
      }
    },
    {
      "id": 7815,
      "name": "The Valley of the Elves",
      "exits": {
        "North": 7820,
        "East": 7816,
        "South": 7810,
        "West": 7814
      }
    },
    {
      "id": 7816,
      "name": "The Valley of the Elves",
      "exits": {
        "North": 7821,
        "East": 7817,
        "South": 7811,
        "West": 7815
      }
    },
    {
      "id": 7817,
      "name": "The Edge of the Valley",
      "exits": {
        "North": 7822,
        "South": 7812,
        "West": 7816,
        "Up": 7853
      }
    },
    {
      "id": 7818,
      "name": "The Edge of the Valley",
      "exits": {
        "East": 7819,
        "South": 7813
      }
    },
    {
      "id": 7819,
      "name": "The Valley of the Elves",
      "exits": {
        "North": 7823,
        "East": 7820,
        "South": 7814,
        "West": 7818
      }
    },
    {
      "id": 7820,
      "name": "The Valley of the Elves",
      "exits": {
        "North": 7824,
        "East": 7821,
        "South": 7815,
        "West": 7819
      }
    },
    {
      "id": 7821,
      "name": "The Valley of the Elves",
      "exits": {
        "North": 7825,
        "East": 7822,
        "South": 7816,
        "West": 7820
      }
    },
    {
      "id": 7822,
      "name": "The Edge of the Valley",
      "exits": {
        "South": 7817,
        "West": 7821
      }
    },
    {
      "id": 7823,
      "name": "The Edge of the Valley",
      "exits": {
        "East": 7824,
        "South": 7819
      }
    },
    {
      "id": 7824,
      "name": "The Edge of the Valley",
      "exits": {
        "North": 7826,
        "East": 7825,
        "South": 7820,
        "West": 7823
      }
    },
    {
      "id": 7825,
      "name": "The Edge of the Valley",
      "exits": {
        "South": 7821,
        "West": 7824
      }
    },
    {
      "id": 7826,
      "name": "A Trail Leading from the Valley",
      "exits": {
        "North": 7827,
        "South": 7824,
        "Up": 7858
      }
    },
    {
      "id": 7827,
      "name": "Along the Trail",
      "exits": {
        "East": 7828,
        "South": 7826,
        "West": 7868
      }
    },
    {
      "id": 7828,
      "name": "A Bend in the Trail",
      "exits": {
        "North": 7829,
        "West": 7827
      }
    },
    {
      "id": 7829,
      "name": "A Smaller Valley",
      "exits": {
        "North": 7834,
        "East": 7831,
        "South": 7828,
        "West": 7830
      }
    },
    {
      "id": 7830,
      "name": "A Trail in the Valley",
      "exits": {
        "North": 7832,
        "East": 7829
      }
    },
    {
      "id": 7831,
      "name": "A Trail in the Valley",
      "exits": {
        "East": 7833,
        "West": 7829
      }
    },
    {
      "id": 7832,
      "name": "A Trail in the Valley",
      "exits": {
        "North": 7837,
        "South": 7830
      }
    },
    {
      "id": 7833,
      "name": "A Trail in the Valley",
      "exits": {
        "North": 7836,
        "West": 7831
      }
    },
    {
      "id": 7834,
      "name": "The Elf Home",
      "exits": {
        "North": 7838,
        "East": 7835,
        "South": 7829
      }
    },
    {
      "id": 7835,
      "name": "The Kitchen",
      "exits": {
        "North": 7839,
        "West": 7834
      }
    },
    {
      "id": 7836,
      "name": "A Trail in the Valley",
      "exits": {
        "North": 7840,
        "South": 7833
      }
    },
    {
      "id": 7837,
      "name": "A Trail in the Valley",
      "exits": {
        "North": 7841,
        "South": 7832
      }
    },
    {
      "id": 7838,
      "name": "The Living Room",
      "exits": {
        "East": 7839,
        "South": 7834
      }
    },
    {
      "id": 7839,
      "name": "The Storage Room",
      "exits": {
        "South": 7835,
        "West": 7838,
        "Up": 7848
      }
    },
    {
      "id": 7840,
      "name": "A Trail in the Valley",
      "exits": {
        "North": 7844,
        "South": 7836
      }
    },
    {
      "id": 7841,
      "name": "A Trail in the Valley",
      "exits": {
        "East": 7842,
        "South": 7837
      }
    },
    {
      "id": 7842,
      "name": "A Trail in the Valley",
      "exits": {
        "East": 7843,
        "West": 7841
      }
    },
    {
      "id": 7843,
      "name": "A Trail in the Valley",
      "exits": {
        "East": 7844,
        "West": 7842
      }
    },
    {
      "id": 7844,
      "name": "A Trail in the Valley",
      "exits": {
        "South": 7840,
        "West": 7843
      }
    },
    {
      "id": 7845,
      "name": "The Elders\u0027 Room",
      "exits": {
        "North": 7847,
        "East": 7846
      }
    },
    {
      "id": 7846,
      "name": "The Storage Room",
      "exits": {
        "North": 7848,
        "West": 7845
      }
    },
    {
      "id": 7847,
      "name": "The Sleeping Quarters",
      "exits": {
        "East": 7848,
        "South": 7845
      }
    },
    {
      "id": 7848,
      "name": "Study",
      "exits": {
        "South": 7846,
        "West": 7847,
        "Down": 7839
      }
    },
    {
      "id": 7849,
      "name": "Along a Windy Trail on the Rim of the Valley",
      "exits": {
        "East": 7850,
        "South": 7803
      }
    },
    {
      "id": 7850,
      "name": "Along a Windy Trail on the Rim of the Valley",
      "exits": {
        "North": 7851,
        "West": 7849
      }
    },
    {
      "id": 7851,
      "name": "Along a Windy Trail on the Rim of the Valley",
      "exits": {
        "East": 7852,
        "South": 7850
      }
    },
    {
      "id": 7852,
      "name": "Along a Windy Trail on the Rim of the Valley",
      "exits": {
        "North": 7853,
        "West": 7851
      }
    },
    {
      "id": 7853,
      "name": "Along a Windy Trail on the Rim of the Valley",
      "exits": {
        "North": 7854,
        "South": 7852,
        "Down": 7817
      }
    },
    {
      "id": 7854,
      "name": "Along a Windy Trail on the Rim of the Valley",
      "exits": {
        "South": 7853,
        "West": 7855
      }
    },
    {
      "id": 7855,
      "name": "Along a Windy Trail on the Rim of the Valley",
      "exits": {
        "North": 7856,
        "East": 7854
      }
    },
    {
      "id": 7856,
      "name": "Along a Windy Trail on the Rim of the Valley",
      "exits": {
        "South": 7855,
        "West": 7857
      }
    },
    {
      "id": 7857,
      "name": "Along a Windy Trail on the Rim of the Valley",
      "exits": {
        "East": 7856,
        "West": 7858
      }
    },
    {
      "id": 7858,
      "name": "On the Rope Bridge",
      "exits": {
        "East": 7857,
        "West": 7859,
        "Down": 7826
      }
    },
    {
      "id": 7859,
      "name": "Along a Windy Trail on the Rim of the Valley",
      "exits": {
        "East": 7858,
        "West": 7860
      }
    },
    {
      "id": 7860,
      "name": "Along a Windy Trail on the Rim of the Valley",
      "exits": {
        "East": 7859,
        "South": 7861
      }
    },
    {
      "id": 7861,
      "name": "Along a Windy Trail on the Rim of the Valley",
      "exits": {
        "North": 7860,
        "West": 7862
      }
    },
    {
      "id": 7862,
      "name": "Along a Windy Trail on the Rim of the Valley",
      "exits": {
        "East": 7861,
        "South": 7863
      }
    },
    {
      "id": 7863,
      "name": "Along a Windy Trail on the Rim of the Valley",
      "exits": {
        "North": 7862,
        "South": 7864
      }
    },
    {
      "id": 7864,
      "name": "Along a Windy Trail on the Rim of the Valley",
      "exits": {
        "North": 7863,
        "East": 7865
      }
    },
    {
      "id": 7865,
      "name": "Along a Windy Trail on the Rim of the Valley",
      "exits": {
        "South": 7866,
        "West": 7864
      }
    },
    {
      "id": 7866,
      "name": "Along a Windy Trail on the Rim of the Valley",
      "exits": {
        "North": 7865,
        "East": 7867
      }
    },
    {
      "id": 7867,
      "name": "Along a Windy Trail on the Rim of the Valley",
      "exits": {
        "South": 7802,
        "West": 7866
      }
    },
    {
      "id": 7868,
      "name": "A Bend in the Trail",
      "exits": {
        "North": 7869,
        "East": 7827
      }
    },
    {
      "id": 7869,
      "name": "A Bend in the Trail",
      "exits": {
        "South": 7868,
        "West": 7870
      }
    },
    {
      "id": 7870,
      "name": "The Small Valley",
      "exits": {
        "North": 7871,
        "East": 7869,
        "South": 7872,
        "West": 7878
      }
    },
    {
      "id": 7871,
      "name": "The Small Valley",
      "exits": {
        "South": 7870,
        "West": 7873
      }
    },
    {
      "id": 7872,
      "name": "The Small Valley",
      "exits": {
        "North": 7870,
        "West": 7877
      }
    },
    {
      "id": 7873,
      "name": "The Small Valley",
      "exits": {
        "East": 7871,
        "West": 7874
      }
    },
    {
      "id": 7874,
      "name": "The Small Valley",
      "exits": {
        "East": 7873,
        "South": 7875,
        "West": 15114
      }
    },
    {
      "id": 7875,
      "name": "The Small Valley",
      "exits": {
        "North": 7874,
        "South": 7876
      }
    },
    {
      "id": 7876,
      "name": "The Small Valley",
      "exits": {
        "North": 7875,
        "East": 7877
      }
    },
    {
      "id": 7877,
      "name": "The Small Valley",
      "exits": {
        "East": 7872,
        "West": 7876
      }
    },
    {
      "id": 7878,
      "name": "Inside the Small Shack",
      "exits": {
        "East": 7870,
        "Down": 7879
      }
    },
    {
      "id": 7879,
      "name": "Beneath the Small Shack",
      "exits": {
        "South": 7880,
        "Up": 7878
      }
    },
    {
      "id": 7880,
      "name": "The Den of the Pyrohydra",
      "exits": {
        "North": 7879,
        "East": 7882,
        "West": 7881
      }
    },
    {
      "id": 7881,
      "name": "The Workroom",
      "exits": {
        "East": 7880
      }
    },
    {
      "id": 7882,
      "name": "The Storage Room",
      "exits": {
        "West": 7880
      }
    },
    {
      "id": 7883,
      "name": "WAY Far Down into the Valley",
      "exits": {}
    },
    {
      "id": 323,
      "name": "To Plains",
      "otherAreaExit": true,
      "exits": {
        "North": 7800,
        "East": 324,
        "South": 330
      }
    },
    {
      "id": 23100,
      "name": "To Crusader Battlefield",
      "otherAreaExit": true,
      "exits": {
        "East": 7802,
        "West": 23101
      }
    },
    {
      "id": 15114,
      "name": "To Blight",
      "otherAreaExit": true,
      "exits": {
        "North": 16077,
        "East": 7874,
        "West": 15113
      }
    }
  ]
}