{
  "name": "Varggin Shih",
  "buildOptions": {
    "maxSteps": 1000,
    "fixObstacles": true,
    "fixNonStraight": true,
    "fixIntersected": false,
    "compactMap": true,
    "addDebugInfo": false,
    "colorizeConnectionIssues": true
  },
  "rooms": [
    {
      "id": 22000,
      "name": "A dark trail",
      "exits": {
        "North": 22001,
        "South": 29431
      }
    },
    {
      "id": 22001,
      "name": "A dark trail",
      "exits": {
        "South": 22000,
        "Up": 22002
      }
    },
    {
      "id": 22002,
      "name": "the mountain trail",
      "exits": {
        "East": 22003,
        "West": 22020,
        "Down": 22001
      }
    },
    {
      "id": 22003,
      "name": "the mountain trail",
      "exits": {
        "West": 22002,
        "Up": 22004
      }
    },
    {
      "id": 22004,
      "name": "the mountain trail",
      "exits": {
        "North": 22005,
        "Down": 22003
      }
    },
    {
      "id": 22005,
      "name": "the mountain trail",
      "exits": {
        "South": 22004,
        "Up": 22006
      }
    },
    {
      "id": 22006,
      "name": "the mountain trail",
      "exits": {
        "North": 22007,
        "Down": 22005
      }
    },
    {
      "id": 22007,
      "name": "the mountain trail",
      "exits": {
        "North": 22008,
        "South": 22006
      }
    },
    {
      "id": 22008,
      "name": "the mountain trail",
      "exits": {
        "South": 22007,
        "West": 22009
      }
    },
    {
      "id": 22009,
      "name": "the mountain trail",
      "exits": {
        "East": 22008,
        "Down": 22010
      }
    },
    {
      "id": 22010,
      "name": "the mountain trail",
      "exits": {
        "North": 22011,
        "Up": 22009
      }
    },
    {
      "id": 22011,
      "name": "the mountain trail",
      "exits": {
        "South": 22010,
        "Down": 22021
      }
    },
    {
      "id": 22012,
      "name": "the mountain trail",
      "exits": {
        "South": 22013,
        "Down": 22021
      }
    },
    {
      "id": 22013,
      "name": "the mountain trail",
      "exits": {
        "North": 22012,
        "Up": 22014
      }
    },
    {
      "id": 22014,
      "name": "the mountain trail",
      "exits": {
        "West": 22015,
        "Down": 22013
      }
    },
    {
      "id": 22015,
      "name": "the mountain trail",
      "exits": {
        "East": 22014,
        "South": 22016
      }
    },
    {
      "id": 22016,
      "name": "the mountain trail",
      "exits": {
        "North": 22015,
        "South": 22017
      }
    },
    {
      "id": 22017,
      "name": "the mountain trail",
      "exits": {
        "North": 22016,
        "Down": 22018
      }
    },
    {
      "id": 22018,
      "name": "the mountain trail",
      "exits": {
        "South": 22019,
        "Up": 22017
      }
    },
    {
      "id": 22019,
      "name": "the mountain trail",
      "exits": {
        "North": 22018,
        "Down": 22020
      }
    },
    {
      "id": 22020,
      "name": "the mountain trail",
      "exits": {
        "East": 22002,
        "Up": 22019
      }
    },
    {
      "id": 22021,
      "name": "the clearing",
      "exits": {
        "North": 22022,
        "Up": 22011
      }
    },
    {
      "id": 22022,
      "name": "The south gate",
      "exits": {
        "North": 22023,
        "South": 22021
      }
    },
    {
      "id": 22023,
      "name": "the street of Varggin Shih",
      "exits": {
        "North": 22080,
        "East": 22024,
        "South": 22022,
        "West": 22056
      }
    },
    {
      "id": 22024,
      "name": "the street of Varggin Shih",
      "exits": {
        "East": 22025,
        "South": 22059,
        "West": 22023
      }
    },
    {
      "id": 22025,
      "name": "the street of Varggin Shih",
      "exits": {
        "East": 22026,
        "South": 22060,
        "West": 22024
      }
    },
    {
      "id": 22026,
      "name": "the street of Varggin Shih",
      "exits": {
        "East": 22027,
        "South": 22061,
        "West": 22025
      }
    },
    {
      "id": 22027,
      "name": "the street of Varggin Shih",
      "exits": {
        "East": 22028,
        "South": 22062,
        "West": 22026
      }
    },
    {
      "id": 22028,
      "name": "the street of Varggin Shih",
      "exits": {
        "North": 22029,
        "West": 22027
      }
    },
    {
      "id": 22029,
      "name": "the street of Varggin Shih",
      "exits": {
        "North": 22030,
        "South": 22028
      }
    },
    {
      "id": 22030,
      "name": "the street of Varggin Shih",
      "exits": {
        "North": 22031,
        "South": 22029,
        "West": 22063
      }
    },
    {
      "id": 22031,
      "name": "the street of Varggin Shih",
      "exits": {
        "North": 22032,
        "South": 22030
      }
    },
    {
      "id": 22032,
      "name": "the street of Varggin Shih",
      "exits": {
        "North": 22033,
        "East": 22065,
        "South": 22031,
        "West": 22064
      }
    },
    {
      "id": 22033,
      "name": "the street of Varggin Shih",
      "exits": {
        "North": 22034,
        "South": 22032
      }
    },
    {
      "id": 22034,
      "name": "the street of Varggin Shih",
      "exits": {
        "North": 22035,
        "East": 22067,
        "South": 22033,
        "West": 22066
      }
    },
    {
      "id": 22035,
      "name": "the street of Varggin Shih",
      "exits": {
        "North": 22036,
        "South": 22034
      }
    },
    {
      "id": 22036,
      "name": "the street of Varggin Shih",
      "exits": {
        "North": 22037,
        "South": 22035,
        "West": 22068
      }
    },
    {
      "id": 22037,
      "name": "the street of Varggin Shih",
      "exits": {
        "North": 22038,
        "South": 22036
      }
    },
    {
      "id": 22038,
      "name": "the street of Varggin Shih",
      "exits": {
        "South": 22037,
        "West": 22039
      }
    },
    {
      "id": 22039,
      "name": "the street of Varggin Shih",
      "exits": {
        "East": 22038,
        "West": 22040
      }
    },
    {
      "id": 22040,
      "name": "the street of Varggin Shih",
      "exits": {
        "North": 22069,
        "East": 22039,
        "West": 22041
      }
    },
    {
      "id": 22041,
      "name": "the street of Varggin Shih",
      "exits": {
        "East": 22040,
        "South": 22070,
        "West": 22042
      }
    },
    {
      "id": 22042,
      "name": "the street of Varggin Shih",
      "exits": {
        "North": 22071,
        "East": 22041,
        "West": 22043
      }
    },
    {
      "id": 22043,
      "name": "the street of Varggin Shih",
      "exits": {
        "East": 22042,
        "South": 22072,
        "West": 22044
      }
    },
    {
      "id": 22044,
      "name": "the street of Varggin Shih",
      "exits": {
        "North": 22073,
        "East": 22043,
        "West": 22045
      }
    },
    {
      "id": 22045,
      "name": "the street of Varggin Shih",
      "exits": {
        "East": 22044,
        "South": 22046
      }
    },
    {
      "id": 22046,
      "name": "the street of Varggin Shih",
      "exits": {
        "North": 22045,
        "South": 22047
      }
    },
    {
      "id": 22047,
      "name": "the street of Varggin Shih",
      "exits": {
        "North": 22046,
        "East": 22074,
        "South": 22048
      }
    },
    {
      "id": 22048,
      "name": "the street of Varggin Shih",
      "exits": {
        "North": 22047,
        "South": 22049
      }
    },
    {
      "id": 22049,
      "name": "the street of Varggin Shih",
      "exits": {
        "North": 22048,
        "East": 22075,
        "South": 22050,
        "West": 22076
      }
    },
    {
      "id": 22050,
      "name": "the street of Varggin Shih",
      "exits": {
        "North": 22049,
        "South": 22051
      }
    },
    {
      "id": 22051,
      "name": "the street of Varggin Shih",
      "exits": {
        "North": 22050,
        "East": 22078,
        "South": 22052,
        "West": 22077
      }
    },
    {
      "id": 22052,
      "name": "the street of Varggin Shih",
      "exits": {
        "North": 22051,
        "East": 22079,
        "South": 22053
      }
    },
    {
      "id": 22053,
      "name": "the street of Varggin Shih",
      "exits": {
        "North": 22052,
        "South": 22054
      }
    },
    {
      "id": 22054,
      "name": "the street of Varggin Shih",
      "exits": {
        "North": 22053,
        "East": 22055
      }
    },
    {
      "id": 22055,
      "name": "the street of Varggin Shih",
      "exits": {
        "East": 22056,
        "South": 22057,
        "West": 22054
      }
    },
    {
      "id": 22056,
      "name": "the street of Varggin Shih",
      "exits": {
        "East": 22023,
        "South": 22058,
        "West": 22055
      }
    },
    {
      "id": 22057,
      "name": "A Small Home",
      "exits": {
        "North": 22055
      }
    },
    {
      "id": 22058,
      "name": "A Small Home",
      "exits": {
        "North": 22056
      }
    },
    {
      "id": 22059,
      "name": "A Small Home",
      "exits": {
        "North": 22024
      }
    },
    {
      "id": 22060,
      "name": "A Small Home",
      "exits": {
        "North": 22025
      }
    },
    {
      "id": 22061,
      "name": "A Small Home",
      "exits": {
        "North": 22026
      }
    },
    {
      "id": 22062,
      "name": "A Small Home",
      "exits": {
        "North": 22027
      }
    },
    {
      "id": 22063,
      "name": "A Small Home",
      "exits": {
        "East": 22030
      }
    },
    {
      "id": 22064,
      "name": "A Small Home",
      "exits": {
        "East": 22032
      }
    },
    {
      "id": 22065,
      "name": "A Small Home",
      "exits": {
        "West": 22032
      }
    },
    {
      "id": 22066,
      "name": "A Small Home",
      "exits": {
        "East": 22034
      }
    },
    {
      "id": 22067,
      "name": "A Small Home",
      "exits": {
        "West": 22034
      }
    },
    {
      "id": 22068,
      "name": "A Small Home",
      "exits": {
        "East": 22036
      }
    },
    {
      "id": 22069,
      "name": "A Small Home",
      "exits": {
        "South": 22040
      }
    },
    {
      "id": 22070,
      "name": "A Small Home",
      "exits": {
        "North": 22041
      }
    },
    {
      "id": 22071,
      "name": "A Small Home",
      "exits": {
        "South": 22042
      }
    },
    {
      "id": 22072,
      "name": "A Small Home",
      "exits": {
        "North": 22043
      }
    },
    {
      "id": 22073,
      "name": "A Small Home",
      "exits": {
        "South": 22044
      }
    },
    {
      "id": 22074,
      "name": "A Small Home",
      "exits": {
        "West": 22047
      }
    },
    {
      "id": 22075,
      "name": "the street of Varggin Shih",
      "exits": {
        "East": 22085,
        "West": 22049
      }
    },
    {
      "id": 22076,
      "name": "A Small Home",
      "exits": {
        "East": 22049
      }
    },
    {
      "id": 22077,
      "name": "A Small Home",
      "exits": {
        "East": 22051
      }
    },
    {
      "id": 22078,
      "name": "A Small Home",
      "exits": {
        "West": 22053
      }
    },
    {
      "id": 22079,
      "name": "A Small Home",
      "exits": {
        "West": 22052
      }
    },
    {
      "id": 22080,
      "name": "Entrance to a Palace",
      "exits": {
        "North": 22081,
        "South": 22023
      }
    },
    {
      "id": 22081,
      "name": "the Hallway",
      "exits": {
        "North": 22083,
        "East": 22082,
        "South": 22080
      }
    },
    {
      "id": 22082,
      "name": "The Shaman\u0027s Room",
      "exits": {
        "West": 22081
      }
    },
    {
      "id": 22083,
      "name": "the Hallway",
      "exits": {
        "North": 22084,
        "South": 22081
      }
    },
    {
      "id": 22084,
      "name": "The Throne Room",
      "exits": {
        "South": 22083
      }
    },
    {
      "id": 22085,
      "name": "the street of Varggin Shih",
      "exits": {
        "East": 22086,
        "West": 22075
      }
    },
    {
      "id": 22086,
      "name": "the street of Varggin Shih",
      "exits": {
        "North": 22087,
        "East": 22088,
        "West": 22085
      }
    },
    {
      "id": 22087,
      "name": "A Small Home",
      "exits": {
        "South": 22086
      }
    },
    {
      "id": 22088,
      "name": "the street of Varggin Shih",
      "exits": {
        "East": 22089,
        "South": 22090,
        "West": 22086
      }
    },
    {
      "id": 22089,
      "name": "the street of Varggin Shih",
      "exits": {
        "North": 22091,
        "West": 22088
      }
    },
    {
      "id": 22090,
      "name": "A Small Home",
      "exits": {
        "North": 22088
      }
    },
    {
      "id": 22091,
      "name": "A Small Home",
      "exits": {
        "South": 22089
      }
    },
    {
      "id": 29431,
      "name": "To Arkham Swamps",
      "otherAreaExit": true,
      "exits": {
        "North": 22000,
        "East": 29432,
        "South": 29426,
        "West": 29430
      }
    }
  ]
}