{
  "name": "Vestibule of the Kings",
  "buildOptions": {
    "maxSteps": 1000,
    "fixObstacles": true,
    "fixNonStraight": true,
    "fixIntersected": true,
    "compactMap": true,
    "addDebugInfo": false,
    "colorizeConnectionIssues": true
  },
  "rooms": [
    {
      "id": 30000,
      "name": "Before the Temple of the Ancients",
      "exits": {
        "West": 30001
      }
    },
    {
      "id": 30001,
      "name": "Within a Luminous Antechamber",
      "exits": {
        "North": 30002,
        "East": 30000,
        "South": 30003
      }
    },
    {
      "id": 30002,
      "name": "Within a Luminous Antechamber",
      "exits": {
        "South": 30001,
        "West": 30004
      }
    },
    {
      "id": 30003,
      "name": "Within a Luminous Antechamber",
      "exits": {
        "North": 30001,
        "West": 30008
      }
    },
    {
      "id": 30004,
      "name": "Within a Luminous Antechamber",
      "exits": {
        "East": 30002,
        "West": 30005
      }
    },
    {
      "id": 30005,
      "name": "Within a Luminous Antechamber",
      "exits": {
        "East": 30004,
        "South": 30006
      }
    },
    {
      "id": 30006,
      "name": "Within a Luminous Antechamber",
      "exits": {
        "North": 30005,
        "East": 30010,
        "South": 30007,
        "West": 30009
      }
    },
    {
      "id": 30007,
      "name": "Within a Luminous Antechamber",
      "exits": {
        "North": 30006,
        "East": 30008
      }
    },
    {
      "id": 30008,
      "name": "Within a Luminous Antechamber",
      "exits": {
        "East": 30003,
        "West": 30007
      }
    },
    {
      "id": 30009,
      "name": "Within a Luminous Antechamber",
      "exits": {
        "East": 30006
      }
    },
    {
      "id": 30010,
      "name": "The Top of a Granite Cylinder",
      "exits": {
        "West": 30006,
        "Down": 30011
      }
    },
    {
      "id": 30011,
      "name": "Within a Spiral Passageway",
      "exits": {
        "Up": 30010,
        "Down": 30012
      }
    },
    {
      "id": 30012,
      "name": "Within a Spiral Passageway",
      "exits": {
        "Up": 30011,
        "Down": 30013
      }
    },
    {
      "id": 30013,
      "name": "Within a Spiral Passageway",
      "exits": {
        "Up": 30012,
        "Down": 30014
      }
    },
    {
      "id": 30014,
      "name": "Within a Spiral Passageway",
      "exits": {
        "Up": 30013,
        "Down": 30015
      }
    },
    {
      "id": 30015,
      "name": "At the Bottom of a Cylinder",
      "exits": {
        "East": 30032,
        "West": 30016,
        "Up": 30014
      }
    },
    {
      "id": 30016,
      "name": "The Mouth of a Large Cavern",
      "exits": {
        "North": 30017,
        "East": 30015,
        "South": 30018,
        "West": 30020
      }
    },
    {
      "id": 30017,
      "name": "The Hall of Kings",
      "exits": {
        "South": 30016,
        "West": 30021
      }
    },
    {
      "id": 30018,
      "name": "The Hall of Kings",
      "exits": {
        "North": 30016,
        "West": 30019
      }
    },
    {
      "id": 30019,
      "name": "The Hall of Kings",
      "exits": {
        "North": 30020,
        "East": 30018,
        "West": 30022
      }
    },
    {
      "id": 30020,
      "name": "The Hall of Kings",
      "exits": {
        "North": 30021,
        "East": 30016,
        "South": 30019,
        "West": 30023
      }
    },
    {
      "id": 30021,
      "name": "The Hall of Kings",
      "exits": {
        "East": 30017,
        "South": 30020,
        "West": 30024
      }
    },
    {
      "id": 30022,
      "name": "The Hall of Kings",
      "exits": {
        "North": 30023,
        "East": 30019,
        "West": 30025
      }
    },
    {
      "id": 30023,
      "name": "The Hall of Kings",
      "exits": {
        "North": 30024,
        "East": 30020,
        "South": 30022,
        "West": 30026
      }
    },
    {
      "id": 30024,
      "name": "The Hall of Kings",
      "exits": {
        "East": 30021,
        "South": 30023,
        "West": 30027
      }
    },
    {
      "id": 30025,
      "name": "The Hall of Kings",
      "exits": {
        "North": 30026,
        "East": 30022,
        "West": 30028
      }
    },
    {
      "id": 30026,
      "name": "The Hall of Kings",
      "exits": {
        "North": 30027,
        "East": 30023,
        "South": 30025,
        "West": 30029
      }
    },
    {
      "id": 30027,
      "name": "The Hall of Kings",
      "exits": {
        "East": 30024,
        "South": 30026,
        "West": 30030
      }
    },
    {
      "id": 30028,
      "name": "The Hall of Kings",
      "exits": {
        "North": 30029,
        "East": 30025
      }
    },
    {
      "id": 30029,
      "name": "The Hall of Kings",
      "exits": {
        "North": 30030,
        "East": 30026,
        "South": 30028,
        "West": 30031
      }
    },
    {
      "id": 30030,
      "name": "The Hall of Kings",
      "exits": {
        "East": 30027,
        "South": 30029
      }
    },
    {
      "id": 30031,
      "name": "Before a Shattered Throne",
      "exits": {
        "East": 30029,
        "Down": 30046
      }
    },
    {
      "id": 30032,
      "name": "A Dimly-lit, Scorched Corridor",
      "exits": {
        "East": 30033,
        "West": 30015
      }
    },
    {
      "id": 30033,
      "name": "A Dimly-lit, Scorched Corridor",
      "exits": {
        "East": 30034,
        "West": 30032
      }
    },
    {
      "id": 30034,
      "name": "A Dimly-lit, Scorched Corridor",
      "exits": {
        "East": 30035,
        "West": 30033
      }
    },
    {
      "id": 30035,
      "name": "A Dimly-lit, Scorched Corridor",
      "exits": {
        "East": 30036,
        "West": 30034
      }
    },
    {
      "id": 30036,
      "name": "A Dimly-lit, Scorched Corridor",
      "exits": {
        "South": 30037,
        "West": 30035
      }
    },
    {
      "id": 30037,
      "name": "A Dimly-lit, Scorched Corridor",
      "exits": {
        "North": 30036,
        "South": 30038
      }
    },
    {
      "id": 30038,
      "name": "A Dimly-lit, Scorched Corridor",
      "exits": {
        "North": 30037,
        "South": 30039
      }
    },
    {
      "id": 30039,
      "name": "A Dimly-lit, Scorched Corridor",
      "exits": {
        "North": 30038,
        "West": 30040
      }
    },
    {
      "id": 30040,
      "name": "A Dimly-lit, Scorched Corridor",
      "exits": {
        "East": 30039,
        "West": 30041
      }
    },
    {
      "id": 30041,
      "name": "A Dimly-lit, Scorched Corridor",
      "exits": {
        "East": 30040,
        "West": 30042
      }
    },
    {
      "id": 30042,
      "name": "A Dimly-lit, Scorched Corridor",
      "exits": {
        "North": 30043,
        "East": 30041
      }
    },
    {
      "id": 30043,
      "name": "The End of a Dark Corridor",
      "exits": {
        "South": 30042,
        "West": 30044
      }
    },
    {
      "id": 30044,
      "name": "Above the Well of the Ancients",
      "exits": {
        "East": 30043,
        "Down": 30045
      }
    },
    {
      "id": 30045,
      "name": "Before the Ancient Black Well",
      "exits": {
        "Up": 30044
      }
    },
    {
      "id": 30046,
      "name": "A Narrow Shaft Beneath the Throne",
      "exits": {
        "Up": 30031,
        "Down": 30047
      }
    },
    {
      "id": 30047,
      "name": "A Narrow Shaft Beneath the Throne",
      "exits": {
        "Up": 30046,
        "Down": 30048
      }
    },
    {
      "id": 30048,
      "name": "A Damp Underground Tunnel",
      "exits": {
        "South": 30049,
        "Up": 30047
      }
    },
    {
      "id": 30049,
      "name": "A Damp Underground Tunnel",
      "exits": {
        "North": 30048,
        "South": 30050
      }
    },
    {
      "id": 30050,
      "name": "A Damp Underground Tunnel",
      "exits": {
        "North": 30049,
        "South": 30051
      }
    },
    {
      "id": 30051,
      "name": "A Damp Underground Tunnel",
      "exits": {
        "North": 30050,
        "South": 30052
      }
    },
    {
      "id": 30052,
      "name": "A Damp Underground Tunnel",
      "exits": {
        "North": 30051,
        "Up": 30053
      }
    },
    {
      "id": 30053,
      "name": "A Slight Berth in the Tunnel",
      "exits": {
        "West": 30054,
        "Down": 30052
      }
    },
    {
      "id": 30054,
      "name": "A Slight Berth in the Tunnel",
      "exits": {
        "East": 30053,
        "South": 30055
      }
    },
    {
      "id": 30055,
      "name": "A Slight Berth in the Tunnel",
      "exits": {
        "North": 30054,
        "Up": 30056
      }
    },
    {
      "id": 30056,
      "name": "A Cramped Underground Tunnel",
      "exits": {
        "South": 30057,
        "Down": 30055
      }
    },
    {
      "id": 30057,
      "name": "A Cramped Underground Tunnel",
      "exits": {
        "North": 30056,
        "South": 30058
      }
    },
    {
      "id": 30058,
      "name": "A Cramped Underground Tunnel",
      "exits": {
        "North": 30057,
        "South": 30059
      }
    },
    {
      "id": 30059,
      "name": "A Cramped Underground Tunnel",
      "exits": {
        "North": 30058,
        "East": 30060
      }
    },
    {
      "id": 30060,
      "name": "Near a Collapsed Section in the Tunnel",
      "exits": {
        "South": 30061,
        "West": 30059
      }
    },
    {
      "id": 30061,
      "name": "Collapsed Part of the Tunnel",
      "exits": {
        "North": 30060,
        "South": 30062
      }
    },
    {
      "id": 30062,
      "name": "Within a Large Cave",
      "exits": {
        "North": 30061,
        "South": 30063
      }
    },
    {
      "id": 30063,
      "name": "Within a Large Cave",
      "exits": {
        "North": 30062,
        "South": 30064
      }
    },
    {
      "id": 30064,
      "name": "Within a Large Cave",
      "exits": {
        "North": 30063,
        "South": 30065
      }
    },
    {
      "id": 30065,
      "name": "The Mouth of a Large Cave",
      "exits": {
        "North": 30064,
        "West": 30066
      }
    },
    {
      "id": 30066,
      "name": "Along the Edge of a Ravine",
      "exits": {
        "East": 30065,
        "Up": 30067
      }
    },
    {
      "id": 30067,
      "name": "A Narrow Trail Over the Rise",
      "exits": {
        "Up": 30068,
        "Down": 30066
      }
    },
    {
      "id": 30068,
      "name": "Upon a Jagged Mountain Rise",
      "exits": {
        "West": 30069,
        "Down": 30067
      }
    },
    {
      "id": 30069,
      "name": "Atop the Small Plateau",
      "exits": {
        "East": 30068,
        "West": 30070
      }
    },
    {
      "id": 30070,
      "name": "Upon a Jagged Mountain Rise",
      "exits": {
        "East": 30069,
        "Down": 30071
      }
    },
    {
      "id": 30071,
      "name": "A Narrow Trail Over the Rise",
      "exits": {
        "Up": 30070,
        "Down": 30072
      }
    },
    {
      "id": 30072,
      "name": "A Narrow Trail Through the Mountains",
      "exits": {
        "West": 30073,
        "Up": 30071
      }
    },
    {
      "id": 30073,
      "name": "A Narrow Trail Through the Mountains",
      "exits": {
        "North": 30086,
        "East": 30072,
        "West": 30074
      }
    },
    {
      "id": 30074,
      "name": "A Narrow Trail Through the Mountains",
      "exits": {
        "East": 30073,
        "Down": 30075
      }
    },
    {
      "id": 30075,
      "name": "A Narrow Trail Through the Mountains",
      "exits": {
        "South": 30076,
        "Up": 30074
      }
    },
    {
      "id": 30076,
      "name": "Along the Edge of a Ravine",
      "exits": {
        "North": 30075,
        "West": 30077
      }
    },
    {
      "id": 30077,
      "name": "Along the Edge of a Ravine",
      "exits": {
        "East": 30076,
        "West": 30078
      }
    },
    {
      "id": 30078,
      "name": "Along the Edge of a Ravine",
      "exits": {
        "East": 30077,
        "West": 30079
      }
    },
    {
      "id": 30079,
      "name": "Along the Edge of a Ravine",
      "exits": {
        "North": 30080,
        "East": 30078
      }
    },
    {
      "id": 30080,
      "name": "Rugged Trail through the Mountains",
      "exits": {
        "South": 30079,
        "Up": 30081
      }
    },
    {
      "id": 30081,
      "name": "Rugged Trail through the Mountains",
      "exits": {
        "North": 30082,
        "Down": 30080
      }
    },
    {
      "id": 30082,
      "name": "Rugged Trail through the Mountains",
      "exits": {
        "South": 30081,
        "Up": 30083
      }
    },
    {
      "id": 30083,
      "name": "Rugged Trail through the Mountains",
      "exits": {
        "West": 30084,
        "Down": 30082
      }
    },
    {
      "id": 30084,
      "name": "Rugged Trail through the Mountains",
      "exits": {
        "North": 30085,
        "East": 30083
      }
    },
    {
      "id": 30085,
      "name": "A Widening Path",
      "exits": {
        "North": 31000,
        "South": 30084
      }
    },
    {
      "id": 30086,
      "name": "A Sharply Rising Crevasse",
      "exits": {
        "South": 30073,
        "Up": 30087
      }
    },
    {
      "id": 30087,
      "name": "A Sharply Rising Crevasse",
      "exits": {
        "Up": 30088,
        "Down": 30086
      }
    },
    {
      "id": 30088,
      "name": "A Sharply Rising Crevasse",
      "exits": {
        "South": 30089,
        "Down": 30087
      }
    },
    {
      "id": 30089,
      "name": "Overlook Above the Crevasse",
      "exits": {
        "North": 30088
      }
    },
    {
      "id": 30199,
      "name": "A cluttered room",
      "exits": {}
    },
    {
      "id": 31000,
      "name": "To Destroyer\u0027s Hall",
      "otherAreaExit": true,
      "exits": {
        "North": 31001,
        "South": 30085
      }
    }
  ]
}