{
  "name": "Visham",
  "buildOptions": {
    "maxSteps": 1000,
    "fixObstacles": true,
    "fixNonStraight": true,
    "fixIntersected": true,
    "compactMap": true,
    "addDebugInfo": false,
    "colorizeConnectionIssues": true
  },
  "rooms": [
    {
      "id": 40000,
      "name": "Within the Cathedral of Visham",
      "exits": {
        "North": 40001,
        "South": 40025
      }
    },
    {
      "id": 40001,
      "name": "Before the Cathedral Steps",
      "exits": {
        "North": 40002,
        "South": 40000
      }
    },
    {
      "id": 40002,
      "name": "A Square in Tranquility Lane",
      "exits": {
        "North": 40003,
        "East": 40004,
        "South": 40001,
        "West": 40008
      }
    },
    {
      "id": 40003,
      "name": "The Pilgrim\u0027s Apothecary",
      "exits": {
        "South": 40002
      }
    },
    {
      "id": 40004,
      "name": "Tranquility Lane",
      "exits": {
        "North": 40005,
        "East": 40007,
        "South": 40006,
        "West": 40002
      }
    },
    {
      "id": 40005,
      "name": "The Monk\u0027s Wardrobe",
      "exits": {
        "South": 40004
      }
    },
    {
      "id": 40006,
      "name": "The Cafeteria",
      "exits": {
        "North": 40004
      }
    },
    {
      "id": 40007,
      "name": "Tranquility Lane",
      "exits": {
        "East": 40009,
        "West": 40004
      }
    },
    {
      "id": 40008,
      "name": "Tranquility Lane",
      "exits": {
        "North": 40010,
        "East": 40002,
        "South": 40011,
        "West": 40012
      }
    },
    {
      "id": 40009,
      "name": "Tranquility Lane",
      "exits": {
        "East": 40047,
        "South": 40017,
        "West": 40007
      }
    },
    {
      "id": 40010,
      "name": "Satchels and Saddles",
      "exits": {
        "South": 40008
      }
    },
    {
      "id": 40011,
      "name": "The Drunken Monk",
      "exits": {
        "North": 40008
      }
    },
    {
      "id": 40012,
      "name": "Tranquility Lane",
      "exits": {
        "East": 40008,
        "West": 40013
      }
    },
    {
      "id": 40013,
      "name": "Tranquility Lane",
      "exits": {
        "East": 40012,
        "South": 40014
      }
    },
    {
      "id": 40014,
      "name": "Tranquility Lane",
      "exits": {
        "North": 40013,
        "South": 40015
      }
    },
    {
      "id": 40015,
      "name": "Tranquility Lane",
      "exits": {
        "North": 40014,
        "South": 40016
      }
    },
    {
      "id": 40016,
      "name": "Tranquility Lane",
      "exits": {
        "North": 40015,
        "East": 40020,
        "South": 40032
      }
    },
    {
      "id": 40017,
      "name": "Tranquility Lane",
      "exits": {
        "North": 40009,
        "East": 40044,
        "South": 40018
      }
    },
    {
      "id": 40018,
      "name": "Tranquility Lane",
      "exits": {
        "North": 40017,
        "South": 40019
      }
    },
    {
      "id": 40019,
      "name": "Tranquility Lane",
      "exits": {
        "North": 40018,
        "South": 40043,
        "West": 40024
      }
    },
    {
      "id": 40020,
      "name": "Tranquility Lane",
      "exits": {
        "East": 40021,
        "South": 40027,
        "West": 40016
      }
    },
    {
      "id": 40021,
      "name": "Tranquility Lane",
      "exits": {
        "East": 40022,
        "South": 40028,
        "West": 40020
      }
    },
    {
      "id": 40022,
      "name": "Tranquility Lane",
      "exits": {
        "East": 40023,
        "South": 40029,
        "West": 40021
      }
    },
    {
      "id": 40023,
      "name": "Tranquility Lane",
      "exits": {
        "East": 40024,
        "South": 40030,
        "West": 40022
      }
    },
    {
      "id": 40024,
      "name": "Tranquility Lane",
      "exits": {
        "East": 40019,
        "South": 40031,
        "West": 40023
      }
    },
    {
      "id": 40025,
      "name": "The Vestibule",
      "exits": {
        "North": 40000,
        "Down": 40026
      }
    },
    {
      "id": 40026,
      "name": "The Priory Library",
      "exits": {
        "Up": 40025
      }
    },
    {
      "id": 40027,
      "name": "City and Temple Lookout",
      "exits": {
        "North": 40020,
        "East": 40028
      }
    },
    {
      "id": 40028,
      "name": "City and Temple Lookout",
      "exits": {
        "North": 40021,
        "East": 40029,
        "West": 40027
      }
    },
    {
      "id": 40029,
      "name": "City and Temple Lookout",
      "exits": {
        "North": 40022,
        "East": 40030,
        "West": 40028
      }
    },
    {
      "id": 40030,
      "name": "City and Temple Lookout",
      "exits": {
        "North": 40023,
        "East": 40031,
        "West": 40029
      }
    },
    {
      "id": 40031,
      "name": "City and Temple Lookout",
      "exits": {
        "North": 40024,
        "West": 40030
      }
    },
    {
      "id": 40044,
      "name": "A Beaten Path",
      "exits": {
        "East": 40045,
        "West": 40017
      }
    },
    {
      "id": 40045,
      "name": "Along the Riverbank",
      "exits": {
        "South": 40046,
        "West": 40044
      }
    },
    {
      "id": 40046,
      "name": "A Dock Beside the Riverbank",
      "exits": {
        "North": 40045
      }
    },
    {
      "id": 40047,
      "name": "Calming Area Along the River Rapids",
      "exits": {
        "North": 40048,
        "West": 40009
      }
    },
    {
      "id": 40048,
      "name": "Riverbank Along the River Rapids",
      "exits": {
        "North": 40049,
        "South": 40047
      }
    },
    {
      "id": 40049,
      "name": "Riverbank Along the River Rapids",
      "exits": {
        "South": 40048,
        "Up": 40050
      }
    },
    {
      "id": 40050,
      "name": "Riverbank Along the River Rapids",
      "exits": {
        "North": 40051,
        "Down": 40049
      }
    },
    {
      "id": 40051,
      "name": "Riverbank Along the River Rapids",
      "exits": {
        "North": 40052,
        "South": 40050
      }
    },
    {
      "id": 40052,
      "name": "Riverbank Along the River Rapids",
      "exits": {
        "South": 40051,
        "West": 40053
      }
    },
    {
      "id": 40053,
      "name": "A Precious Trail Along the Riverbank",
      "exits": {
        "East": 40052,
        "Up": 40054
      }
    },
    {
      "id": 40054,
      "name": "A Precious Trail Along the Riverbank",
      "exits": {
        "North": 40055,
        "Down": 40053
      }
    },
    {
      "id": 40055,
      "name": "A Precious Trail Along the Riverbank",
      "exits": {
        "North": 40056,
        "South": 40054
      }
    },
    {
      "id": 40056,
      "name": "A Precious Trail Along the Riverbank",
      "exits": {
        "East": 40057,
        "South": 40055
      }
    },
    {
      "id": 40057,
      "name": "Riverbank Approaching the Waterfall",
      "exits": {
        "North": 40058,
        "West": 40056
      }
    },
    {
      "id": 30588,
      "name": "",
      "exits": {
        "South": 40057
      }
    },
    {
      "id": 40058,
      "name": "Riverbank Approaching the Waterfall",
      "exits": {
        "North": 40059,
        "South": 40057
      }
    },
    {
      "id": 40059,
      "name": "Bottom of the Waterfall",
      "exits": {
        "South": 40058,
        "Up": 40060
      }
    },
    {
      "id": 40060,
      "name": "A Split in the Rocks",
      "exits": {
        "West": 40063,
        "Up": 40061,
        "Down": 40059
      }
    },
    {
      "id": 40061,
      "name": "Beside the Waterfall",
      "exits": {
        "Up": 40062,
        "Down": 40060
      }
    },
    {
      "id": 40062,
      "name": "Top of the Waterfall",
      "exits": {
        "Down": 40061
      }
    },
    {
      "id": 40063,
      "name": "A Precarious Ledge",
      "exits": {
        "East": 40060,
        "West": 40064
      }
    },
    {
      "id": 40064,
      "name": "A Precarious Ledge",
      "exits": {
        "North": 17798,
        "East": 40063,
        "West": 40065
      }
    },
    {
      "id": 40065,
      "name": "A Precarious Ledge",
      "exits": {
        "East": 40064
      }
    },
    {
      "id": 40032,
      "name": "Ramp Beneath the Lookout",
      "exits": {
        "North": 40016,
        "South": 40033
      }
    },
    {
      "id": 40033,
      "name": "Ramp Beneath the Lookout",
      "exits": {
        "North": 40032,
        "South": 40034
      }
    },
    {
      "id": 40034,
      "name": "Temple Garrison Walls",
      "exits": {
        "North": 40033,
        "East": 40035
      }
    },
    {
      "id": 40035,
      "name": "Temple Garrison Walls",
      "exits": {
        "East": 40036,
        "West": 40034
      }
    },
    {
      "id": 40036,
      "name": "Temple Garrison Walls",
      "exits": {
        "East": 40037,
        "West": 40035
      }
    },
    {
      "id": 40037,
      "name": "The Outer Temple Gate",
      "exits": {
        "North": 40038,
        "East": 40039,
        "South": 40066,
        "West": 40036
      }
    },
    {
      "id": 40038,
      "name": "The Command Tent",
      "exits": {
        "South": 40037
      }
    },
    {
      "id": 40039,
      "name": "Temple Garrison Walls",
      "exits": {
        "East": 40040,
        "West": 40037
      }
    },
    {
      "id": 40040,
      "name": "Temple Garrison Walls",
      "exits": {
        "East": 40041,
        "West": 40039
      }
    },
    {
      "id": 40041,
      "name": "Temple Garrison Walls",
      "exits": {
        "North": 40042,
        "West": 40040
      }
    },
    {
      "id": 40042,
      "name": "Ramp Beneath the Lookout",
      "exits": {
        "North": 40043,
        "South": 40041
      }
    },
    {
      "id": 40043,
      "name": "Ramp Beneath the Lookout",
      "exits": {
        "North": 40019,
        "South": 40042
      }
    },
    {
      "id": 40066,
      "name": "The Beginning of Main Street",
      "exits": {
        "North": 40037,
        "South": 40067
      }
    },
    {
      "id": 40067,
      "name": "Main Street",
      "exits": {
        "North": 40066,
        "South": 40068
      }
    },
    {
      "id": 40068,
      "name": "Intersection of Main Street and Market Square",
      "exits": {
        "North": 40067,
        "East": 40081,
        "South": 40069,
        "West": 40140
      }
    },
    {
      "id": 40081,
      "name": "Eastern Market Square",
      "exits": {
        "North": 40080,
        "East": 40084,
        "South": 40082,
        "West": 40068
      }
    },
    {
      "id": 40084,
      "name": "Eastern Market Square",
      "exits": {
        "North": 40083,
        "East": 40086,
        "South": 40085,
        "West": 40081
      }
    },
    {
      "id": 40086,
      "name": "Eastern Market Square",
      "exits": {
        "East": 40087,
        "West": 40084
      }
    },
    {
      "id": 40087,
      "name": "Eastern Market Square",
      "exits": {
        "East": 40088,
        "West": 40086
      }
    },
    {
      "id": 40088,
      "name": "Entrance to the Docks",
      "exits": {
        "North": 40089,
        "East": 40095,
        "South": 40099,
        "West": 40087
      }
    },
    {
      "id": 40095,
      "name": "Visham City Docks",
      "exits": {
        "North": 40093,
        "East": 40096,
        "South": 40100,
        "West": 40088
      }
    },
    {
      "id": 40096,
      "name": "Visham City Docks",
      "exits": {
        "North": 40094,
        "East": 40097,
        "South": 40101,
        "West": 40095
      }
    },
    {
      "id": 40097,
      "name": "Ramp Approaching the River",
      "exits": {
        "East": 40098,
        "West": 40096
      }
    },
    {
      "id": 40098,
      "name": "The Boatman\u0027s Dock",
      "exits": {
        "East": 40178,
        "West": 40097
      }
    },
    {
      "id": 40140,
      "name": "Western Market Square",
      "exits": {
        "North": 40139,
        "East": 40068,
        "South": 40141,
        "West": 40143
      }
    },
    {
      "id": 40143,
      "name": "Western Market Square",
      "exits": {
        "North": 40177,
        "East": 40140,
        "South": 40145,
        "West": 40146
      }
    },
    {
      "id": 40146,
      "name": "Western Market Square",
      "exits": {
        "East": 40143,
        "West": 40147
      }
    },
    {
      "id": 40147,
      "name": "Western Market Square",
      "exits": {
        "East": 40146,
        "West": 40148
      }
    },
    {
      "id": 40148,
      "name": "Beginning of Theater Lane",
      "exits": {
        "East": 40147,
        "West": 40149
      }
    },
    {
      "id": 40149,
      "name": "Before the Governor\u0027s Mansion",
      "exits": {
        "East": 40148
      }
    },
    {
      "id": 40069,
      "name": "Main Street",
      "exits": {
        "North": 40068,
        "South": 40070
      }
    },
    {
      "id": 40177,
      "name": "Some kind of Shop",
      "exits": {
        "South": 40143
      }
    },
    {
      "id": 40145,
      "name": "Some kind of Shop",
      "exits": {
        "North": 40143
      }
    },
    {
      "id": 40139,
      "name": "Some kind of Shop",
      "exits": {
        "South": 40140
      }
    },
    {
      "id": 40141,
      "name": "Some kind of Shop",
      "exits": {
        "North": 40140
      }
    },
    {
      "id": 40080,
      "name": "Some kind of Shop",
      "exits": {
        "South": 40081
      }
    },
    {
      "id": 40082,
      "name": "Some kind of Shop",
      "exits": {
        "North": 40081
      }
    },
    {
      "id": 40083,
      "name": "Some kind of Shop",
      "exits": {
        "South": 40084
      }
    },
    {
      "id": 40085,
      "name": "Some kind of Shop",
      "exits": {
        "North": 40084
      }
    },
    {
      "id": 40094,
      "name": "The Docks Along the River",
      "exits": {
        "North": 40092,
        "South": 40096,
        "West": 40093
      }
    },
    {
      "id": 40092,
      "name": "The Docks Along the River",
      "exits": {
        "North": 40091,
        "South": 40094,
        "West": 40090
      }
    },
    {
      "id": 40091,
      "name": "The Docks Along the River",
      "exits": {
        "South": 40092
      }
    },
    {
      "id": 40101,
      "name": "The Docks Along the River",
      "exits": {
        "North": 40096,
        "South": 40103,
        "West": 40100
      }
    },
    {
      "id": 40103,
      "name": "The Docks Along the River",
      "exits": {
        "North": 40101,
        "South": 40104,
        "West": 40102
      }
    },
    {
      "id": 40104,
      "name": "The Docks Along the River",
      "exits": {
        "North": 40103
      }
    },
    {
      "id": 40090,
      "name": "Visham City Dock Yard",
      "exits": {
        "East": 40092,
        "South": 40093
      }
    },
    {
      "id": 40093,
      "name": "Visham City Dock Yard",
      "exits": {
        "North": 40090,
        "East": 40094,
        "South": 40095,
        "West": 40089
      }
    },
    {
      "id": 40100,
      "name": "Visham City Dock Yard",
      "exits": {
        "North": 40095,
        "East": 40101,
        "South": 40102,
        "West": 40099
      }
    },
    {
      "id": 40102,
      "name": "Visham City Dock Yard",
      "exits": {
        "North": 40100,
        "East": 40103
      }
    },
    {
      "id": 40089,
      "name": "Visham City Dock Yard",
      "exits": {
        "East": 40093,
        "South": 40088
      }
    },
    {
      "id": 40099,
      "name": "Visham City Dock Yard",
      "exits": {
        "North": 40088,
        "East": 40100
      }
    },
    {
      "id": 40070,
      "name": "Main Street",
      "exits": {
        "North": 40069,
        "East": 40111,
        "South": 40071,
        "West": 40142
      }
    },
    {
      "id": 40111,
      "name": "Some kind of Shop",
      "exits": {
        "West": 40070
      }
    },
    {
      "id": 40142,
      "name": "Some kind of Shop",
      "exits": {
        "East": 40070
      }
    },
    {
      "id": 40071,
      "name": "Main Street",
      "exits": {
        "North": 40070,
        "South": 40072
      }
    },
    {
      "id": 40072,
      "name": "Intersection of Main Street and Beggar\u0027s Run",
      "exits": {
        "North": 40071,
        "South": 40800
      }
    },
    {
      "id": 40178,
      "name": "Along the Eastern River",
      "exits": {
        "North": 40179,
        "South": 40181,
        "West": 40098
      }
    },
    {
      "id": 40179,
      "name": "Beneath the Eastern River Bridge",
      "exits": {
        "North": 40180,
        "South": 40178
      }
    },
    {
      "id": 40180,
      "name": "Along the Eastern River",
      "exits": {
        "North": 40182,
        "South": 40179
      }
    },
    {
      "id": 40181,
      "name": "Along the Eastern River",
      "exits": {
        "North": 40178,
        "South": 40186
      }
    },
    {
      "id": 40182,
      "name": "Along the Eastern River",
      "exits": {
        "North": 40183,
        "South": 40180
      }
    },
    {
      "id": 40183,
      "name": "Along the Eastern River",
      "exits": {
        "South": 40182,
        "West": 40184
      }
    },
    {
      "id": 40184,
      "name": "Along the Eastern River",
      "exits": {
        "North": 40185,
        "East": 40183
      }
    },
    {
      "id": 40185,
      "name": "",
      "exits": {
        "South": 40184
      }
    },
    {
      "id": 40186,
      "name": "",
      "exits": {
        "North": 40181,
        "South": 40187
      }
    },
    {
      "id": 40187,
      "name": "",
      "exits": {
        "North": 40186,
        "South": 40188
      }
    },
    {
      "id": 40188,
      "name": "",
      "exits": {
        "North": 40187
      }
    },
    {
      "id": 17798,
      "name": "To Beholder Corps",
      "otherAreaExit": true,
      "exits": {
        "North": 17797,
        "South": 40064
      }
    },
    {
      "id": 40800,
      "name": "To The North Road",
      "otherAreaExit": true,
      "exits": {
        "North": 40072,
        "South": 40799
      }
    }
  ]
}