{
  "name": "Western Shatar Road",
  "buildOptions": {
    "maxSteps": 1000,
    "fixObstacles": true,
    "fixNonStraight": true,
    "fixIntersected": true,
    "compactMap": true,
    "addDebugInfo": false,
    "colorizeConnectionIssues": true
  },
  "rooms": [
    {
      "id": 50100,
      "name": "The Western Shatar Road",
      "exits": {
        "North": 51214,
        "East": 40719,
        "West": 50101
      }
    },
    {
      "id": 50101,
      "name": "The Western Shatar Road",
      "exits": {
        "North": 51215,
        "East": 50100,
        "West": 50102
      }
    },
    {
      "id": 50102,
      "name": "The Western Shatar Road",
      "exits": {
        "East": 50101,
        "West": 50103
      }
    },
    {
      "id": 50103,
      "name": "The Western Shatar Road",
      "exits": {
        "East": 50102,
        "West": 50104
      }
    },
    {
      "id": 50104,
      "name": "The Western Shatar Road",
      "exits": {
        "East": 50103,
        "West": 50105
      }
    },
    {
      "id": 50105,
      "name": "The Western Shatar Road",
      "exits": {
        "East": 50104,
        "West": 50106
      }
    },
    {
      "id": 50106,
      "name": "The Western Shatar Road",
      "exits": {
        "East": 50105,
        "West": 50107
      }
    },
    {
      "id": 50107,
      "name": "The Western Shatar Road",
      "exits": {
        "East": 50106,
        "West": 50108
      }
    },
    {
      "id": 50108,
      "name": "The Western Shatar Road",
      "exits": {
        "East": 50107,
        "West": 50109
      }
    },
    {
      "id": 50109,
      "name": "The Western Shatar Road",
      "exits": {
        "East": 50108,
        "West": 50110
      }
    },
    {
      "id": 50110,
      "name": "The Western Shatar Road",
      "exits": {
        "East": 50109,
        "South": 8301,
        "West": 50111
      }
    },
    {
      "id": 50111,
      "name": "The Western Shatar Road",
      "exits": {
        "East": 50110,
        "West": 50112
      }
    },
    {
      "id": 50112,
      "name": "The Western Shatar Road",
      "exits": {
        "East": 50111,
        "West": 50113
      }
    },
    {
      "id": 50113,
      "name": "The Western Shatar Road",
      "exits": {
        "East": 50112,
        "West": 50114
      }
    },
    {
      "id": 50114,
      "name": "The Western Shatar Road",
      "exits": {
        "East": 50113,
        "West": 50115
      }
    },
    {
      "id": 50115,
      "name": "The Western Shatar Road",
      "exits": {
        "East": 50114,
        "West": 50116
      }
    },
    {
      "id": 50116,
      "name": "The Western Shatar Road",
      "exits": {
        "East": 50115,
        "West": 50117
      }
    },
    {
      "id": 50117,
      "name": "The Western Shatar Road",
      "exits": {
        "East": 50116,
        "West": 50118
      }
    },
    {
      "id": 50118,
      "name": "The Western Shatar Road",
      "exits": {
        "East": 50117,
        "West": 50119
      }
    },
    {
      "id": 50119,
      "name": "The Western Shatar Road",
      "exits": {
        "East": 50118,
        "West": 50120
      }
    },
    {
      "id": 50120,
      "name": "A Bend in The Western Shatar Road",
      "exits": {
        "North": 50121,
        "East": 50119
      }
    },
    {
      "id": 50121,
      "name": "A Bend in The Western Shatar Road",
      "exits": {
        "South": 50120,
        "West": 50122
      }
    },
    {
      "id": 50122,
      "name": "The Western Shatar Road",
      "exits": {
        "East": 50121,
        "West": 50123
      }
    },
    {
      "id": 50123,
      "name": "The Western Shatar Road",
      "exits": {
        "East": 50122,
        "West": 50124
      }
    },
    {
      "id": 50124,
      "name": "The Western Shatar Road",
      "exits": {
        "East": 50123,
        "West": 50125
      }
    },
    {
      "id": 50125,
      "name": "The Western Shatar Road",
      "exits": {
        "East": 50124,
        "West": 50126
      }
    },
    {
      "id": 50126,
      "name": "The Western Shatar Road",
      "exits": {
        "East": 50125,
        "West": 50127
      }
    },
    {
      "id": 50127,
      "name": "The Western Shatar Road",
      "exits": {
        "East": 50126,
        "West": 50128
      }
    },
    {
      "id": 50128,
      "name": "The Western Shatar Road",
      "exits": {
        "East": 50127,
        "West": 50129
      }
    },
    {
      "id": 50129,
      "name": "The Western Shatar Road",
      "exits": {
        "East": 50128,
        "West": 50130
      }
    },
    {
      "id": 50130,
      "name": "The Western Shatar Road",
      "exits": {
        "East": 50129,
        "West": 50131
      }
    },
    {
      "id": 50131,
      "name": "The Western Shatar Road",
      "exits": {
        "North": 1100,
        "East": 50130
      }
    },
    {
      "id": 51215,
      "name": "The Western Plains",
      "exits": {
        "North": 51216,
        "East": 51214,
        "South": 50101
      }
    },
    {
      "id": 51216,
      "name": "The Western Plains",
      "exits": {
        "North": 51217,
        "East": 51213,
        "South": 51215
      }
    },
    {
      "id": 51217,
      "name": "The Western Bluffs",
      "exits": {
        "North": 51218,
        "East": 51212,
        "South": 51216
      }
    },
    {
      "id": 51218,
      "name": "The Western Bluffs",
      "exits": {
        "North": 51219,
        "East": 51210,
        "South": 51217
      }
    },
    {
      "id": 51219,
      "name": "The Western Bluffs",
      "exits": {
        "North": 51220,
        "East": 51210,
        "South": 51218
      }
    },
    {
      "id": 51220,
      "name": "The Western Bluffs",
      "exits": {
        "North": 51221,
        "East": 51209,
        "South": 51219
      }
    },
    {
      "id": 51221,
      "name": "The Western Bluffs",
      "exits": {
        "North": 51222,
        "East": 51208,
        "South": 51220
      }
    },
    {
      "id": 51222,
      "name": "The Western Bluffs",
      "exits": {
        "North": 51223,
        "East": 51207,
        "South": 51221
      }
    },
    {
      "id": 51223,
      "name": "The Western Bluffs",
      "exits": {
        "North": 51224,
        "East": 51206,
        "South": 51222
      }
    },
    {
      "id": 51224,
      "name": "The Western Bluffs",
      "exits": {
        "North": 51225,
        "East": 51205,
        "South": 51223
      }
    },
    {
      "id": 51225,
      "name": "The Western Bluffs",
      "exits": {
        "North": 51226,
        "East": 51204,
        "South": 51224
      }
    },
    {
      "id": 51226,
      "name": "The Western Bluffs",
      "exits": {
        "East": 51203,
        "South": 51225,
        "West": 51227
      }
    },
    {
      "id": 51227,
      "name": "The Western Bluffs",
      "exits": {
        "East": 51226,
        "West": 51228
      }
    },
    {
      "id": 51228,
      "name": "The Western Bluffs",
      "exits": {
        "East": 51227,
        "West": 51229
      }
    },
    {
      "id": 51229,
      "name": "A Dirt Path Through the Downs",
      "exits": {
        "East": 51228,
        "West": 51230
      }
    },
    {
      "id": 51230,
      "name": "A Dirt Path Through the Downs",
      "exits": {
        "East": 51229,
        "West": 51231
      }
    },
    {
      "id": 51231,
      "name": "A Dirt Path Through the Downs",
      "exits": {
        "East": 51230,
        "West": 51232
      }
    },
    {
      "id": 51232,
      "name": "A Dirt Path Through the Downs",
      "exits": {
        "North": 51233,
        "East": 51231
      }
    },
    {
      "id": 51233,
      "name": "A Dirt Path Through the Downs",
      "exits": {
        "North": 51234,
        "South": 51232
      }
    },
    {
      "id": 51234,
      "name": "A Dirt Path Through the Downs",
      "exits": {
        "South": 51233,
        "West": 26108
      }
    },
    {
      "id": 51235,
      "name": "",
      "exits": {
        "East": 51234
      }
    },
    {
      "id": 51214,
      "name": "To The Western Plains",
      "otherAreaExit": true,
      "exits": {
        "North": 51213,
        "East": 40720,
        "South": 50100,
        "West": 51215
      }
    },
    {
      "id": 40719,
      "name": "To The North Road",
      "otherAreaExit": true,
      "exits": {
        "North": 40720,
        "East": 40900,
        "South": 40718,
        "West": 50100
      }
    },
    {
      "id": 8301,
      "name": "To Marsh",
      "otherAreaExit": true,
      "exits": {
        "North": 50110,
        "South": 8302
      }
    },
    {
      "id": 1100,
      "name": "To Shire",
      "otherAreaExit": true,
      "exits": {
        "North": 1101,
        "South": 50131
      }
    },
    {
      "id": 51213,
      "name": "To The Western Plains",
      "otherAreaExit": true,
      "exits": {
        "North": 51212,
        "East": 40721,
        "South": 51214,
        "West": 51216
      }
    },
    {
      "id": 51212,
      "name": "To The Western Plains",
      "otherAreaExit": true,
      "exits": {
        "North": 51211,
        "East": 40722,
        "South": 51213,
        "West": 51217
      }
    },
    {
      "id": 51210,
      "name": "To The Western Plains",
      "otherAreaExit": true,
      "exits": {
        "North": 51209,
        "East": 40724,
        "South": 51211,
        "West": 51219
      }
    },
    {
      "id": 51209,
      "name": "To The Western Plains",
      "otherAreaExit": true,
      "exits": {
        "North": 51208,
        "East": 40725,
        "South": 51210,
        "West": 51220
      }
    },
    {
      "id": 51208,
      "name": "To The Western Plains",
      "otherAreaExit": true,
      "exits": {
        "North": 51207,
        "East": 40726,
        "South": 51209,
        "West": 51221
      }
    },
    {
      "id": 51207,
      "name": "To The Western Plains",
      "otherAreaExit": true,
      "exits": {
        "North": 51206,
        "East": 40727,
        "South": 51208,
        "West": 51222
      }
    },
    {
      "id": 51206,
      "name": "To The Western Plains",
      "otherAreaExit": true,
      "exits": {
        "North": 51205,
        "East": 40728,
        "South": 51207,
        "West": 51223
      }
    },
    {
      "id": 51205,
      "name": "To The Western Plains",
      "otherAreaExit": true,
      "exits": {
        "North": 51204,
        "East": 40729,
        "South": 51206,
        "West": 51224
      }
    },
    {
      "id": 51204,
      "name": "To The Western Plains",
      "otherAreaExit": true,
      "exits": {
        "North": 51203,
        "East": 40730,
        "South": 51205,
        "West": 51225
      }
    },
    {
      "id": 51203,
      "name": "To The Western Plains",
      "otherAreaExit": true,
      "exits": {
        "North": 51202,
        "East": 40731,
        "South": 51204,
        "West": 51226
      }
    },
    {
      "id": 26108,
      "name": "To Sywilm Woods",
      "otherAreaExit": true,
      "exits": {
        "East": 51234,
        "West": 26107
      }
    }
  ]
}