{
  "name": "Wyvern\u0027s Tower",
  "buildOptions": {
    "maxSteps": 1000,
    "fixObstacles": true,
    "fixNonStraight": true,
    "fixIntersected": true,
    "compactMap": true,
    "addDebugInfo": false,
    "colorizeConnectionIssues": true
  },
  "rooms": [
    {
      "id": 1601,
      "name": "Rough East-West Path",
      "exits": {
        "East": 1602,
        "West": 1702
      }
    },
    {
      "id": 1602,
      "name": "Rough Path Between the Hills",
      "exits": {
        "East": 1603,
        "West": 1601
      }
    },
    {
      "id": 1603,
      "name": "Path through an Open Area",
      "exits": {
        "East": 1604,
        "West": 1602
      }
    },
    {
      "id": 1604,
      "name": "West Side of Moat",
      "exits": {
        "North": 1605,
        "East": 1620,
        "West": 1603
      }
    },
    {
      "id": 1605,
      "name": "Path North of Moat",
      "exits": {
        "North": 1606,
        "South": 1604
      }
    },
    {
      "id": 1606,
      "name": "Cluster of Buildings",
      "exits": {
        "North": 1609,
        "East": 1607,
        "South": 1605,
        "West": 1608
      }
    },
    {
      "id": 1607,
      "name": "House of Pancakes",
      "exits": {
        "West": 1606
      }
    },
    {
      "id": 1608,
      "name": "Old Store Room",
      "exits": {
        "East": 1606
      }
    },
    {
      "id": 1609,
      "name": "Empty Room",
      "exits": {
        "South": 1606,
        "Down": 1610
      }
    },
    {
      "id": 1610,
      "name": "Minotaur\u0027s Room",
      "exits": {
        "Up": 1609
      }
    },
    {
      "id": 1620,
      "name": "Western Moat",
      "exits": {
        "North": 1621,
        "East": 1623,
        "South": 1622,
        "West": 1604
      }
    },
    {
      "id": 1621,
      "name": "Northern Moat",
      "exits": {
        "South": 1620
      }
    },
    {
      "id": 1622,
      "name": "Southern Moat",
      "exits": {
        "North": 1620
      }
    },
    {
      "id": 1623,
      "name": "Tower Foyer",
      "exits": {
        "East": 1624,
        "West": 1620
      }
    },
    {
      "id": 1624,
      "name": "The Grand Lobby",
      "exits": {
        "East": 1625,
        "West": 1623
      }
    },
    {
      "id": 1625,
      "name": "Base of the Western Tower",
      "exits": {
        "North": 1627,
        "East": 1626,
        "South": 1628,
        "West": 1624
      }
    },
    {
      "id": 1626,
      "name": "The Musty Corridor",
      "exits": {
        "North": 1629,
        "East": 1631,
        "South": 1630,
        "West": 1625
      }
    },
    {
      "id": 1627,
      "name": "Kitchen",
      "exits": {
        "South": 1625
      }
    },
    {
      "id": 1628,
      "name": "Conservatory",
      "exits": {
        "North": 1625
      }
    },
    {
      "id": 1629,
      "name": "The Dining Hall",
      "exits": {
        "South": 1626
      }
    },
    {
      "id": 1630,
      "name": "Art Gallery",
      "exits": {
        "North": 1626
      }
    },
    {
      "id": 1631,
      "name": "Base of the Eastern Tower",
      "exits": {
        "North": 1632,
        "South": 1633,
        "West": 1626,
        "Up": 1635
      }
    },
    {
      "id": 1632,
      "name": "The Common Room",
      "exits": {
        "South": 1631,
        "Down": 1634
      }
    },
    {
      "id": 1633,
      "name": "Servant\u0027s Quarters",
      "exits": {
        "North": 1631
      }
    },
    {
      "id": 1634,
      "name": "A Large Murky Cellar",
      "exits": {
        "Up": 1632
      }
    },
    {
      "id": 1635,
      "name": "On the First Staircase",
      "exits": {
        "Up": 1636,
        "Down": 1631
      }
    },
    {
      "id": 1636,
      "name": "Second Level of the Eastern Tower",
      "exits": {
        "West": 1637,
        "Down": 1635
      }
    },
    {
      "id": 1637,
      "name": "The Elegant Hall",
      "exits": {
        "North": 1638,
        "East": 1636,
        "South": 1639,
        "West": 1640
      }
    },
    {
      "id": 1638,
      "name": "The Shaman\u0027s Room",
      "exits": {
        "South": 1637
      }
    },
    {
      "id": 1639,
      "name": "The Library",
      "exits": {
        "North": 1637
      }
    },
    {
      "id": 1640,
      "name": "Second Level of the Western Tower",
      "exits": {
        "East": 1637,
        "West": 1641,
        "Up": 1642
      }
    },
    {
      "id": 1641,
      "name": "On the Balcony",
      "exits": {
        "East": 1640
      }
    },
    {
      "id": 1642,
      "name": "The Spiral Stairs",
      "exits": {
        "Up": 1643,
        "Down": 1640
      }
    },
    {
      "id": 1643,
      "name": "Third Level of Western Tower",
      "exits": {
        "East": 1644,
        "Down": 1642
      }
    },
    {
      "id": 1644,
      "name": "It\u0027s too dark to see anything!",
      "exits": {
        "North": 1645,
        "East": 1647,
        "South": 1646,
        "West": 1643
      }
    },
    {
      "id": 1645,
      "name": "The Armory",
      "exits": {
        "South": 1644
      }
    },
    {
      "id": 1646,
      "name": "The Officer\u0027s Quarters",
      "exits": {
        "North": 1644
      }
    },
    {
      "id": 1647,
      "name": "Third Level of Eastern Tower",
      "exits": {
        "West": 1644,
        "Up": 1648
      }
    },
    {
      "id": 1648,
      "name": "Turret of the Eastern Tower",
      "exits": {
        "West": 1649,
        "Down": 1647
      }
    },
    {
      "id": 1649,
      "name": "On the Catwalk",
      "exits": {
        "East": 1648,
        "West": 1650
      }
    },
    {
      "id": 1650,
      "name": "Turret of the Western Tower",
      "exits": {
        "East": 1649,
        "West": 1651
      }
    },
    {
      "id": 1651,
      "name": "On the Other Side",
      "exits": {
        "East": 1650,
        "West": 1652
      }
    },
    {
      "id": 1652,
      "name": "The Chamber",
      "exits": {
        "East": 1651
      }
    },
    {
      "id": 1701,
      "name": "A Wilderness Path",
      "exits": {
        "East": 1702,
        "West": 1721
      }
    },
    {
      "id": 1702,
      "name": "Crossroads to the Wilderness",
      "exits": {
        "North": 1704,
        "East": 1601,
        "South": 1703,
        "West": 1701
      }
    },
    {
      "id": 1703,
      "name": "Trading Post",
      "exits": {
        "North": 1702
      }
    },
    {
      "id": 1704,
      "name": "Trail north of crossroads",
      "exits": {
        "North": 1705,
        "South": 1702
      }
    },
    {
      "id": 1705,
      "name": "Trail south of forest",
      "exits": {
        "North": 1706,
        "South": 1704
      }
    },
    {
      "id": 1706,
      "name": "Entrance to the forest",
      "exits": {
        "North": 1707,
        "South": 1705
      }
    },
    {
      "id": 1707,
      "name": "Trail in Dark Oak Forest",
      "exits": {
        "North": 1708,
        "South": 1706
      }
    },
    {
      "id": 1708,
      "name": "Junction in Dark Forest",
      "exits": {
        "East": 1720,
        "South": 1707,
        "West": 1709
      }
    },
    {
      "id": 1709,
      "name": "Path to Centaur Village",
      "exits": {
        "East": 1708,
        "West": 1710
      }
    },
    {
      "id": 1710,
      "name": "The East side of the Centaur Clearing",
      "exits": {
        "North": 1712,
        "East": 1709,
        "South": 1713,
        "West": 1711
      }
    },
    {
      "id": 1711,
      "name": "West side of the Centaur Clearing",
      "exits": {
        "North": 1714,
        "East": 1710,
        "South": 1715,
        "West": 1716
      }
    },
    {
      "id": 1712,
      "name": "A Centaur\u0027s Hut",
      "exits": {
        "South": 1710
      }
    },
    {
      "id": 1713,
      "name": "A Centaur\u0027s Hut",
      "exits": {
        "North": 1710
      }
    },
    {
      "id": 1714,
      "name": "A Centaur\u0027s Hut",
      "exits": {
        "South": 1711
      }
    },
    {
      "id": 1715,
      "name": "A Centaur\u0027s Hut",
      "exits": {
        "North": 1711
      }
    },
    {
      "id": 1716,
      "name": "Entrance to a Large Hut",
      "exits": {
        "East": 1711,
        "West": 1717
      }
    },
    {
      "id": 1717,
      "name": "Back of a Large Hut",
      "exits": {
        "East": 1716
      }
    },
    {
      "id": 1720,
      "name": "Eastern Path in Dark Forest",
      "exits": {
        "West": 1708
      }
    },
    {
      "id": 1721,
      "name": "A Wilderness Path",
      "exits": {
        "East": 1701,
        "West": 1722
      }
    },
    {
      "id": 1722,
      "name": "A Wilderness Path",
      "exits": {
        "East": 1721,
        "West": 1723
      }
    },
    {
      "id": 1723,
      "name": "A Wilderness Path",
      "exits": {
        "East": 1722,
        "West": 1724
      }
    },
    {
      "id": 1724,
      "name": "Entering a Wilderness",
      "exits": {
        "East": 1723,
        "West": 60767
      }
    },
    {
      "id": 60767,
      "name": "To Thalos",
      "otherAreaExit": true,
      "exits": {
        "North": 60771,
        "East": 1724,
        "South": 60782,
        "Up": 60766
      }
    }
  ]
}